target_item_index,target_sample_id,target_source_key,target_speaker_id,target_noise_name,target_condition,target_speech_fraction,target_speech_bin,donor_item_index,donor_sample_id,donor_source_key,donor_speaker_id,donor_noise_name,donor_condition,donor_speech_fraction,donor_speech_bin,same_noise,same_snr,same_speech_bin,speech_fraction_abs_difference,different_utterance,different_speaker,different_source,seed,eligible_pool_size,candidate_count,target_in_frozen_test_split,donor_in_frozen_test_split
0,LibriSpeech:test:Babble_noise:-5:121-121726-0001,test-clean/121/121726/121-121726-0001.flac,121,Clean,clean,0.8815165876777251,"[0.75,1.00]",583,LibriSpeech:test:Nature_noise:0:1320-122617-0018,test-clean/1320/122617/1320-122617-0018.flac,1320,Clean,clean,0.8809523809523809,"[0.75,1.00]",True,True,True,0.0005642067253441851,True,True,True,101,492,491,True,True
0,LibriSpeech:test:Babble_noise:-5:121-121726-0001,test-clean/121/121726/121-121726-0001.flac,121,Clean,clean,0.8815165876777251,"[0.75,1.00]",583,LibriSpeech:test:Nature_noise:0:1320-122617-0018,test-clean/1320/122617/1320-122617-0018.flac,1320,Clean,clean,0.8809523809523809,"[0.75,1.00]",True,True,True,0.0005642067253441851,True,True,True,211,492,491,True,True
0,LibriSpeech:test:Babble_noise:-5:121-121726-0001,test-clean/121/121726/121-121726-0001.flac,121,Clean,clean,0.8815165876777251,"[0.75,1.00]",583,LibriSpeech:test:Nature_noise:0:1320-122617-0018,test-clean/1320/122617/1320-122617-0018.flac,1320,Clean,clean,0.8809523809523809,"[0.75,1.00]",True,True,True,0.0005642067253441851,True,True,True,307,492,491,True,True
0,LibriSpeech:test:Babble_noise:-5:121-121726-0001,test-clean/121/121726/121-121726-0001.flac,121,Clean,clean,0.8815165876777251,"[0.75,1.00]",583,LibriSpeech:test:Nature_noise:0:1320-122617-0018,test-clean/1320/122617/1320-122617-0018.flac,1320,Clean,clean,0.8809523809523809,"[0.75,1.00]",True,True,True,0.0005642067253441851,True,True,True,401,492,491,True,True
0,LibriSpeech:test:Babble_noise:-5:121-121726-0001,test-clean/121/121726/121-121726-0001.flac,121,Clean,clean,0.8815165876777251,"[0.75,1.00]",583,LibriSpeech:test:Nature_noise:0:1320-122617-0018,test-clean/1320/122617/1320-122617-0018.flac,1320,Clean,clean,0.8809523809523809,"[0.75,1.00]",True,True,True,0.0005642067253441851,True,True,True,503,492,491,True,True
1,LibriSpeech:test:Babble_noise:-5:121-121726-0001,test-clean/121/121726/121-121726-0001.flac,121,Babble_noise,-5,0.8815165876777251,"[0.75,1.00]",37,LibriSpeech:test:Babble_noise:-5:7021-79740-0011,test-clean/7021/79740/7021-79740-0011.flac,7021,Babble_noise,-5,0.8707692307692307,"[0.75,1.00]",True,True,True,0.010747356908494377,True,True,True,101,492,491,True,True
1,LibriSpeech:test:Babble_noise:-5:121-121726-0001,test-clean/121/121726/121-121726-0001.flac,121,Babble_noise,-5,0.8815165876777251,"[0.75,1.00]",37,LibriSpeech:test:Babble_noise:-5:7021-79740-0011,test-clean/7021/79740/7021-79740-0011.flac,7021,Babble_noise,-5,0.8707692307692307,"[0.75,1.00]",True,True,True,0.010747356908494377,True,True,True,211,492,491,True,True
1,LibriSpeech:test:Babble_noise:-5:121-121726-0001,test-clean/121/121726/121-121726-0001.flac,121,Babble_noise,-5,0.8815165876777251,"[0.75,1.00]",37,LibriSpeech:test:Babble_noise:-5:7021-79740-0011,test-clean/7021/79740/7021-79740-0011.flac,7021,Babble_noise,-5,0.8707692307692307,"[0.75,1.00]",True,True,True,0.010747356908494377,True,True,True,307,492,491,True,True
1,LibriSpeech:test:Babble_noise:-5:121-121726-0001,test-clean/121/121726/121-121726-0001.flac,121,Babble_noise,-5,0.8815165876777251,"[0.75,1.00]",37,LibriSpeech:test:Babble_noise:-5:7021-79740-0011,test-clean/7021/79740/7021-79740-0011.flac,7021,Babble_noise,-5,0.8707692307692307,"[0.75,1.00]",True,True,True,0.010747356908494377,True,True,True,401,492,491,True,True
1,LibriSpeech:test:Babble_noise:-5:121-121726-0001,test-clean/121/121726/121-121726-0001.flac,121,Babble_noise,-5,0.8815165876777251,"[0.75,1.00]",37,LibriSpeech:test:Babble_noise:-5:7021-79740-0011,test-clean/7021/79740/7021-79740-0011.flac,7021,Babble_noise,-5,0.8707692307692307,"[0.75,1.00]",True,True,True,0.010747356908494377,True,True,True,503,492,491,True,True
6,LibriSpeech:test:Babble_noise:-5:1995-1837-0019,test-clean/1995/1837/1995-1837-0019.flac,1995,Clean,clean,0.5923566878980892,"[0.50,0.75)",616,LibriSpeech:test:Nature_noise:5:260-123288-0016,test-clean/260/123288/260-123288-0016.flac,260,Clean,clean,0.5714285714285714,"[0.50,0.75)",True,True,True,0.020928116469517755,True,True,True,101,492,491,True,True
6,LibriSpeech:test:Babble_noise:-5:1995-1837-0019,test-clean/1995/1837/1995-1837-0019.flac,1995,Clean,clean,0.5923566878980892,"[0.50,0.75)",616,LibriSpeech:test:Nature_noise:5:260-123288-0016,test-clean/260/123288/260-123288-0016.flac,260,Clean,clean,0.5714285714285714,"[0.50,0.75)",True,True,True,0.020928116469517755,True,True,True,211,492,491,True,True
6,LibriSpeech:test:Babble_noise:-5:1995-1837-0019,test-clean/1995/1837/1995-1837-0019.flac,1995,Clean,clean,0.5923566878980892,"[0.50,0.75)",616,LibriSpeech:test:Nature_noise:5:260-123288-0016,test-clean/260/123288/260-123288-0016.flac,260,Clean,clean,0.5714285714285714,"[0.50,0.75)",True,True,True,0.020928116469517755,True,True,True,307,492,491,True,True
6,LibriSpeech:test:Babble_noise:-5:1995-1837-0019,test-clean/1995/1837/1995-1837-0019.flac,1995,Clean,clean,0.5923566878980892,"[0.50,0.75)",616,LibriSpeech:test:Nature_noise:5:260-123288-0016,test-clean/260/123288/260-123288-0016.flac,260,Clean,clean,0.5714285714285714,"[0.50,0.75)",True,True,True,0.020928116469517755,True,True,True,401,492,491,True,True
6,LibriSpeech:test:Babble_noise:-5:1995-1837-0019,test-clean/1995/1837/1995-1837-0019.flac,1995,Clean,clean,0.5923566878980892,"[0.50,0.75)",616,LibriSpeech:test:Nature_noise:5:260-123288-0016,test-clean/260/123288/260-123288-0016.flac,260,Clean,clean,0.5714285714285714,"[0.50,0.75)",True,True,True,0.020928116469517755,True,True,True,503,492,491,True,True
7,LibriSpeech:test:Babble_noise:-5:1995-1837-0019,test-clean/1995/1837/1995-1837-0019.flac,1995,Babble_noise,-5,0.5923566878980892,"[0.50,0.75)",39,LibriSpeech:test:Babble_noise:-5:908-31957-0016,test-clean/908/31957/908-31957-0016.flac,908,Babble_noise,-5,0.6217228464419475,"[0.50,0.75)",True,True,True,0.02936615854385838,True,True,True,101,492,491,True,True
7,LibriSpeech:test:Babble_noise:-5:1995-1837-0019,test-clean/1995/1837/1995-1837-0019.flac,1995,Babble_noise,-5,0.5923566878980892,"[0.50,0.75)",39,LibriSpeech:test:Babble_noise:-5:908-31957-0016,test-clean/908/31957/908-31957-0016.flac,908,Babble_noise,-5,0.6217228464419475,"[0.50,0.75)",True,True,True,0.02936615854385838,True,True,True,211,492,491,True,True
7,LibriSpeech:test:Babble_noise:-5:1995-1837-0019,test-clean/1995/1837/1995-1837-0019.flac,1995,Babble_noise,-5,0.5923566878980892,"[0.50,0.75)",39,LibriSpeech:test:Babble_noise:-5:908-31957-0016,test-clean/908/31957/908-31957-0016.flac,908,Babble_noise,-5,0.6217228464419475,"[0.50,0.75)",True,True,True,0.02936615854385838,True,True,True,307,492,491,True,True
7,LibriSpeech:test:Babble_noise:-5:1995-1837-0019,test-clean/1995/1837/1995-1837-0019.flac,1995,Babble_noise,-5,0.5923566878980892,"[0.50,0.75)",39,LibriSpeech:test:Babble_noise:-5:908-31957-0016,test-clean/908/31957/908-31957-0016.flac,908,Babble_noise,-5,0.6217228464419475,"[0.50,0.75)",True,True,True,0.02936615854385838,True,True,True,401,492,491,True,True
7,LibriSpeech:test:Babble_noise:-5:1995-1837-0019,test-clean/1995/1837/1995-1837-0019.flac,1995,Babble_noise,-5,0.5923566878980892,"[0.50,0.75)",39,LibriSpeech:test:Babble_noise:-5:908-31957-0016,test-clean/908/31957/908-31957-0016.flac,908,Babble_noise,-5,0.6217228464419475,"[0.50,0.75)",True,True,True,0.02936615854385838,True,True,True,503,492,491,True,True
8,LibriSpeech:test:Babble_noise:-5:237-126133-0016,test-clean/237/126133/237-126133-0016.flac,237,Clean,clean,0.0,"[0,0.25)",687,LibriSpeech:test:Nature_noise:20:5142-33396-0018,test-clean/5142/33396/5142-33396-0018.flac,5142,Clean,clean,0.0,"[0,0.25)",True,True,True,0.0,True,True,True,101,492,491,True,True
8,LibriSpeech:test:Babble_noise:-5:237-126133-0016,test-clean/237/126133/237-126133-0016.flac,237,Clean,clean,0.0,"[0,0.25)",42,LibriSpeech:test:Babble_noise:0:121-127105-0036,test-clean/121/127105/121-127105-0036.flac,121,Clean,clean,0.0,"[0,0.25)",True,True,True,0.0,True,True,True,211,492,491,True,True
8,LibriSpeech:test:Babble_noise:-5:237-126133-0016,test-clean/237/126133/237-126133-0016.flac,237,Clean,clean,0.0,"[0,0.25)",42,LibriSpeech:test:Babble_noise:0:121-127105-0036,test-clean/121/127105/121-127105-0036.flac,121,Clean,clean,0.0,"[0,0.25)",True,True,True,0.0,True,True,True,307,492,491,True,True
8,LibriSpeech:test:Babble_noise:-5:237-126133-0016,test-clean/237/126133/237-126133-0016.flac,237,Clean,clean,0.0,"[0,0.25)",42,LibriSpeech:test:Babble_noise:0:121-127105-0036,test-clean/121/127105/121-127105-0036.flac,121,Clean,clean,0.0,"[0,0.25)",True,True,True,0.0,True,True,True,401,492,491,True,True
8,LibriSpeech:test:Babble_noise:-5:237-126133-0016,test-clean/237/126133/237-126133-0016.flac,237,Clean,clean,0.0,"[0,0.25)",636,LibriSpeech:test:Nature_noise:10:2830-3980-0013,test-clean/2830/3980/2830-3980-0013.flac,2830,Clean,clean,0.0,"[0,0.25)",True,True,True,0.0,True,True,True,503,492,491,True,True
9,LibriSpeech:test:Babble_noise:-5:237-126133-0016,test-clean/237/126133/237-126133-0016.flac,237,Babble_noise,-5,0.0,"[0,0.25)",7,LibriSpeech:test:Babble_noise:-5:1995-1837-0019,test-clean/1995/1837/1995-1837-0019.flac,1995,Babble_noise,-5,0.5923566878980892,"[0.50,0.75)",True,True,False,0.5923566878980892,True,True,True,101,492,491,True,True
9,LibriSpeech:test:Babble_noise:-5:237-126133-0016,test-clean/237/126133/237-126133-0016.flac,237,Babble_noise,-5,0.0,"[0,0.25)",7,LibriSpeech:test:Babble_noise:-5:1995-1837-0019,test-clean/1995/1837/1995-1837-0019.flac,1995,Babble_noise,-5,0.5923566878980892,"[0.50,0.75)",True,True,False,0.5923566878980892,True,True,True,211,492,491,True,True
9,LibriSpeech:test:Babble_noise:-5:237-126133-0016,test-clean/237/126133/237-126133-0016.flac,237,Babble_noise,-5,0.0,"[0,0.25)",7,LibriSpeech:test:Babble_noise:-5:1995-1837-0019,test-clean/1995/1837/1995-1837-0019.flac,1995,Babble_noise,-5,0.5923566878980892,"[0.50,0.75)",True,True,False,0.5923566878980892,True,True,True,307,492,491,True,True
9,LibriSpeech:test:Babble_noise:-5:237-126133-0016,test-clean/237/126133/237-126133-0016.flac,237,Babble_noise,-5,0.0,"[0,0.25)",7,LibriSpeech:test:Babble_noise:-5:1995-1837-0019,test-clean/1995/1837/1995-1837-0019.flac,1995,Babble_noise,-5,0.5923566878980892,"[0.50,0.75)",True,True,False,0.5923566878980892,True,True,True,401,492,491,True,True
9,LibriSpeech:test:Babble_noise:-5:237-126133-0016,test-clean/237/126133/237-126133-0016.flac,237,Babble_noise,-5,0.0,"[0,0.25)",7,LibriSpeech:test:Babble_noise:-5:1995-1837-0019,test-clean/1995/1837/1995-1837-0019.flac,1995,Babble_noise,-5,0.5923566878980892,"[0.50,0.75)",True,True,False,0.5923566878980892,True,True,True,503,492,491,True,True
10,LibriSpeech:test:Babble_noise:-5:237-134500-0041,test-clean/237/134500/237-134500-0041.flac,237,Clean,clean,0.7573385518590998,"[0.75,1.00]",297,LibriSpeech:test:SSN_noise:5:5142-33396-0038,test-clean/5142/33396/5142-33396-0038.flac,5142,Clean,clean,0.7567567567567568,"[0.75,1.00]",True,True,True,0.000581795102343019,True,True,True,101,492,491,True,True
10,LibriSpeech:test:Babble_noise:-5:237-134500-0041,test-clean/237/134500/237-134500-0041.flac,237,Clean,clean,0.7573385518590998,"[0.75,1.00]",297,LibriSpeech:test:SSN_noise:5:5142-33396-0038,test-clean/5142/33396/5142-33396-0038.flac,5142,Clean,clean,0.7567567567567568,"[0.75,1.00]",True,True,True,0.000581795102343019,True,True,True,211,492,491,True,True
10,LibriSpeech:test:Babble_noise:-5:237-134500-0041,test-clean/237/134500/237-134500-0041.flac,237,Clean,clean,0.7573385518590998,"[0.75,1.00]",297,LibriSpeech:test:SSN_noise:5:5142-33396-0038,test-clean/5142/33396/5142-33396-0038.flac,5142,Clean,clean,0.7567567567567568,"[0.75,1.00]",True,True,True,0.000581795102343019,True,True,True,307,492,491,True,True
10,LibriSpeech:test:Babble_noise:-5:237-134500-0041,test-clean/237/134500/237-134500-0041.flac,237,Clean,clean,0.7573385518590998,"[0.75,1.00]",297,LibriSpeech:test:SSN_noise:5:5142-33396-0038,test-clean/5142/33396/5142-33396-0038.flac,5142,Clean,clean,0.7567567567567568,"[0.75,1.00]",True,True,True,0.000581795102343019,True,True,True,401,492,491,True,True
10,LibriSpeech:test:Babble_noise:-5:237-134500-0041,test-clean/237/134500/237-134500-0041.flac,237,Clean,clean,0.7573385518590998,"[0.75,1.00]",297,LibriSpeech:test:SSN_noise:5:5142-33396-0038,test-clean/5142/33396/5142-33396-0038.flac,5142,Clean,clean,0.7567567567567568,"[0.75,1.00]",True,True,True,0.000581795102343019,True,True,True,503,492,491,True,True
11,LibriSpeech:test:Babble_noise:-5:237-134500-0041,test-clean/237/134500/237-134500-0041.flac,237,Babble_noise,-5,0.7573385518590998,"[0.75,1.00]",37,LibriSpeech:test:Babble_noise:-5:7021-79740-0011,test-clean/7021/79740/7021-79740-0011.flac,7021,Babble_noise,-5,0.8707692307692307,"[0.75,1.00]",True,True,True,0.11343067891013092,True,True,True,101,492,491,True,True
11,LibriSpeech:test:Babble_noise:-5:237-134500-0041,test-clean/237/134500/237-134500-0041.flac,237,Babble_noise,-5,0.7573385518590998,"[0.75,1.00]",37,LibriSpeech:test:Babble_noise:-5:7021-79740-0011,test-clean/7021/79740/7021-79740-0011.flac,7021,Babble_noise,-5,0.8707692307692307,"[0.75,1.00]",True,True,True,0.11343067891013092,True,True,True,211,492,491,True,True
11,LibriSpeech:test:Babble_noise:-5:237-134500-0041,test-clean/237/134500/237-134500-0041.flac,237,Babble_noise,-5,0.7573385518590998,"[0.75,1.00]",37,LibriSpeech:test:Babble_noise:-5:7021-79740-0011,test-clean/7021/79740/7021-79740-0011.flac,7021,Babble_noise,-5,0.8707692307692307,"[0.75,1.00]",True,True,True,0.11343067891013092,True,True,True,307,492,491,True,True
11,LibriSpeech:test:Babble_noise:-5:237-134500-0041,test-clean/237/134500/237-134500-0041.flac,237,Babble_noise,-5,0.7573385518590998,"[0.75,1.00]",37,LibriSpeech:test:Babble_noise:-5:7021-79740-0011,test-clean/7021/79740/7021-79740-0011.flac,7021,Babble_noise,-5,0.8707692307692307,"[0.75,1.00]",True,True,True,0.11343067891013092,True,True,True,401,492,491,True,True
11,LibriSpeech:test:Babble_noise:-5:237-134500-0041,test-clean/237/134500/237-134500-0041.flac,237,Babble_noise,-5,0.7573385518590998,"[0.75,1.00]",37,LibriSpeech:test:Babble_noise:-5:7021-79740-0011,test-clean/7021/79740/7021-79740-0011.flac,7021,Babble_noise,-5,0.8707692307692307,"[0.75,1.00]",True,True,True,0.11343067891013092,True,True,True,503,492,491,True,True
36,LibriSpeech:test:Babble_noise:-5:7021-79740-0011,test-clean/7021/79740/7021-79740-0011.flac,7021,Clean,clean,0.8707692307692307,"[0.75,1.00]",106,LibriSpeech:test:Babble_noise:5:7729-102255-0007,test-clean/7729/102255/7729-102255-0007.flac,7729,Clean,clean,0.8704663212435233,"[0.75,1.00]",True,True,True,0.0003029095257074399,True,True,True,101,492,491,True,True
36,LibriSpeech:test:Babble_noise:-5:7021-79740-0011,test-clean/7021/79740/7021-79740-0011.flac,7021,Clean,clean,0.8707692307692307,"[0.75,1.00]",106,LibriSpeech:test:Babble_noise:5:7729-102255-0007,test-clean/7729/102255/7729-102255-0007.flac,7729,Clean,clean,0.8704663212435233,"[0.75,1.00]",True,True,True,0.0003029095257074399,True,True,True,211,492,491,True,True
36,LibriSpeech:test:Babble_noise:-5:7021-79740-0011,test-clean/7021/79740/7021-79740-0011.flac,7021,Clean,clean,0.8707692307692307,"[0.75,1.00]",106,LibriSpeech:test:Babble_noise:5:7729-102255-0007,test-clean/7729/102255/7729-102255-0007.flac,7729,Clean,clean,0.8704663212435233,"[0.75,1.00]",True,True,True,0.0003029095257074399,True,True,True,307,492,491,True,True
36,LibriSpeech:test:Babble_noise:-5:7021-79740-0011,test-clean/7021/79740/7021-79740-0011.flac,7021,Clean,clean,0.8707692307692307,"[0.75,1.00]",106,LibriSpeech:test:Babble_noise:5:7729-102255-0007,test-clean/7729/102255/7729-102255-0007.flac,7729,Clean,clean,0.8704663212435233,"[0.75,1.00]",True,True,True,0.0003029095257074399,True,True,True,401,492,491,True,True
36,LibriSpeech:test:Babble_noise:-5:7021-79740-0011,test-clean/7021/79740/7021-79740-0011.flac,7021,Clean,clean,0.8707692307692307,"[0.75,1.00]",106,LibriSpeech:test:Babble_noise:5:7729-102255-0007,test-clean/7729/102255/7729-102255-0007.flac,7729,Clean,clean,0.8704663212435233,"[0.75,1.00]",True,True,True,0.0003029095257074399,True,True,True,503,492,491,True,True
37,LibriSpeech:test:Babble_noise:-5:7021-79740-0011,test-clean/7021/79740/7021-79740-0011.flac,7021,Babble_noise,-5,0.8707692307692307,"[0.75,1.00]",1,LibriSpeech:test:Babble_noise:-5:121-121726-0001,test-clean/121/121726/121-121726-0001.flac,121,Babble_noise,-5,0.8815165876777251,"[0.75,1.00]",True,True,True,0.010747356908494377,True,True,True,101,492,491,True,True
37,LibriSpeech:test:Babble_noise:-5:7021-79740-0011,test-clean/7021/79740/7021-79740-0011.flac,7021,Babble_noise,-5,0.8707692307692307,"[0.75,1.00]",1,LibriSpeech:test:Babble_noise:-5:121-121726-0001,test-clean/121/121726/121-121726-0001.flac,121,Babble_noise,-5,0.8815165876777251,"[0.75,1.00]",True,True,True,0.010747356908494377,True,True,True,211,492,491,True,True
37,LibriSpeech:test:Babble_noise:-5:7021-79740-0011,test-clean/7021/79740/7021-79740-0011.flac,7021,Babble_noise,-5,0.8707692307692307,"[0.75,1.00]",1,LibriSpeech:test:Babble_noise:-5:121-121726-0001,test-clean/121/121726/121-121726-0001.flac,121,Babble_noise,-5,0.8815165876777251,"[0.75,1.00]",True,True,True,0.010747356908494377,True,True,True,307,492,491,True,True
37,LibriSpeech:test:Babble_noise:-5:7021-79740-0011,test-clean/7021/79740/7021-79740-0011.flac,7021,Babble_noise,-5,0.8707692307692307,"[0.75,1.00]",1,LibriSpeech:test:Babble_noise:-5:121-121726-0001,test-clean/121/121726/121-121726-0001.flac,121,Babble_noise,-5,0.8815165876777251,"[0.75,1.00]",True,True,True,0.010747356908494377,True,True,True,401,492,491,True,True
37,LibriSpeech:test:Babble_noise:-5:7021-79740-0011,test-clean/7021/79740/7021-79740-0011.flac,7021,Babble_noise,-5,0.8707692307692307,"[0.75,1.00]",1,LibriSpeech:test:Babble_noise:-5:121-121726-0001,test-clean/121/121726/121-121726-0001.flac,121,Babble_noise,-5,0.8815165876777251,"[0.75,1.00]",True,True,True,0.010747356908494377,True,True,True,503,492,491,True,True
38,LibriSpeech:test:Babble_noise:-5:908-31957-0016,test-clean/908/31957/908-31957-0016.flac,908,Clean,clean,0.6217228464419475,"[0.50,0.75)",1043,LibriSpeech:test:Street_noise:15:237-126133-0006,test-clean/237/126133/237-126133-0006.flac,237,Clean,clean,0.6153846153846154,"[0.50,0.75)",True,True,True,0.006338231057332111,True,True,True,101,492,491,True,True
38,LibriSpeech:test:Babble_noise:-5:908-31957-0016,test-clean/908/31957/908-31957-0016.flac,908,Clean,clean,0.6217228464419475,"[0.50,0.75)",1043,LibriSpeech:test:Street_noise:15:237-126133-0006,test-clean/237/126133/237-126133-0006.flac,237,Clean,clean,0.6153846153846154,"[0.50,0.75)",True,True,True,0.006338231057332111,True,True,True,211,492,491,True,True
38,LibriSpeech:test:Babble_noise:-5:908-31957-0016,test-clean/908/31957/908-31957-0016.flac,908,Clean,clean,0.6217228464419475,"[0.50,0.75)",1043,LibriSpeech:test:Street_noise:15:237-126133-0006,test-clean/237/126133/237-126133-0006.flac,237,Clean,clean,0.6153846153846154,"[0.50,0.75)",True,True,True,0.006338231057332111,True,True,True,307,492,491,True,True
38,LibriSpeech:test:Babble_noise:-5:908-31957-0016,test-clean/908/31957/908-31957-0016.flac,908,Clean,clean,0.6217228464419475,"[0.50,0.75)",1043,LibriSpeech:test:Street_noise:15:237-126133-0006,test-clean/237/126133/237-126133-0006.flac,237,Clean,clean,0.6153846153846154,"[0.50,0.75)",True,True,True,0.006338231057332111,True,True,True,401,492,491,True,True
38,LibriSpeech:test:Babble_noise:-5:908-31957-0016,test-clean/908/31957/908-31957-0016.flac,908,Clean,clean,0.6217228464419475,"[0.50,0.75)",1043,LibriSpeech:test:Street_noise:15:237-126133-0006,test-clean/237/126133/237-126133-0006.flac,237,Clean,clean,0.6153846153846154,"[0.50,0.75)",True,True,True,0.006338231057332111,True,True,True,503,492,491,True,True
39,LibriSpeech:test:Babble_noise:-5:908-31957-0016,test-clean/908/31957/908-31957-0016.flac,908,Babble_noise,-5,0.6217228464419475,"[0.50,0.75)",7,LibriSpeech:test:Babble_noise:-5:1995-1837-0019,test-clean/1995/1837/1995-1837-0019.flac,1995,Babble_noise,-5,0.5923566878980892,"[0.50,0.75)",True,True,True,0.02936615854385838,True,True,True,101,492,491,True,True
39,LibriSpeech:test:Babble_noise:-5:908-31957-0016,test-clean/908/31957/908-31957-0016.flac,908,Babble_noise,-5,0.6217228464419475,"[0.50,0.75)",7,LibriSpeech:test:Babble_noise:-5:1995-1837-0019,test-clean/1995/1837/1995-1837-0019.flac,1995,Babble_noise,-5,0.5923566878980892,"[0.50,0.75)",True,True,True,0.02936615854385838,True,True,True,211,492,491,True,True
39,LibriSpeech:test:Babble_noise:-5:908-31957-0016,test-clean/908/31957/908-31957-0016.flac,908,Babble_noise,-5,0.6217228464419475,"[0.50,0.75)",7,LibriSpeech:test:Babble_noise:-5:1995-1837-0019,test-clean/1995/1837/1995-1837-0019.flac,1995,Babble_noise,-5,0.5923566878980892,"[0.50,0.75)",True,True,True,0.02936615854385838,True,True,True,307,492,491,True,True
39,LibriSpeech:test:Babble_noise:-5:908-31957-0016,test-clean/908/31957/908-31957-0016.flac,908,Babble_noise,-5,0.6217228464419475,"[0.50,0.75)",7,LibriSpeech:test:Babble_noise:-5:1995-1837-0019,test-clean/1995/1837/1995-1837-0019.flac,1995,Babble_noise,-5,0.5923566878980892,"[0.50,0.75)",True,True,True,0.02936615854385838,True,True,True,401,492,491,True,True
39,LibriSpeech:test:Babble_noise:-5:908-31957-0016,test-clean/908/31957/908-31957-0016.flac,908,Babble_noise,-5,0.6217228464419475,"[0.50,0.75)",7,LibriSpeech:test:Babble_noise:-5:1995-1837-0019,test-clean/1995/1837/1995-1837-0019.flac,1995,Babble_noise,-5,0.5923566878980892,"[0.50,0.75)",True,True,True,0.02936615854385838,True,True,True,503,492,491,True,True
40,LibriSpeech:test:Babble_noise:0:1188-133604-0016,test-clean/1188/133604/1188-133604-0016.flac,1188,Clean,clean,0.7323943661971831,"[0.50,0.75)",462,LibriSpeech:test:Domestic_noise:5:260-123288-0006,test-clean/260/123288/260-123288-0006.flac,260,Clean,clean,0.7383177570093458,"[0.50,0.75)",True,True,True,0.005923390812162643,True,True,True,101,492,491,True,True
40,LibriSpeech:test:Babble_noise:0:1188-133604-0016,test-clean/1188/133604/1188-133604-0016.flac,1188,Clean,clean,0.7323943661971831,"[0.50,0.75)",462,LibriSpeech:test:Domestic_noise:5:260-123288-0006,test-clean/260/123288/260-123288-0006.flac,260,Clean,clean,0.7383177570093458,"[0.50,0.75)",True,True,True,0.005923390812162643,True,True,True,211,492,491,True,True
40,LibriSpeech:test:Babble_noise:0:1188-133604-0016,test-clean/1188/133604/1188-133604-0016.flac,1188,Clean,clean,0.7323943661971831,"[0.50,0.75)",462,LibriSpeech:test:Domestic_noise:5:260-123288-0006,test-clean/260/123288/260-123288-0006.flac,260,Clean,clean,0.7383177570093458,"[0.50,0.75)",True,True,True,0.005923390812162643,True,True,True,307,492,491,True,True
40,LibriSpeech:test:Babble_noise:0:1188-133604-0016,test-clean/1188/133604/1188-133604-0016.flac,1188,Clean,clean,0.7323943661971831,"[0.50,0.75)",462,LibriSpeech:test:Domestic_noise:5:260-123288-0006,test-clean/260/123288/260-123288-0006.flac,260,Clean,clean,0.7383177570093458,"[0.50,0.75)",True,True,True,0.005923390812162643,True,True,True,401,492,491,True,True
40,LibriSpeech:test:Babble_noise:0:1188-133604-0016,test-clean/1188/133604/1188-133604-0016.flac,1188,Clean,clean,0.7323943661971831,"[0.50,0.75)",462,LibriSpeech:test:Domestic_noise:5:260-123288-0006,test-clean/260/123288/260-123288-0006.flac,260,Clean,clean,0.7383177570093458,"[0.50,0.75)",True,True,True,0.005923390812162643,True,True,True,503,492,491,True,True
41,LibriSpeech:test:Babble_noise:0:1188-133604-0016,test-clean/1188/133604/1188-133604-0016.flac,1188,Babble_noise,0,0.7323943661971831,"[0.50,0.75)",47,LibriSpeech:test:Babble_noise:0:2830-3980-0073,test-clean/2830/3980/2830-3980-0073.flac,2830,Babble_noise,0,0.84,"[0.75,1.00]",True,True,False,0.10760563380281685,True,True,True,101,492,491,True,True
41,LibriSpeech:test:Babble_noise:0:1188-133604-0016,test-clean/1188/133604/1188-133604-0016.flac,1188,Babble_noise,0,0.7323943661971831,"[0.50,0.75)",47,LibriSpeech:test:Babble_noise:0:2830-3980-0073,test-clean/2830/3980/2830-3980-0073.flac,2830,Babble_noise,0,0.84,"[0.75,1.00]",True,True,False,0.10760563380281685,True,True,True,211,492,491,True,True
41,LibriSpeech:test:Babble_noise:0:1188-133604-0016,test-clean/1188/133604/1188-133604-0016.flac,1188,Babble_noise,0,0.7323943661971831,"[0.50,0.75)",47,LibriSpeech:test:Babble_noise:0:2830-3980-0073,test-clean/2830/3980/2830-3980-0073.flac,2830,Babble_noise,0,0.84,"[0.75,1.00]",True,True,False,0.10760563380281685,True,True,True,307,492,491,True,True
41,LibriSpeech:test:Babble_noise:0:1188-133604-0016,test-clean/1188/133604/1188-133604-0016.flac,1188,Babble_noise,0,0.7323943661971831,"[0.50,0.75)",47,LibriSpeech:test:Babble_noise:0:2830-3980-0073,test-clean/2830/3980/2830-3980-0073.flac,2830,Babble_noise,0,0.84,"[0.75,1.00]",True,True,False,0.10760563380281685,True,True,True,401,492,491,True,True
41,LibriSpeech:test:Babble_noise:0:1188-133604-0016,test-clean/1188/133604/1188-133604-0016.flac,1188,Babble_noise,0,0.7323943661971831,"[0.50,0.75)",47,LibriSpeech:test:Babble_noise:0:2830-3980-0073,test-clean/2830/3980/2830-3980-0073.flac,2830,Babble_noise,0,0.84,"[0.75,1.00]",True,True,False,0.10760563380281685,True,True,True,503,492,491,True,True
42,LibriSpeech:test:Babble_noise:0:121-127105-0036,test-clean/121/127105/121-127105-0036.flac,121,Clean,clean,0.0,"[0,0.25)",238,LibriSpeech:test:SSN_noise:-5:7176-92135-0003,test-clean/7176/92135/7176-92135-0003.flac,7176,Clean,clean,0.0,"[0,0.25)",True,True,True,0.0,True,True,True,101,492,491,True,True
42,LibriSpeech:test:Babble_noise:0:121-127105-0036,test-clean/121/127105/121-127105-0036.flac,121,Clean,clean,0.0,"[0,0.25)",8,LibriSpeech:test:Babble_noise:-5:237-126133-0016,test-clean/237/126133/237-126133-0016.flac,237,Clean,clean,0.0,"[0,0.25)",True,True,True,0.0,True,True,True,211,492,491,True,True
42,LibriSpeech:test:Babble_noise:0:121-127105-0036,test-clean/121/127105/121-127105-0036.flac,121,Clean,clean,0.0,"[0,0.25)",687,LibriSpeech:test:Nature_noise:20:5142-33396-0018,test-clean/5142/33396/5142-33396-0018.flac,5142,Clean,clean,0.0,"[0,0.25)",True,True,True,0.0,True,True,True,307,492,491,True,True
42,LibriSpeech:test:Babble_noise:0:121-127105-0036,test-clean/121/127105/121-127105-0036.flac,121,Clean,clean,0.0,"[0,0.25)",238,LibriSpeech:test:SSN_noise:-5:7176-92135-0003,test-clean/7176/92135/7176-92135-0003.flac,7176,Clean,clean,0.0,"[0,0.25)",True,True,True,0.0,True,True,True,401,492,491,True,True
42,LibriSpeech:test:Babble_noise:0:121-127105-0036,test-clean/121/127105/121-127105-0036.flac,121,Clean,clean,0.0,"[0,0.25)",8,LibriSpeech:test:Babble_noise:-5:237-126133-0016,test-clean/237/126133/237-126133-0016.flac,237,Clean,clean,0.0,"[0,0.25)",True,True,True,0.0,True,True,True,503,492,491,True,True
43,LibriSpeech:test:Babble_noise:0:121-127105-0036,test-clean/121/127105/121-127105-0036.flac,121,Babble_noise,0,0.0,"[0,0.25)",49,LibriSpeech:test:Babble_noise:0:2961-961-0003,test-clean/2961/961/2961-961-0003.flac,2961,Babble_noise,0,0.4891304347826087,"[0.25,0.50)",True,True,False,0.4891304347826087,True,True,True,101,492,491,True,True
43,LibriSpeech:test:Babble_noise:0:121-127105-0036,test-clean/121/127105/121-127105-0036.flac,121,Babble_noise,0,0.0,"[0,0.25)",49,LibriSpeech:test:Babble_noise:0:2961-961-0003,test-clean/2961/961/2961-961-0003.flac,2961,Babble_noise,0,0.4891304347826087,"[0.25,0.50)",True,True,False,0.4891304347826087,True,True,True,211,492,491,True,True
43,LibriSpeech:test:Babble_noise:0:121-127105-0036,test-clean/121/127105/121-127105-0036.flac,121,Babble_noise,0,0.0,"[0,0.25)",49,LibriSpeech:test:Babble_noise:0:2961-961-0003,test-clean/2961/961/2961-961-0003.flac,2961,Babble_noise,0,0.4891304347826087,"[0.25,0.50)",True,True,False,0.4891304347826087,True,True,True,307,492,491,True,True
43,LibriSpeech:test:Babble_noise:0:121-127105-0036,test-clean/121/127105/121-127105-0036.flac,121,Babble_noise,0,0.0,"[0,0.25)",49,LibriSpeech:test:Babble_noise:0:2961-961-0003,test-clean/2961/961/2961-961-0003.flac,2961,Babble_noise,0,0.4891304347826087,"[0.25,0.50)",True,True,False,0.4891304347826087,True,True,True,401,492,491,True,True
43,LibriSpeech:test:Babble_noise:0:121-127105-0036,test-clean/121/127105/121-127105-0036.flac,121,Babble_noise,0,0.0,"[0,0.25)",49,LibriSpeech:test:Babble_noise:0:2961-961-0003,test-clean/2961/961/2961-961-0003.flac,2961,Babble_noise,0,0.4891304347826087,"[0.25,0.50)",True,True,False,0.4891304347826087,True,True,True,503,492,491,True,True
46,LibriSpeech:test:Babble_noise:0:2830-3980-0073,test-clean/2830/3980/2830-3980-0073.flac,2830,Clean,clean,0.84,"[0.75,1.00]",643,LibriSpeech:test:Nature_noise:10:5142-36586-0003,test-clean/5142/36586/5142-36586-0003.flac,5142,Clean,clean,0.8387096774193549,"[0.75,1.00]",True,True,True,0.001290322580645098,True,True,True,101,492,491,True,True
46,LibriSpeech:test:Babble_noise:0:2830-3980-0073,test-clean/2830/3980/2830-3980-0073.flac,2830,Clean,clean,0.84,"[0.75,1.00]",643,LibriSpeech:test:Nature_noise:10:5142-36586-0003,test-clean/5142/36586/5142-36586-0003.flac,5142,Clean,clean,0.8387096774193549,"[0.75,1.00]",True,True,True,0.001290322580645098,True,True,True,211,492,491,True,True
46,LibriSpeech:test:Babble_noise:0:2830-3980-0073,test-clean/2830/3980/2830-3980-0073.flac,2830,Clean,clean,0.84,"[0.75,1.00]",643,LibriSpeech:test:Nature_noise:10:5142-36586-0003,test-clean/5142/36586/5142-36586-0003.flac,5142,Clean,clean,0.8387096774193549,"[0.75,1.00]",True,True,True,0.001290322580645098,True,True,True,307,492,491,True,True
46,LibriSpeech:test:Babble_noise:0:2830-3980-0073,test-clean/2830/3980/2830-3980-0073.flac,2830,Clean,clean,0.84,"[0.75,1.00]",643,LibriSpeech:test:Nature_noise:10:5142-36586-0003,test-clean/5142/36586/5142-36586-0003.flac,5142,Clean,clean,0.8387096774193549,"[0.75,1.00]",True,True,True,0.001290322580645098,True,True,True,401,492,491,True,True
46,LibriSpeech:test:Babble_noise:0:2830-3980-0073,test-clean/2830/3980/2830-3980-0073.flac,2830,Clean,clean,0.84,"[0.75,1.00]",643,LibriSpeech:test:Nature_noise:10:5142-36586-0003,test-clean/5142/36586/5142-36586-0003.flac,5142,Clean,clean,0.8387096774193549,"[0.75,1.00]",True,True,True,0.001290322580645098,True,True,True,503,492,491,True,True
47,LibriSpeech:test:Babble_noise:0:2830-3980-0073,test-clean/2830/3980/2830-3980-0073.flac,2830,Babble_noise,0,0.84,"[0.75,1.00]",69,LibriSpeech:test:Babble_noise:0:8230-279154-0038,test-clean/8230/279154/8230-279154-0038.flac,8230,Babble_noise,0,0.8982869379014989,"[0.75,1.00]",True,True,True,0.05828693790149897,True,True,True,101,492,491,True,True
47,LibriSpeech:test:Babble_noise:0:2830-3980-0073,test-clean/2830/3980/2830-3980-0073.flac,2830,Babble_noise,0,0.84,"[0.75,1.00]",69,LibriSpeech:test:Babble_noise:0:8230-279154-0038,test-clean/8230/279154/8230-279154-0038.flac,8230,Babble_noise,0,0.8982869379014989,"[0.75,1.00]",True,True,True,0.05828693790149897,True,True,True,211,492,491,True,True
47,LibriSpeech:test:Babble_noise:0:2830-3980-0073,test-clean/2830/3980/2830-3980-0073.flac,2830,Babble_noise,0,0.84,"[0.75,1.00]",69,LibriSpeech:test:Babble_noise:0:8230-279154-0038,test-clean/8230/279154/8230-279154-0038.flac,8230,Babble_noise,0,0.8982869379014989,"[0.75,1.00]",True,True,True,0.05828693790149897,True,True,True,307,492,491,True,True
47,LibriSpeech:test:Babble_noise:0:2830-3980-0073,test-clean/2830/3980/2830-3980-0073.flac,2830,Babble_noise,0,0.84,"[0.75,1.00]",69,LibriSpeech:test:Babble_noise:0:8230-279154-0038,test-clean/8230/279154/8230-279154-0038.flac,8230,Babble_noise,0,0.8982869379014989,"[0.75,1.00]",True,True,True,0.05828693790149897,True,True,True,401,492,491,True,True
47,LibriSpeech:test:Babble_noise:0:2830-3980-0073,test-clean/2830/3980/2830-3980-0073.flac,2830,Babble_noise,0,0.84,"[0.75,1.00]",69,LibriSpeech:test:Babble_noise:0:8230-279154-0038,test-clean/8230/279154/8230-279154-0038.flac,8230,Babble_noise,0,0.8982869379014989,"[0.75,1.00]",True,True,True,0.05828693790149897,True,True,True,503,492,491,True,True
48,LibriSpeech:test:Babble_noise:0:2961-961-0003,test-clean/2961/961/2961-961-0003.flac,2961,Clean,clean,0.4891304347826087,"[0.25,0.50)",538,LibriSpeech:test:Domestic_noise:20:2830-3979-0006,test-clean/2830/3979/2830-3979-0006.flac,2830,Clean,clean,0.4864864864864865,"[0.25,0.50)",True,True,True,0.0026439482961221894,True,True,True,101,492,491,True,True
48,LibriSpeech:test:Babble_noise:0:2961-961-0003,test-clean/2961/961/2961-961-0003.flac,2961,Clean,clean,0.4891304347826087,"[0.25,0.50)",538,LibriSpeech:test:Domestic_noise:20:2830-3979-0006,test-clean/2830/3979/2830-3979-0006.flac,2830,Clean,clean,0.4864864864864865,"[0.25,0.50)",True,True,True,0.0026439482961221894,True,True,True,211,492,491,True,True
48,LibriSpeech:test:Babble_noise:0:2961-961-0003,test-clean/2961/961/2961-961-0003.flac,2961,Clean,clean,0.4891304347826087,"[0.25,0.50)",538,LibriSpeech:test:Domestic_noise:20:2830-3979-0006,test-clean/2830/3979/2830-3979-0006.flac,2830,Clean,clean,0.4864864864864865,"[0.25,0.50)",True,True,True,0.0026439482961221894,True,True,True,307,492,491,True,True
48,LibriSpeech:test:Babble_noise:0:2961-961-0003,test-clean/2961/961/2961-961-0003.flac,2961,Clean,clean,0.4891304347826087,"[0.25,0.50)",538,LibriSpeech:test:Domestic_noise:20:2830-3979-0006,test-clean/2830/3979/2830-3979-0006.flac,2830,Clean,clean,0.4864864864864865,"[0.25,0.50)",True,True,True,0.0026439482961221894,True,True,True,401,492,491,True,True
48,LibriSpeech:test:Babble_noise:0:2961-961-0003,test-clean/2961/961/2961-961-0003.flac,2961,Clean,clean,0.4891304347826087,"[0.25,0.50)",538,LibriSpeech:test:Domestic_noise:20:2830-3979-0006,test-clean/2830/3979/2830-3979-0006.flac,2830,Clean,clean,0.4864864864864865,"[0.25,0.50)",True,True,True,0.0026439482961221894,True,True,True,503,492,491,True,True
49,LibriSpeech:test:Babble_noise:0:2961-961-0003,test-clean/2961/961/2961-961-0003.flac,2961,Babble_noise,0,0.4891304347826087,"[0.25,0.50)",41,LibriSpeech:test:Babble_noise:0:1188-133604-0016,test-clean/1188/133604/1188-133604-0016.flac,1188,Babble_noise,0,0.7323943661971831,"[0.50,0.75)",True,True,False,0.24326393141457442,True,True,True,101,492,491,True,True
49,LibriSpeech:test:Babble_noise:0:2961-961-0003,test-clean/2961/961/2961-961-0003.flac,2961,Babble_noise,0,0.4891304347826087,"[0.25,0.50)",41,LibriSpeech:test:Babble_noise:0:1188-133604-0016,test-clean/1188/133604/1188-133604-0016.flac,1188,Babble_noise,0,0.7323943661971831,"[0.50,0.75)",True,True,False,0.24326393141457442,True,True,True,211,492,491,True,True
49,LibriSpeech:test:Babble_noise:0:2961-961-0003,test-clean/2961/961/2961-961-0003.flac,2961,Babble_noise,0,0.4891304347826087,"[0.25,0.50)",41,LibriSpeech:test:Babble_noise:0:1188-133604-0016,test-clean/1188/133604/1188-133604-0016.flac,1188,Babble_noise,0,0.7323943661971831,"[0.50,0.75)",True,True,False,0.24326393141457442,True,True,True,307,492,491,True,True
49,LibriSpeech:test:Babble_noise:0:2961-961-0003,test-clean/2961/961/2961-961-0003.flac,2961,Babble_noise,0,0.4891304347826087,"[0.25,0.50)",41,LibriSpeech:test:Babble_noise:0:1188-133604-0016,test-clean/1188/133604/1188-133604-0016.flac,1188,Babble_noise,0,0.7323943661971831,"[0.50,0.75)",True,True,False,0.24326393141457442,True,True,True,401,492,491,True,True
49,LibriSpeech:test:Babble_noise:0:2961-961-0003,test-clean/2961/961/2961-961-0003.flac,2961,Babble_noise,0,0.4891304347826087,"[0.25,0.50)",41,LibriSpeech:test:Babble_noise:0:1188-133604-0016,test-clean/1188/133604/1188-133604-0016.flac,1188,Babble_noise,0,0.7323943661971831,"[0.50,0.75)",True,True,False,0.24326393141457442,True,True,True,503,492,491,True,True
68,LibriSpeech:test:Babble_noise:0:8230-279154-0038,test-clean/8230/279154/8230-279154-0038.flac,8230,Clean,clean,0.8982869379014989,"[0.75,1.00]",306,LibriSpeech:test:SSN_noise:5:6930-81414-0009,test-clean/6930/81414/6930-81414-0009.flac,6930,Clean,clean,0.8963414634146342,"[0.75,1.00]",True,True,True,0.0019454744868647733,True,True,True,101,492,491,True,True
68,LibriSpeech:test:Babble_noise:0:8230-279154-0038,test-clean/8230/279154/8230-279154-0038.flac,8230,Clean,clean,0.8982869379014989,"[0.75,1.00]",306,LibriSpeech:test:SSN_noise:5:6930-81414-0009,test-clean/6930/81414/6930-81414-0009.flac,6930,Clean,clean,0.8963414634146342,"[0.75,1.00]",True,True,True,0.0019454744868647733,True,True,True,211,492,491,True,True
68,LibriSpeech:test:Babble_noise:0:8230-279154-0038,test-clean/8230/279154/8230-279154-0038.flac,8230,Clean,clean,0.8982869379014989,"[0.75,1.00]",306,LibriSpeech:test:SSN_noise:5:6930-81414-0009,test-clean/6930/81414/6930-81414-0009.flac,6930,Clean,clean,0.8963414634146342,"[0.75,1.00]",True,True,True,0.0019454744868647733,True,True,True,307,492,491,True,True
68,LibriSpeech:test:Babble_noise:0:8230-279154-0038,test-clean/8230/279154/8230-279154-0038.flac,8230,Clean,clean,0.8982869379014989,"[0.75,1.00]",306,LibriSpeech:test:SSN_noise:5:6930-81414-0009,test-clean/6930/81414/6930-81414-0009.flac,6930,Clean,clean,0.8963414634146342,"[0.75,1.00]",True,True,True,0.0019454744868647733,True,True,True,401,492,491,True,True
68,LibriSpeech:test:Babble_noise:0:8230-279154-0038,test-clean/8230/279154/8230-279154-0038.flac,8230,Clean,clean,0.8982869379014989,"[0.75,1.00]",306,LibriSpeech:test:SSN_noise:5:6930-81414-0009,test-clean/6930/81414/6930-81414-0009.flac,6930,Clean,clean,0.8963414634146342,"[0.75,1.00]",True,True,True,0.0019454744868647733,True,True,True,503,492,491,True,True
69,LibriSpeech:test:Babble_noise:0:8230-279154-0038,test-clean/8230/279154/8230-279154-0038.flac,8230,Babble_noise,0,0.8982869379014989,"[0.75,1.00]",71,LibriSpeech:test:Babble_noise:0:8463-287645-0013,test-clean/8463/287645/8463-287645-0013.flac,8463,Babble_noise,0,0.9368421052631579,"[0.75,1.00]",True,True,True,0.03855516736165898,True,True,True,101,492,491,True,True
69,LibriSpeech:test:Babble_noise:0:8230-279154-0038,test-clean/8230/279154/8230-279154-0038.flac,8230,Babble_noise,0,0.8982869379014989,"[0.75,1.00]",71,LibriSpeech:test:Babble_noise:0:8463-287645-0013,test-clean/8463/287645/8463-287645-0013.flac,8463,Babble_noise,0,0.9368421052631579,"[0.75,1.00]",True,True,True,0.03855516736165898,True,True,True,211,492,491,True,True
69,LibriSpeech:test:Babble_noise:0:8230-279154-0038,test-clean/8230/279154/8230-279154-0038.flac,8230,Babble_noise,0,0.8982869379014989,"[0.75,1.00]",71,LibriSpeech:test:Babble_noise:0:8463-287645-0013,test-clean/8463/287645/8463-287645-0013.flac,8463,Babble_noise,0,0.9368421052631579,"[0.75,1.00]",True,True,True,0.03855516736165898,True,True,True,307,492,491,True,True
69,LibriSpeech:test:Babble_noise:0:8230-279154-0038,test-clean/8230/279154/8230-279154-0038.flac,8230,Babble_noise,0,0.8982869379014989,"[0.75,1.00]",71,LibriSpeech:test:Babble_noise:0:8463-287645-0013,test-clean/8463/287645/8463-287645-0013.flac,8463,Babble_noise,0,0.9368421052631579,"[0.75,1.00]",True,True,True,0.03855516736165898,True,True,True,401,492,491,True,True
69,LibriSpeech:test:Babble_noise:0:8230-279154-0038,test-clean/8230/279154/8230-279154-0038.flac,8230,Babble_noise,0,0.8982869379014989,"[0.75,1.00]",71,LibriSpeech:test:Babble_noise:0:8463-287645-0013,test-clean/8463/287645/8463-287645-0013.flac,8463,Babble_noise,0,0.9368421052631579,"[0.75,1.00]",True,True,True,0.03855516736165898,True,True,True,503,492,491,True,True
70,LibriSpeech:test:Babble_noise:0:8463-287645-0013,test-clean/8463/287645/8463-287645-0013.flac,8463,Clean,clean,0.9368421052631579,"[0.75,1.00]",448,LibriSpeech:test:Domestic_noise:0:7021-85628-0020,test-clean/7021/85628/7021-85628-0020.flac,7021,Clean,clean,0.9393939393939394,"[0.75,1.00]",True,True,True,0.0025518341307815273,True,True,True,101,492,491,True,True
70,LibriSpeech:test:Babble_noise:0:8463-287645-0013,test-clean/8463/287645/8463-287645-0013.flac,8463,Clean,clean,0.9368421052631579,"[0.75,1.00]",448,LibriSpeech:test:Domestic_noise:0:7021-85628-0020,test-clean/7021/85628/7021-85628-0020.flac,7021,Clean,clean,0.9393939393939394,"[0.75,1.00]",True,True,True,0.0025518341307815273,True,True,True,211,492,491,True,True
70,LibriSpeech:test:Babble_noise:0:8463-287645-0013,test-clean/8463/287645/8463-287645-0013.flac,8463,Clean,clean,0.9368421052631579,"[0.75,1.00]",448,LibriSpeech:test:Domestic_noise:0:7021-85628-0020,test-clean/7021/85628/7021-85628-0020.flac,7021,Clean,clean,0.9393939393939394,"[0.75,1.00]",True,True,True,0.0025518341307815273,True,True,True,307,492,491,True,True
70,LibriSpeech:test:Babble_noise:0:8463-287645-0013,test-clean/8463/287645/8463-287645-0013.flac,8463,Clean,clean,0.9368421052631579,"[0.75,1.00]",448,LibriSpeech:test:Domestic_noise:0:7021-85628-0020,test-clean/7021/85628/7021-85628-0020.flac,7021,Clean,clean,0.9393939393939394,"[0.75,1.00]",True,True,True,0.0025518341307815273,True,True,True,401,492,491,True,True
70,LibriSpeech:test:Babble_noise:0:8463-287645-0013,test-clean/8463/287645/8463-287645-0013.flac,8463,Clean,clean,0.9368421052631579,"[0.75,1.00]",448,LibriSpeech:test:Domestic_noise:0:7021-85628-0020,test-clean/7021/85628/7021-85628-0020.flac,7021,Clean,clean,0.9393939393939394,"[0.75,1.00]",True,True,True,0.0025518341307815273,True,True,True,503,492,491,True,True
71,LibriSpeech:test:Babble_noise:0:8463-287645-0013,test-clean/8463/287645/8463-287645-0013.flac,8463,Babble_noise,0,0.9368421052631579,"[0.75,1.00]",69,LibriSpeech:test:Babble_noise:0:8230-279154-0038,test-clean/8230/279154/8230-279154-0038.flac,8230,Babble_noise,0,0.8982869379014989,"[0.75,1.00]",True,True,True,0.03855516736165898,True,True,True,101,492,491,True,True
71,LibriSpeech:test:Babble_noise:0:8463-287645-0013,test-clean/8463/287645/8463-287645-0013.flac,8463,Babble_noise,0,0.9368421052631579,"[0.75,1.00]",69,LibriSpeech:test:Babble_noise:0:8230-279154-0038,test-clean/8230/279154/8230-279154-0038.flac,8230,Babble_noise,0,0.8982869379014989,"[0.75,1.00]",True,True,True,0.03855516736165898,True,True,True,211,492,491,True,True
71,LibriSpeech:test:Babble_noise:0:8463-287645-0013,test-clean/8463/287645/8463-287645-0013.flac,8463,Babble_noise,0,0.9368421052631579,"[0.75,1.00]",69,LibriSpeech:test:Babble_noise:0:8230-279154-0038,test-clean/8230/279154/8230-279154-0038.flac,8230,Babble_noise,0,0.8982869379014989,"[0.75,1.00]",True,True,True,0.03855516736165898,True,True,True,307,492,491,True,True
71,LibriSpeech:test:Babble_noise:0:8463-287645-0013,test-clean/8463/287645/8463-287645-0013.flac,8463,Babble_noise,0,0.9368421052631579,"[0.75,1.00]",69,LibriSpeech:test:Babble_noise:0:8230-279154-0038,test-clean/8230/279154/8230-279154-0038.flac,8230,Babble_noise,0,0.8982869379014989,"[0.75,1.00]",True,True,True,0.03855516736165898,True,True,True,401,492,491,True,True
71,LibriSpeech:test:Babble_noise:0:8463-287645-0013,test-clean/8463/287645/8463-287645-0013.flac,8463,Babble_noise,0,0.9368421052631579,"[0.75,1.00]",69,LibriSpeech:test:Babble_noise:0:8230-279154-0038,test-clean/8230/279154/8230-279154-0038.flac,8230,Babble_noise,0,0.8982869379014989,"[0.75,1.00]",True,True,True,0.03855516736165898,True,True,True,503,492,491,True,True
82,LibriSpeech:test:Babble_noise:5:1320-122617-0008,test-clean/1320/122617/1320-122617-0008.flac,1320,Clean,clean,0.7837837837837838,"[0.75,1.00]",653,LibriSpeech:test:Nature_noise:10:908-31957-0006,test-clean/908/31957/908-31957-0006.flac,908,Clean,clean,0.7788461538461539,"[0.75,1.00]",True,True,True,0.004937629937629917,True,True,True,101,492,491,True,True
82,LibriSpeech:test:Babble_noise:5:1320-122617-0008,test-clean/1320/122617/1320-122617-0008.flac,1320,Clean,clean,0.7837837837837838,"[0.75,1.00]",653,LibriSpeech:test:Nature_noise:10:908-31957-0006,test-clean/908/31957/908-31957-0006.flac,908,Clean,clean,0.7788461538461539,"[0.75,1.00]",True,True,True,0.004937629937629917,True,True,True,211,492,491,True,True
82,LibriSpeech:test:Babble_noise:5:1320-122617-0008,test-clean/1320/122617/1320-122617-0008.flac,1320,Clean,clean,0.7837837837837838,"[0.75,1.00]",653,LibriSpeech:test:Nature_noise:10:908-31957-0006,test-clean/908/31957/908-31957-0006.flac,908,Clean,clean,0.7788461538461539,"[0.75,1.00]",True,True,True,0.004937629937629917,True,True,True,307,492,491,True,True
82,LibriSpeech:test:Babble_noise:5:1320-122617-0008,test-clean/1320/122617/1320-122617-0008.flac,1320,Clean,clean,0.7837837837837838,"[0.75,1.00]",653,LibriSpeech:test:Nature_noise:10:908-31957-0006,test-clean/908/31957/908-31957-0006.flac,908,Clean,clean,0.7788461538461539,"[0.75,1.00]",True,True,True,0.004937629937629917,True,True,True,401,492,491,True,True
82,LibriSpeech:test:Babble_noise:5:1320-122617-0008,test-clean/1320/122617/1320-122617-0008.flac,1320,Clean,clean,0.7837837837837838,"[0.75,1.00]",653,LibriSpeech:test:Nature_noise:10:908-31957-0006,test-clean/908/31957/908-31957-0006.flac,908,Clean,clean,0.7788461538461539,"[0.75,1.00]",True,True,True,0.004937629937629917,True,True,True,503,492,491,True,True
83,LibriSpeech:test:Babble_noise:5:1320-122617-0008,test-clean/1320/122617/1320-122617-0008.flac,1320,Babble_noise,5,0.7837837837837838,"[0.75,1.00]",87,LibriSpeech:test:Babble_noise:5:2094-142345-0009,test-clean/2094/142345/2094-142345-0009.flac,2094,Babble_noise,5,0.8092540132200189,"[0.75,1.00]",True,True,True,0.025470229436235114,True,True,True,101,492,491,True,True
83,LibriSpeech:test:Babble_noise:5:1320-122617-0008,test-clean/1320/122617/1320-122617-0008.flac,1320,Babble_noise,5,0.7837837837837838,"[0.75,1.00]",87,LibriSpeech:test:Babble_noise:5:2094-142345-0009,test-clean/2094/142345/2094-142345-0009.flac,2094,Babble_noise,5,0.8092540132200189,"[0.75,1.00]",True,True,True,0.025470229436235114,True,True,True,211,492,491,True,True
83,LibriSpeech:test:Babble_noise:5:1320-122617-0008,test-clean/1320/122617/1320-122617-0008.flac,1320,Babble_noise,5,0.7837837837837838,"[0.75,1.00]",87,LibriSpeech:test:Babble_noise:5:2094-142345-0009,test-clean/2094/142345/2094-142345-0009.flac,2094,Babble_noise,5,0.8092540132200189,"[0.75,1.00]",True,True,True,0.025470229436235114,True,True,True,307,492,491,True,True
83,LibriSpeech:test:Babble_noise:5:1320-122617-0008,test-clean/1320/122617/1320-122617-0008.flac,1320,Babble_noise,5,0.7837837837837838,"[0.75,1.00]",87,LibriSpeech:test:Babble_noise:5:2094-142345-0009,test-clean/2094/142345/2094-142345-0009.flac,2094,Babble_noise,5,0.8092540132200189,"[0.75,1.00]",True,True,True,0.025470229436235114,True,True,True,401,492,491,True,True
83,LibriSpeech:test:Babble_noise:5:1320-122617-0008,test-clean/1320/122617/1320-122617-0008.flac,1320,Babble_noise,5,0.7837837837837838,"[0.75,1.00]",87,LibriSpeech:test:Babble_noise:5:2094-142345-0009,test-clean/2094/142345/2094-142345-0009.flac,2094,Babble_noise,5,0.8092540132200189,"[0.75,1.00]",True,True,True,0.025470229436235114,True,True,True,503,492,491,True,True
86,LibriSpeech:test:Babble_noise:5:2094-142345-0009,test-clean/2094/142345/2094-142345-0009.flac,2094,Clean,clean,0.8092540132200189,"[0.75,1.00]",114,LibriSpeech:test:Babble_noise:10:1188-133604-0036,test-clean/1188/133604/1188-133604-0036.flac,1188,Clean,clean,0.8076923076923077,"[0.75,1.00]",True,True,True,0.0015617055277111769,True,True,True,101,492,491,True,True
86,LibriSpeech:test:Babble_noise:5:2094-142345-0009,test-clean/2094/142345/2094-142345-0009.flac,2094,Clean,clean,0.8092540132200189,"[0.75,1.00]",114,LibriSpeech:test:Babble_noise:10:1188-133604-0036,test-clean/1188/133604/1188-133604-0036.flac,1188,Clean,clean,0.8076923076923077,"[0.75,1.00]",True,True,True,0.0015617055277111769,True,True,True,211,492,491,True,True
86,LibriSpeech:test:Babble_noise:5:2094-142345-0009,test-clean/2094/142345/2094-142345-0009.flac,2094,Clean,clean,0.8092540132200189,"[0.75,1.00]",114,LibriSpeech:test:Babble_noise:10:1188-133604-0036,test-clean/1188/133604/1188-133604-0036.flac,1188,Clean,clean,0.8076923076923077,"[0.75,1.00]",True,True,True,0.0015617055277111769,True,True,True,307,492,491,True,True
86,LibriSpeech:test:Babble_noise:5:2094-142345-0009,test-clean/2094/142345/2094-142345-0009.flac,2094,Clean,clean,0.8092540132200189,"[0.75,1.00]",114,LibriSpeech:test:Babble_noise:10:1188-133604-0036,test-clean/1188/133604/1188-133604-0036.flac,1188,Clean,clean,0.8076923076923077,"[0.75,1.00]",True,True,True,0.0015617055277111769,True,True,True,401,492,491,True,True
86,LibriSpeech:test:Babble_noise:5:2094-142345-0009,test-clean/2094/142345/2094-142345-0009.flac,2094,Clean,clean,0.8092540132200189,"[0.75,1.00]",114,LibriSpeech:test:Babble_noise:10:1188-133604-0036,test-clean/1188/133604/1188-133604-0036.flac,1188,Clean,clean,0.8076923076923077,"[0.75,1.00]",True,True,True,0.0015617055277111769,True,True,True,503,492,491,True,True
87,LibriSpeech:test:Babble_noise:5:2094-142345-0009,test-clean/2094/142345/2094-142345-0009.flac,2094,Babble_noise,5,0.8092540132200189,"[0.75,1.00]",109,LibriSpeech:test:Babble_noise:5:8224-274381-0000,test-clean/8224/274381/8224-274381-0000.flac,8224,Babble_noise,5,0.8183776022972002,"[0.75,1.00]",True,True,True,0.00912358907718136,True,True,True,101,492,491,True,True
87,LibriSpeech:test:Babble_noise:5:2094-142345-0009,test-clean/2094/142345/2094-142345-0009.flac,2094,Babble_noise,5,0.8092540132200189,"[0.75,1.00]",109,LibriSpeech:test:Babble_noise:5:8224-274381-0000,test-clean/8224/274381/8224-274381-0000.flac,8224,Babble_noise,5,0.8183776022972002,"[0.75,1.00]",True,True,True,0.00912358907718136,True,True,True,211,492,491,True,True
87,LibriSpeech:test:Babble_noise:5:2094-142345-0009,test-clean/2094/142345/2094-142345-0009.flac,2094,Babble_noise,5,0.8092540132200189,"[0.75,1.00]",109,LibriSpeech:test:Babble_noise:5:8224-274381-0000,test-clean/8224/274381/8224-274381-0000.flac,8224,Babble_noise,5,0.8183776022972002,"[0.75,1.00]",True,True,True,0.00912358907718136,True,True,True,307,492,491,True,True
87,LibriSpeech:test:Babble_noise:5:2094-142345-0009,test-clean/2094/142345/2094-142345-0009.flac,2094,Babble_noise,5,0.8092540132200189,"[0.75,1.00]",109,LibriSpeech:test:Babble_noise:5:8224-274381-0000,test-clean/8224/274381/8224-274381-0000.flac,8224,Babble_noise,5,0.8183776022972002,"[0.75,1.00]",True,True,True,0.00912358907718136,True,True,True,401,492,491,True,True
87,LibriSpeech:test:Babble_noise:5:2094-142345-0009,test-clean/2094/142345/2094-142345-0009.flac,2094,Babble_noise,5,0.8092540132200189,"[0.75,1.00]",109,LibriSpeech:test:Babble_noise:5:8224-274381-0000,test-clean/8224/274381/8224-274381-0000.flac,8224,Babble_noise,5,0.8183776022972002,"[0.75,1.00]",True,True,True,0.00912358907718136,True,True,True,503,492,491,True,True
90,LibriSpeech:test:Babble_noise:5:237-134500-0041,test-clean/237/134500/237-134500-0041.flac,237,Babble_noise,5,0.7573385518590998,"[0.75,1.00]",83,LibriSpeech:test:Babble_noise:5:1320-122617-0008,test-clean/1320/122617/1320-122617-0008.flac,1320,Babble_noise,5,0.7837837837837838,"[0.75,1.00]",True,True,True,0.026445231924683954,True,True,True,101,492,491,True,True
90,LibriSpeech:test:Babble_noise:5:237-134500-0041,test-clean/237/134500/237-134500-0041.flac,237,Babble_noise,5,0.7573385518590998,"[0.75,1.00]",83,LibriSpeech:test:Babble_noise:5:1320-122617-0008,test-clean/1320/122617/1320-122617-0008.flac,1320,Babble_noise,5,0.7837837837837838,"[0.75,1.00]",True,True,True,0.026445231924683954,True,True,True,211,492,491,True,True
90,LibriSpeech:test:Babble_noise:5:237-134500-0041,test-clean/237/134500/237-134500-0041.flac,237,Babble_noise,5,0.7573385518590998,"[0.75,1.00]",83,LibriSpeech:test:Babble_noise:5:1320-122617-0008,test-clean/1320/122617/1320-122617-0008.flac,1320,Babble_noise,5,0.7837837837837838,"[0.75,1.00]",True,True,True,0.026445231924683954,True,True,True,307,492,491,True,True
90,LibriSpeech:test:Babble_noise:5:237-134500-0041,test-clean/237/134500/237-134500-0041.flac,237,Babble_noise,5,0.7573385518590998,"[0.75,1.00]",83,LibriSpeech:test:Babble_noise:5:1320-122617-0008,test-clean/1320/122617/1320-122617-0008.flac,1320,Babble_noise,5,0.7837837837837838,"[0.75,1.00]",True,True,True,0.026445231924683954,True,True,True,401,492,491,True,True
90,LibriSpeech:test:Babble_noise:5:237-134500-0041,test-clean/237/134500/237-134500-0041.flac,237,Babble_noise,5,0.7573385518590998,"[0.75,1.00]",83,LibriSpeech:test:Babble_noise:5:1320-122617-0008,test-clean/1320/122617/1320-122617-0008.flac,1320,Babble_noise,5,0.7837837837837838,"[0.75,1.00]",True,True,True,0.026445231924683954,True,True,True,503,492,491,True,True
104,LibriSpeech:test:Babble_noise:5:6930-76324-0028,test-clean/6930/76324/6930-76324-0028.flac,6930,Clean,clean,0.8663366336633663,"[0.75,1.00]",147,LibriSpeech:test:Babble_noise:10:7176-88083-0001,test-clean/7176/88083/7176-88083-0001.flac,7176,Clean,clean,0.8667711598746082,"[0.75,1.00]",True,True,True,0.000434526211241848,True,True,True,101,492,491,True,True
104,LibriSpeech:test:Babble_noise:5:6930-76324-0028,test-clean/6930/76324/6930-76324-0028.flac,6930,Clean,clean,0.8663366336633663,"[0.75,1.00]",147,LibriSpeech:test:Babble_noise:10:7176-88083-0001,test-clean/7176/88083/7176-88083-0001.flac,7176,Clean,clean,0.8667711598746082,"[0.75,1.00]",True,True,True,0.000434526211241848,True,True,True,211,492,491,True,True
104,LibriSpeech:test:Babble_noise:5:6930-76324-0028,test-clean/6930/76324/6930-76324-0028.flac,6930,Clean,clean,0.8663366336633663,"[0.75,1.00]",147,LibriSpeech:test:Babble_noise:10:7176-88083-0001,test-clean/7176/88083/7176-88083-0001.flac,7176,Clean,clean,0.8667711598746082,"[0.75,1.00]",True,True,True,0.000434526211241848,True,True,True,307,492,491,True,True
104,LibriSpeech:test:Babble_noise:5:6930-76324-0028,test-clean/6930/76324/6930-76324-0028.flac,6930,Clean,clean,0.8663366336633663,"[0.75,1.00]",147,LibriSpeech:test:Babble_noise:10:7176-88083-0001,test-clean/7176/88083/7176-88083-0001.flac,7176,Clean,clean,0.8667711598746082,"[0.75,1.00]",True,True,True,0.000434526211241848,True,True,True,401,492,491,True,True
104,LibriSpeech:test:Babble_noise:5:6930-76324-0028,test-clean/6930/76324/6930-76324-0028.flac,6930,Clean,clean,0.8663366336633663,"[0.75,1.00]",147,LibriSpeech:test:Babble_noise:10:7176-88083-0001,test-clean/7176/88083/7176-88083-0001.flac,7176,Clean,clean,0.8667711598746082,"[0.75,1.00]",True,True,True,0.000434526211241848,True,True,True,503,492,491,True,True
105,LibriSpeech:test:Babble_noise:5:6930-76324-0028,test-clean/6930/76324/6930-76324-0028.flac,6930,Babble_noise,5,0.8663366336633663,"[0.75,1.00]",107,LibriSpeech:test:Babble_noise:5:7729-102255-0007,test-clean/7729/102255/7729-102255-0007.flac,7729,Babble_noise,5,0.8704663212435233,"[0.75,1.00]",True,True,True,0.004129687580156971,True,True,True,101,492,491,True,True
105,LibriSpeech:test:Babble_noise:5:6930-76324-0028,test-clean/6930/76324/6930-76324-0028.flac,6930,Babble_noise,5,0.8663366336633663,"[0.75,1.00]",107,LibriSpeech:test:Babble_noise:5:7729-102255-0007,test-clean/7729/102255/7729-102255-0007.flac,7729,Babble_noise,5,0.8704663212435233,"[0.75,1.00]",True,True,True,0.004129687580156971,True,True,True,211,492,491,True,True
105,LibriSpeech:test:Babble_noise:5:6930-76324-0028,test-clean/6930/76324/6930-76324-0028.flac,6930,Babble_noise,5,0.8663366336633663,"[0.75,1.00]",107,LibriSpeech:test:Babble_noise:5:7729-102255-0007,test-clean/7729/102255/7729-102255-0007.flac,7729,Babble_noise,5,0.8704663212435233,"[0.75,1.00]",True,True,True,0.004129687580156971,True,True,True,307,492,491,True,True
105,LibriSpeech:test:Babble_noise:5:6930-76324-0028,test-clean/6930/76324/6930-76324-0028.flac,6930,Babble_noise,5,0.8663366336633663,"[0.75,1.00]",107,LibriSpeech:test:Babble_noise:5:7729-102255-0007,test-clean/7729/102255/7729-102255-0007.flac,7729,Babble_noise,5,0.8704663212435233,"[0.75,1.00]",True,True,True,0.004129687580156971,True,True,True,401,492,491,True,True
105,LibriSpeech:test:Babble_noise:5:6930-76324-0028,test-clean/6930/76324/6930-76324-0028.flac,6930,Babble_noise,5,0.8663366336633663,"[0.75,1.00]",107,LibriSpeech:test:Babble_noise:5:7729-102255-0007,test-clean/7729/102255/7729-102255-0007.flac,7729,Babble_noise,5,0.8704663212435233,"[0.75,1.00]",True,True,True,0.004129687580156971,True,True,True,503,492,491,True,True
106,LibriSpeech:test:Babble_noise:5:7729-102255-0007,test-clean/7729/102255/7729-102255-0007.flac,7729,Clean,clean,0.8704663212435233,"[0.75,1.00]",36,LibriSpeech:test:Babble_noise:-5:7021-79740-0011,test-clean/7021/79740/7021-79740-0011.flac,7021,Clean,clean,0.8707692307692307,"[0.75,1.00]",True,True,True,0.0003029095257074399,True,True,True,101,492,491,True,True
106,LibriSpeech:test:Babble_noise:5:7729-102255-0007,test-clean/7729/102255/7729-102255-0007.flac,7729,Clean,clean,0.8704663212435233,"[0.75,1.00]",36,LibriSpeech:test:Babble_noise:-5:7021-79740-0011,test-clean/7021/79740/7021-79740-0011.flac,7021,Clean,clean,0.8707692307692307,"[0.75,1.00]",True,True,True,0.0003029095257074399,True,True,True,211,492,491,True,True
106,LibriSpeech:test:Babble_noise:5:7729-102255-0007,test-clean/7729/102255/7729-102255-0007.flac,7729,Clean,clean,0.8704663212435233,"[0.75,1.00]",36,LibriSpeech:test:Babble_noise:-5:7021-79740-0011,test-clean/7021/79740/7021-79740-0011.flac,7021,Clean,clean,0.8707692307692307,"[0.75,1.00]",True,True,True,0.0003029095257074399,True,True,True,307,492,491,True,True
106,LibriSpeech:test:Babble_noise:5:7729-102255-0007,test-clean/7729/102255/7729-102255-0007.flac,7729,Clean,clean,0.8704663212435233,"[0.75,1.00]",36,LibriSpeech:test:Babble_noise:-5:7021-79740-0011,test-clean/7021/79740/7021-79740-0011.flac,7021,Clean,clean,0.8707692307692307,"[0.75,1.00]",True,True,True,0.0003029095257074399,True,True,True,401,492,491,True,True
106,LibriSpeech:test:Babble_noise:5:7729-102255-0007,test-clean/7729/102255/7729-102255-0007.flac,7729,Clean,clean,0.8704663212435233,"[0.75,1.00]",36,LibriSpeech:test:Babble_noise:-5:7021-79740-0011,test-clean/7021/79740/7021-79740-0011.flac,7021,Clean,clean,0.8707692307692307,"[0.75,1.00]",True,True,True,0.0003029095257074399,True,True,True,503,492,491,True,True
107,LibriSpeech:test:Babble_noise:5:7729-102255-0007,test-clean/7729/102255/7729-102255-0007.flac,7729,Babble_noise,5,0.8704663212435233,"[0.75,1.00]",105,LibriSpeech:test:Babble_noise:5:6930-76324-0028,test-clean/6930/76324/6930-76324-0028.flac,6930,Babble_noise,5,0.8663366336633663,"[0.75,1.00]",True,True,True,0.004129687580156971,True,True,True,101,492,491,True,True
107,LibriSpeech:test:Babble_noise:5:7729-102255-0007,test-clean/7729/102255/7729-102255-0007.flac,7729,Babble_noise,5,0.8704663212435233,"[0.75,1.00]",105,LibriSpeech:test:Babble_noise:5:6930-76324-0028,test-clean/6930/76324/6930-76324-0028.flac,6930,Babble_noise,5,0.8663366336633663,"[0.75,1.00]",True,True,True,0.004129687580156971,True,True,True,211,492,491,True,True
107,LibriSpeech:test:Babble_noise:5:7729-102255-0007,test-clean/7729/102255/7729-102255-0007.flac,7729,Babble_noise,5,0.8704663212435233,"[0.75,1.00]",105,LibriSpeech:test:Babble_noise:5:6930-76324-0028,test-clean/6930/76324/6930-76324-0028.flac,6930,Babble_noise,5,0.8663366336633663,"[0.75,1.00]",True,True,True,0.004129687580156971,True,True,True,307,492,491,True,True
107,LibriSpeech:test:Babble_noise:5:7729-102255-0007,test-clean/7729/102255/7729-102255-0007.flac,7729,Babble_noise,5,0.8704663212435233,"[0.75,1.00]",105,LibriSpeech:test:Babble_noise:5:6930-76324-0028,test-clean/6930/76324/6930-76324-0028.flac,6930,Babble_noise,5,0.8663366336633663,"[0.75,1.00]",True,True,True,0.004129687580156971,True,True,True,401,492,491,True,True
107,LibriSpeech:test:Babble_noise:5:7729-102255-0007,test-clean/7729/102255/7729-102255-0007.flac,7729,Babble_noise,5,0.8704663212435233,"[0.75,1.00]",105,LibriSpeech:test:Babble_noise:5:6930-76324-0028,test-clean/6930/76324/6930-76324-0028.flac,6930,Babble_noise,5,0.8663366336633663,"[0.75,1.00]",True,True,True,0.004129687580156971,True,True,True,503,492,491,True,True
108,LibriSpeech:test:Babble_noise:5:8224-274381-0000,test-clean/8224/274381/8224-274381-0000.flac,8224,Clean,clean,0.8183776022972002,"[0.75,1.00]",511,LibriSpeech:test:Domestic_noise:15:1995-1826-0011,test-clean/1995/1826/1995-1826-0011.flac,1995,Clean,clean,0.8187134502923976,"[0.75,1.00]",True,True,True,0.0003358479951973692,True,True,True,101,492,491,True,True
108,LibriSpeech:test:Babble_noise:5:8224-274381-0000,test-clean/8224/274381/8224-274381-0000.flac,8224,Clean,clean,0.8183776022972002,"[0.75,1.00]",511,LibriSpeech:test:Domestic_noise:15:1995-1826-0011,test-clean/1995/1826/1995-1826-0011.flac,1995,Clean,clean,0.8187134502923976,"[0.75,1.00]",True,True,True,0.0003358479951973692,True,True,True,211,492,491,True,True
108,LibriSpeech:test:Babble_noise:5:8224-274381-0000,test-clean/8224/274381/8224-274381-0000.flac,8224,Clean,clean,0.8183776022972002,"[0.75,1.00]",511,LibriSpeech:test:Domestic_noise:15:1995-1826-0011,test-clean/1995/1826/1995-1826-0011.flac,1995,Clean,clean,0.8187134502923976,"[0.75,1.00]",True,True,True,0.0003358479951973692,True,True,True,307,492,491,True,True
108,LibriSpeech:test:Babble_noise:5:8224-274381-0000,test-clean/8224/274381/8224-274381-0000.flac,8224,Clean,clean,0.8183776022972002,"[0.75,1.00]",511,LibriSpeech:test:Domestic_noise:15:1995-1826-0011,test-clean/1995/1826/1995-1826-0011.flac,1995,Clean,clean,0.8187134502923976,"[0.75,1.00]",True,True,True,0.0003358479951973692,True,True,True,401,492,491,True,True
108,LibriSpeech:test:Babble_noise:5:8224-274381-0000,test-clean/8224/274381/8224-274381-0000.flac,8224,Clean,clean,0.8183776022972002,"[0.75,1.00]",511,LibriSpeech:test:Domestic_noise:15:1995-1826-0011,test-clean/1995/1826/1995-1826-0011.flac,1995,Clean,clean,0.8187134502923976,"[0.75,1.00]",True,True,True,0.0003358479951973692,True,True,True,503,492,491,True,True
109,LibriSpeech:test:Babble_noise:5:8224-274381-0000,test-clean/8224/274381/8224-274381-0000.flac,8224,Babble_noise,5,0.8183776022972002,"[0.75,1.00]",87,LibriSpeech:test:Babble_noise:5:2094-142345-0009,test-clean/2094/142345/2094-142345-0009.flac,2094,Babble_noise,5,0.8092540132200189,"[0.75,1.00]",True,True,True,0.00912358907718136,True,True,True,101,492,491,True,True
109,LibriSpeech:test:Babble_noise:5:8224-274381-0000,test-clean/8224/274381/8224-274381-0000.flac,8224,Babble_noise,5,0.8183776022972002,"[0.75,1.00]",87,LibriSpeech:test:Babble_noise:5:2094-142345-0009,test-clean/2094/142345/2094-142345-0009.flac,2094,Babble_noise,5,0.8092540132200189,"[0.75,1.00]",True,True,True,0.00912358907718136,True,True,True,211,492,491,True,True
109,LibriSpeech:test:Babble_noise:5:8224-274381-0000,test-clean/8224/274381/8224-274381-0000.flac,8224,Babble_noise,5,0.8183776022972002,"[0.75,1.00]",87,LibriSpeech:test:Babble_noise:5:2094-142345-0009,test-clean/2094/142345/2094-142345-0009.flac,2094,Babble_noise,5,0.8092540132200189,"[0.75,1.00]",True,True,True,0.00912358907718136,True,True,True,307,492,491,True,True
109,LibriSpeech:test:Babble_noise:5:8224-274381-0000,test-clean/8224/274381/8224-274381-0000.flac,8224,Babble_noise,5,0.8183776022972002,"[0.75,1.00]",87,LibriSpeech:test:Babble_noise:5:2094-142345-0009,test-clean/2094/142345/2094-142345-0009.flac,2094,Babble_noise,5,0.8092540132200189,"[0.75,1.00]",True,True,True,0.00912358907718136,True,True,True,401,492,491,True,True
109,LibriSpeech:test:Babble_noise:5:8224-274381-0000,test-clean/8224/274381/8224-274381-0000.flac,8224,Babble_noise,5,0.8183776022972002,"[0.75,1.00]",87,LibriSpeech:test:Babble_noise:5:2094-142345-0009,test-clean/2094/142345/2094-142345-0009.flac,2094,Babble_noise,5,0.8092540132200189,"[0.75,1.00]",True,True,True,0.00912358907718136,True,True,True,503,492,491,True,True
114,LibriSpeech:test:Babble_noise:10:1188-133604-0036,test-clean/1188/133604/1188-133604-0036.flac,1188,Clean,clean,0.8076923076923077,"[0.75,1.00]",352,LibriSpeech:test:SSN_noise:15:3729-6852-0033,test-clean/3729/6852/3729-6852-0033.flac,3729,Clean,clean,0.8073505654281099,"[0.75,1.00]",True,True,True,0.0003417422641978085,True,True,True,101,492,491,True,True
114,LibriSpeech:test:Babble_noise:10:1188-133604-0036,test-clean/1188/133604/1188-133604-0036.flac,1188,Clean,clean,0.8076923076923077,"[0.75,1.00]",352,LibriSpeech:test:SSN_noise:15:3729-6852-0033,test-clean/3729/6852/3729-6852-0033.flac,3729,Clean,clean,0.8073505654281099,"[0.75,1.00]",True,True,True,0.0003417422641978085,True,True,True,211,492,491,True,True
114,LibriSpeech:test:Babble_noise:10:1188-133604-0036,test-clean/1188/133604/1188-133604-0036.flac,1188,Clean,clean,0.8076923076923077,"[0.75,1.00]",352,LibriSpeech:test:SSN_noise:15:3729-6852-0033,test-clean/3729/6852/3729-6852-0033.flac,3729,Clean,clean,0.8073505654281099,"[0.75,1.00]",True,True,True,0.0003417422641978085,True,True,True,307,492,491,True,True
114,LibriSpeech:test:Babble_noise:10:1188-133604-0036,test-clean/1188/133604/1188-133604-0036.flac,1188,Clean,clean,0.8076923076923077,"[0.75,1.00]",352,LibriSpeech:test:SSN_noise:15:3729-6852-0033,test-clean/3729/6852/3729-6852-0033.flac,3729,Clean,clean,0.8073505654281099,"[0.75,1.00]",True,True,True,0.0003417422641978085,True,True,True,401,492,491,True,True
114,LibriSpeech:test:Babble_noise:10:1188-133604-0036,test-clean/1188/133604/1188-133604-0036.flac,1188,Clean,clean,0.8076923076923077,"[0.75,1.00]",352,LibriSpeech:test:SSN_noise:15:3729-6852-0033,test-clean/3729/6852/3729-6852-0033.flac,3729,Clean,clean,0.8073505654281099,"[0.75,1.00]",True,True,True,0.0003417422641978085,True,True,True,503,492,491,True,True
115,LibriSpeech:test:Babble_noise:10:1188-133604-0036,test-clean/1188/133604/1188-133604-0036.flac,1188,Babble_noise,10,0.8076923076923077,"[0.75,1.00]",132,LibriSpeech:test:Babble_noise:10:2830-3980-0073,test-clean/2830/3980/2830-3980-0073.flac,2830,Babble_noise,10,0.84,"[0.75,1.00]",True,True,True,0.03230769230769226,True,True,True,101,492,491,True,True
115,LibriSpeech:test:Babble_noise:10:1188-133604-0036,test-clean/1188/133604/1188-133604-0036.flac,1188,Babble_noise,10,0.8076923076923077,"[0.75,1.00]",132,LibriSpeech:test:Babble_noise:10:2830-3980-0073,test-clean/2830/3980/2830-3980-0073.flac,2830,Babble_noise,10,0.84,"[0.75,1.00]",True,True,True,0.03230769230769226,True,True,True,211,492,491,True,True
115,LibriSpeech:test:Babble_noise:10:1188-133604-0036,test-clean/1188/133604/1188-133604-0036.flac,1188,Babble_noise,10,0.8076923076923077,"[0.75,1.00]",132,LibriSpeech:test:Babble_noise:10:2830-3980-0073,test-clean/2830/3980/2830-3980-0073.flac,2830,Babble_noise,10,0.84,"[0.75,1.00]",True,True,True,0.03230769230769226,True,True,True,307,492,491,True,True
115,LibriSpeech:test:Babble_noise:10:1188-133604-0036,test-clean/1188/133604/1188-133604-0036.flac,1188,Babble_noise,10,0.8076923076923077,"[0.75,1.00]",132,LibriSpeech:test:Babble_noise:10:2830-3980-0073,test-clean/2830/3980/2830-3980-0073.flac,2830,Babble_noise,10,0.84,"[0.75,1.00]",True,True,True,0.03230769230769226,True,True,True,401,492,491,True,True
115,LibriSpeech:test:Babble_noise:10:1188-133604-0036,test-clean/1188/133604/1188-133604-0036.flac,1188,Babble_noise,10,0.8076923076923077,"[0.75,1.00]",132,LibriSpeech:test:Babble_noise:10:2830-3980-0073,test-clean/2830/3980/2830-3980-0073.flac,2830,Babble_noise,10,0.84,"[0.75,1.00]",True,True,True,0.03230769230769226,True,True,True,503,492,491,True,True
126,LibriSpeech:test:Babble_noise:10:237-134500-0031,test-clean/237/134500/237-134500-0031.flac,237,Clean,clean,0.8426470588235294,"[0.75,1.00]",46,LibriSpeech:test:Babble_noise:0:2830-3980-0073,test-clean/2830/3980/2830-3980-0073.flac,2830,Clean,clean,0.84,"[0.75,1.00]",True,True,True,0.0026470588235294468,True,True,True,101,492,491,True,True
126,LibriSpeech:test:Babble_noise:10:237-134500-0031,test-clean/237/134500/237-134500-0031.flac,237,Clean,clean,0.8426470588235294,"[0.75,1.00]",46,LibriSpeech:test:Babble_noise:0:2830-3980-0073,test-clean/2830/3980/2830-3980-0073.flac,2830,Clean,clean,0.84,"[0.75,1.00]",True,True,True,0.0026470588235294468,True,True,True,211,492,491,True,True
126,LibriSpeech:test:Babble_noise:10:237-134500-0031,test-clean/237/134500/237-134500-0031.flac,237,Clean,clean,0.8426470588235294,"[0.75,1.00]",46,LibriSpeech:test:Babble_noise:0:2830-3980-0073,test-clean/2830/3980/2830-3980-0073.flac,2830,Clean,clean,0.84,"[0.75,1.00]",True,True,True,0.0026470588235294468,True,True,True,307,492,491,True,True
126,LibriSpeech:test:Babble_noise:10:237-134500-0031,test-clean/237/134500/237-134500-0031.flac,237,Clean,clean,0.8426470588235294,"[0.75,1.00]",46,LibriSpeech:test:Babble_noise:0:2830-3980-0073,test-clean/2830/3980/2830-3980-0073.flac,2830,Clean,clean,0.84,"[0.75,1.00]",True,True,True,0.0026470588235294468,True,True,True,401,492,491,True,True
126,LibriSpeech:test:Babble_noise:10:237-134500-0031,test-clean/237/134500/237-134500-0031.flac,237,Clean,clean,0.8426470588235294,"[0.75,1.00]",46,LibriSpeech:test:Babble_noise:0:2830-3980-0073,test-clean/2830/3980/2830-3980-0073.flac,2830,Clean,clean,0.84,"[0.75,1.00]",True,True,True,0.0026470588235294468,True,True,True,503,492,491,True,True
127,LibriSpeech:test:Babble_noise:10:237-134500-0031,test-clean/237/134500/237-134500-0031.flac,237,Babble_noise,10,0.8426470588235294,"[0.75,1.00]",132,LibriSpeech:test:Babble_noise:10:2830-3980-0073,test-clean/2830/3980/2830-3980-0073.flac,2830,Babble_noise,10,0.84,"[0.75,1.00]",True,True,True,0.0026470588235294468,True,True,True,101,492,491,True,True
127,LibriSpeech:test:Babble_noise:10:237-134500-0031,test-clean/237/134500/237-134500-0031.flac,237,Babble_noise,10,0.8426470588235294,"[0.75,1.00]",132,LibriSpeech:test:Babble_noise:10:2830-3980-0073,test-clean/2830/3980/2830-3980-0073.flac,2830,Babble_noise,10,0.84,"[0.75,1.00]",True,True,True,0.0026470588235294468,True,True,True,211,492,491,True,True
127,LibriSpeech:test:Babble_noise:10:237-134500-0031,test-clean/237/134500/237-134500-0031.flac,237,Babble_noise,10,0.8426470588235294,"[0.75,1.00]",132,LibriSpeech:test:Babble_noise:10:2830-3980-0073,test-clean/2830/3980/2830-3980-0073.flac,2830,Babble_noise,10,0.84,"[0.75,1.00]",True,True,True,0.0026470588235294468,True,True,True,307,492,491,True,True
127,LibriSpeech:test:Babble_noise:10:237-134500-0031,test-clean/237/134500/237-134500-0031.flac,237,Babble_noise,10,0.8426470588235294,"[0.75,1.00]",132,LibriSpeech:test:Babble_noise:10:2830-3980-0073,test-clean/2830/3980/2830-3980-0073.flac,2830,Babble_noise,10,0.84,"[0.75,1.00]",True,True,True,0.0026470588235294468,True,True,True,401,492,491,True,True
127,LibriSpeech:test:Babble_noise:10:237-134500-0031,test-clean/237/134500/237-134500-0031.flac,237,Babble_noise,10,0.8426470588235294,"[0.75,1.00]",132,LibriSpeech:test:Babble_noise:10:2830-3980-0073,test-clean/2830/3980/2830-3980-0073.flac,2830,Babble_noise,10,0.84,"[0.75,1.00]",True,True,True,0.0026470588235294468,True,True,True,503,492,491,True,True
132,LibriSpeech:test:Babble_noise:10:2830-3980-0073,test-clean/2830/3980/2830-3980-0073.flac,2830,Babble_noise,10,0.84,"[0.75,1.00]",127,LibriSpeech:test:Babble_noise:10:237-134500-0031,test-clean/237/134500/237-134500-0031.flac,237,Babble_noise,10,0.8426470588235294,"[0.75,1.00]",True,True,True,0.0026470588235294468,True,True,True,101,492,491,True,True
132,LibriSpeech:test:Babble_noise:10:2830-3980-0073,test-clean/2830/3980/2830-3980-0073.flac,2830,Babble_noise,10,0.84,"[0.75,1.00]",127,LibriSpeech:test:Babble_noise:10:237-134500-0031,test-clean/237/134500/237-134500-0031.flac,237,Babble_noise,10,0.8426470588235294,"[0.75,1.00]",True,True,True,0.0026470588235294468,True,True,True,211,492,491,True,True
132,LibriSpeech:test:Babble_noise:10:2830-3980-0073,test-clean/2830/3980/2830-3980-0073.flac,2830,Babble_noise,10,0.84,"[0.75,1.00]",127,LibriSpeech:test:Babble_noise:10:237-134500-0031,test-clean/237/134500/237-134500-0031.flac,237,Babble_noise,10,0.8426470588235294,"[0.75,1.00]",True,True,True,0.0026470588235294468,True,True,True,307,492,491,True,True
132,LibriSpeech:test:Babble_noise:10:2830-3980-0073,test-clean/2830/3980/2830-3980-0073.flac,2830,Babble_noise,10,0.84,"[0.75,1.00]",127,LibriSpeech:test:Babble_noise:10:237-134500-0031,test-clean/237/134500/237-134500-0031.flac,237,Babble_noise,10,0.8426470588235294,"[0.75,1.00]",True,True,True,0.0026470588235294468,True,True,True,401,492,491,True,True
132,LibriSpeech:test:Babble_noise:10:2830-3980-0073,test-clean/2830/3980/2830-3980-0073.flac,2830,Babble_noise,10,0.84,"[0.75,1.00]",127,LibriSpeech:test:Babble_noise:10:237-134500-0031,test-clean/237/134500/237-134500-0031.flac,237,Babble_noise,10,0.8426470588235294,"[0.75,1.00]",True,True,True,0.0026470588235294468,True,True,True,503,492,491,True,True
136,LibriSpeech:test:Babble_noise:10:3729-6852-0043,test-clean/3729/6852/3729-6852-0043.flac,3729,Clean,clean,0.10256410256410256,"[0,0.25)",574,LibriSpeech:test:Nature_noise:-5:8463-294825-0008,test-clean/8463/294825/8463-294825-0008.flac,8463,Clean,clean,0.11764705882352941,"[0,0.25)",True,True,True,0.01508295625942685,True,True,True,101,492,491,True,True
136,LibriSpeech:test:Babble_noise:10:3729-6852-0043,test-clean/3729/6852/3729-6852-0043.flac,3729,Clean,clean,0.10256410256410256,"[0,0.25)",574,LibriSpeech:test:Nature_noise:-5:8463-294825-0008,test-clean/8463/294825/8463-294825-0008.flac,8463,Clean,clean,0.11764705882352941,"[0,0.25)",True,True,True,0.01508295625942685,True,True,True,211,492,491,True,True
136,LibriSpeech:test:Babble_noise:10:3729-6852-0043,test-clean/3729/6852/3729-6852-0043.flac,3729,Clean,clean,0.10256410256410256,"[0,0.25)",574,LibriSpeech:test:Nature_noise:-5:8463-294825-0008,test-clean/8463/294825/8463-294825-0008.flac,8463,Clean,clean,0.11764705882352941,"[0,0.25)",True,True,True,0.01508295625942685,True,True,True,307,492,491,True,True
136,LibriSpeech:test:Babble_noise:10:3729-6852-0043,test-clean/3729/6852/3729-6852-0043.flac,3729,Clean,clean,0.10256410256410256,"[0,0.25)",574,LibriSpeech:test:Nature_noise:-5:8463-294825-0008,test-clean/8463/294825/8463-294825-0008.flac,8463,Clean,clean,0.11764705882352941,"[0,0.25)",True,True,True,0.01508295625942685,True,True,True,401,492,491,True,True
136,LibriSpeech:test:Babble_noise:10:3729-6852-0043,test-clean/3729/6852/3729-6852-0043.flac,3729,Clean,clean,0.10256410256410256,"[0,0.25)",574,LibriSpeech:test:Nature_noise:-5:8463-294825-0008,test-clean/8463/294825/8463-294825-0008.flac,8463,Clean,clean,0.11764705882352941,"[0,0.25)",True,True,True,0.01508295625942685,True,True,True,503,492,491,True,True
137,LibriSpeech:test:Babble_noise:10:3729-6852-0043,test-clean/3729/6852/3729-6852-0043.flac,3729,Babble_noise,10,0.10256410256410256,"[0,0.25)",140,LibriSpeech:test:Babble_noise:10:5142-33396-0048,test-clean/5142/33396/5142-33396-0048.flac,5142,Babble_noise,10,0.13333333333333333,"[0,0.25)",True,True,True,0.03076923076923077,True,True,True,101,492,491,True,True
137,LibriSpeech:test:Babble_noise:10:3729-6852-0043,test-clean/3729/6852/3729-6852-0043.flac,3729,Babble_noise,10,0.10256410256410256,"[0,0.25)",140,LibriSpeech:test:Babble_noise:10:5142-33396-0048,test-clean/5142/33396/5142-33396-0048.flac,5142,Babble_noise,10,0.13333333333333333,"[0,0.25)",True,True,True,0.03076923076923077,True,True,True,211,492,491,True,True
137,LibriSpeech:test:Babble_noise:10:3729-6852-0043,test-clean/3729/6852/3729-6852-0043.flac,3729,Babble_noise,10,0.10256410256410256,"[0,0.25)",140,LibriSpeech:test:Babble_noise:10:5142-33396-0048,test-clean/5142/33396/5142-33396-0048.flac,5142,Babble_noise,10,0.13333333333333333,"[0,0.25)",True,True,True,0.03076923076923077,True,True,True,307,492,491,True,True
137,LibriSpeech:test:Babble_noise:10:3729-6852-0043,test-clean/3729/6852/3729-6852-0043.flac,3729,Babble_noise,10,0.10256410256410256,"[0,0.25)",140,LibriSpeech:test:Babble_noise:10:5142-33396-0048,test-clean/5142/33396/5142-33396-0048.flac,5142,Babble_noise,10,0.13333333333333333,"[0,0.25)",True,True,True,0.03076923076923077,True,True,True,401,492,491,True,True
137,LibriSpeech:test:Babble_noise:10:3729-6852-0043,test-clean/3729/6852/3729-6852-0043.flac,3729,Babble_noise,10,0.10256410256410256,"[0,0.25)",140,LibriSpeech:test:Babble_noise:10:5142-33396-0048,test-clean/5142/33396/5142-33396-0048.flac,5142,Babble_noise,10,0.13333333333333333,"[0,0.25)",True,True,True,0.03076923076923077,True,True,True,503,492,491,True,True
139,LibriSpeech:test:Babble_noise:10:5142-33396-0048,test-clean/5142/33396/5142-33396-0048.flac,5142,Clean,clean,0.13333333333333333,"[0,0.25)",503,LibriSpeech:test:Domestic_noise:15:121-121726-0011,test-clean/121/121726/121-121726-0011.flac,121,Clean,clean,0.13636363636363635,"[0,0.25)",True,True,True,0.003030303030303022,True,True,True,101,492,491,True,True
139,LibriSpeech:test:Babble_noise:10:5142-33396-0048,test-clean/5142/33396/5142-33396-0048.flac,5142,Clean,clean,0.13333333333333333,"[0,0.25)",503,LibriSpeech:test:Domestic_noise:15:121-121726-0011,test-clean/121/121726/121-121726-0011.flac,121,Clean,clean,0.13636363636363635,"[0,0.25)",True,True,True,0.003030303030303022,True,True,True,211,492,491,True,True
139,LibriSpeech:test:Babble_noise:10:5142-33396-0048,test-clean/5142/33396/5142-33396-0048.flac,5142,Clean,clean,0.13333333333333333,"[0,0.25)",503,LibriSpeech:test:Domestic_noise:15:121-121726-0011,test-clean/121/121726/121-121726-0011.flac,121,Clean,clean,0.13636363636363635,"[0,0.25)",True,True,True,0.003030303030303022,True,True,True,307,492,491,True,True
139,LibriSpeech:test:Babble_noise:10:5142-33396-0048,test-clean/5142/33396/5142-33396-0048.flac,5142,Clean,clean,0.13333333333333333,"[0,0.25)",503,LibriSpeech:test:Domestic_noise:15:121-121726-0011,test-clean/121/121726/121-121726-0011.flac,121,Clean,clean,0.13636363636363635,"[0,0.25)",True,True,True,0.003030303030303022,True,True,True,401,492,491,True,True
139,LibriSpeech:test:Babble_noise:10:5142-33396-0048,test-clean/5142/33396/5142-33396-0048.flac,5142,Clean,clean,0.13333333333333333,"[0,0.25)",503,LibriSpeech:test:Domestic_noise:15:121-121726-0011,test-clean/121/121726/121-121726-0011.flac,121,Clean,clean,0.13636363636363635,"[0,0.25)",True,True,True,0.003030303030303022,True,True,True,503,492,491,True,True
140,LibriSpeech:test:Babble_noise:10:5142-33396-0048,test-clean/5142/33396/5142-33396-0048.flac,5142,Babble_noise,10,0.13333333333333333,"[0,0.25)",137,LibriSpeech:test:Babble_noise:10:3729-6852-0043,test-clean/3729/6852/3729-6852-0043.flac,3729,Babble_noise,10,0.10256410256410256,"[0,0.25)",True,True,True,0.03076923076923077,True,True,True,101,492,491,True,True
140,LibriSpeech:test:Babble_noise:10:5142-33396-0048,test-clean/5142/33396/5142-33396-0048.flac,5142,Babble_noise,10,0.13333333333333333,"[0,0.25)",137,LibriSpeech:test:Babble_noise:10:3729-6852-0043,test-clean/3729/6852/3729-6852-0043.flac,3729,Babble_noise,10,0.10256410256410256,"[0,0.25)",True,True,True,0.03076923076923077,True,True,True,211,492,491,True,True
140,LibriSpeech:test:Babble_noise:10:5142-33396-0048,test-clean/5142/33396/5142-33396-0048.flac,5142,Babble_noise,10,0.13333333333333333,"[0,0.25)",137,LibriSpeech:test:Babble_noise:10:3729-6852-0043,test-clean/3729/6852/3729-6852-0043.flac,3729,Babble_noise,10,0.10256410256410256,"[0,0.25)",True,True,True,0.03076923076923077,True,True,True,307,492,491,True,True
140,LibriSpeech:test:Babble_noise:10:5142-33396-0048,test-clean/5142/33396/5142-33396-0048.flac,5142,Babble_noise,10,0.13333333333333333,"[0,0.25)",137,LibriSpeech:test:Babble_noise:10:3729-6852-0043,test-clean/3729/6852/3729-6852-0043.flac,3729,Babble_noise,10,0.10256410256410256,"[0,0.25)",True,True,True,0.03076923076923077,True,True,True,401,492,491,True,True
140,LibriSpeech:test:Babble_noise:10:5142-33396-0048,test-clean/5142/33396/5142-33396-0048.flac,5142,Babble_noise,10,0.13333333333333333,"[0,0.25)",137,LibriSpeech:test:Babble_noise:10:3729-6852-0043,test-clean/3729/6852/3729-6852-0043.flac,3729,Babble_noise,10,0.10256410256410256,"[0,0.25)",True,True,True,0.03076923076923077,True,True,True,503,492,491,True,True
145,LibriSpeech:test:Babble_noise:10:7021-79730-0001,test-clean/7021/79730/7021-79730-0001.flac,7021,Clean,clean,0.9140625,"[0.75,1.00]",397,LibriSpeech:test:SSN_noise:20:8463-294828-0038,test-clean/8463/294828/8463-294828-0038.flac,8463,Clean,clean,0.9142550911039657,"[0.75,1.00]",True,True,True,0.00019259110396574464,True,True,True,101,492,491,True,True
145,LibriSpeech:test:Babble_noise:10:7021-79730-0001,test-clean/7021/79730/7021-79730-0001.flac,7021,Clean,clean,0.9140625,"[0.75,1.00]",397,LibriSpeech:test:SSN_noise:20:8463-294828-0038,test-clean/8463/294828/8463-294828-0038.flac,8463,Clean,clean,0.9142550911039657,"[0.75,1.00]",True,True,True,0.00019259110396574464,True,True,True,211,492,491,True,True
145,LibriSpeech:test:Babble_noise:10:7021-79730-0001,test-clean/7021/79730/7021-79730-0001.flac,7021,Clean,clean,0.9140625,"[0.75,1.00]",397,LibriSpeech:test:SSN_noise:20:8463-294828-0038,test-clean/8463/294828/8463-294828-0038.flac,8463,Clean,clean,0.9142550911039657,"[0.75,1.00]",True,True,True,0.00019259110396574464,True,True,True,307,492,491,True,True
145,LibriSpeech:test:Babble_noise:10:7021-79730-0001,test-clean/7021/79730/7021-79730-0001.flac,7021,Clean,clean,0.9140625,"[0.75,1.00]",397,LibriSpeech:test:SSN_noise:20:8463-294828-0038,test-clean/8463/294828/8463-294828-0038.flac,8463,Clean,clean,0.9142550911039657,"[0.75,1.00]",True,True,True,0.00019259110396574464,True,True,True,401,492,491,True,True
145,LibriSpeech:test:Babble_noise:10:7021-79730-0001,test-clean/7021/79730/7021-79730-0001.flac,7021,Clean,clean,0.9140625,"[0.75,1.00]",397,LibriSpeech:test:SSN_noise:20:8463-294828-0038,test-clean/8463/294828/8463-294828-0038.flac,8463,Clean,clean,0.9142550911039657,"[0.75,1.00]",True,True,True,0.00019259110396574464,True,True,True,503,492,491,True,True
146,LibriSpeech:test:Babble_noise:10:7021-79730-0001,test-clean/7021/79730/7021-79730-0001.flac,7021,Babble_noise,10,0.9140625,"[0.75,1.00]",150,LibriSpeech:test:Babble_noise:10:7176-88083-0021,test-clean/7176/88083/7176-88083-0021.flac,7176,Babble_noise,10,0.8850967007963595,"[0.75,1.00]",True,True,True,0.028965799203640508,True,True,True,101,492,491,True,True
146,LibriSpeech:test:Babble_noise:10:7021-79730-0001,test-clean/7021/79730/7021-79730-0001.flac,7021,Babble_noise,10,0.9140625,"[0.75,1.00]",150,LibriSpeech:test:Babble_noise:10:7176-88083-0021,test-clean/7176/88083/7176-88083-0021.flac,7176,Babble_noise,10,0.8850967007963595,"[0.75,1.00]",True,True,True,0.028965799203640508,True,True,True,211,492,491,True,True
146,LibriSpeech:test:Babble_noise:10:7021-79730-0001,test-clean/7021/79730/7021-79730-0001.flac,7021,Babble_noise,10,0.9140625,"[0.75,1.00]",150,LibriSpeech:test:Babble_noise:10:7176-88083-0021,test-clean/7176/88083/7176-88083-0021.flac,7176,Babble_noise,10,0.8850967007963595,"[0.75,1.00]",True,True,True,0.028965799203640508,True,True,True,307,492,491,True,True
146,LibriSpeech:test:Babble_noise:10:7021-79730-0001,test-clean/7021/79730/7021-79730-0001.flac,7021,Babble_noise,10,0.9140625,"[0.75,1.00]",150,LibriSpeech:test:Babble_noise:10:7176-88083-0021,test-clean/7176/88083/7176-88083-0021.flac,7176,Babble_noise,10,0.8850967007963595,"[0.75,1.00]",True,True,True,0.028965799203640508,True,True,True,401,492,491,True,True
146,LibriSpeech:test:Babble_noise:10:7021-79730-0001,test-clean/7021/79730/7021-79730-0001.flac,7021,Babble_noise,10,0.9140625,"[0.75,1.00]",150,LibriSpeech:test:Babble_noise:10:7176-88083-0021,test-clean/7176/88083/7176-88083-0021.flac,7176,Babble_noise,10,0.8850967007963595,"[0.75,1.00]",True,True,True,0.028965799203640508,True,True,True,503,492,491,True,True
147,LibriSpeech:test:Babble_noise:10:7176-88083-0001,test-clean/7176/88083/7176-88083-0001.flac,7176,Clean,clean,0.8667711598746082,"[0.75,1.00]",104,LibriSpeech:test:Babble_noise:5:6930-76324-0028,test-clean/6930/76324/6930-76324-0028.flac,6930,Clean,clean,0.8663366336633663,"[0.75,1.00]",True,True,True,0.000434526211241848,True,True,True,101,492,491,True,True
147,LibriSpeech:test:Babble_noise:10:7176-88083-0001,test-clean/7176/88083/7176-88083-0001.flac,7176,Clean,clean,0.8667711598746082,"[0.75,1.00]",104,LibriSpeech:test:Babble_noise:5:6930-76324-0028,test-clean/6930/76324/6930-76324-0028.flac,6930,Clean,clean,0.8663366336633663,"[0.75,1.00]",True,True,True,0.000434526211241848,True,True,True,211,492,491,True,True
147,LibriSpeech:test:Babble_noise:10:7176-88083-0001,test-clean/7176/88083/7176-88083-0001.flac,7176,Clean,clean,0.8667711598746082,"[0.75,1.00]",104,LibriSpeech:test:Babble_noise:5:6930-76324-0028,test-clean/6930/76324/6930-76324-0028.flac,6930,Clean,clean,0.8663366336633663,"[0.75,1.00]",True,True,True,0.000434526211241848,True,True,True,307,492,491,True,True
147,LibriSpeech:test:Babble_noise:10:7176-88083-0001,test-clean/7176/88083/7176-88083-0001.flac,7176,Clean,clean,0.8667711598746082,"[0.75,1.00]",104,LibriSpeech:test:Babble_noise:5:6930-76324-0028,test-clean/6930/76324/6930-76324-0028.flac,6930,Clean,clean,0.8663366336633663,"[0.75,1.00]",True,True,True,0.000434526211241848,True,True,True,401,492,491,True,True
147,LibriSpeech:test:Babble_noise:10:7176-88083-0001,test-clean/7176/88083/7176-88083-0001.flac,7176,Clean,clean,0.8667711598746082,"[0.75,1.00]",104,LibriSpeech:test:Babble_noise:5:6930-76324-0028,test-clean/6930/76324/6930-76324-0028.flac,6930,Clean,clean,0.8663366336633663,"[0.75,1.00]",True,True,True,0.000434526211241848,True,True,True,503,492,491,True,True
148,LibriSpeech:test:Babble_noise:10:7176-88083-0001,test-clean/7176/88083/7176-88083-0001.flac,7176,Babble_noise,10,0.8667711598746082,"[0.75,1.00]",150,LibriSpeech:test:Babble_noise:10:7176-88083-0021,test-clean/7176/88083/7176-88083-0021.flac,7176,Babble_noise,10,0.8850967007963595,"[0.75,1.00]",True,True,True,0.018325540921751315,True,False,True,101,492,491,True,True
148,LibriSpeech:test:Babble_noise:10:7176-88083-0001,test-clean/7176/88083/7176-88083-0001.flac,7176,Babble_noise,10,0.8667711598746082,"[0.75,1.00]",150,LibriSpeech:test:Babble_noise:10:7176-88083-0021,test-clean/7176/88083/7176-88083-0021.flac,7176,Babble_noise,10,0.8850967007963595,"[0.75,1.00]",True,True,True,0.018325540921751315,True,False,True,211,492,491,True,True
148,LibriSpeech:test:Babble_noise:10:7176-88083-0001,test-clean/7176/88083/7176-88083-0001.flac,7176,Babble_noise,10,0.8667711598746082,"[0.75,1.00]",150,LibriSpeech:test:Babble_noise:10:7176-88083-0021,test-clean/7176/88083/7176-88083-0021.flac,7176,Babble_noise,10,0.8850967007963595,"[0.75,1.00]",True,True,True,0.018325540921751315,True,False,True,307,492,491,True,True
148,LibriSpeech:test:Babble_noise:10:7176-88083-0001,test-clean/7176/88083/7176-88083-0001.flac,7176,Babble_noise,10,0.8667711598746082,"[0.75,1.00]",150,LibriSpeech:test:Babble_noise:10:7176-88083-0021,test-clean/7176/88083/7176-88083-0021.flac,7176,Babble_noise,10,0.8850967007963595,"[0.75,1.00]",True,True,True,0.018325540921751315,True,False,True,401,492,491,True,True
148,LibriSpeech:test:Babble_noise:10:7176-88083-0001,test-clean/7176/88083/7176-88083-0001.flac,7176,Babble_noise,10,0.8667711598746082,"[0.75,1.00]",150,LibriSpeech:test:Babble_noise:10:7176-88083-0021,test-clean/7176/88083/7176-88083-0021.flac,7176,Babble_noise,10,0.8850967007963595,"[0.75,1.00]",True,True,True,0.018325540921751315,True,False,True,503,492,491,True,True
149,LibriSpeech:test:Babble_noise:10:7176-88083-0021,test-clean/7176/88083/7176-88083-0021.flac,7176,Clean,clean,0.8850967007963595,"[0.75,1.00]",411,LibriSpeech:test:Domestic_noise:-5:1995-1836-0004,test-clean/1995/1836/1995-1836-0004.flac,1995,Clean,clean,0.8877076411960133,"[0.75,1.00]",True,True,True,0.002610940399653816,True,True,True,101,492,491,True,True
149,LibriSpeech:test:Babble_noise:10:7176-88083-0021,test-clean/7176/88083/7176-88083-0021.flac,7176,Clean,clean,0.8850967007963595,"[0.75,1.00]",411,LibriSpeech:test:Domestic_noise:-5:1995-1836-0004,test-clean/1995/1836/1995-1836-0004.flac,1995,Clean,clean,0.8877076411960133,"[0.75,1.00]",True,True,True,0.002610940399653816,True,True,True,211,492,491,True,True
149,LibriSpeech:test:Babble_noise:10:7176-88083-0021,test-clean/7176/88083/7176-88083-0021.flac,7176,Clean,clean,0.8850967007963595,"[0.75,1.00]",411,LibriSpeech:test:Domestic_noise:-5:1995-1836-0004,test-clean/1995/1836/1995-1836-0004.flac,1995,Clean,clean,0.8877076411960133,"[0.75,1.00]",True,True,True,0.002610940399653816,True,True,True,307,492,491,True,True
149,LibriSpeech:test:Babble_noise:10:7176-88083-0021,test-clean/7176/88083/7176-88083-0021.flac,7176,Clean,clean,0.8850967007963595,"[0.75,1.00]",411,LibriSpeech:test:Domestic_noise:-5:1995-1836-0004,test-clean/1995/1836/1995-1836-0004.flac,1995,Clean,clean,0.8877076411960133,"[0.75,1.00]",True,True,True,0.002610940399653816,True,True,True,401,492,491,True,True
149,LibriSpeech:test:Babble_noise:10:7176-88083-0021,test-clean/7176/88083/7176-88083-0021.flac,7176,Clean,clean,0.8850967007963595,"[0.75,1.00]",411,LibriSpeech:test:Domestic_noise:-5:1995-1836-0004,test-clean/1995/1836/1995-1836-0004.flac,1995,Clean,clean,0.8877076411960133,"[0.75,1.00]",True,True,True,0.002610940399653816,True,True,True,503,492,491,True,True
150,LibriSpeech:test:Babble_noise:10:7176-88083-0021,test-clean/7176/88083/7176-88083-0021.flac,7176,Babble_noise,10,0.8850967007963595,"[0.75,1.00]",148,LibriSpeech:test:Babble_noise:10:7176-88083-0001,test-clean/7176/88083/7176-88083-0001.flac,7176,Babble_noise,10,0.8667711598746082,"[0.75,1.00]",True,True,True,0.018325540921751315,True,False,True,101,492,491,True,True
150,LibriSpeech:test:Babble_noise:10:7176-88083-0021,test-clean/7176/88083/7176-88083-0021.flac,7176,Babble_noise,10,0.8850967007963595,"[0.75,1.00]",148,LibriSpeech:test:Babble_noise:10:7176-88083-0001,test-clean/7176/88083/7176-88083-0001.flac,7176,Babble_noise,10,0.8667711598746082,"[0.75,1.00]",True,True,True,0.018325540921751315,True,False,True,211,492,491,True,True
150,LibriSpeech:test:Babble_noise:10:7176-88083-0021,test-clean/7176/88083/7176-88083-0021.flac,7176,Babble_noise,10,0.8850967007963595,"[0.75,1.00]",148,LibriSpeech:test:Babble_noise:10:7176-88083-0001,test-clean/7176/88083/7176-88083-0001.flac,7176,Babble_noise,10,0.8667711598746082,"[0.75,1.00]",True,True,True,0.018325540921751315,True,False,True,307,492,491,True,True
150,LibriSpeech:test:Babble_noise:10:7176-88083-0021,test-clean/7176/88083/7176-88083-0021.flac,7176,Babble_noise,10,0.8850967007963595,"[0.75,1.00]",148,LibriSpeech:test:Babble_noise:10:7176-88083-0001,test-clean/7176/88083/7176-88083-0001.flac,7176,Babble_noise,10,0.8667711598746082,"[0.75,1.00]",True,True,True,0.018325540921751315,True,False,True,401,492,491,True,True
150,LibriSpeech:test:Babble_noise:10:7176-88083-0021,test-clean/7176/88083/7176-88083-0021.flac,7176,Babble_noise,10,0.8850967007963595,"[0.75,1.00]",148,LibriSpeech:test:Babble_noise:10:7176-88083-0001,test-clean/7176/88083/7176-88083-0001.flac,7176,Babble_noise,10,0.8667711598746082,"[0.75,1.00]",True,True,True,0.018325540921751315,True,False,True,503,492,491,True,True
153,LibriSpeech:test:Babble_noise:15:121-123859-0001,test-clean/121/123859/121-123859-0001.flac,121,Clean,clean,0.7998146431881371,"[0.75,1.00]",612,LibriSpeech:test:Nature_noise:5:2094-142345-0059,test-clean/2094/142345/2094-142345-0059.flac,2094,Clean,clean,0.8032258064516129,"[0.75,1.00]",True,True,True,0.0034111632634757916,True,True,True,101,492,491,True,True
153,LibriSpeech:test:Babble_noise:15:121-123859-0001,test-clean/121/123859/121-123859-0001.flac,121,Clean,clean,0.7998146431881371,"[0.75,1.00]",612,LibriSpeech:test:Nature_noise:5:2094-142345-0059,test-clean/2094/142345/2094-142345-0059.flac,2094,Clean,clean,0.8032258064516129,"[0.75,1.00]",True,True,True,0.0034111632634757916,True,True,True,211,492,491,True,True
153,LibriSpeech:test:Babble_noise:15:121-123859-0001,test-clean/121/123859/121-123859-0001.flac,121,Clean,clean,0.7998146431881371,"[0.75,1.00]",612,LibriSpeech:test:Nature_noise:5:2094-142345-0059,test-clean/2094/142345/2094-142345-0059.flac,2094,Clean,clean,0.8032258064516129,"[0.75,1.00]",True,True,True,0.0034111632634757916,True,True,True,307,492,491,True,True
153,LibriSpeech:test:Babble_noise:15:121-123859-0001,test-clean/121/123859/121-123859-0001.flac,121,Clean,clean,0.7998146431881371,"[0.75,1.00]",612,LibriSpeech:test:Nature_noise:5:2094-142345-0059,test-clean/2094/142345/2094-142345-0059.flac,2094,Clean,clean,0.8032258064516129,"[0.75,1.00]",True,True,True,0.0034111632634757916,True,True,True,401,492,491,True,True
153,LibriSpeech:test:Babble_noise:15:121-123859-0001,test-clean/121/123859/121-123859-0001.flac,121,Clean,clean,0.7998146431881371,"[0.75,1.00]",612,LibriSpeech:test:Nature_noise:5:2094-142345-0059,test-clean/2094/142345/2094-142345-0059.flac,2094,Clean,clean,0.8032258064516129,"[0.75,1.00]",True,True,True,0.0034111632634757916,True,True,True,503,492,491,True,True
154,LibriSpeech:test:Babble_noise:15:121-123859-0001,test-clean/121/123859/121-123859-0001.flac,121,Babble_noise,15,0.7998146431881371,"[0.75,1.00]",181,LibriSpeech:test:Babble_noise:15:8224-274384-0012,test-clean/8224/274384/8224-274384-0012.flac,8224,Babble_noise,15,0.8150134048257373,"[0.75,1.00]",True,True,True,0.015198761637600144,True,True,True,101,492,491,True,True
154,LibriSpeech:test:Babble_noise:15:121-123859-0001,test-clean/121/123859/121-123859-0001.flac,121,Babble_noise,15,0.7998146431881371,"[0.75,1.00]",181,LibriSpeech:test:Babble_noise:15:8224-274384-0012,test-clean/8224/274384/8224-274384-0012.flac,8224,Babble_noise,15,0.8150134048257373,"[0.75,1.00]",True,True,True,0.015198761637600144,True,True,True,211,492,491,True,True
154,LibriSpeech:test:Babble_noise:15:121-123859-0001,test-clean/121/123859/121-123859-0001.flac,121,Babble_noise,15,0.7998146431881371,"[0.75,1.00]",181,LibriSpeech:test:Babble_noise:15:8224-274384-0012,test-clean/8224/274384/8224-274384-0012.flac,8224,Babble_noise,15,0.8150134048257373,"[0.75,1.00]",True,True,True,0.015198761637600144,True,True,True,307,492,491,True,True
154,LibriSpeech:test:Babble_noise:15:121-123859-0001,test-clean/121/123859/121-123859-0001.flac,121,Babble_noise,15,0.7998146431881371,"[0.75,1.00]",181,LibriSpeech:test:Babble_noise:15:8224-274384-0012,test-clean/8224/274384/8224-274384-0012.flac,8224,Babble_noise,15,0.8150134048257373,"[0.75,1.00]",True,True,True,0.015198761637600144,True,True,True,401,492,491,True,True
154,LibriSpeech:test:Babble_noise:15:121-123859-0001,test-clean/121/123859/121-123859-0001.flac,121,Babble_noise,15,0.7998146431881371,"[0.75,1.00]",181,LibriSpeech:test:Babble_noise:15:8224-274384-0012,test-clean/8224/274384/8224-274384-0012.flac,8224,Babble_noise,15,0.8150134048257373,"[0.75,1.00]",True,True,True,0.015198761637600144,True,True,True,503,492,491,True,True
157,LibriSpeech:test:Babble_noise:15:1995-1826-0001,test-clean/1995/1826/1995-1826-0001.flac,1995,Clean,clean,0.9009433962264151,"[0.75,1.00]",272,LibriSpeech:test:SSN_noise:0:6930-75918-0009,test-clean/6930/75918/6930-75918-0009.flac,6930,Clean,clean,0.9020172910662824,"[0.75,1.00]",True,True,True,0.0010738948398673065,True,True,True,101,492,491,True,True
157,LibriSpeech:test:Babble_noise:15:1995-1826-0001,test-clean/1995/1826/1995-1826-0001.flac,1995,Clean,clean,0.9009433962264151,"[0.75,1.00]",272,LibriSpeech:test:SSN_noise:0:6930-75918-0009,test-clean/6930/75918/6930-75918-0009.flac,6930,Clean,clean,0.9020172910662824,"[0.75,1.00]",True,True,True,0.0010738948398673065,True,True,True,211,492,491,True,True
157,LibriSpeech:test:Babble_noise:15:1995-1826-0001,test-clean/1995/1826/1995-1826-0001.flac,1995,Clean,clean,0.9009433962264151,"[0.75,1.00]",272,LibriSpeech:test:SSN_noise:0:6930-75918-0009,test-clean/6930/75918/6930-75918-0009.flac,6930,Clean,clean,0.9020172910662824,"[0.75,1.00]",True,True,True,0.0010738948398673065,True,True,True,307,492,491,True,True
157,LibriSpeech:test:Babble_noise:15:1995-1826-0001,test-clean/1995/1826/1995-1826-0001.flac,1995,Clean,clean,0.9009433962264151,"[0.75,1.00]",272,LibriSpeech:test:SSN_noise:0:6930-75918-0009,test-clean/6930/75918/6930-75918-0009.flac,6930,Clean,clean,0.9020172910662824,"[0.75,1.00]",True,True,True,0.0010738948398673065,True,True,True,401,492,491,True,True
157,LibriSpeech:test:Babble_noise:15:1995-1826-0001,test-clean/1995/1826/1995-1826-0001.flac,1995,Clean,clean,0.9009433962264151,"[0.75,1.00]",272,LibriSpeech:test:SSN_noise:0:6930-75918-0009,test-clean/6930/75918/6930-75918-0009.flac,6930,Clean,clean,0.9020172910662824,"[0.75,1.00]",True,True,True,0.0010738948398673065,True,True,True,503,492,491,True,True
158,LibriSpeech:test:Babble_noise:15:1995-1826-0001,test-clean/1995/1826/1995-1826-0001.flac,1995,Babble_noise,15,0.9009433962264151,"[0.75,1.00]",161,LibriSpeech:test:Babble_noise:15:1995-1837-0029,test-clean/1995/1837/1995-1837-0029.flac,1995,Babble_noise,15,0.9265536723163842,"[0.75,1.00]",True,True,True,0.02561027608996913,True,False,True,101,492,491,True,True
158,LibriSpeech:test:Babble_noise:15:1995-1826-0001,test-clean/1995/1826/1995-1826-0001.flac,1995,Babble_noise,15,0.9009433962264151,"[0.75,1.00]",161,LibriSpeech:test:Babble_noise:15:1995-1837-0029,test-clean/1995/1837/1995-1837-0029.flac,1995,Babble_noise,15,0.9265536723163842,"[0.75,1.00]",True,True,True,0.02561027608996913,True,False,True,211,492,491,True,True
158,LibriSpeech:test:Babble_noise:15:1995-1826-0001,test-clean/1995/1826/1995-1826-0001.flac,1995,Babble_noise,15,0.9009433962264151,"[0.75,1.00]",161,LibriSpeech:test:Babble_noise:15:1995-1837-0029,test-clean/1995/1837/1995-1837-0029.flac,1995,Babble_noise,15,0.9265536723163842,"[0.75,1.00]",True,True,True,0.02561027608996913,True,False,True,307,492,491,True,True
158,LibriSpeech:test:Babble_noise:15:1995-1826-0001,test-clean/1995/1826/1995-1826-0001.flac,1995,Babble_noise,15,0.9009433962264151,"[0.75,1.00]",161,LibriSpeech:test:Babble_noise:15:1995-1837-0029,test-clean/1995/1837/1995-1837-0029.flac,1995,Babble_noise,15,0.9265536723163842,"[0.75,1.00]",True,True,True,0.02561027608996913,True,False,True,401,492,491,True,True
158,LibriSpeech:test:Babble_noise:15:1995-1826-0001,test-clean/1995/1826/1995-1826-0001.flac,1995,Babble_noise,15,0.9009433962264151,"[0.75,1.00]",161,LibriSpeech:test:Babble_noise:15:1995-1837-0029,test-clean/1995/1837/1995-1837-0029.flac,1995,Babble_noise,15,0.9265536723163842,"[0.75,1.00]",True,True,True,0.02561027608996913,True,False,True,503,492,491,True,True
159,LibriSpeech:test:Babble_noise:15:1995-1837-0019,test-clean/1995/1837/1995-1837-0019.flac,1995,Babble_noise,15,0.5923566878980892,"[0.50,0.75)",154,LibriSpeech:test:Babble_noise:15:121-123859-0001,test-clean/121/123859/121-123859-0001.flac,121,Babble_noise,15,0.7998146431881371,"[0.75,1.00]",True,True,False,0.20745795529004796,True,True,True,101,492,491,True,True
159,LibriSpeech:test:Babble_noise:15:1995-1837-0019,test-clean/1995/1837/1995-1837-0019.flac,1995,Babble_noise,15,0.5923566878980892,"[0.50,0.75)",154,LibriSpeech:test:Babble_noise:15:121-123859-0001,test-clean/121/123859/121-123859-0001.flac,121,Babble_noise,15,0.7998146431881371,"[0.75,1.00]",True,True,False,0.20745795529004796,True,True,True,211,492,491,True,True
159,LibriSpeech:test:Babble_noise:15:1995-1837-0019,test-clean/1995/1837/1995-1837-0019.flac,1995,Babble_noise,15,0.5923566878980892,"[0.50,0.75)",154,LibriSpeech:test:Babble_noise:15:121-123859-0001,test-clean/121/123859/121-123859-0001.flac,121,Babble_noise,15,0.7998146431881371,"[0.75,1.00]",True,True,False,0.20745795529004796,True,True,True,307,492,491,True,True
159,LibriSpeech:test:Babble_noise:15:1995-1837-0019,test-clean/1995/1837/1995-1837-0019.flac,1995,Babble_noise,15,0.5923566878980892,"[0.50,0.75)",154,LibriSpeech:test:Babble_noise:15:121-123859-0001,test-clean/121/123859/121-123859-0001.flac,121,Babble_noise,15,0.7998146431881371,"[0.75,1.00]",True,True,False,0.20745795529004796,True,True,True,401,492,491,True,True
159,LibriSpeech:test:Babble_noise:15:1995-1837-0019,test-clean/1995/1837/1995-1837-0019.flac,1995,Babble_noise,15,0.5923566878980892,"[0.50,0.75)",154,LibriSpeech:test:Babble_noise:15:121-123859-0001,test-clean/121/123859/121-123859-0001.flac,121,Babble_noise,15,0.7998146431881371,"[0.75,1.00]",True,True,False,0.20745795529004796,True,True,True,503,492,491,True,True
160,LibriSpeech:test:Babble_noise:15:1995-1837-0029,test-clean/1995/1837/1995-1837-0029.flac,1995,Clean,clean,0.9265536723163842,"[0.75,1.00]",1284,LibriSpeech:test:City_noise:10:5142-33396-0068,test-clean/5142/33396/5142-33396-0068.flac,5142,Clean,clean,0.9285714285714286,"[0.75,1.00]",True,True,True,0.0020177562550444117,True,True,True,101,492,491,True,True
160,LibriSpeech:test:Babble_noise:15:1995-1837-0029,test-clean/1995/1837/1995-1837-0029.flac,1995,Clean,clean,0.9265536723163842,"[0.75,1.00]",1284,LibriSpeech:test:City_noise:10:5142-33396-0068,test-clean/5142/33396/5142-33396-0068.flac,5142,Clean,clean,0.9285714285714286,"[0.75,1.00]",True,True,True,0.0020177562550444117,True,True,True,211,492,491,True,True
160,LibriSpeech:test:Babble_noise:15:1995-1837-0029,test-clean/1995/1837/1995-1837-0029.flac,1995,Clean,clean,0.9265536723163842,"[0.75,1.00]",1284,LibriSpeech:test:City_noise:10:5142-33396-0068,test-clean/5142/33396/5142-33396-0068.flac,5142,Clean,clean,0.9285714285714286,"[0.75,1.00]",True,True,True,0.0020177562550444117,True,True,True,307,492,491,True,True
160,LibriSpeech:test:Babble_noise:15:1995-1837-0029,test-clean/1995/1837/1995-1837-0029.flac,1995,Clean,clean,0.9265536723163842,"[0.75,1.00]",1284,LibriSpeech:test:City_noise:10:5142-33396-0068,test-clean/5142/33396/5142-33396-0068.flac,5142,Clean,clean,0.9285714285714286,"[0.75,1.00]",True,True,True,0.0020177562550444117,True,True,True,401,492,491,True,True
160,LibriSpeech:test:Babble_noise:15:1995-1837-0029,test-clean/1995/1837/1995-1837-0029.flac,1995,Clean,clean,0.9265536723163842,"[0.75,1.00]",1284,LibriSpeech:test:City_noise:10:5142-33396-0068,test-clean/5142/33396/5142-33396-0068.flac,5142,Clean,clean,0.9285714285714286,"[0.75,1.00]",True,True,True,0.0020177562550444117,True,True,True,503,492,491,True,True
161,LibriSpeech:test:Babble_noise:15:1995-1837-0029,test-clean/1995/1837/1995-1837-0029.flac,1995,Babble_noise,15,0.9265536723163842,"[0.75,1.00]",158,LibriSpeech:test:Babble_noise:15:1995-1826-0001,test-clean/1995/1826/1995-1826-0001.flac,1995,Babble_noise,15,0.9009433962264151,"[0.75,1.00]",True,True,True,0.02561027608996913,True,False,True,101,492,491,True,True
161,LibriSpeech:test:Babble_noise:15:1995-1837-0029,test-clean/1995/1837/1995-1837-0029.flac,1995,Babble_noise,15,0.9265536723163842,"[0.75,1.00]",158,LibriSpeech:test:Babble_noise:15:1995-1826-0001,test-clean/1995/1826/1995-1826-0001.flac,1995,Babble_noise,15,0.9009433962264151,"[0.75,1.00]",True,True,True,0.02561027608996913,True,False,True,211,492,491,True,True
161,LibriSpeech:test:Babble_noise:15:1995-1837-0029,test-clean/1995/1837/1995-1837-0029.flac,1995,Babble_noise,15,0.9265536723163842,"[0.75,1.00]",158,LibriSpeech:test:Babble_noise:15:1995-1826-0001,test-clean/1995/1826/1995-1826-0001.flac,1995,Babble_noise,15,0.9009433962264151,"[0.75,1.00]",True,True,True,0.02561027608996913,True,False,True,307,492,491,True,True
161,LibriSpeech:test:Babble_noise:15:1995-1837-0029,test-clean/1995/1837/1995-1837-0029.flac,1995,Babble_noise,15,0.9265536723163842,"[0.75,1.00]",158,LibriSpeech:test:Babble_noise:15:1995-1826-0001,test-clean/1995/1826/1995-1826-0001.flac,1995,Babble_noise,15,0.9009433962264151,"[0.75,1.00]",True,True,True,0.02561027608996913,True,False,True,401,492,491,True,True
161,LibriSpeech:test:Babble_noise:15:1995-1837-0029,test-clean/1995/1837/1995-1837-0029.flac,1995,Babble_noise,15,0.9265536723163842,"[0.75,1.00]",158,LibriSpeech:test:Babble_noise:15:1995-1826-0001,test-clean/1995/1826/1995-1826-0001.flac,1995,Babble_noise,15,0.9009433962264151,"[0.75,1.00]",True,True,True,0.02561027608996913,True,False,True,503,492,491,True,True
162,LibriSpeech:test:Babble_noise:15:237-134500-0021,test-clean/237/134500/237-134500-0021.flac,237,Clean,clean,0.816793893129771,"[0.75,1.00]",108,LibriSpeech:test:Babble_noise:5:8224-274381-0000,test-clean/8224/274381/8224-274381-0000.flac,8224,Clean,clean,0.8183776022972002,"[0.75,1.00]",True,True,True,0.0015837091674292259,True,True,True,101,492,491,True,True
162,LibriSpeech:test:Babble_noise:15:237-134500-0021,test-clean/237/134500/237-134500-0021.flac,237,Clean,clean,0.816793893129771,"[0.75,1.00]",108,LibriSpeech:test:Babble_noise:5:8224-274381-0000,test-clean/8224/274381/8224-274381-0000.flac,8224,Clean,clean,0.8183776022972002,"[0.75,1.00]",True,True,True,0.0015837091674292259,True,True,True,211,492,491,True,True
162,LibriSpeech:test:Babble_noise:15:237-134500-0021,test-clean/237/134500/237-134500-0021.flac,237,Clean,clean,0.816793893129771,"[0.75,1.00]",108,LibriSpeech:test:Babble_noise:5:8224-274381-0000,test-clean/8224/274381/8224-274381-0000.flac,8224,Clean,clean,0.8183776022972002,"[0.75,1.00]",True,True,True,0.0015837091674292259,True,True,True,307,492,491,True,True
162,LibriSpeech:test:Babble_noise:15:237-134500-0021,test-clean/237/134500/237-134500-0021.flac,237,Clean,clean,0.816793893129771,"[0.75,1.00]",108,LibriSpeech:test:Babble_noise:5:8224-274381-0000,test-clean/8224/274381/8224-274381-0000.flac,8224,Clean,clean,0.8183776022972002,"[0.75,1.00]",True,True,True,0.0015837091674292259,True,True,True,401,492,491,True,True
162,LibriSpeech:test:Babble_noise:15:237-134500-0021,test-clean/237/134500/237-134500-0021.flac,237,Clean,clean,0.816793893129771,"[0.75,1.00]",108,LibriSpeech:test:Babble_noise:5:8224-274381-0000,test-clean/8224/274381/8224-274381-0000.flac,8224,Clean,clean,0.8183776022972002,"[0.75,1.00]",True,True,True,0.0015837091674292259,True,True,True,503,492,491,True,True
163,LibriSpeech:test:Babble_noise:15:237-134500-0021,test-clean/237/134500/237-134500-0021.flac,237,Babble_noise,15,0.816793893129771,"[0.75,1.00]",181,LibriSpeech:test:Babble_noise:15:8224-274384-0012,test-clean/8224/274384/8224-274384-0012.flac,8224,Babble_noise,15,0.8150134048257373,"[0.75,1.00]",True,True,True,0.0017804883040337671,True,True,True,101,492,491,True,True
163,LibriSpeech:test:Babble_noise:15:237-134500-0021,test-clean/237/134500/237-134500-0021.flac,237,Babble_noise,15,0.816793893129771,"[0.75,1.00]",181,LibriSpeech:test:Babble_noise:15:8224-274384-0012,test-clean/8224/274384/8224-274384-0012.flac,8224,Babble_noise,15,0.8150134048257373,"[0.75,1.00]",True,True,True,0.0017804883040337671,True,True,True,211,492,491,True,True
163,LibriSpeech:test:Babble_noise:15:237-134500-0021,test-clean/237/134500/237-134500-0021.flac,237,Babble_noise,15,0.816793893129771,"[0.75,1.00]",181,LibriSpeech:test:Babble_noise:15:8224-274384-0012,test-clean/8224/274384/8224-274384-0012.flac,8224,Babble_noise,15,0.8150134048257373,"[0.75,1.00]",True,True,True,0.0017804883040337671,True,True,True,307,492,491,True,True
163,LibriSpeech:test:Babble_noise:15:237-134500-0021,test-clean/237/134500/237-134500-0021.flac,237,Babble_noise,15,0.816793893129771,"[0.75,1.00]",181,LibriSpeech:test:Babble_noise:15:8224-274384-0012,test-clean/8224/274384/8224-274384-0012.flac,8224,Babble_noise,15,0.8150134048257373,"[0.75,1.00]",True,True,True,0.0017804883040337671,True,True,True,401,492,491,True,True
163,LibriSpeech:test:Babble_noise:15:237-134500-0021,test-clean/237/134500/237-134500-0021.flac,237,Babble_noise,15,0.816793893129771,"[0.75,1.00]",181,LibriSpeech:test:Babble_noise:15:8224-274384-0012,test-clean/8224/274384/8224-274384-0012.flac,8224,Babble_noise,15,0.8150134048257373,"[0.75,1.00]",True,True,True,0.0017804883040337671,True,True,True,503,492,491,True,True
179,LibriSpeech:test:Babble_noise:15:6930-76324-0028,test-clean/6930/76324/6930-76324-0028.flac,6930,Babble_noise,15,0.8663366336633663,"[0.75,1.00]",158,LibriSpeech:test:Babble_noise:15:1995-1826-0001,test-clean/1995/1826/1995-1826-0001.flac,1995,Babble_noise,15,0.9009433962264151,"[0.75,1.00]",True,True,True,0.03460676256304873,True,True,True,101,492,491,True,True
179,LibriSpeech:test:Babble_noise:15:6930-76324-0028,test-clean/6930/76324/6930-76324-0028.flac,6930,Babble_noise,15,0.8663366336633663,"[0.75,1.00]",158,LibriSpeech:test:Babble_noise:15:1995-1826-0001,test-clean/1995/1826/1995-1826-0001.flac,1995,Babble_noise,15,0.9009433962264151,"[0.75,1.00]",True,True,True,0.03460676256304873,True,True,True,211,492,491,True,True
179,LibriSpeech:test:Babble_noise:15:6930-76324-0028,test-clean/6930/76324/6930-76324-0028.flac,6930,Babble_noise,15,0.8663366336633663,"[0.75,1.00]",158,LibriSpeech:test:Babble_noise:15:1995-1826-0001,test-clean/1995/1826/1995-1826-0001.flac,1995,Babble_noise,15,0.9009433962264151,"[0.75,1.00]",True,True,True,0.03460676256304873,True,True,True,307,492,491,True,True
179,LibriSpeech:test:Babble_noise:15:6930-76324-0028,test-clean/6930/76324/6930-76324-0028.flac,6930,Babble_noise,15,0.8663366336633663,"[0.75,1.00]",158,LibriSpeech:test:Babble_noise:15:1995-1826-0001,test-clean/1995/1826/1995-1826-0001.flac,1995,Babble_noise,15,0.9009433962264151,"[0.75,1.00]",True,True,True,0.03460676256304873,True,True,True,401,492,491,True,True
179,LibriSpeech:test:Babble_noise:15:6930-76324-0028,test-clean/6930/76324/6930-76324-0028.flac,6930,Babble_noise,15,0.8663366336633663,"[0.75,1.00]",158,LibriSpeech:test:Babble_noise:15:1995-1826-0001,test-clean/1995/1826/1995-1826-0001.flac,1995,Babble_noise,15,0.9009433962264151,"[0.75,1.00]",True,True,True,0.03460676256304873,True,True,True,503,492,491,True,True
180,LibriSpeech:test:Babble_noise:15:8224-274384-0012,test-clean/8224/274384/8224-274384-0012.flac,8224,Clean,clean,0.8150134048257373,"[0.75,1.00]",162,LibriSpeech:test:Babble_noise:15:237-134500-0021,test-clean/237/134500/237-134500-0021.flac,237,Clean,clean,0.816793893129771,"[0.75,1.00]",True,True,True,0.0017804883040337671,True,True,True,101,492,491,True,True
180,LibriSpeech:test:Babble_noise:15:8224-274384-0012,test-clean/8224/274384/8224-274384-0012.flac,8224,Clean,clean,0.8150134048257373,"[0.75,1.00]",162,LibriSpeech:test:Babble_noise:15:237-134500-0021,test-clean/237/134500/237-134500-0021.flac,237,Clean,clean,0.816793893129771,"[0.75,1.00]",True,True,True,0.0017804883040337671,True,True,True,211,492,491,True,True
180,LibriSpeech:test:Babble_noise:15:8224-274384-0012,test-clean/8224/274384/8224-274384-0012.flac,8224,Clean,clean,0.8150134048257373,"[0.75,1.00]",162,LibriSpeech:test:Babble_noise:15:237-134500-0021,test-clean/237/134500/237-134500-0021.flac,237,Clean,clean,0.816793893129771,"[0.75,1.00]",True,True,True,0.0017804883040337671,True,True,True,307,492,491,True,True
180,LibriSpeech:test:Babble_noise:15:8224-274384-0012,test-clean/8224/274384/8224-274384-0012.flac,8224,Clean,clean,0.8150134048257373,"[0.75,1.00]",162,LibriSpeech:test:Babble_noise:15:237-134500-0021,test-clean/237/134500/237-134500-0021.flac,237,Clean,clean,0.816793893129771,"[0.75,1.00]",True,True,True,0.0017804883040337671,True,True,True,401,492,491,True,True
180,LibriSpeech:test:Babble_noise:15:8224-274384-0012,test-clean/8224/274384/8224-274384-0012.flac,8224,Clean,clean,0.8150134048257373,"[0.75,1.00]",162,LibriSpeech:test:Babble_noise:15:237-134500-0021,test-clean/237/134500/237-134500-0021.flac,237,Clean,clean,0.816793893129771,"[0.75,1.00]",True,True,True,0.0017804883040337671,True,True,True,503,492,491,True,True
181,LibriSpeech:test:Babble_noise:15:8224-274384-0012,test-clean/8224/274384/8224-274384-0012.flac,8224,Babble_noise,15,0.8150134048257373,"[0.75,1.00]",163,LibriSpeech:test:Babble_noise:15:237-134500-0021,test-clean/237/134500/237-134500-0021.flac,237,Babble_noise,15,0.816793893129771,"[0.75,1.00]",True,True,True,0.0017804883040337671,True,True,True,101,492,491,True,True
181,LibriSpeech:test:Babble_noise:15:8224-274384-0012,test-clean/8224/274384/8224-274384-0012.flac,8224,Babble_noise,15,0.8150134048257373,"[0.75,1.00]",163,LibriSpeech:test:Babble_noise:15:237-134500-0021,test-clean/237/134500/237-134500-0021.flac,237,Babble_noise,15,0.816793893129771,"[0.75,1.00]",True,True,True,0.0017804883040337671,True,True,True,211,492,491,True,True
181,LibriSpeech:test:Babble_noise:15:8224-274384-0012,test-clean/8224/274384/8224-274384-0012.flac,8224,Babble_noise,15,0.8150134048257373,"[0.75,1.00]",163,LibriSpeech:test:Babble_noise:15:237-134500-0021,test-clean/237/134500/237-134500-0021.flac,237,Babble_noise,15,0.816793893129771,"[0.75,1.00]",True,True,True,0.0017804883040337671,True,True,True,307,492,491,True,True
181,LibriSpeech:test:Babble_noise:15:8224-274384-0012,test-clean/8224/274384/8224-274384-0012.flac,8224,Babble_noise,15,0.8150134048257373,"[0.75,1.00]",163,LibriSpeech:test:Babble_noise:15:237-134500-0021,test-clean/237/134500/237-134500-0021.flac,237,Babble_noise,15,0.816793893129771,"[0.75,1.00]",True,True,True,0.0017804883040337671,True,True,True,401,492,491,True,True
181,LibriSpeech:test:Babble_noise:15:8224-274384-0012,test-clean/8224/274384/8224-274384-0012.flac,8224,Babble_noise,15,0.8150134048257373,"[0.75,1.00]",163,LibriSpeech:test:Babble_noise:15:237-134500-0021,test-clean/237/134500/237-134500-0021.flac,237,Babble_noise,15,0.816793893129771,"[0.75,1.00]",True,True,True,0.0017804883040337671,True,True,True,503,492,491,True,True
183,LibriSpeech:test:Babble_noise:20:121-127105-0036,test-clean/121/127105/121-127105-0036.flac,121,Babble_noise,20,0.0,"[0,0.25)",192,LibriSpeech:test:Babble_noise:20:2830-3980-0023,test-clean/2830/3980/2830-3980-0023.flac,2830,Babble_noise,20,0.6723404255319149,"[0.50,0.75)",True,True,False,0.6723404255319149,True,True,True,101,492,491,True,True
183,LibriSpeech:test:Babble_noise:20:121-127105-0036,test-clean/121/127105/121-127105-0036.flac,121,Babble_noise,20,0.0,"[0,0.25)",192,LibriSpeech:test:Babble_noise:20:2830-3980-0023,test-clean/2830/3980/2830-3980-0023.flac,2830,Babble_noise,20,0.6723404255319149,"[0.50,0.75)",True,True,False,0.6723404255319149,True,True,True,211,492,491,True,True
183,LibriSpeech:test:Babble_noise:20:121-127105-0036,test-clean/121/127105/121-127105-0036.flac,121,Babble_noise,20,0.0,"[0,0.25)",192,LibriSpeech:test:Babble_noise:20:2830-3980-0023,test-clean/2830/3980/2830-3980-0023.flac,2830,Babble_noise,20,0.6723404255319149,"[0.50,0.75)",True,True,False,0.6723404255319149,True,True,True,307,492,491,True,True
183,LibriSpeech:test:Babble_noise:20:121-127105-0036,test-clean/121/127105/121-127105-0036.flac,121,Babble_noise,20,0.0,"[0,0.25)",192,LibriSpeech:test:Babble_noise:20:2830-3980-0023,test-clean/2830/3980/2830-3980-0023.flac,2830,Babble_noise,20,0.6723404255319149,"[0.50,0.75)",True,True,False,0.6723404255319149,True,True,True,401,492,491,True,True
183,LibriSpeech:test:Babble_noise:20:121-127105-0036,test-clean/121/127105/121-127105-0036.flac,121,Babble_noise,20,0.0,"[0,0.25)",192,LibriSpeech:test:Babble_noise:20:2830-3980-0023,test-clean/2830/3980/2830-3980-0023.flac,2830,Babble_noise,20,0.6723404255319149,"[0.50,0.75)",True,True,False,0.6723404255319149,True,True,True,503,492,491,True,True
188,LibriSpeech:test:Babble_noise:20:1995-1836-0014,test-clean/1995/1836/1995-1836-0014.flac,1995,Clean,clean,0.9636711281070746,"[0.75,1.00]",207,LibriSpeech:test:Babble_noise:20:6930-75918-0019,test-clean/6930/75918/6930-75918-0019.flac,6930,Clean,clean,0.9591315453384419,"[0.75,1.00]",True,True,True,0.004539582768632644,True,True,True,101,492,491,True,True
188,LibriSpeech:test:Babble_noise:20:1995-1836-0014,test-clean/1995/1836/1995-1836-0014.flac,1995,Clean,clean,0.9636711281070746,"[0.75,1.00]",207,LibriSpeech:test:Babble_noise:20:6930-75918-0019,test-clean/6930/75918/6930-75918-0019.flac,6930,Clean,clean,0.9591315453384419,"[0.75,1.00]",True,True,True,0.004539582768632644,True,True,True,211,492,491,True,True
188,LibriSpeech:test:Babble_noise:20:1995-1836-0014,test-clean/1995/1836/1995-1836-0014.flac,1995,Clean,clean,0.9636711281070746,"[0.75,1.00]",207,LibriSpeech:test:Babble_noise:20:6930-75918-0019,test-clean/6930/75918/6930-75918-0019.flac,6930,Clean,clean,0.9591315453384419,"[0.75,1.00]",True,True,True,0.004539582768632644,True,True,True,307,492,491,True,True
188,LibriSpeech:test:Babble_noise:20:1995-1836-0014,test-clean/1995/1836/1995-1836-0014.flac,1995,Clean,clean,0.9636711281070746,"[0.75,1.00]",207,LibriSpeech:test:Babble_noise:20:6930-75918-0019,test-clean/6930/75918/6930-75918-0019.flac,6930,Clean,clean,0.9591315453384419,"[0.75,1.00]",True,True,True,0.004539582768632644,True,True,True,401,492,491,True,True
188,LibriSpeech:test:Babble_noise:20:1995-1836-0014,test-clean/1995/1836/1995-1836-0014.flac,1995,Clean,clean,0.9636711281070746,"[0.75,1.00]",207,LibriSpeech:test:Babble_noise:20:6930-75918-0019,test-clean/6930/75918/6930-75918-0019.flac,6930,Clean,clean,0.9591315453384419,"[0.75,1.00]",True,True,True,0.004539582768632644,True,True,True,503,492,491,True,True
189,LibriSpeech:test:Babble_noise:20:1995-1836-0014,test-clean/1995/1836/1995-1836-0014.flac,1995,Babble_noise,20,0.9636711281070746,"[0.75,1.00]",208,LibriSpeech:test:Babble_noise:20:6930-75918-0019,test-clean/6930/75918/6930-75918-0019.flac,6930,Babble_noise,20,0.9591315453384419,"[0.75,1.00]",True,True,True,0.004539582768632644,True,True,True,101,492,491,True,True
189,LibriSpeech:test:Babble_noise:20:1995-1836-0014,test-clean/1995/1836/1995-1836-0014.flac,1995,Babble_noise,20,0.9636711281070746,"[0.75,1.00]",208,LibriSpeech:test:Babble_noise:20:6930-75918-0019,test-clean/6930/75918/6930-75918-0019.flac,6930,Babble_noise,20,0.9591315453384419,"[0.75,1.00]",True,True,True,0.004539582768632644,True,True,True,211,492,491,True,True
189,LibriSpeech:test:Babble_noise:20:1995-1836-0014,test-clean/1995/1836/1995-1836-0014.flac,1995,Babble_noise,20,0.9636711281070746,"[0.75,1.00]",208,LibriSpeech:test:Babble_noise:20:6930-75918-0019,test-clean/6930/75918/6930-75918-0019.flac,6930,Babble_noise,20,0.9591315453384419,"[0.75,1.00]",True,True,True,0.004539582768632644,True,True,True,307,492,491,True,True
189,LibriSpeech:test:Babble_noise:20:1995-1836-0014,test-clean/1995/1836/1995-1836-0014.flac,1995,Babble_noise,20,0.9636711281070746,"[0.75,1.00]",208,LibriSpeech:test:Babble_noise:20:6930-75918-0019,test-clean/6930/75918/6930-75918-0019.flac,6930,Babble_noise,20,0.9591315453384419,"[0.75,1.00]",True,True,True,0.004539582768632644,True,True,True,401,492,491,True,True
189,LibriSpeech:test:Babble_noise:20:1995-1836-0014,test-clean/1995/1836/1995-1836-0014.flac,1995,Babble_noise,20,0.9636711281070746,"[0.75,1.00]",208,LibriSpeech:test:Babble_noise:20:6930-75918-0019,test-clean/6930/75918/6930-75918-0019.flac,6930,Babble_noise,20,0.9591315453384419,"[0.75,1.00]",True,True,True,0.004539582768632644,True,True,True,503,492,491,True,True
191,LibriSpeech:test:Babble_noise:20:2830-3980-0023,test-clean/2830/3980/2830-3980-0023.flac,2830,Clean,clean,0.6723404255319149,"[0.50,0.75)",317,LibriSpeech:test:SSN_noise:10:2830-3980-0053,test-clean/2830/3980/2830-3980-0053.flac,2830,Clean,clean,0.6583333333333333,"[0.50,0.75)",True,True,True,0.014007092198581539,True,False,True,101,492,491,True,True
191,LibriSpeech:test:Babble_noise:20:2830-3980-0023,test-clean/2830/3980/2830-3980-0023.flac,2830,Clean,clean,0.6723404255319149,"[0.50,0.75)",317,LibriSpeech:test:SSN_noise:10:2830-3980-0053,test-clean/2830/3980/2830-3980-0053.flac,2830,Clean,clean,0.6583333333333333,"[0.50,0.75)",True,True,True,0.014007092198581539,True,False,True,211,492,491,True,True
191,LibriSpeech:test:Babble_noise:20:2830-3980-0023,test-clean/2830/3980/2830-3980-0023.flac,2830,Clean,clean,0.6723404255319149,"[0.50,0.75)",317,LibriSpeech:test:SSN_noise:10:2830-3980-0053,test-clean/2830/3980/2830-3980-0053.flac,2830,Clean,clean,0.6583333333333333,"[0.50,0.75)",True,True,True,0.014007092198581539,True,False,True,307,492,491,True,True
191,LibriSpeech:test:Babble_noise:20:2830-3980-0023,test-clean/2830/3980/2830-3980-0023.flac,2830,Clean,clean,0.6723404255319149,"[0.50,0.75)",317,LibriSpeech:test:SSN_noise:10:2830-3980-0053,test-clean/2830/3980/2830-3980-0053.flac,2830,Clean,clean,0.6583333333333333,"[0.50,0.75)",True,True,True,0.014007092198581539,True,False,True,401,492,491,True,True
191,LibriSpeech:test:Babble_noise:20:2830-3980-0023,test-clean/2830/3980/2830-3980-0023.flac,2830,Clean,clean,0.6723404255319149,"[0.50,0.75)",317,LibriSpeech:test:SSN_noise:10:2830-3980-0053,test-clean/2830/3980/2830-3980-0053.flac,2830,Clean,clean,0.6583333333333333,"[0.50,0.75)",True,True,True,0.014007092198581539,True,False,True,503,492,491,True,True
192,LibriSpeech:test:Babble_noise:20:2830-3980-0023,test-clean/2830/3980/2830-3980-0023.flac,2830,Babble_noise,20,0.6723404255319149,"[0.50,0.75)",208,LibriSpeech:test:Babble_noise:20:6930-75918-0019,test-clean/6930/75918/6930-75918-0019.flac,6930,Babble_noise,20,0.9591315453384419,"[0.75,1.00]",True,True,False,0.28679111980652705,True,True,True,101,492,491,True,True
192,LibriSpeech:test:Babble_noise:20:2830-3980-0023,test-clean/2830/3980/2830-3980-0023.flac,2830,Babble_noise,20,0.6723404255319149,"[0.50,0.75)",208,LibriSpeech:test:Babble_noise:20:6930-75918-0019,test-clean/6930/75918/6930-75918-0019.flac,6930,Babble_noise,20,0.9591315453384419,"[0.75,1.00]",True,True,False,0.28679111980652705,True,True,True,211,492,491,True,True
192,LibriSpeech:test:Babble_noise:20:2830-3980-0023,test-clean/2830/3980/2830-3980-0023.flac,2830,Babble_noise,20,0.6723404255319149,"[0.50,0.75)",208,LibriSpeech:test:Babble_noise:20:6930-75918-0019,test-clean/6930/75918/6930-75918-0019.flac,6930,Babble_noise,20,0.9591315453384419,"[0.75,1.00]",True,True,False,0.28679111980652705,True,True,True,307,492,491,True,True
192,LibriSpeech:test:Babble_noise:20:2830-3980-0023,test-clean/2830/3980/2830-3980-0023.flac,2830,Babble_noise,20,0.6723404255319149,"[0.50,0.75)",208,LibriSpeech:test:Babble_noise:20:6930-75918-0019,test-clean/6930/75918/6930-75918-0019.flac,6930,Babble_noise,20,0.9591315453384419,"[0.75,1.00]",True,True,False,0.28679111980652705,True,True,True,401,492,491,True,True
192,LibriSpeech:test:Babble_noise:20:2830-3980-0023,test-clean/2830/3980/2830-3980-0023.flac,2830,Babble_noise,20,0.6723404255319149,"[0.50,0.75)",208,LibriSpeech:test:Babble_noise:20:6930-75918-0019,test-clean/6930/75918/6930-75918-0019.flac,6930,Babble_noise,20,0.9591315453384419,"[0.75,1.00]",True,True,False,0.28679111980652705,True,True,True,503,492,491,True,True
207,LibriSpeech:test:Babble_noise:20:6930-75918-0019,test-clean/6930/75918/6930-75918-0019.flac,6930,Clean,clean,0.9591315453384419,"[0.75,1.00]",188,LibriSpeech:test:Babble_noise:20:1995-1836-0014,test-clean/1995/1836/1995-1836-0014.flac,1995,Clean,clean,0.9636711281070746,"[0.75,1.00]",True,True,True,0.004539582768632644,True,True,True,101,492,491,True,True
207,LibriSpeech:test:Babble_noise:20:6930-75918-0019,test-clean/6930/75918/6930-75918-0019.flac,6930,Clean,clean,0.9591315453384419,"[0.75,1.00]",188,LibriSpeech:test:Babble_noise:20:1995-1836-0014,test-clean/1995/1836/1995-1836-0014.flac,1995,Clean,clean,0.9636711281070746,"[0.75,1.00]",True,True,True,0.004539582768632644,True,True,True,211,492,491,True,True
207,LibriSpeech:test:Babble_noise:20:6930-75918-0019,test-clean/6930/75918/6930-75918-0019.flac,6930,Clean,clean,0.9591315453384419,"[0.75,1.00]",188,LibriSpeech:test:Babble_noise:20:1995-1836-0014,test-clean/1995/1836/1995-1836-0014.flac,1995,Clean,clean,0.9636711281070746,"[0.75,1.00]",True,True,True,0.004539582768632644,True,True,True,307,492,491,True,True
207,LibriSpeech:test:Babble_noise:20:6930-75918-0019,test-clean/6930/75918/6930-75918-0019.flac,6930,Clean,clean,0.9591315453384419,"[0.75,1.00]",188,LibriSpeech:test:Babble_noise:20:1995-1836-0014,test-clean/1995/1836/1995-1836-0014.flac,1995,Clean,clean,0.9636711281070746,"[0.75,1.00]",True,True,True,0.004539582768632644,True,True,True,401,492,491,True,True
207,LibriSpeech:test:Babble_noise:20:6930-75918-0019,test-clean/6930/75918/6930-75918-0019.flac,6930,Clean,clean,0.9591315453384419,"[0.75,1.00]",188,LibriSpeech:test:Babble_noise:20:1995-1836-0014,test-clean/1995/1836/1995-1836-0014.flac,1995,Clean,clean,0.9636711281070746,"[0.75,1.00]",True,True,True,0.004539582768632644,True,True,True,503,492,491,True,True
208,LibriSpeech:test:Babble_noise:20:6930-75918-0019,test-clean/6930/75918/6930-75918-0019.flac,6930,Babble_noise,20,0.9591315453384419,"[0.75,1.00]",189,LibriSpeech:test:Babble_noise:20:1995-1836-0014,test-clean/1995/1836/1995-1836-0014.flac,1995,Babble_noise,20,0.9636711281070746,"[0.75,1.00]",True,True,True,0.004539582768632644,True,True,True,101,492,491,True,True
208,LibriSpeech:test:Babble_noise:20:6930-75918-0019,test-clean/6930/75918/6930-75918-0019.flac,6930,Babble_noise,20,0.9591315453384419,"[0.75,1.00]",189,LibriSpeech:test:Babble_noise:20:1995-1836-0014,test-clean/1995/1836/1995-1836-0014.flac,1995,Babble_noise,20,0.9636711281070746,"[0.75,1.00]",True,True,True,0.004539582768632644,True,True,True,211,492,491,True,True
208,LibriSpeech:test:Babble_noise:20:6930-75918-0019,test-clean/6930/75918/6930-75918-0019.flac,6930,Babble_noise,20,0.9591315453384419,"[0.75,1.00]",189,LibriSpeech:test:Babble_noise:20:1995-1836-0014,test-clean/1995/1836/1995-1836-0014.flac,1995,Babble_noise,20,0.9636711281070746,"[0.75,1.00]",True,True,True,0.004539582768632644,True,True,True,307,492,491,True,True
208,LibriSpeech:test:Babble_noise:20:6930-75918-0019,test-clean/6930/75918/6930-75918-0019.flac,6930,Babble_noise,20,0.9591315453384419,"[0.75,1.00]",189,LibriSpeech:test:Babble_noise:20:1995-1836-0014,test-clean/1995/1836/1995-1836-0014.flac,1995,Babble_noise,20,0.9636711281070746,"[0.75,1.00]",True,True,True,0.004539582768632644,True,True,True,401,492,491,True,True
208,LibriSpeech:test:Babble_noise:20:6930-75918-0019,test-clean/6930/75918/6930-75918-0019.flac,6930,Babble_noise,20,0.9591315453384419,"[0.75,1.00]",189,LibriSpeech:test:Babble_noise:20:1995-1836-0014,test-clean/1995/1836/1995-1836-0014.flac,1995,Babble_noise,20,0.9636711281070746,"[0.75,1.00]",True,True,True,0.004539582768632644,True,True,True,503,492,491,True,True
215,LibriSpeech:test:SSN_noise:-5:1188-133604-0016,test-clean/1188/133604/1188-133604-0016.flac,1188,SSN_noise,-5,0.7323943661971831,"[0.50,0.75)",245,LibriSpeech:test:SSN_noise:-5:908-157963-0017,test-clean/908/157963/908-157963-0017.flac,908,SSN_noise,-5,0.6578947368421053,"[0.50,0.75)",True,True,True,0.07449962935507781,True,True,True,101,492,491,True,True
215,LibriSpeech:test:SSN_noise:-5:1188-133604-0016,test-clean/1188/133604/1188-133604-0016.flac,1188,SSN_noise,-5,0.7323943661971831,"[0.50,0.75)",245,LibriSpeech:test:SSN_noise:-5:908-157963-0017,test-clean/908/157963/908-157963-0017.flac,908,SSN_noise,-5,0.6578947368421053,"[0.50,0.75)",True,True,True,0.07449962935507781,True,True,True,211,492,491,True,True
215,LibriSpeech:test:SSN_noise:-5:1188-133604-0016,test-clean/1188/133604/1188-133604-0016.flac,1188,SSN_noise,-5,0.7323943661971831,"[0.50,0.75)",245,LibriSpeech:test:SSN_noise:-5:908-157963-0017,test-clean/908/157963/908-157963-0017.flac,908,SSN_noise,-5,0.6578947368421053,"[0.50,0.75)",True,True,True,0.07449962935507781,True,True,True,307,492,491,True,True
215,LibriSpeech:test:SSN_noise:-5:1188-133604-0016,test-clean/1188/133604/1188-133604-0016.flac,1188,SSN_noise,-5,0.7323943661971831,"[0.50,0.75)",245,LibriSpeech:test:SSN_noise:-5:908-157963-0017,test-clean/908/157963/908-157963-0017.flac,908,SSN_noise,-5,0.6578947368421053,"[0.50,0.75)",True,True,True,0.07449962935507781,True,True,True,401,492,491,True,True
215,LibriSpeech:test:SSN_noise:-5:1188-133604-0016,test-clean/1188/133604/1188-133604-0016.flac,1188,SSN_noise,-5,0.7323943661971831,"[0.50,0.75)",245,LibriSpeech:test:SSN_noise:-5:908-157963-0017,test-clean/908/157963/908-157963-0017.flac,908,SSN_noise,-5,0.6578947368421053,"[0.50,0.75)",True,True,True,0.07449962935507781,True,True,True,503,492,491,True,True
216,LibriSpeech:test:SSN_noise:-5:1188-133604-0026,test-clean/1188/133604/1188-133604-0026.flac,1188,Clean,clean,0.7706928264868179,"[0.75,1.00]",434,LibriSpeech:test:Domestic_noise:0:2094-142345-0049,test-clean/2094/142345/2094-142345-0049.flac,2094,Clean,clean,0.7705627705627706,"[0.75,1.00]",True,True,True,0.00013005592404735644,True,True,True,101,492,491,True,True
216,LibriSpeech:test:SSN_noise:-5:1188-133604-0026,test-clean/1188/133604/1188-133604-0026.flac,1188,Clean,clean,0.7706928264868179,"[0.75,1.00]",434,LibriSpeech:test:Domestic_noise:0:2094-142345-0049,test-clean/2094/142345/2094-142345-0049.flac,2094,Clean,clean,0.7705627705627706,"[0.75,1.00]",True,True,True,0.00013005592404735644,True,True,True,211,492,491,True,True
216,LibriSpeech:test:SSN_noise:-5:1188-133604-0026,test-clean/1188/133604/1188-133604-0026.flac,1188,Clean,clean,0.7706928264868179,"[0.75,1.00]",434,LibriSpeech:test:Domestic_noise:0:2094-142345-0049,test-clean/2094/142345/2094-142345-0049.flac,2094,Clean,clean,0.7705627705627706,"[0.75,1.00]",True,True,True,0.00013005592404735644,True,True,True,307,492,491,True,True
216,LibriSpeech:test:SSN_noise:-5:1188-133604-0026,test-clean/1188/133604/1188-133604-0026.flac,1188,Clean,clean,0.7706928264868179,"[0.75,1.00]",434,LibriSpeech:test:Domestic_noise:0:2094-142345-0049,test-clean/2094/142345/2094-142345-0049.flac,2094,Clean,clean,0.7705627705627706,"[0.75,1.00]",True,True,True,0.00013005592404735644,True,True,True,401,492,491,True,True
216,LibriSpeech:test:SSN_noise:-5:1188-133604-0026,test-clean/1188/133604/1188-133604-0026.flac,1188,Clean,clean,0.7706928264868179,"[0.75,1.00]",434,LibriSpeech:test:Domestic_noise:0:2094-142345-0049,test-clean/2094/142345/2094-142345-0049.flac,2094,Clean,clean,0.7705627705627706,"[0.75,1.00]",True,True,True,0.00013005592404735644,True,True,True,503,492,491,True,True
217,LibriSpeech:test:SSN_noise:-5:1188-133604-0026,test-clean/1188/133604/1188-133604-0026.flac,1188,SSN_noise,-5,0.7706928264868179,"[0.75,1.00]",225,LibriSpeech:test:SSN_noise:-5:2300-131720-0028,test-clean/2300/131720/2300-131720-0028.flac,2300,SSN_noise,-5,0.8590149118843199,"[0.75,1.00]",True,True,True,0.08832208539750197,True,True,True,101,492,491,True,True
217,LibriSpeech:test:SSN_noise:-5:1188-133604-0026,test-clean/1188/133604/1188-133604-0026.flac,1188,SSN_noise,-5,0.7706928264868179,"[0.75,1.00]",225,LibriSpeech:test:SSN_noise:-5:2300-131720-0028,test-clean/2300/131720/2300-131720-0028.flac,2300,SSN_noise,-5,0.8590149118843199,"[0.75,1.00]",True,True,True,0.08832208539750197,True,True,True,211,492,491,True,True
217,LibriSpeech:test:SSN_noise:-5:1188-133604-0026,test-clean/1188/133604/1188-133604-0026.flac,1188,SSN_noise,-5,0.7706928264868179,"[0.75,1.00]",225,LibriSpeech:test:SSN_noise:-5:2300-131720-0028,test-clean/2300/131720/2300-131720-0028.flac,2300,SSN_noise,-5,0.8590149118843199,"[0.75,1.00]",True,True,True,0.08832208539750197,True,True,True,307,492,491,True,True
217,LibriSpeech:test:SSN_noise:-5:1188-133604-0026,test-clean/1188/133604/1188-133604-0026.flac,1188,SSN_noise,-5,0.7706928264868179,"[0.75,1.00]",225,LibriSpeech:test:SSN_noise:-5:2300-131720-0028,test-clean/2300/131720/2300-131720-0028.flac,2300,SSN_noise,-5,0.8590149118843199,"[0.75,1.00]",True,True,True,0.08832208539750197,True,True,True,401,492,491,True,True
217,LibriSpeech:test:SSN_noise:-5:1188-133604-0026,test-clean/1188/133604/1188-133604-0026.flac,1188,SSN_noise,-5,0.7706928264868179,"[0.75,1.00]",225,LibriSpeech:test:SSN_noise:-5:2300-131720-0028,test-clean/2300/131720/2300-131720-0028.flac,2300,SSN_noise,-5,0.8590149118843199,"[0.75,1.00]",True,True,True,0.08832208539750197,True,True,True,503,492,491,True,True
218,LibriSpeech:test:SSN_noise:-5:1320-122612-0005,test-clean/1320/122612/1320-122612-0005.flac,1320,Clean,clean,0.9142857142857143,"[0.75,1.00]",397,LibriSpeech:test:SSN_noise:20:8463-294828-0038,test-clean/8463/294828/8463-294828-0038.flac,8463,Clean,clean,0.9142550911039657,"[0.75,1.00]",True,True,True,3.062318174851253e-05,True,True,True,101,492,491,True,True
218,LibriSpeech:test:SSN_noise:-5:1320-122612-0005,test-clean/1320/122612/1320-122612-0005.flac,1320,Clean,clean,0.9142857142857143,"[0.75,1.00]",397,LibriSpeech:test:SSN_noise:20:8463-294828-0038,test-clean/8463/294828/8463-294828-0038.flac,8463,Clean,clean,0.9142550911039657,"[0.75,1.00]",True,True,True,3.062318174851253e-05,True,True,True,211,492,491,True,True
218,LibriSpeech:test:SSN_noise:-5:1320-122612-0005,test-clean/1320/122612/1320-122612-0005.flac,1320,Clean,clean,0.9142857142857143,"[0.75,1.00]",397,LibriSpeech:test:SSN_noise:20:8463-294828-0038,test-clean/8463/294828/8463-294828-0038.flac,8463,Clean,clean,0.9142550911039657,"[0.75,1.00]",True,True,True,3.062318174851253e-05,True,True,True,307,492,491,True,True
218,LibriSpeech:test:SSN_noise:-5:1320-122612-0005,test-clean/1320/122612/1320-122612-0005.flac,1320,Clean,clean,0.9142857142857143,"[0.75,1.00]",397,LibriSpeech:test:SSN_noise:20:8463-294828-0038,test-clean/8463/294828/8463-294828-0038.flac,8463,Clean,clean,0.9142550911039657,"[0.75,1.00]",True,True,True,3.062318174851253e-05,True,True,True,401,492,491,True,True
218,LibriSpeech:test:SSN_noise:-5:1320-122612-0005,test-clean/1320/122612/1320-122612-0005.flac,1320,Clean,clean,0.9142857142857143,"[0.75,1.00]",397,LibriSpeech:test:SSN_noise:20:8463-294828-0038,test-clean/8463/294828/8463-294828-0038.flac,8463,Clean,clean,0.9142550911039657,"[0.75,1.00]",True,True,True,3.062318174851253e-05,True,True,True,503,492,491,True,True
219,LibriSpeech:test:SSN_noise:-5:1320-122612-0005,test-clean/1320/122612/1320-122612-0005.flac,1320,SSN_noise,-5,0.9142857142857143,"[0.75,1.00]",237,LibriSpeech:test:SSN_noise:-5:6930-75918-0019,test-clean/6930/75918/6930-75918-0019.flac,6930,SSN_noise,-5,0.9591315453384419,"[0.75,1.00]",True,True,True,0.04484583105272766,True,True,True,101,492,491,True,True
219,LibriSpeech:test:SSN_noise:-5:1320-122612-0005,test-clean/1320/122612/1320-122612-0005.flac,1320,SSN_noise,-5,0.9142857142857143,"[0.75,1.00]",237,LibriSpeech:test:SSN_noise:-5:6930-75918-0019,test-clean/6930/75918/6930-75918-0019.flac,6930,SSN_noise,-5,0.9591315453384419,"[0.75,1.00]",True,True,True,0.04484583105272766,True,True,True,211,492,491,True,True
219,LibriSpeech:test:SSN_noise:-5:1320-122612-0005,test-clean/1320/122612/1320-122612-0005.flac,1320,SSN_noise,-5,0.9142857142857143,"[0.75,1.00]",237,LibriSpeech:test:SSN_noise:-5:6930-75918-0019,test-clean/6930/75918/6930-75918-0019.flac,6930,SSN_noise,-5,0.9591315453384419,"[0.75,1.00]",True,True,True,0.04484583105272766,True,True,True,307,492,491,True,True
219,LibriSpeech:test:SSN_noise:-5:1320-122612-0005,test-clean/1320/122612/1320-122612-0005.flac,1320,SSN_noise,-5,0.9142857142857143,"[0.75,1.00]",237,LibriSpeech:test:SSN_noise:-5:6930-75918-0019,test-clean/6930/75918/6930-75918-0019.flac,6930,SSN_noise,-5,0.9591315453384419,"[0.75,1.00]",True,True,True,0.04484583105272766,True,True,True,401,492,491,True,True
219,LibriSpeech:test:SSN_noise:-5:1320-122612-0005,test-clean/1320/122612/1320-122612-0005.flac,1320,SSN_noise,-5,0.9142857142857143,"[0.75,1.00]",237,LibriSpeech:test:SSN_noise:-5:6930-75918-0019,test-clean/6930/75918/6930-75918-0019.flac,6930,SSN_noise,-5,0.9591315453384419,"[0.75,1.00]",True,True,True,0.04484583105272766,True,True,True,503,492,491,True,True
224,LibriSpeech:test:SSN_noise:-5:2300-131720-0028,test-clean/2300/131720/2300-131720-0028.flac,2300,Clean,clean,0.8590149118843199,"[0.75,1.00]",744,LibriSpeech:test:Office_noise:0:7021-79740-0001,test-clean/7021/79740/7021-79740-0001.flac,7021,Clean,clean,0.8577981651376146,"[0.75,1.00]",True,True,True,0.001216746746705244,True,True,True,101,492,491,True,True
224,LibriSpeech:test:SSN_noise:-5:2300-131720-0028,test-clean/2300/131720/2300-131720-0028.flac,2300,Clean,clean,0.8590149118843199,"[0.75,1.00]",744,LibriSpeech:test:Office_noise:0:7021-79740-0001,test-clean/7021/79740/7021-79740-0001.flac,7021,Clean,clean,0.8577981651376146,"[0.75,1.00]",True,True,True,0.001216746746705244,True,True,True,211,492,491,True,True
224,LibriSpeech:test:SSN_noise:-5:2300-131720-0028,test-clean/2300/131720/2300-131720-0028.flac,2300,Clean,clean,0.8590149118843199,"[0.75,1.00]",744,LibriSpeech:test:Office_noise:0:7021-79740-0001,test-clean/7021/79740/7021-79740-0001.flac,7021,Clean,clean,0.8577981651376146,"[0.75,1.00]",True,True,True,0.001216746746705244,True,True,True,307,492,491,True,True
224,LibriSpeech:test:SSN_noise:-5:2300-131720-0028,test-clean/2300/131720/2300-131720-0028.flac,2300,Clean,clean,0.8590149118843199,"[0.75,1.00]",744,LibriSpeech:test:Office_noise:0:7021-79740-0001,test-clean/7021/79740/7021-79740-0001.flac,7021,Clean,clean,0.8577981651376146,"[0.75,1.00]",True,True,True,0.001216746746705244,True,True,True,401,492,491,True,True
224,LibriSpeech:test:SSN_noise:-5:2300-131720-0028,test-clean/2300/131720/2300-131720-0028.flac,2300,Clean,clean,0.8590149118843199,"[0.75,1.00]",744,LibriSpeech:test:Office_noise:0:7021-79740-0001,test-clean/7021/79740/7021-79740-0001.flac,7021,Clean,clean,0.8577981651376146,"[0.75,1.00]",True,True,True,0.001216746746705244,True,True,True,503,492,491,True,True
225,LibriSpeech:test:SSN_noise:-5:2300-131720-0028,test-clean/2300/131720/2300-131720-0028.flac,2300,SSN_noise,-5,0.8590149118843199,"[0.75,1.00]",241,LibriSpeech:test:SSN_noise:-5:7729-102255-0037,test-clean/7729/102255/7729-102255-0037.flac,7729,SSN_noise,-5,0.8682385575589459,"[0.75,1.00]",True,True,True,0.009223645674625969,True,True,True,101,492,491,True,True
225,LibriSpeech:test:SSN_noise:-5:2300-131720-0028,test-clean/2300/131720/2300-131720-0028.flac,2300,SSN_noise,-5,0.8590149118843199,"[0.75,1.00]",241,LibriSpeech:test:SSN_noise:-5:7729-102255-0037,test-clean/7729/102255/7729-102255-0037.flac,7729,SSN_noise,-5,0.8682385575589459,"[0.75,1.00]",True,True,True,0.009223645674625969,True,True,True,211,492,491,True,True
225,LibriSpeech:test:SSN_noise:-5:2300-131720-0028,test-clean/2300/131720/2300-131720-0028.flac,2300,SSN_noise,-5,0.8590149118843199,"[0.75,1.00]",241,LibriSpeech:test:SSN_noise:-5:7729-102255-0037,test-clean/7729/102255/7729-102255-0037.flac,7729,SSN_noise,-5,0.8682385575589459,"[0.75,1.00]",True,True,True,0.009223645674625969,True,True,True,307,492,491,True,True
225,LibriSpeech:test:SSN_noise:-5:2300-131720-0028,test-clean/2300/131720/2300-131720-0028.flac,2300,SSN_noise,-5,0.8590149118843199,"[0.75,1.00]",241,LibriSpeech:test:SSN_noise:-5:7729-102255-0037,test-clean/7729/102255/7729-102255-0037.flac,7729,SSN_noise,-5,0.8682385575589459,"[0.75,1.00]",True,True,True,0.009223645674625969,True,True,True,401,492,491,True,True
225,LibriSpeech:test:SSN_noise:-5:2300-131720-0028,test-clean/2300/131720/2300-131720-0028.flac,2300,SSN_noise,-5,0.8590149118843199,"[0.75,1.00]",241,LibriSpeech:test:SSN_noise:-5:7729-102255-0037,test-clean/7729/102255/7729-102255-0037.flac,7729,SSN_noise,-5,0.8682385575589459,"[0.75,1.00]",True,True,True,0.009223645674625969,True,True,True,503,492,491,True,True
237,LibriSpeech:test:SSN_noise:-5:6930-75918-0019,test-clean/6930/75918/6930-75918-0019.flac,6930,SSN_noise,-5,0.9591315453384419,"[0.75,1.00]",219,LibriSpeech:test:SSN_noise:-5:1320-122612-0005,test-clean/1320/122612/1320-122612-0005.flac,1320,SSN_noise,-5,0.9142857142857143,"[0.75,1.00]",True,True,True,0.04484583105272766,True,True,True,101,492,491,True,True
237,LibriSpeech:test:SSN_noise:-5:6930-75918-0019,test-clean/6930/75918/6930-75918-0019.flac,6930,SSN_noise,-5,0.9591315453384419,"[0.75,1.00]",219,LibriSpeech:test:SSN_noise:-5:1320-122612-0005,test-clean/1320/122612/1320-122612-0005.flac,1320,SSN_noise,-5,0.9142857142857143,"[0.75,1.00]",True,True,True,0.04484583105272766,True,True,True,211,492,491,True,True
237,LibriSpeech:test:SSN_noise:-5:6930-75918-0019,test-clean/6930/75918/6930-75918-0019.flac,6930,SSN_noise,-5,0.9591315453384419,"[0.75,1.00]",219,LibriSpeech:test:SSN_noise:-5:1320-122612-0005,test-clean/1320/122612/1320-122612-0005.flac,1320,SSN_noise,-5,0.9142857142857143,"[0.75,1.00]",True,True,True,0.04484583105272766,True,True,True,307,492,491,True,True
237,LibriSpeech:test:SSN_noise:-5:6930-75918-0019,test-clean/6930/75918/6930-75918-0019.flac,6930,SSN_noise,-5,0.9591315453384419,"[0.75,1.00]",219,LibriSpeech:test:SSN_noise:-5:1320-122612-0005,test-clean/1320/122612/1320-122612-0005.flac,1320,SSN_noise,-5,0.9142857142857143,"[0.75,1.00]",True,True,True,0.04484583105272766,True,True,True,401,492,491,True,True
237,LibriSpeech:test:SSN_noise:-5:6930-75918-0019,test-clean/6930/75918/6930-75918-0019.flac,6930,SSN_noise,-5,0.9591315453384419,"[0.75,1.00]",219,LibriSpeech:test:SSN_noise:-5:1320-122612-0005,test-clean/1320/122612/1320-122612-0005.flac,1320,SSN_noise,-5,0.9142857142857143,"[0.75,1.00]",True,True,True,0.04484583105272766,True,True,True,503,492,491,True,True
238,LibriSpeech:test:SSN_noise:-5:7176-92135-0003,test-clean/7176/92135/7176-92135-0003.flac,7176,Clean,clean,0.0,"[0,0.25)",42,LibriSpeech:test:Babble_noise:0:121-127105-0036,test-clean/121/127105/121-127105-0036.flac,121,Clean,clean,0.0,"[0,0.25)",True,True,True,0.0,True,True,True,101,492,491,True,True
238,LibriSpeech:test:SSN_noise:-5:7176-92135-0003,test-clean/7176/92135/7176-92135-0003.flac,7176,Clean,clean,0.0,"[0,0.25)",636,LibriSpeech:test:Nature_noise:10:2830-3980-0013,test-clean/2830/3980/2830-3980-0013.flac,2830,Clean,clean,0.0,"[0,0.25)",True,True,True,0.0,True,True,True,211,492,491,True,True
238,LibriSpeech:test:SSN_noise:-5:7176-92135-0003,test-clean/7176/92135/7176-92135-0003.flac,7176,Clean,clean,0.0,"[0,0.25)",42,LibriSpeech:test:Babble_noise:0:121-127105-0036,test-clean/121/127105/121-127105-0036.flac,121,Clean,clean,0.0,"[0,0.25)",True,True,True,0.0,True,True,True,307,492,491,True,True
238,LibriSpeech:test:SSN_noise:-5:7176-92135-0003,test-clean/7176/92135/7176-92135-0003.flac,7176,Clean,clean,0.0,"[0,0.25)",636,LibriSpeech:test:Nature_noise:10:2830-3980-0013,test-clean/2830/3980/2830-3980-0013.flac,2830,Clean,clean,0.0,"[0,0.25)",True,True,True,0.0,True,True,True,401,492,491,True,True
238,LibriSpeech:test:SSN_noise:-5:7176-92135-0003,test-clean/7176/92135/7176-92135-0003.flac,7176,Clean,clean,0.0,"[0,0.25)",636,LibriSpeech:test:Nature_noise:10:2830-3980-0013,test-clean/2830/3980/2830-3980-0013.flac,2830,Clean,clean,0.0,"[0,0.25)",True,True,True,0.0,True,True,True,503,492,491,True,True
239,LibriSpeech:test:SSN_noise:-5:7176-92135-0003,test-clean/7176/92135/7176-92135-0003.flac,7176,SSN_noise,-5,0.0,"[0,0.25)",245,LibriSpeech:test:SSN_noise:-5:908-157963-0017,test-clean/908/157963/908-157963-0017.flac,908,SSN_noise,-5,0.6578947368421053,"[0.50,0.75)",True,True,False,0.6578947368421053,True,True,True,101,492,491,True,True
239,LibriSpeech:test:SSN_noise:-5:7176-92135-0003,test-clean/7176/92135/7176-92135-0003.flac,7176,SSN_noise,-5,0.0,"[0,0.25)",245,LibriSpeech:test:SSN_noise:-5:908-157963-0017,test-clean/908/157963/908-157963-0017.flac,908,SSN_noise,-5,0.6578947368421053,"[0.50,0.75)",True,True,False,0.6578947368421053,True,True,True,211,492,491,True,True
239,LibriSpeech:test:SSN_noise:-5:7176-92135-0003,test-clean/7176/92135/7176-92135-0003.flac,7176,SSN_noise,-5,0.0,"[0,0.25)",245,LibriSpeech:test:SSN_noise:-5:908-157963-0017,test-clean/908/157963/908-157963-0017.flac,908,SSN_noise,-5,0.6578947368421053,"[0.50,0.75)",True,True,False,0.6578947368421053,True,True,True,307,492,491,True,True
239,LibriSpeech:test:SSN_noise:-5:7176-92135-0003,test-clean/7176/92135/7176-92135-0003.flac,7176,SSN_noise,-5,0.0,"[0,0.25)",245,LibriSpeech:test:SSN_noise:-5:908-157963-0017,test-clean/908/157963/908-157963-0017.flac,908,SSN_noise,-5,0.6578947368421053,"[0.50,0.75)",True,True,False,0.6578947368421053,True,True,True,401,492,491,True,True
239,LibriSpeech:test:SSN_noise:-5:7176-92135-0003,test-clean/7176/92135/7176-92135-0003.flac,7176,SSN_noise,-5,0.0,"[0,0.25)",245,LibriSpeech:test:SSN_noise:-5:908-157963-0017,test-clean/908/157963/908-157963-0017.flac,908,SSN_noise,-5,0.6578947368421053,"[0.50,0.75)",True,True,False,0.6578947368421053,True,True,True,503,492,491,True,True
240,LibriSpeech:test:SSN_noise:-5:7729-102255-0037,test-clean/7729/102255/7729-102255-0037.flac,7729,Clean,clean,0.8682385575589459,"[0.75,1.00]",252,LibriSpeech:test:SSN_noise:0:260-123286-0028,test-clean/260/123286/260-123286-0028.flac,260,Clean,clean,0.8684931506849315,"[0.75,1.00]",True,True,True,0.000254593125985636,True,True,True,101,492,491,True,True
240,LibriSpeech:test:SSN_noise:-5:7729-102255-0037,test-clean/7729/102255/7729-102255-0037.flac,7729,Clean,clean,0.8682385575589459,"[0.75,1.00]",252,LibriSpeech:test:SSN_noise:0:260-123286-0028,test-clean/260/123286/260-123286-0028.flac,260,Clean,clean,0.8684931506849315,"[0.75,1.00]",True,True,True,0.000254593125985636,True,True,True,211,492,491,True,True
240,LibriSpeech:test:SSN_noise:-5:7729-102255-0037,test-clean/7729/102255/7729-102255-0037.flac,7729,Clean,clean,0.8682385575589459,"[0.75,1.00]",252,LibriSpeech:test:SSN_noise:0:260-123286-0028,test-clean/260/123286/260-123286-0028.flac,260,Clean,clean,0.8684931506849315,"[0.75,1.00]",True,True,True,0.000254593125985636,True,True,True,307,492,491,True,True
240,LibriSpeech:test:SSN_noise:-5:7729-102255-0037,test-clean/7729/102255/7729-102255-0037.flac,7729,Clean,clean,0.8682385575589459,"[0.75,1.00]",252,LibriSpeech:test:SSN_noise:0:260-123286-0028,test-clean/260/123286/260-123286-0028.flac,260,Clean,clean,0.8684931506849315,"[0.75,1.00]",True,True,True,0.000254593125985636,True,True,True,401,492,491,True,True
240,LibriSpeech:test:SSN_noise:-5:7729-102255-0037,test-clean/7729/102255/7729-102255-0037.flac,7729,Clean,clean,0.8682385575589459,"[0.75,1.00]",252,LibriSpeech:test:SSN_noise:0:260-123286-0028,test-clean/260/123286/260-123286-0028.flac,260,Clean,clean,0.8684931506849315,"[0.75,1.00]",True,True,True,0.000254593125985636,True,True,True,503,492,491,True,True
241,LibriSpeech:test:SSN_noise:-5:7729-102255-0037,test-clean/7729/102255/7729-102255-0037.flac,7729,SSN_noise,-5,0.8682385575589459,"[0.75,1.00]",225,LibriSpeech:test:SSN_noise:-5:2300-131720-0028,test-clean/2300/131720/2300-131720-0028.flac,2300,SSN_noise,-5,0.8590149118843199,"[0.75,1.00]",True,True,True,0.009223645674625969,True,True,True,101,492,491,True,True
241,LibriSpeech:test:SSN_noise:-5:7729-102255-0037,test-clean/7729/102255/7729-102255-0037.flac,7729,SSN_noise,-5,0.8682385575589459,"[0.75,1.00]",225,LibriSpeech:test:SSN_noise:-5:2300-131720-0028,test-clean/2300/131720/2300-131720-0028.flac,2300,SSN_noise,-5,0.8590149118843199,"[0.75,1.00]",True,True,True,0.009223645674625969,True,True,True,211,492,491,True,True
241,LibriSpeech:test:SSN_noise:-5:7729-102255-0037,test-clean/7729/102255/7729-102255-0037.flac,7729,SSN_noise,-5,0.8682385575589459,"[0.75,1.00]",225,LibriSpeech:test:SSN_noise:-5:2300-131720-0028,test-clean/2300/131720/2300-131720-0028.flac,2300,SSN_noise,-5,0.8590149118843199,"[0.75,1.00]",True,True,True,0.009223645674625969,True,True,True,307,492,491,True,True
241,LibriSpeech:test:SSN_noise:-5:7729-102255-0037,test-clean/7729/102255/7729-102255-0037.flac,7729,SSN_noise,-5,0.8682385575589459,"[0.75,1.00]",225,LibriSpeech:test:SSN_noise:-5:2300-131720-0028,test-clean/2300/131720/2300-131720-0028.flac,2300,SSN_noise,-5,0.8590149118843199,"[0.75,1.00]",True,True,True,0.009223645674625969,True,True,True,401,492,491,True,True
241,LibriSpeech:test:SSN_noise:-5:7729-102255-0037,test-clean/7729/102255/7729-102255-0037.flac,7729,SSN_noise,-5,0.8682385575589459,"[0.75,1.00]",225,LibriSpeech:test:SSN_noise:-5:2300-131720-0028,test-clean/2300/131720/2300-131720-0028.flac,2300,SSN_noise,-5,0.8590149118843199,"[0.75,1.00]",True,True,True,0.009223645674625969,True,True,True,503,492,491,True,True
244,LibriSpeech:test:SSN_noise:-5:908-157963-0017,test-clean/908/157963/908-157963-0017.flac,908,Clean,clean,0.6578947368421053,"[0.50,0.75)",317,LibriSpeech:test:SSN_noise:10:2830-3980-0053,test-clean/2830/3980/2830-3980-0053.flac,2830,Clean,clean,0.6583333333333333,"[0.50,0.75)",True,True,True,0.00043859649122801603,True,True,True,101,492,491,True,True
244,LibriSpeech:test:SSN_noise:-5:908-157963-0017,test-clean/908/157963/908-157963-0017.flac,908,Clean,clean,0.6578947368421053,"[0.50,0.75)",317,LibriSpeech:test:SSN_noise:10:2830-3980-0053,test-clean/2830/3980/2830-3980-0053.flac,2830,Clean,clean,0.6583333333333333,"[0.50,0.75)",True,True,True,0.00043859649122801603,True,True,True,211,492,491,True,True
244,LibriSpeech:test:SSN_noise:-5:908-157963-0017,test-clean/908/157963/908-157963-0017.flac,908,Clean,clean,0.6578947368421053,"[0.50,0.75)",317,LibriSpeech:test:SSN_noise:10:2830-3980-0053,test-clean/2830/3980/2830-3980-0053.flac,2830,Clean,clean,0.6583333333333333,"[0.50,0.75)",True,True,True,0.00043859649122801603,True,True,True,307,492,491,True,True
244,LibriSpeech:test:SSN_noise:-5:908-157963-0017,test-clean/908/157963/908-157963-0017.flac,908,Clean,clean,0.6578947368421053,"[0.50,0.75)",317,LibriSpeech:test:SSN_noise:10:2830-3980-0053,test-clean/2830/3980/2830-3980-0053.flac,2830,Clean,clean,0.6583333333333333,"[0.50,0.75)",True,True,True,0.00043859649122801603,True,True,True,401,492,491,True,True
244,LibriSpeech:test:SSN_noise:-5:908-157963-0017,test-clean/908/157963/908-157963-0017.flac,908,Clean,clean,0.6578947368421053,"[0.50,0.75)",317,LibriSpeech:test:SSN_noise:10:2830-3980-0053,test-clean/2830/3980/2830-3980-0053.flac,2830,Clean,clean,0.6583333333333333,"[0.50,0.75)",True,True,True,0.00043859649122801603,True,True,True,503,492,491,True,True
245,LibriSpeech:test:SSN_noise:-5:908-157963-0017,test-clean/908/157963/908-157963-0017.flac,908,SSN_noise,-5,0.6578947368421053,"[0.50,0.75)",215,LibriSpeech:test:SSN_noise:-5:1188-133604-0016,test-clean/1188/133604/1188-133604-0016.flac,1188,SSN_noise,-5,0.7323943661971831,"[0.50,0.75)",True,True,True,0.07449962935507781,True,True,True,101,492,491,True,True
245,LibriSpeech:test:SSN_noise:-5:908-157963-0017,test-clean/908/157963/908-157963-0017.flac,908,SSN_noise,-5,0.6578947368421053,"[0.50,0.75)",215,LibriSpeech:test:SSN_noise:-5:1188-133604-0016,test-clean/1188/133604/1188-133604-0016.flac,1188,SSN_noise,-5,0.7323943661971831,"[0.50,0.75)",True,True,True,0.07449962935507781,True,True,True,211,492,491,True,True
245,LibriSpeech:test:SSN_noise:-5:908-157963-0017,test-clean/908/157963/908-157963-0017.flac,908,SSN_noise,-5,0.6578947368421053,"[0.50,0.75)",215,LibriSpeech:test:SSN_noise:-5:1188-133604-0016,test-clean/1188/133604/1188-133604-0016.flac,1188,SSN_noise,-5,0.7323943661971831,"[0.50,0.75)",True,True,True,0.07449962935507781,True,True,True,307,492,491,True,True
245,LibriSpeech:test:SSN_noise:-5:908-157963-0017,test-clean/908/157963/908-157963-0017.flac,908,SSN_noise,-5,0.6578947368421053,"[0.50,0.75)",215,LibriSpeech:test:SSN_noise:-5:1188-133604-0016,test-clean/1188/133604/1188-133604-0016.flac,1188,SSN_noise,-5,0.7323943661971831,"[0.50,0.75)",True,True,True,0.07449962935507781,True,True,True,401,492,491,True,True
245,LibriSpeech:test:SSN_noise:-5:908-157963-0017,test-clean/908/157963/908-157963-0017.flac,908,SSN_noise,-5,0.6578947368421053,"[0.50,0.75)",215,LibriSpeech:test:SSN_noise:-5:1188-133604-0016,test-clean/1188/133604/1188-133604-0016.flac,1188,SSN_noise,-5,0.7323943661971831,"[0.50,0.75)",True,True,True,0.07449962935507781,True,True,True,503,492,491,True,True
252,LibriSpeech:test:SSN_noise:0:260-123286-0028,test-clean/260/123286/260-123286-0028.flac,260,Clean,clean,0.8684931506849315,"[0.75,1.00]",240,LibriSpeech:test:SSN_noise:-5:7729-102255-0037,test-clean/7729/102255/7729-102255-0037.flac,7729,Clean,clean,0.8682385575589459,"[0.75,1.00]",True,True,True,0.000254593125985636,True,True,True,101,492,491,True,True
252,LibriSpeech:test:SSN_noise:0:260-123286-0028,test-clean/260/123286/260-123286-0028.flac,260,Clean,clean,0.8684931506849315,"[0.75,1.00]",240,LibriSpeech:test:SSN_noise:-5:7729-102255-0037,test-clean/7729/102255/7729-102255-0037.flac,7729,Clean,clean,0.8682385575589459,"[0.75,1.00]",True,True,True,0.000254593125985636,True,True,True,211,492,491,True,True
252,LibriSpeech:test:SSN_noise:0:260-123286-0028,test-clean/260/123286/260-123286-0028.flac,260,Clean,clean,0.8684931506849315,"[0.75,1.00]",240,LibriSpeech:test:SSN_noise:-5:7729-102255-0037,test-clean/7729/102255/7729-102255-0037.flac,7729,Clean,clean,0.8682385575589459,"[0.75,1.00]",True,True,True,0.000254593125985636,True,True,True,307,492,491,True,True
252,LibriSpeech:test:SSN_noise:0:260-123286-0028,test-clean/260/123286/260-123286-0028.flac,260,Clean,clean,0.8684931506849315,"[0.75,1.00]",240,LibriSpeech:test:SSN_noise:-5:7729-102255-0037,test-clean/7729/102255/7729-102255-0037.flac,7729,Clean,clean,0.8682385575589459,"[0.75,1.00]",True,True,True,0.000254593125985636,True,True,True,401,492,491,True,True
252,LibriSpeech:test:SSN_noise:0:260-123286-0028,test-clean/260/123286/260-123286-0028.flac,260,Clean,clean,0.8684931506849315,"[0.75,1.00]",240,LibriSpeech:test:SSN_noise:-5:7729-102255-0037,test-clean/7729/102255/7729-102255-0037.flac,7729,Clean,clean,0.8682385575589459,"[0.75,1.00]",True,True,True,0.000254593125985636,True,True,True,503,492,491,True,True
253,LibriSpeech:test:SSN_noise:0:260-123286-0028,test-clean/260/123286/260-123286-0028.flac,260,SSN_noise,0,0.8684931506849315,"[0.75,1.00]",281,LibriSpeech:test:SSN_noise:0:908-157963-0007,test-clean/908/157963/908-157963-0007.flac,908,SSN_noise,0,0.8532458563535912,"[0.75,1.00]",True,True,True,0.015247294331340311,True,True,True,101,492,491,True,True
253,LibriSpeech:test:SSN_noise:0:260-123286-0028,test-clean/260/123286/260-123286-0028.flac,260,SSN_noise,0,0.8684931506849315,"[0.75,1.00]",281,LibriSpeech:test:SSN_noise:0:908-157963-0007,test-clean/908/157963/908-157963-0007.flac,908,SSN_noise,0,0.8532458563535912,"[0.75,1.00]",True,True,True,0.015247294331340311,True,True,True,211,492,491,True,True
253,LibriSpeech:test:SSN_noise:0:260-123286-0028,test-clean/260/123286/260-123286-0028.flac,260,SSN_noise,0,0.8684931506849315,"[0.75,1.00]",281,LibriSpeech:test:SSN_noise:0:908-157963-0007,test-clean/908/157963/908-157963-0007.flac,908,SSN_noise,0,0.8532458563535912,"[0.75,1.00]",True,True,True,0.015247294331340311,True,True,True,307,492,491,True,True
253,LibriSpeech:test:SSN_noise:0:260-123286-0028,test-clean/260/123286/260-123286-0028.flac,260,SSN_noise,0,0.8684931506849315,"[0.75,1.00]",281,LibriSpeech:test:SSN_noise:0:908-157963-0007,test-clean/908/157963/908-157963-0007.flac,908,SSN_noise,0,0.8532458563535912,"[0.75,1.00]",True,True,True,0.015247294331340311,True,True,True,401,492,491,True,True
253,LibriSpeech:test:SSN_noise:0:260-123286-0028,test-clean/260/123286/260-123286-0028.flac,260,SSN_noise,0,0.8684931506849315,"[0.75,1.00]",281,LibriSpeech:test:SSN_noise:0:908-157963-0007,test-clean/908/157963/908-157963-0007.flac,908,SSN_noise,0,0.8532458563535912,"[0.75,1.00]",True,True,True,0.015247294331340311,True,True,True,503,492,491,True,True
254,LibriSpeech:test:SSN_noise:0:260-123288-0026,test-clean/260/123288/260-123288-0026.flac,260,Clean,clean,0.9043336058871627,"[0.75,1.00]",405,LibriSpeech:test:Domestic_noise:-5:1320-122617-0028,test-clean/1320/122617/1320-122617-0028.flac,1320,Clean,clean,0.90311986863711,"[0.75,1.00]",True,True,True,0.0012137372500526933,True,True,True,101,492,491,True,True
254,LibriSpeech:test:SSN_noise:0:260-123288-0026,test-clean/260/123288/260-123288-0026.flac,260,Clean,clean,0.9043336058871627,"[0.75,1.00]",405,LibriSpeech:test:Domestic_noise:-5:1320-122617-0028,test-clean/1320/122617/1320-122617-0028.flac,1320,Clean,clean,0.90311986863711,"[0.75,1.00]",True,True,True,0.0012137372500526933,True,True,True,211,492,491,True,True
254,LibriSpeech:test:SSN_noise:0:260-123288-0026,test-clean/260/123288/260-123288-0026.flac,260,Clean,clean,0.9043336058871627,"[0.75,1.00]",405,LibriSpeech:test:Domestic_noise:-5:1320-122617-0028,test-clean/1320/122617/1320-122617-0028.flac,1320,Clean,clean,0.90311986863711,"[0.75,1.00]",True,True,True,0.0012137372500526933,True,True,True,307,492,491,True,True
254,LibriSpeech:test:SSN_noise:0:260-123288-0026,test-clean/260/123288/260-123288-0026.flac,260,Clean,clean,0.9043336058871627,"[0.75,1.00]",405,LibriSpeech:test:Domestic_noise:-5:1320-122617-0028,test-clean/1320/122617/1320-122617-0028.flac,1320,Clean,clean,0.90311986863711,"[0.75,1.00]",True,True,True,0.0012137372500526933,True,True,True,401,492,491,True,True
254,LibriSpeech:test:SSN_noise:0:260-123288-0026,test-clean/260/123288/260-123288-0026.flac,260,Clean,clean,0.9043336058871627,"[0.75,1.00]",405,LibriSpeech:test:Domestic_noise:-5:1320-122617-0028,test-clean/1320/122617/1320-122617-0028.flac,1320,Clean,clean,0.90311986863711,"[0.75,1.00]",True,True,True,0.0012137372500526933,True,True,True,503,492,491,True,True
255,LibriSpeech:test:SSN_noise:0:260-123288-0026,test-clean/260/123288/260-123288-0026.flac,260,SSN_noise,0,0.9043336058871627,"[0.75,1.00]",273,LibriSpeech:test:SSN_noise:0:6930-75918-0009,test-clean/6930/75918/6930-75918-0009.flac,6930,SSN_noise,0,0.9020172910662824,"[0.75,1.00]",True,True,True,0.0023163148208803497,True,True,True,101,492,491,True,True
255,LibriSpeech:test:SSN_noise:0:260-123288-0026,test-clean/260/123288/260-123288-0026.flac,260,SSN_noise,0,0.9043336058871627,"[0.75,1.00]",273,LibriSpeech:test:SSN_noise:0:6930-75918-0009,test-clean/6930/75918/6930-75918-0009.flac,6930,SSN_noise,0,0.9020172910662824,"[0.75,1.00]",True,True,True,0.0023163148208803497,True,True,True,211,492,491,True,True
255,LibriSpeech:test:SSN_noise:0:260-123288-0026,test-clean/260/123288/260-123288-0026.flac,260,SSN_noise,0,0.9043336058871627,"[0.75,1.00]",273,LibriSpeech:test:SSN_noise:0:6930-75918-0009,test-clean/6930/75918/6930-75918-0009.flac,6930,SSN_noise,0,0.9020172910662824,"[0.75,1.00]",True,True,True,0.0023163148208803497,True,True,True,307,492,491,True,True
255,LibriSpeech:test:SSN_noise:0:260-123288-0026,test-clean/260/123288/260-123288-0026.flac,260,SSN_noise,0,0.9043336058871627,"[0.75,1.00]",273,LibriSpeech:test:SSN_noise:0:6930-75918-0009,test-clean/6930/75918/6930-75918-0009.flac,6930,SSN_noise,0,0.9020172910662824,"[0.75,1.00]",True,True,True,0.0023163148208803497,True,True,True,401,492,491,True,True
255,LibriSpeech:test:SSN_noise:0:260-123288-0026,test-clean/260/123288/260-123288-0026.flac,260,SSN_noise,0,0.9043336058871627,"[0.75,1.00]",273,LibriSpeech:test:SSN_noise:0:6930-75918-0009,test-clean/6930/75918/6930-75918-0009.flac,6930,SSN_noise,0,0.9020172910662824,"[0.75,1.00]",True,True,True,0.0023163148208803497,True,True,True,503,492,491,True,True
257,LibriSpeech:test:SSN_noise:0:2961-960-0016,test-clean/2961/960/2961-960-0016.flac,2961,Clean,clean,0.7721518987341772,"[0.75,1.00]",483,LibriSpeech:test:Domestic_noise:10:2300-131720-0038,test-clean/2300/131720/2300-131720-0038.flac,2300,Clean,clean,0.7722222222222223,"[0.75,1.00]",True,True,True,7.032348804503208e-05,True,True,True,101,492,491,True,True
257,LibriSpeech:test:SSN_noise:0:2961-960-0016,test-clean/2961/960/2961-960-0016.flac,2961,Clean,clean,0.7721518987341772,"[0.75,1.00]",483,LibriSpeech:test:Domestic_noise:10:2300-131720-0038,test-clean/2300/131720/2300-131720-0038.flac,2300,Clean,clean,0.7722222222222223,"[0.75,1.00]",True,True,True,7.032348804503208e-05,True,True,True,211,492,491,True,True
257,LibriSpeech:test:SSN_noise:0:2961-960-0016,test-clean/2961/960/2961-960-0016.flac,2961,Clean,clean,0.7721518987341772,"[0.75,1.00]",483,LibriSpeech:test:Domestic_noise:10:2300-131720-0038,test-clean/2300/131720/2300-131720-0038.flac,2300,Clean,clean,0.7722222222222223,"[0.75,1.00]",True,True,True,7.032348804503208e-05,True,True,True,307,492,491,True,True
257,LibriSpeech:test:SSN_noise:0:2961-960-0016,test-clean/2961/960/2961-960-0016.flac,2961,Clean,clean,0.7721518987341772,"[0.75,1.00]",483,LibriSpeech:test:Domestic_noise:10:2300-131720-0038,test-clean/2300/131720/2300-131720-0038.flac,2300,Clean,clean,0.7722222222222223,"[0.75,1.00]",True,True,True,7.032348804503208e-05,True,True,True,401,492,491,True,True
257,LibriSpeech:test:SSN_noise:0:2961-960-0016,test-clean/2961/960/2961-960-0016.flac,2961,Clean,clean,0.7721518987341772,"[0.75,1.00]",483,LibriSpeech:test:Domestic_noise:10:2300-131720-0038,test-clean/2300/131720/2300-131720-0038.flac,2300,Clean,clean,0.7722222222222223,"[0.75,1.00]",True,True,True,7.032348804503208e-05,True,True,True,503,492,491,True,True
258,LibriSpeech:test:SSN_noise:0:2961-960-0016,test-clean/2961/960/2961-960-0016.flac,2961,SSN_noise,0,0.7721518987341772,"[0.75,1.00]",281,LibriSpeech:test:SSN_noise:0:908-157963-0007,test-clean/908/157963/908-157963-0007.flac,908,SSN_noise,0,0.8532458563535912,"[0.75,1.00]",True,True,True,0.08109395761941396,True,True,True,101,492,491,True,True
258,LibriSpeech:test:SSN_noise:0:2961-960-0016,test-clean/2961/960/2961-960-0016.flac,2961,SSN_noise,0,0.7721518987341772,"[0.75,1.00]",281,LibriSpeech:test:SSN_noise:0:908-157963-0007,test-clean/908/157963/908-157963-0007.flac,908,SSN_noise,0,0.8532458563535912,"[0.75,1.00]",True,True,True,0.08109395761941396,True,True,True,211,492,491,True,True
258,LibriSpeech:test:SSN_noise:0:2961-960-0016,test-clean/2961/960/2961-960-0016.flac,2961,SSN_noise,0,0.7721518987341772,"[0.75,1.00]",281,LibriSpeech:test:SSN_noise:0:908-157963-0007,test-clean/908/157963/908-157963-0007.flac,908,SSN_noise,0,0.8532458563535912,"[0.75,1.00]",True,True,True,0.08109395761941396,True,True,True,307,492,491,True,True
258,LibriSpeech:test:SSN_noise:0:2961-960-0016,test-clean/2961/960/2961-960-0016.flac,2961,SSN_noise,0,0.7721518987341772,"[0.75,1.00]",281,LibriSpeech:test:SSN_noise:0:908-157963-0007,test-clean/908/157963/908-157963-0007.flac,908,SSN_noise,0,0.8532458563535912,"[0.75,1.00]",True,True,True,0.08109395761941396,True,True,True,401,492,491,True,True
258,LibriSpeech:test:SSN_noise:0:2961-960-0016,test-clean/2961/960/2961-960-0016.flac,2961,SSN_noise,0,0.7721518987341772,"[0.75,1.00]",281,LibriSpeech:test:SSN_noise:0:908-157963-0007,test-clean/908/157963/908-157963-0007.flac,908,SSN_noise,0,0.8532458563535912,"[0.75,1.00]",True,True,True,0.08109395761941396,True,True,True,503,492,491,True,True
272,LibriSpeech:test:SSN_noise:0:6930-75918-0009,test-clean/6930/75918/6930-75918-0009.flac,6930,Clean,clean,0.9020172910662824,"[0.75,1.00]",157,LibriSpeech:test:Babble_noise:15:1995-1826-0001,test-clean/1995/1826/1995-1826-0001.flac,1995,Clean,clean,0.9009433962264151,"[0.75,1.00]",True,True,True,0.0010738948398673065,True,True,True,101,492,491,True,True
272,LibriSpeech:test:SSN_noise:0:6930-75918-0009,test-clean/6930/75918/6930-75918-0009.flac,6930,Clean,clean,0.9020172910662824,"[0.75,1.00]",157,LibriSpeech:test:Babble_noise:15:1995-1826-0001,test-clean/1995/1826/1995-1826-0001.flac,1995,Clean,clean,0.9009433962264151,"[0.75,1.00]",True,True,True,0.0010738948398673065,True,True,True,211,492,491,True,True
272,LibriSpeech:test:SSN_noise:0:6930-75918-0009,test-clean/6930/75918/6930-75918-0009.flac,6930,Clean,clean,0.9020172910662824,"[0.75,1.00]",157,LibriSpeech:test:Babble_noise:15:1995-1826-0001,test-clean/1995/1826/1995-1826-0001.flac,1995,Clean,clean,0.9009433962264151,"[0.75,1.00]",True,True,True,0.0010738948398673065,True,True,True,307,492,491,True,True
272,LibriSpeech:test:SSN_noise:0:6930-75918-0009,test-clean/6930/75918/6930-75918-0009.flac,6930,Clean,clean,0.9020172910662824,"[0.75,1.00]",157,LibriSpeech:test:Babble_noise:15:1995-1826-0001,test-clean/1995/1826/1995-1826-0001.flac,1995,Clean,clean,0.9009433962264151,"[0.75,1.00]",True,True,True,0.0010738948398673065,True,True,True,401,492,491,True,True
272,LibriSpeech:test:SSN_noise:0:6930-75918-0009,test-clean/6930/75918/6930-75918-0009.flac,6930,Clean,clean,0.9020172910662824,"[0.75,1.00]",157,LibriSpeech:test:Babble_noise:15:1995-1826-0001,test-clean/1995/1826/1995-1826-0001.flac,1995,Clean,clean,0.9009433962264151,"[0.75,1.00]",True,True,True,0.0010738948398673065,True,True,True,503,492,491,True,True
273,LibriSpeech:test:SSN_noise:0:6930-75918-0009,test-clean/6930/75918/6930-75918-0009.flac,6930,SSN_noise,0,0.9020172910662824,"[0.75,1.00]",255,LibriSpeech:test:SSN_noise:0:260-123288-0026,test-clean/260/123288/260-123288-0026.flac,260,SSN_noise,0,0.9043336058871627,"[0.75,1.00]",True,True,True,0.0023163148208803497,True,True,True,101,492,491,True,True
273,LibriSpeech:test:SSN_noise:0:6930-75918-0009,test-clean/6930/75918/6930-75918-0009.flac,6930,SSN_noise,0,0.9020172910662824,"[0.75,1.00]",255,LibriSpeech:test:SSN_noise:0:260-123288-0026,test-clean/260/123288/260-123288-0026.flac,260,SSN_noise,0,0.9043336058871627,"[0.75,1.00]",True,True,True,0.0023163148208803497,True,True,True,211,492,491,True,True
273,LibriSpeech:test:SSN_noise:0:6930-75918-0009,test-clean/6930/75918/6930-75918-0009.flac,6930,SSN_noise,0,0.9020172910662824,"[0.75,1.00]",255,LibriSpeech:test:SSN_noise:0:260-123288-0026,test-clean/260/123288/260-123288-0026.flac,260,SSN_noise,0,0.9043336058871627,"[0.75,1.00]",True,True,True,0.0023163148208803497,True,True,True,307,492,491,True,True
273,LibriSpeech:test:SSN_noise:0:6930-75918-0009,test-clean/6930/75918/6930-75918-0009.flac,6930,SSN_noise,0,0.9020172910662824,"[0.75,1.00]",255,LibriSpeech:test:SSN_noise:0:260-123288-0026,test-clean/260/123288/260-123288-0026.flac,260,SSN_noise,0,0.9043336058871627,"[0.75,1.00]",True,True,True,0.0023163148208803497,True,True,True,401,492,491,True,True
273,LibriSpeech:test:SSN_noise:0:6930-75918-0009,test-clean/6930/75918/6930-75918-0009.flac,6930,SSN_noise,0,0.9020172910662824,"[0.75,1.00]",255,LibriSpeech:test:SSN_noise:0:260-123288-0026,test-clean/260/123288/260-123288-0026.flac,260,SSN_noise,0,0.9043336058871627,"[0.75,1.00]",True,True,True,0.0023163148208803497,True,True,True,503,492,491,True,True
280,LibriSpeech:test:SSN_noise:0:908-157963-0007,test-clean/908/157963/908-157963-0007.flac,908,Clean,clean,0.8532458563535912,"[0.75,1.00]",498,LibriSpeech:test:Domestic_noise:10:8224-274381-0010,test-clean/8224/274381/8224-274381-0010.flac,8224,Clean,clean,0.854230377166157,"[0.75,1.00]",True,True,True,0.0009845208125658367,True,True,True,101,492,491,True,True
280,LibriSpeech:test:SSN_noise:0:908-157963-0007,test-clean/908/157963/908-157963-0007.flac,908,Clean,clean,0.8532458563535912,"[0.75,1.00]",498,LibriSpeech:test:Domestic_noise:10:8224-274381-0010,test-clean/8224/274381/8224-274381-0010.flac,8224,Clean,clean,0.854230377166157,"[0.75,1.00]",True,True,True,0.0009845208125658367,True,True,True,211,492,491,True,True
280,LibriSpeech:test:SSN_noise:0:908-157963-0007,test-clean/908/157963/908-157963-0007.flac,908,Clean,clean,0.8532458563535912,"[0.75,1.00]",498,LibriSpeech:test:Domestic_noise:10:8224-274381-0010,test-clean/8224/274381/8224-274381-0010.flac,8224,Clean,clean,0.854230377166157,"[0.75,1.00]",True,True,True,0.0009845208125658367,True,True,True,307,492,491,True,True
280,LibriSpeech:test:SSN_noise:0:908-157963-0007,test-clean/908/157963/908-157963-0007.flac,908,Clean,clean,0.8532458563535912,"[0.75,1.00]",498,LibriSpeech:test:Domestic_noise:10:8224-274381-0010,test-clean/8224/274381/8224-274381-0010.flac,8224,Clean,clean,0.854230377166157,"[0.75,1.00]",True,True,True,0.0009845208125658367,True,True,True,401,492,491,True,True
280,LibriSpeech:test:SSN_noise:0:908-157963-0007,test-clean/908/157963/908-157963-0007.flac,908,Clean,clean,0.8532458563535912,"[0.75,1.00]",498,LibriSpeech:test:Domestic_noise:10:8224-274381-0010,test-clean/8224/274381/8224-274381-0010.flac,8224,Clean,clean,0.854230377166157,"[0.75,1.00]",True,True,True,0.0009845208125658367,True,True,True,503,492,491,True,True
281,LibriSpeech:test:SSN_noise:0:908-157963-0007,test-clean/908/157963/908-157963-0007.flac,908,SSN_noise,0,0.8532458563535912,"[0.75,1.00]",253,LibriSpeech:test:SSN_noise:0:260-123286-0028,test-clean/260/123286/260-123286-0028.flac,260,SSN_noise,0,0.8684931506849315,"[0.75,1.00]",True,True,True,0.015247294331340311,True,True,True,101,492,491,True,True
281,LibriSpeech:test:SSN_noise:0:908-157963-0007,test-clean/908/157963/908-157963-0007.flac,908,SSN_noise,0,0.8532458563535912,"[0.75,1.00]",253,LibriSpeech:test:SSN_noise:0:260-123286-0028,test-clean/260/123286/260-123286-0028.flac,260,SSN_noise,0,0.8684931506849315,"[0.75,1.00]",True,True,True,0.015247294331340311,True,True,True,211,492,491,True,True
281,LibriSpeech:test:SSN_noise:0:908-157963-0007,test-clean/908/157963/908-157963-0007.flac,908,SSN_noise,0,0.8532458563535912,"[0.75,1.00]",253,LibriSpeech:test:SSN_noise:0:260-123286-0028,test-clean/260/123286/260-123286-0028.flac,260,SSN_noise,0,0.8684931506849315,"[0.75,1.00]",True,True,True,0.015247294331340311,True,True,True,307,492,491,True,True
281,LibriSpeech:test:SSN_noise:0:908-157963-0007,test-clean/908/157963/908-157963-0007.flac,908,SSN_noise,0,0.8532458563535912,"[0.75,1.00]",253,LibriSpeech:test:SSN_noise:0:260-123286-0028,test-clean/260/123286/260-123286-0028.flac,260,SSN_noise,0,0.8684931506849315,"[0.75,1.00]",True,True,True,0.015247294331340311,True,True,True,401,492,491,True,True
281,LibriSpeech:test:SSN_noise:0:908-157963-0007,test-clean/908/157963/908-157963-0007.flac,908,SSN_noise,0,0.8532458563535912,"[0.75,1.00]",253,LibriSpeech:test:SSN_noise:0:260-123286-0028,test-clean/260/123286/260-123286-0028.flac,260,SSN_noise,0,0.8684931506849315,"[0.75,1.00]",True,True,True,0.015247294331340311,True,True,True,503,492,491,True,True
284,LibriSpeech:test:SSN_noise:5:121-121726-0001,test-clean/121/121726/121-121726-0001.flac,121,SSN_noise,5,0.8815165876777251,"[0.75,1.00]",307,LibriSpeech:test:SSN_noise:5:6930-81414-0009,test-clean/6930/81414/6930-81414-0009.flac,6930,SSN_noise,5,0.8963414634146342,"[0.75,1.00]",True,True,True,0.014824875736909049,True,True,True,101,492,491,True,True
284,LibriSpeech:test:SSN_noise:5:121-121726-0001,test-clean/121/121726/121-121726-0001.flac,121,SSN_noise,5,0.8815165876777251,"[0.75,1.00]",307,LibriSpeech:test:SSN_noise:5:6930-81414-0009,test-clean/6930/81414/6930-81414-0009.flac,6930,SSN_noise,5,0.8963414634146342,"[0.75,1.00]",True,True,True,0.014824875736909049,True,True,True,211,492,491,True,True
284,LibriSpeech:test:SSN_noise:5:121-121726-0001,test-clean/121/121726/121-121726-0001.flac,121,SSN_noise,5,0.8815165876777251,"[0.75,1.00]",307,LibriSpeech:test:SSN_noise:5:6930-81414-0009,test-clean/6930/81414/6930-81414-0009.flac,6930,SSN_noise,5,0.8963414634146342,"[0.75,1.00]",True,True,True,0.014824875736909049,True,True,True,307,492,491,True,True
284,LibriSpeech:test:SSN_noise:5:121-121726-0001,test-clean/121/121726/121-121726-0001.flac,121,SSN_noise,5,0.8815165876777251,"[0.75,1.00]",307,LibriSpeech:test:SSN_noise:5:6930-81414-0009,test-clean/6930/81414/6930-81414-0009.flac,6930,SSN_noise,5,0.8963414634146342,"[0.75,1.00]",True,True,True,0.014824875736909049,True,True,True,401,492,491,True,True
284,LibriSpeech:test:SSN_noise:5:121-121726-0001,test-clean/121/121726/121-121726-0001.flac,121,SSN_noise,5,0.8815165876777251,"[0.75,1.00]",307,LibriSpeech:test:SSN_noise:5:6930-81414-0009,test-clean/6930/81414/6930-81414-0009.flac,6930,SSN_noise,5,0.8963414634146342,"[0.75,1.00]",True,True,True,0.014824875736909049,True,True,True,503,492,491,True,True
287,LibriSpeech:test:SSN_noise:5:1320-122612-0015,test-clean/1320/122612/1320-122612-0015.flac,1320,Clean,clean,0.8132295719844358,"[0.75,1.00]",180,LibriSpeech:test:Babble_noise:15:8224-274384-0012,test-clean/8224/274384/8224-274384-0012.flac,8224,Clean,clean,0.8150134048257373,"[0.75,1.00]",True,True,True,0.0017838328413014581,True,True,True,101,492,491,True,True
287,LibriSpeech:test:SSN_noise:5:1320-122612-0015,test-clean/1320/122612/1320-122612-0015.flac,1320,Clean,clean,0.8132295719844358,"[0.75,1.00]",180,LibriSpeech:test:Babble_noise:15:8224-274384-0012,test-clean/8224/274384/8224-274384-0012.flac,8224,Clean,clean,0.8150134048257373,"[0.75,1.00]",True,True,True,0.0017838328413014581,True,True,True,211,492,491,True,True
287,LibriSpeech:test:SSN_noise:5:1320-122612-0015,test-clean/1320/122612/1320-122612-0015.flac,1320,Clean,clean,0.8132295719844358,"[0.75,1.00]",180,LibriSpeech:test:Babble_noise:15:8224-274384-0012,test-clean/8224/274384/8224-274384-0012.flac,8224,Clean,clean,0.8150134048257373,"[0.75,1.00]",True,True,True,0.0017838328413014581,True,True,True,307,492,491,True,True
287,LibriSpeech:test:SSN_noise:5:1320-122612-0015,test-clean/1320/122612/1320-122612-0015.flac,1320,Clean,clean,0.8132295719844358,"[0.75,1.00]",180,LibriSpeech:test:Babble_noise:15:8224-274384-0012,test-clean/8224/274384/8224-274384-0012.flac,8224,Clean,clean,0.8150134048257373,"[0.75,1.00]",True,True,True,0.0017838328413014581,True,True,True,401,492,491,True,True
287,LibriSpeech:test:SSN_noise:5:1320-122612-0015,test-clean/1320/122612/1320-122612-0015.flac,1320,Clean,clean,0.8132295719844358,"[0.75,1.00]",180,LibriSpeech:test:Babble_noise:15:8224-274384-0012,test-clean/8224/274384/8224-274384-0012.flac,8224,Clean,clean,0.8150134048257373,"[0.75,1.00]",True,True,True,0.0017838328413014581,True,True,True,503,492,491,True,True
288,LibriSpeech:test:SSN_noise:5:1320-122612-0015,test-clean/1320/122612/1320-122612-0015.flac,1320,SSN_noise,5,0.8132295719844358,"[0.75,1.00]",291,LibriSpeech:test:SSN_noise:5:237-134500-0031,test-clean/237/134500/237-134500-0031.flac,237,SSN_noise,5,0.8426470588235294,"[0.75,1.00]",True,True,True,0.02941748683909362,True,True,True,101,492,491,True,True
288,LibriSpeech:test:SSN_noise:5:1320-122612-0015,test-clean/1320/122612/1320-122612-0015.flac,1320,SSN_noise,5,0.8132295719844358,"[0.75,1.00]",291,LibriSpeech:test:SSN_noise:5:237-134500-0031,test-clean/237/134500/237-134500-0031.flac,237,SSN_noise,5,0.8426470588235294,"[0.75,1.00]",True,True,True,0.02941748683909362,True,True,True,211,492,491,True,True
288,LibriSpeech:test:SSN_noise:5:1320-122612-0015,test-clean/1320/122612/1320-122612-0015.flac,1320,SSN_noise,5,0.8132295719844358,"[0.75,1.00]",291,LibriSpeech:test:SSN_noise:5:237-134500-0031,test-clean/237/134500/237-134500-0031.flac,237,SSN_noise,5,0.8426470588235294,"[0.75,1.00]",True,True,True,0.02941748683909362,True,True,True,307,492,491,True,True
288,LibriSpeech:test:SSN_noise:5:1320-122612-0015,test-clean/1320/122612/1320-122612-0015.flac,1320,SSN_noise,5,0.8132295719844358,"[0.75,1.00]",291,LibriSpeech:test:SSN_noise:5:237-134500-0031,test-clean/237/134500/237-134500-0031.flac,237,SSN_noise,5,0.8426470588235294,"[0.75,1.00]",True,True,True,0.02941748683909362,True,True,True,401,492,491,True,True
288,LibriSpeech:test:SSN_noise:5:1320-122612-0015,test-clean/1320/122612/1320-122612-0015.flac,1320,SSN_noise,5,0.8132295719844358,"[0.75,1.00]",291,LibriSpeech:test:SSN_noise:5:237-134500-0031,test-clean/237/134500/237-134500-0031.flac,237,SSN_noise,5,0.8426470588235294,"[0.75,1.00]",True,True,True,0.02941748683909362,True,True,True,503,492,491,True,True
291,LibriSpeech:test:SSN_noise:5:237-134500-0031,test-clean/237/134500/237-134500-0031.flac,237,SSN_noise,5,0.8426470588235294,"[0.75,1.00]",294,LibriSpeech:test:SSN_noise:5:3729-6852-0003,test-clean/3729/6852/3729-6852-0003.flac,3729,SSN_noise,5,0.8455008488964346,"[0.75,1.00]",True,True,True,0.0028537900729052046,True,True,True,101,492,491,True,True
291,LibriSpeech:test:SSN_noise:5:237-134500-0031,test-clean/237/134500/237-134500-0031.flac,237,SSN_noise,5,0.8426470588235294,"[0.75,1.00]",294,LibriSpeech:test:SSN_noise:5:3729-6852-0003,test-clean/3729/6852/3729-6852-0003.flac,3729,SSN_noise,5,0.8455008488964346,"[0.75,1.00]",True,True,True,0.0028537900729052046,True,True,True,211,492,491,True,True
291,LibriSpeech:test:SSN_noise:5:237-134500-0031,test-clean/237/134500/237-134500-0031.flac,237,SSN_noise,5,0.8426470588235294,"[0.75,1.00]",294,LibriSpeech:test:SSN_noise:5:3729-6852-0003,test-clean/3729/6852/3729-6852-0003.flac,3729,SSN_noise,5,0.8455008488964346,"[0.75,1.00]",True,True,True,0.0028537900729052046,True,True,True,307,492,491,True,True
291,LibriSpeech:test:SSN_noise:5:237-134500-0031,test-clean/237/134500/237-134500-0031.flac,237,SSN_noise,5,0.8426470588235294,"[0.75,1.00]",294,LibriSpeech:test:SSN_noise:5:3729-6852-0003,test-clean/3729/6852/3729-6852-0003.flac,3729,SSN_noise,5,0.8455008488964346,"[0.75,1.00]",True,True,True,0.0028537900729052046,True,True,True,401,492,491,True,True
291,LibriSpeech:test:SSN_noise:5:237-134500-0031,test-clean/237/134500/237-134500-0031.flac,237,SSN_noise,5,0.8426470588235294,"[0.75,1.00]",294,LibriSpeech:test:SSN_noise:5:3729-6852-0003,test-clean/3729/6852/3729-6852-0003.flac,3729,SSN_noise,5,0.8455008488964346,"[0.75,1.00]",True,True,True,0.0028537900729052046,True,True,True,503,492,491,True,True
293,LibriSpeech:test:SSN_noise:5:3729-6852-0003,test-clean/3729/6852/3729-6852-0003.flac,3729,Clean,clean,0.8455008488964346,"[0.75,1.00]",126,LibriSpeech:test:Babble_noise:10:237-134500-0031,test-clean/237/134500/237-134500-0031.flac,237,Clean,clean,0.8426470588235294,"[0.75,1.00]",True,True,True,0.0028537900729052046,True,True,True,101,492,491,True,True
293,LibriSpeech:test:SSN_noise:5:3729-6852-0003,test-clean/3729/6852/3729-6852-0003.flac,3729,Clean,clean,0.8455008488964346,"[0.75,1.00]",126,LibriSpeech:test:Babble_noise:10:237-134500-0031,test-clean/237/134500/237-134500-0031.flac,237,Clean,clean,0.8426470588235294,"[0.75,1.00]",True,True,True,0.0028537900729052046,True,True,True,211,492,491,True,True
293,LibriSpeech:test:SSN_noise:5:3729-6852-0003,test-clean/3729/6852/3729-6852-0003.flac,3729,Clean,clean,0.8455008488964346,"[0.75,1.00]",126,LibriSpeech:test:Babble_noise:10:237-134500-0031,test-clean/237/134500/237-134500-0031.flac,237,Clean,clean,0.8426470588235294,"[0.75,1.00]",True,True,True,0.0028537900729052046,True,True,True,307,492,491,True,True
293,LibriSpeech:test:SSN_noise:5:3729-6852-0003,test-clean/3729/6852/3729-6852-0003.flac,3729,Clean,clean,0.8455008488964346,"[0.75,1.00]",126,LibriSpeech:test:Babble_noise:10:237-134500-0031,test-clean/237/134500/237-134500-0031.flac,237,Clean,clean,0.8426470588235294,"[0.75,1.00]",True,True,True,0.0028537900729052046,True,True,True,401,492,491,True,True
293,LibriSpeech:test:SSN_noise:5:3729-6852-0003,test-clean/3729/6852/3729-6852-0003.flac,3729,Clean,clean,0.8455008488964346,"[0.75,1.00]",126,LibriSpeech:test:Babble_noise:10:237-134500-0031,test-clean/237/134500/237-134500-0031.flac,237,Clean,clean,0.8426470588235294,"[0.75,1.00]",True,True,True,0.0028537900729052046,True,True,True,503,492,491,True,True
294,LibriSpeech:test:SSN_noise:5:3729-6852-0003,test-clean/3729/6852/3729-6852-0003.flac,3729,SSN_noise,5,0.8455008488964346,"[0.75,1.00]",291,LibriSpeech:test:SSN_noise:5:237-134500-0031,test-clean/237/134500/237-134500-0031.flac,237,SSN_noise,5,0.8426470588235294,"[0.75,1.00]",True,True,True,0.0028537900729052046,True,True,True,101,492,491,True,True
294,LibriSpeech:test:SSN_noise:5:3729-6852-0003,test-clean/3729/6852/3729-6852-0003.flac,3729,SSN_noise,5,0.8455008488964346,"[0.75,1.00]",291,LibriSpeech:test:SSN_noise:5:237-134500-0031,test-clean/237/134500/237-134500-0031.flac,237,SSN_noise,5,0.8426470588235294,"[0.75,1.00]",True,True,True,0.0028537900729052046,True,True,True,211,492,491,True,True
294,LibriSpeech:test:SSN_noise:5:3729-6852-0003,test-clean/3729/6852/3729-6852-0003.flac,3729,SSN_noise,5,0.8455008488964346,"[0.75,1.00]",291,LibriSpeech:test:SSN_noise:5:237-134500-0031,test-clean/237/134500/237-134500-0031.flac,237,SSN_noise,5,0.8426470588235294,"[0.75,1.00]",True,True,True,0.0028537900729052046,True,True,True,307,492,491,True,True
294,LibriSpeech:test:SSN_noise:5:3729-6852-0003,test-clean/3729/6852/3729-6852-0003.flac,3729,SSN_noise,5,0.8455008488964346,"[0.75,1.00]",291,LibriSpeech:test:SSN_noise:5:237-134500-0031,test-clean/237/134500/237-134500-0031.flac,237,SSN_noise,5,0.8426470588235294,"[0.75,1.00]",True,True,True,0.0028537900729052046,True,True,True,401,492,491,True,True
294,LibriSpeech:test:SSN_noise:5:3729-6852-0003,test-clean/3729/6852/3729-6852-0003.flac,3729,SSN_noise,5,0.8455008488964346,"[0.75,1.00]",291,LibriSpeech:test:SSN_noise:5:237-134500-0031,test-clean/237/134500/237-134500-0031.flac,237,SSN_noise,5,0.8426470588235294,"[0.75,1.00]",True,True,True,0.0028537900729052046,True,True,True,503,492,491,True,True
297,LibriSpeech:test:SSN_noise:5:5142-33396-0038,test-clean/5142/33396/5142-33396-0038.flac,5142,Clean,clean,0.7567567567567568,"[0.75,1.00]",10,LibriSpeech:test:Babble_noise:-5:237-134500-0041,test-clean/237/134500/237-134500-0041.flac,237,Clean,clean,0.7573385518590998,"[0.75,1.00]",True,True,True,0.000581795102343019,True,True,True,101,492,491,True,True
297,LibriSpeech:test:SSN_noise:5:5142-33396-0038,test-clean/5142/33396/5142-33396-0038.flac,5142,Clean,clean,0.7567567567567568,"[0.75,1.00]",10,LibriSpeech:test:Babble_noise:-5:237-134500-0041,test-clean/237/134500/237-134500-0041.flac,237,Clean,clean,0.7573385518590998,"[0.75,1.00]",True,True,True,0.000581795102343019,True,True,True,211,492,491,True,True
297,LibriSpeech:test:SSN_noise:5:5142-33396-0038,test-clean/5142/33396/5142-33396-0038.flac,5142,Clean,clean,0.7567567567567568,"[0.75,1.00]",10,LibriSpeech:test:Babble_noise:-5:237-134500-0041,test-clean/237/134500/237-134500-0041.flac,237,Clean,clean,0.7573385518590998,"[0.75,1.00]",True,True,True,0.000581795102343019,True,True,True,307,492,491,True,True
297,LibriSpeech:test:SSN_noise:5:5142-33396-0038,test-clean/5142/33396/5142-33396-0038.flac,5142,Clean,clean,0.7567567567567568,"[0.75,1.00]",10,LibriSpeech:test:Babble_noise:-5:237-134500-0041,test-clean/237/134500/237-134500-0041.flac,237,Clean,clean,0.7573385518590998,"[0.75,1.00]",True,True,True,0.000581795102343019,True,True,True,401,492,491,True,True
297,LibriSpeech:test:SSN_noise:5:5142-33396-0038,test-clean/5142/33396/5142-33396-0038.flac,5142,Clean,clean,0.7567567567567568,"[0.75,1.00]",10,LibriSpeech:test:Babble_noise:-5:237-134500-0041,test-clean/237/134500/237-134500-0041.flac,237,Clean,clean,0.7573385518590998,"[0.75,1.00]",True,True,True,0.000581795102343019,True,True,True,503,492,491,True,True
298,LibriSpeech:test:SSN_noise:5:5142-33396-0038,test-clean/5142/33396/5142-33396-0038.flac,5142,SSN_noise,5,0.7567567567567568,"[0.75,1.00]",288,LibriSpeech:test:SSN_noise:5:1320-122612-0015,test-clean/1320/122612/1320-122612-0015.flac,1320,SSN_noise,5,0.8132295719844358,"[0.75,1.00]",True,True,True,0.056472815227678996,True,True,True,101,492,491,True,True
298,LibriSpeech:test:SSN_noise:5:5142-33396-0038,test-clean/5142/33396/5142-33396-0038.flac,5142,SSN_noise,5,0.7567567567567568,"[0.75,1.00]",288,LibriSpeech:test:SSN_noise:5:1320-122612-0015,test-clean/1320/122612/1320-122612-0015.flac,1320,SSN_noise,5,0.8132295719844358,"[0.75,1.00]",True,True,True,0.056472815227678996,True,True,True,211,492,491,True,True
298,LibriSpeech:test:SSN_noise:5:5142-33396-0038,test-clean/5142/33396/5142-33396-0038.flac,5142,SSN_noise,5,0.7567567567567568,"[0.75,1.00]",288,LibriSpeech:test:SSN_noise:5:1320-122612-0015,test-clean/1320/122612/1320-122612-0015.flac,1320,SSN_noise,5,0.8132295719844358,"[0.75,1.00]",True,True,True,0.056472815227678996,True,True,True,307,492,491,True,True
298,LibriSpeech:test:SSN_noise:5:5142-33396-0038,test-clean/5142/33396/5142-33396-0038.flac,5142,SSN_noise,5,0.7567567567567568,"[0.75,1.00]",288,LibriSpeech:test:SSN_noise:5:1320-122612-0015,test-clean/1320/122612/1320-122612-0015.flac,1320,SSN_noise,5,0.8132295719844358,"[0.75,1.00]",True,True,True,0.056472815227678996,True,True,True,401,492,491,True,True
298,LibriSpeech:test:SSN_noise:5:5142-33396-0038,test-clean/5142/33396/5142-33396-0038.flac,5142,SSN_noise,5,0.7567567567567568,"[0.75,1.00]",288,LibriSpeech:test:SSN_noise:5:1320-122612-0015,test-clean/1320/122612/1320-122612-0015.flac,1320,SSN_noise,5,0.8132295719844358,"[0.75,1.00]",True,True,True,0.056472815227678996,True,True,True,503,492,491,True,True
299,LibriSpeech:test:SSN_noise:5:5142-33396-0048,test-clean/5142/33396/5142-33396-0048.flac,5142,SSN_noise,5,0.13333333333333333,"[0,0.25)",298,LibriSpeech:test:SSN_noise:5:5142-33396-0038,test-clean/5142/33396/5142-33396-0038.flac,5142,SSN_noise,5,0.7567567567567568,"[0.75,1.00]",True,True,False,0.6234234234234235,True,False,True,101,492,491,True,True
299,LibriSpeech:test:SSN_noise:5:5142-33396-0048,test-clean/5142/33396/5142-33396-0048.flac,5142,SSN_noise,5,0.13333333333333333,"[0,0.25)",298,LibriSpeech:test:SSN_noise:5:5142-33396-0038,test-clean/5142/33396/5142-33396-0038.flac,5142,SSN_noise,5,0.7567567567567568,"[0.75,1.00]",True,True,False,0.6234234234234235,True,False,True,211,492,491,True,True
299,LibriSpeech:test:SSN_noise:5:5142-33396-0048,test-clean/5142/33396/5142-33396-0048.flac,5142,SSN_noise,5,0.13333333333333333,"[0,0.25)",298,LibriSpeech:test:SSN_noise:5:5142-33396-0038,test-clean/5142/33396/5142-33396-0038.flac,5142,SSN_noise,5,0.7567567567567568,"[0.75,1.00]",True,True,False,0.6234234234234235,True,False,True,307,492,491,True,True
299,LibriSpeech:test:SSN_noise:5:5142-33396-0048,test-clean/5142/33396/5142-33396-0048.flac,5142,SSN_noise,5,0.13333333333333333,"[0,0.25)",298,LibriSpeech:test:SSN_noise:5:5142-33396-0038,test-clean/5142/33396/5142-33396-0038.flac,5142,SSN_noise,5,0.7567567567567568,"[0.75,1.00]",True,True,False,0.6234234234234235,True,False,True,401,492,491,True,True
299,LibriSpeech:test:SSN_noise:5:5142-33396-0048,test-clean/5142/33396/5142-33396-0048.flac,5142,SSN_noise,5,0.13333333333333333,"[0,0.25)",298,LibriSpeech:test:SSN_noise:5:5142-33396-0038,test-clean/5142/33396/5142-33396-0038.flac,5142,SSN_noise,5,0.7567567567567568,"[0.75,1.00]",True,True,False,0.6234234234234235,True,False,True,503,492,491,True,True
305,LibriSpeech:test:SSN_noise:5:6930-76324-0028,test-clean/6930/76324/6930-76324-0028.flac,6930,SSN_noise,5,0.8663366336633663,"[0.75,1.00]",309,LibriSpeech:test:SSN_noise:5:7176-92135-0043,test-clean/7176/92135/7176-92135-0043.flac,7176,SSN_noise,5,0.8542766631467793,"[0.75,1.00]",True,True,True,0.012059970516587026,True,True,True,101,492,491,True,True
305,LibriSpeech:test:SSN_noise:5:6930-76324-0028,test-clean/6930/76324/6930-76324-0028.flac,6930,SSN_noise,5,0.8663366336633663,"[0.75,1.00]",309,LibriSpeech:test:SSN_noise:5:7176-92135-0043,test-clean/7176/92135/7176-92135-0043.flac,7176,SSN_noise,5,0.8542766631467793,"[0.75,1.00]",True,True,True,0.012059970516587026,True,True,True,211,492,491,True,True
305,LibriSpeech:test:SSN_noise:5:6930-76324-0028,test-clean/6930/76324/6930-76324-0028.flac,6930,SSN_noise,5,0.8663366336633663,"[0.75,1.00]",309,LibriSpeech:test:SSN_noise:5:7176-92135-0043,test-clean/7176/92135/7176-92135-0043.flac,7176,SSN_noise,5,0.8542766631467793,"[0.75,1.00]",True,True,True,0.012059970516587026,True,True,True,307,492,491,True,True
305,LibriSpeech:test:SSN_noise:5:6930-76324-0028,test-clean/6930/76324/6930-76324-0028.flac,6930,SSN_noise,5,0.8663366336633663,"[0.75,1.00]",309,LibriSpeech:test:SSN_noise:5:7176-92135-0043,test-clean/7176/92135/7176-92135-0043.flac,7176,SSN_noise,5,0.8542766631467793,"[0.75,1.00]",True,True,True,0.012059970516587026,True,True,True,401,492,491,True,True
305,LibriSpeech:test:SSN_noise:5:6930-76324-0028,test-clean/6930/76324/6930-76324-0028.flac,6930,SSN_noise,5,0.8663366336633663,"[0.75,1.00]",309,LibriSpeech:test:SSN_noise:5:7176-92135-0043,test-clean/7176/92135/7176-92135-0043.flac,7176,SSN_noise,5,0.8542766631467793,"[0.75,1.00]",True,True,True,0.012059970516587026,True,True,True,503,492,491,True,True
306,LibriSpeech:test:SSN_noise:5:6930-81414-0009,test-clean/6930/81414/6930-81414-0009.flac,6930,Clean,clean,0.8963414634146342,"[0.75,1.00]",68,LibriSpeech:test:Babble_noise:0:8230-279154-0038,test-clean/8230/279154/8230-279154-0038.flac,8230,Clean,clean,0.8982869379014989,"[0.75,1.00]",True,True,True,0.0019454744868647733,True,True,True,101,492,491,True,True
306,LibriSpeech:test:SSN_noise:5:6930-81414-0009,test-clean/6930/81414/6930-81414-0009.flac,6930,Clean,clean,0.8963414634146342,"[0.75,1.00]",68,LibriSpeech:test:Babble_noise:0:8230-279154-0038,test-clean/8230/279154/8230-279154-0038.flac,8230,Clean,clean,0.8982869379014989,"[0.75,1.00]",True,True,True,0.0019454744868647733,True,True,True,211,492,491,True,True
306,LibriSpeech:test:SSN_noise:5:6930-81414-0009,test-clean/6930/81414/6930-81414-0009.flac,6930,Clean,clean,0.8963414634146342,"[0.75,1.00]",68,LibriSpeech:test:Babble_noise:0:8230-279154-0038,test-clean/8230/279154/8230-279154-0038.flac,8230,Clean,clean,0.8982869379014989,"[0.75,1.00]",True,True,True,0.0019454744868647733,True,True,True,307,492,491,True,True
306,LibriSpeech:test:SSN_noise:5:6930-81414-0009,test-clean/6930/81414/6930-81414-0009.flac,6930,Clean,clean,0.8963414634146342,"[0.75,1.00]",68,LibriSpeech:test:Babble_noise:0:8230-279154-0038,test-clean/8230/279154/8230-279154-0038.flac,8230,Clean,clean,0.8982869379014989,"[0.75,1.00]",True,True,True,0.0019454744868647733,True,True,True,401,492,491,True,True
306,LibriSpeech:test:SSN_noise:5:6930-81414-0009,test-clean/6930/81414/6930-81414-0009.flac,6930,Clean,clean,0.8963414634146342,"[0.75,1.00]",68,LibriSpeech:test:Babble_noise:0:8230-279154-0038,test-clean/8230/279154/8230-279154-0038.flac,8230,Clean,clean,0.8982869379014989,"[0.75,1.00]",True,True,True,0.0019454744868647733,True,True,True,503,492,491,True,True
307,LibriSpeech:test:SSN_noise:5:6930-81414-0009,test-clean/6930/81414/6930-81414-0009.flac,6930,SSN_noise,5,0.8963414634146342,"[0.75,1.00]",310,LibriSpeech:test:SSN_noise:5:8230-279154-0038,test-clean/8230/279154/8230-279154-0038.flac,8230,SSN_noise,5,0.8982869379014989,"[0.75,1.00]",True,True,True,0.0019454744868647733,True,True,True,101,492,491,True,True
307,LibriSpeech:test:SSN_noise:5:6930-81414-0009,test-clean/6930/81414/6930-81414-0009.flac,6930,SSN_noise,5,0.8963414634146342,"[0.75,1.00]",310,LibriSpeech:test:SSN_noise:5:8230-279154-0038,test-clean/8230/279154/8230-279154-0038.flac,8230,SSN_noise,5,0.8982869379014989,"[0.75,1.00]",True,True,True,0.0019454744868647733,True,True,True,211,492,491,True,True
307,LibriSpeech:test:SSN_noise:5:6930-81414-0009,test-clean/6930/81414/6930-81414-0009.flac,6930,SSN_noise,5,0.8963414634146342,"[0.75,1.00]",310,LibriSpeech:test:SSN_noise:5:8230-279154-0038,test-clean/8230/279154/8230-279154-0038.flac,8230,SSN_noise,5,0.8982869379014989,"[0.75,1.00]",True,True,True,0.0019454744868647733,True,True,True,307,492,491,True,True
307,LibriSpeech:test:SSN_noise:5:6930-81414-0009,test-clean/6930/81414/6930-81414-0009.flac,6930,SSN_noise,5,0.8963414634146342,"[0.75,1.00]",310,LibriSpeech:test:SSN_noise:5:8230-279154-0038,test-clean/8230/279154/8230-279154-0038.flac,8230,SSN_noise,5,0.8982869379014989,"[0.75,1.00]",True,True,True,0.0019454744868647733,True,True,True,401,492,491,True,True
307,LibriSpeech:test:SSN_noise:5:6930-81414-0009,test-clean/6930/81414/6930-81414-0009.flac,6930,SSN_noise,5,0.8963414634146342,"[0.75,1.00]",310,LibriSpeech:test:SSN_noise:5:8230-279154-0038,test-clean/8230/279154/8230-279154-0038.flac,8230,SSN_noise,5,0.8982869379014989,"[0.75,1.00]",True,True,True,0.0019454744868647733,True,True,True,503,492,491,True,True
308,LibriSpeech:test:SSN_noise:5:7176-92135-0043,test-clean/7176/92135/7176-92135-0043.flac,7176,Clean,clean,0.8542766631467793,"[0.75,1.00]",498,LibriSpeech:test:Domestic_noise:10:8224-274381-0010,test-clean/8224/274381/8224-274381-0010.flac,8224,Clean,clean,0.854230377166157,"[0.75,1.00]",True,True,True,4.628598062228484e-05,True,True,True,101,492,491,True,True
308,LibriSpeech:test:SSN_noise:5:7176-92135-0043,test-clean/7176/92135/7176-92135-0043.flac,7176,Clean,clean,0.8542766631467793,"[0.75,1.00]",498,LibriSpeech:test:Domestic_noise:10:8224-274381-0010,test-clean/8224/274381/8224-274381-0010.flac,8224,Clean,clean,0.854230377166157,"[0.75,1.00]",True,True,True,4.628598062228484e-05,True,True,True,211,492,491,True,True
308,LibriSpeech:test:SSN_noise:5:7176-92135-0043,test-clean/7176/92135/7176-92135-0043.flac,7176,Clean,clean,0.8542766631467793,"[0.75,1.00]",498,LibriSpeech:test:Domestic_noise:10:8224-274381-0010,test-clean/8224/274381/8224-274381-0010.flac,8224,Clean,clean,0.854230377166157,"[0.75,1.00]",True,True,True,4.628598062228484e-05,True,True,True,307,492,491,True,True
308,LibriSpeech:test:SSN_noise:5:7176-92135-0043,test-clean/7176/92135/7176-92135-0043.flac,7176,Clean,clean,0.8542766631467793,"[0.75,1.00]",498,LibriSpeech:test:Domestic_noise:10:8224-274381-0010,test-clean/8224/274381/8224-274381-0010.flac,8224,Clean,clean,0.854230377166157,"[0.75,1.00]",True,True,True,4.628598062228484e-05,True,True,True,401,492,491,True,True
308,LibriSpeech:test:SSN_noise:5:7176-92135-0043,test-clean/7176/92135/7176-92135-0043.flac,7176,Clean,clean,0.8542766631467793,"[0.75,1.00]",498,LibriSpeech:test:Domestic_noise:10:8224-274381-0010,test-clean/8224/274381/8224-274381-0010.flac,8224,Clean,clean,0.854230377166157,"[0.75,1.00]",True,True,True,4.628598062228484e-05,True,True,True,503,492,491,True,True
309,LibriSpeech:test:SSN_noise:5:7176-92135-0043,test-clean/7176/92135/7176-92135-0043.flac,7176,SSN_noise,5,0.8542766631467793,"[0.75,1.00]",294,LibriSpeech:test:SSN_noise:5:3729-6852-0003,test-clean/3729/6852/3729-6852-0003.flac,3729,SSN_noise,5,0.8455008488964346,"[0.75,1.00]",True,True,True,0.008775814250344682,True,True,True,101,492,491,True,True
309,LibriSpeech:test:SSN_noise:5:7176-92135-0043,test-clean/7176/92135/7176-92135-0043.flac,7176,SSN_noise,5,0.8542766631467793,"[0.75,1.00]",294,LibriSpeech:test:SSN_noise:5:3729-6852-0003,test-clean/3729/6852/3729-6852-0003.flac,3729,SSN_noise,5,0.8455008488964346,"[0.75,1.00]",True,True,True,0.008775814250344682,True,True,True,211,492,491,True,True
309,LibriSpeech:test:SSN_noise:5:7176-92135-0043,test-clean/7176/92135/7176-92135-0043.flac,7176,SSN_noise,5,0.8542766631467793,"[0.75,1.00]",294,LibriSpeech:test:SSN_noise:5:3729-6852-0003,test-clean/3729/6852/3729-6852-0003.flac,3729,SSN_noise,5,0.8455008488964346,"[0.75,1.00]",True,True,True,0.008775814250344682,True,True,True,307,492,491,True,True
309,LibriSpeech:test:SSN_noise:5:7176-92135-0043,test-clean/7176/92135/7176-92135-0043.flac,7176,SSN_noise,5,0.8542766631467793,"[0.75,1.00]",294,LibriSpeech:test:SSN_noise:5:3729-6852-0003,test-clean/3729/6852/3729-6852-0003.flac,3729,SSN_noise,5,0.8455008488964346,"[0.75,1.00]",True,True,True,0.008775814250344682,True,True,True,401,492,491,True,True
309,LibriSpeech:test:SSN_noise:5:7176-92135-0043,test-clean/7176/92135/7176-92135-0043.flac,7176,SSN_noise,5,0.8542766631467793,"[0.75,1.00]",294,LibriSpeech:test:SSN_noise:5:3729-6852-0003,test-clean/3729/6852/3729-6852-0003.flac,3729,SSN_noise,5,0.8455008488964346,"[0.75,1.00]",True,True,True,0.008775814250344682,True,True,True,503,492,491,True,True
310,LibriSpeech:test:SSN_noise:5:8230-279154-0038,test-clean/8230/279154/8230-279154-0038.flac,8230,SSN_noise,5,0.8982869379014989,"[0.75,1.00]",307,LibriSpeech:test:SSN_noise:5:6930-81414-0009,test-clean/6930/81414/6930-81414-0009.flac,6930,SSN_noise,5,0.8963414634146342,"[0.75,1.00]",True,True,True,0.0019454744868647733,True,True,True,101,492,491,True,True
310,LibriSpeech:test:SSN_noise:5:8230-279154-0038,test-clean/8230/279154/8230-279154-0038.flac,8230,SSN_noise,5,0.8982869379014989,"[0.75,1.00]",307,LibriSpeech:test:SSN_noise:5:6930-81414-0009,test-clean/6930/81414/6930-81414-0009.flac,6930,SSN_noise,5,0.8963414634146342,"[0.75,1.00]",True,True,True,0.0019454744868647733,True,True,True,211,492,491,True,True
310,LibriSpeech:test:SSN_noise:5:8230-279154-0038,test-clean/8230/279154/8230-279154-0038.flac,8230,SSN_noise,5,0.8982869379014989,"[0.75,1.00]",307,LibriSpeech:test:SSN_noise:5:6930-81414-0009,test-clean/6930/81414/6930-81414-0009.flac,6930,SSN_noise,5,0.8963414634146342,"[0.75,1.00]",True,True,True,0.0019454744868647733,True,True,True,307,492,491,True,True
310,LibriSpeech:test:SSN_noise:5:8230-279154-0038,test-clean/8230/279154/8230-279154-0038.flac,8230,SSN_noise,5,0.8982869379014989,"[0.75,1.00]",307,LibriSpeech:test:SSN_noise:5:6930-81414-0009,test-clean/6930/81414/6930-81414-0009.flac,6930,SSN_noise,5,0.8963414634146342,"[0.75,1.00]",True,True,True,0.0019454744868647733,True,True,True,401,492,491,True,True
310,LibriSpeech:test:SSN_noise:5:8230-279154-0038,test-clean/8230/279154/8230-279154-0038.flac,8230,SSN_noise,5,0.8982869379014989,"[0.75,1.00]",307,LibriSpeech:test:SSN_noise:5:6930-81414-0009,test-clean/6930/81414/6930-81414-0009.flac,6930,SSN_noise,5,0.8963414634146342,"[0.75,1.00]",True,True,True,0.0019454744868647733,True,True,True,503,492,491,True,True
317,LibriSpeech:test:SSN_noise:10:2830-3980-0053,test-clean/2830/3980/2830-3980-0053.flac,2830,Clean,clean,0.6583333333333333,"[0.50,0.75)",244,LibriSpeech:test:SSN_noise:-5:908-157963-0017,test-clean/908/157963/908-157963-0017.flac,908,Clean,clean,0.6578947368421053,"[0.50,0.75)",True,True,True,0.00043859649122801603,True,True,True,101,492,491,True,True
317,LibriSpeech:test:SSN_noise:10:2830-3980-0053,test-clean/2830/3980/2830-3980-0053.flac,2830,Clean,clean,0.6583333333333333,"[0.50,0.75)",244,LibriSpeech:test:SSN_noise:-5:908-157963-0017,test-clean/908/157963/908-157963-0017.flac,908,Clean,clean,0.6578947368421053,"[0.50,0.75)",True,True,True,0.00043859649122801603,True,True,True,211,492,491,True,True
317,LibriSpeech:test:SSN_noise:10:2830-3980-0053,test-clean/2830/3980/2830-3980-0053.flac,2830,Clean,clean,0.6583333333333333,"[0.50,0.75)",244,LibriSpeech:test:SSN_noise:-5:908-157963-0017,test-clean/908/157963/908-157963-0017.flac,908,Clean,clean,0.6578947368421053,"[0.50,0.75)",True,True,True,0.00043859649122801603,True,True,True,307,492,491,True,True
317,LibriSpeech:test:SSN_noise:10:2830-3980-0053,test-clean/2830/3980/2830-3980-0053.flac,2830,Clean,clean,0.6583333333333333,"[0.50,0.75)",244,LibriSpeech:test:SSN_noise:-5:908-157963-0017,test-clean/908/157963/908-157963-0017.flac,908,Clean,clean,0.6578947368421053,"[0.50,0.75)",True,True,True,0.00043859649122801603,True,True,True,401,492,491,True,True
317,LibriSpeech:test:SSN_noise:10:2830-3980-0053,test-clean/2830/3980/2830-3980-0053.flac,2830,Clean,clean,0.6583333333333333,"[0.50,0.75)",244,LibriSpeech:test:SSN_noise:-5:908-157963-0017,test-clean/908/157963/908-157963-0017.flac,908,Clean,clean,0.6578947368421053,"[0.50,0.75)",True,True,True,0.00043859649122801603,True,True,True,503,492,491,True,True
318,LibriSpeech:test:SSN_noise:10:2830-3980-0053,test-clean/2830/3980/2830-3980-0053.flac,2830,SSN_noise,10,0.6583333333333333,"[0.50,0.75)",320,LibriSpeech:test:SSN_noise:10:2830-3980-0063,test-clean/2830/3980/2830-3980-0063.flac,2830,SSN_noise,10,0.7,"[0.50,0.75)",True,True,True,0.04166666666666663,True,False,True,101,492,491,True,True
318,LibriSpeech:test:SSN_noise:10:2830-3980-0053,test-clean/2830/3980/2830-3980-0053.flac,2830,SSN_noise,10,0.6583333333333333,"[0.50,0.75)",320,LibriSpeech:test:SSN_noise:10:2830-3980-0063,test-clean/2830/3980/2830-3980-0063.flac,2830,SSN_noise,10,0.7,"[0.50,0.75)",True,True,True,0.04166666666666663,True,False,True,211,492,491,True,True
318,LibriSpeech:test:SSN_noise:10:2830-3980-0053,test-clean/2830/3980/2830-3980-0053.flac,2830,SSN_noise,10,0.6583333333333333,"[0.50,0.75)",320,LibriSpeech:test:SSN_noise:10:2830-3980-0063,test-clean/2830/3980/2830-3980-0063.flac,2830,SSN_noise,10,0.7,"[0.50,0.75)",True,True,True,0.04166666666666663,True,False,True,307,492,491,True,True
318,LibriSpeech:test:SSN_noise:10:2830-3980-0053,test-clean/2830/3980/2830-3980-0053.flac,2830,SSN_noise,10,0.6583333333333333,"[0.50,0.75)",320,LibriSpeech:test:SSN_noise:10:2830-3980-0063,test-clean/2830/3980/2830-3980-0063.flac,2830,SSN_noise,10,0.7,"[0.50,0.75)",True,True,True,0.04166666666666663,True,False,True,401,492,491,True,True
318,LibriSpeech:test:SSN_noise:10:2830-3980-0053,test-clean/2830/3980/2830-3980-0053.flac,2830,SSN_noise,10,0.6583333333333333,"[0.50,0.75)",320,LibriSpeech:test:SSN_noise:10:2830-3980-0063,test-clean/2830/3980/2830-3980-0063.flac,2830,SSN_noise,10,0.7,"[0.50,0.75)",True,True,True,0.04166666666666663,True,False,True,503,492,491,True,True
319,LibriSpeech:test:SSN_noise:10:2830-3980-0063,test-clean/2830/3980/2830-3980-0063.flac,2830,Clean,clean,0.7,"[0.50,0.75)",997,LibriSpeech:test:Street_noise:0:908-157963-0027,test-clean/908/157963/908-157963-0027.flac,908,Clean,clean,0.7163120567375887,"[0.50,0.75)",True,True,True,0.01631205673758873,True,True,True,101,492,491,True,True
319,LibriSpeech:test:SSN_noise:10:2830-3980-0063,test-clean/2830/3980/2830-3980-0063.flac,2830,Clean,clean,0.7,"[0.50,0.75)",997,LibriSpeech:test:Street_noise:0:908-157963-0027,test-clean/908/157963/908-157963-0027.flac,908,Clean,clean,0.7163120567375887,"[0.50,0.75)",True,True,True,0.01631205673758873,True,True,True,211,492,491,True,True
319,LibriSpeech:test:SSN_noise:10:2830-3980-0063,test-clean/2830/3980/2830-3980-0063.flac,2830,Clean,clean,0.7,"[0.50,0.75)",997,LibriSpeech:test:Street_noise:0:908-157963-0027,test-clean/908/157963/908-157963-0027.flac,908,Clean,clean,0.7163120567375887,"[0.50,0.75)",True,True,True,0.01631205673758873,True,True,True,307,492,491,True,True
319,LibriSpeech:test:SSN_noise:10:2830-3980-0063,test-clean/2830/3980/2830-3980-0063.flac,2830,Clean,clean,0.7,"[0.50,0.75)",997,LibriSpeech:test:Street_noise:0:908-157963-0027,test-clean/908/157963/908-157963-0027.flac,908,Clean,clean,0.7163120567375887,"[0.50,0.75)",True,True,True,0.01631205673758873,True,True,True,401,492,491,True,True
319,LibriSpeech:test:SSN_noise:10:2830-3980-0063,test-clean/2830/3980/2830-3980-0063.flac,2830,Clean,clean,0.7,"[0.50,0.75)",997,LibriSpeech:test:Street_noise:0:908-157963-0027,test-clean/908/157963/908-157963-0027.flac,908,Clean,clean,0.7163120567375887,"[0.50,0.75)",True,True,True,0.01631205673758873,True,True,True,503,492,491,True,True
320,LibriSpeech:test:SSN_noise:10:2830-3980-0063,test-clean/2830/3980/2830-3980-0063.flac,2830,SSN_noise,10,0.7,"[0.50,0.75)",318,LibriSpeech:test:SSN_noise:10:2830-3980-0053,test-clean/2830/3980/2830-3980-0053.flac,2830,SSN_noise,10,0.6583333333333333,"[0.50,0.75)",True,True,True,0.04166666666666663,True,False,True,101,492,491,True,True
320,LibriSpeech:test:SSN_noise:10:2830-3980-0063,test-clean/2830/3980/2830-3980-0063.flac,2830,SSN_noise,10,0.7,"[0.50,0.75)",318,LibriSpeech:test:SSN_noise:10:2830-3980-0053,test-clean/2830/3980/2830-3980-0053.flac,2830,SSN_noise,10,0.6583333333333333,"[0.50,0.75)",True,True,True,0.04166666666666663,True,False,True,211,492,491,True,True
320,LibriSpeech:test:SSN_noise:10:2830-3980-0063,test-clean/2830/3980/2830-3980-0063.flac,2830,SSN_noise,10,0.7,"[0.50,0.75)",318,LibriSpeech:test:SSN_noise:10:2830-3980-0053,test-clean/2830/3980/2830-3980-0053.flac,2830,SSN_noise,10,0.6583333333333333,"[0.50,0.75)",True,True,True,0.04166666666666663,True,False,True,307,492,491,True,True
320,LibriSpeech:test:SSN_noise:10:2830-3980-0063,test-clean/2830/3980/2830-3980-0063.flac,2830,SSN_noise,10,0.7,"[0.50,0.75)",318,LibriSpeech:test:SSN_noise:10:2830-3980-0053,test-clean/2830/3980/2830-3980-0053.flac,2830,SSN_noise,10,0.6583333333333333,"[0.50,0.75)",True,True,True,0.04166666666666663,True,False,True,401,492,491,True,True
320,LibriSpeech:test:SSN_noise:10:2830-3980-0063,test-clean/2830/3980/2830-3980-0063.flac,2830,SSN_noise,10,0.7,"[0.50,0.75)",318,LibriSpeech:test:SSN_noise:10:2830-3980-0053,test-clean/2830/3980/2830-3980-0053.flac,2830,SSN_noise,10,0.6583333333333333,"[0.50,0.75)",True,True,True,0.04166666666666663,True,False,True,503,492,491,True,True
330,LibriSpeech:test:SSN_noise:10:5142-33396-0048,test-clean/5142/33396/5142-33396-0048.flac,5142,SSN_noise,10,0.13333333333333333,"[0,0.25)",318,LibriSpeech:test:SSN_noise:10:2830-3980-0053,test-clean/2830/3980/2830-3980-0053.flac,2830,SSN_noise,10,0.6583333333333333,"[0.50,0.75)",True,True,False,0.525,True,True,True,101,492,491,True,True
330,LibriSpeech:test:SSN_noise:10:5142-33396-0048,test-clean/5142/33396/5142-33396-0048.flac,5142,SSN_noise,10,0.13333333333333333,"[0,0.25)",318,LibriSpeech:test:SSN_noise:10:2830-3980-0053,test-clean/2830/3980/2830-3980-0053.flac,2830,SSN_noise,10,0.6583333333333333,"[0.50,0.75)",True,True,False,0.525,True,True,True,211,492,491,True,True
330,LibriSpeech:test:SSN_noise:10:5142-33396-0048,test-clean/5142/33396/5142-33396-0048.flac,5142,SSN_noise,10,0.13333333333333333,"[0,0.25)",318,LibriSpeech:test:SSN_noise:10:2830-3980-0053,test-clean/2830/3980/2830-3980-0053.flac,2830,SSN_noise,10,0.6583333333333333,"[0.50,0.75)",True,True,False,0.525,True,True,True,307,492,491,True,True
330,LibriSpeech:test:SSN_noise:10:5142-33396-0048,test-clean/5142/33396/5142-33396-0048.flac,5142,SSN_noise,10,0.13333333333333333,"[0,0.25)",318,LibriSpeech:test:SSN_noise:10:2830-3980-0053,test-clean/2830/3980/2830-3980-0053.flac,2830,SSN_noise,10,0.6583333333333333,"[0.50,0.75)",True,True,False,0.525,True,True,True,401,492,491,True,True
330,LibriSpeech:test:SSN_noise:10:5142-33396-0048,test-clean/5142/33396/5142-33396-0048.flac,5142,SSN_noise,10,0.13333333333333333,"[0,0.25)",318,LibriSpeech:test:SSN_noise:10:2830-3980-0053,test-clean/2830/3980/2830-3980-0053.flac,2830,SSN_noise,10,0.6583333333333333,"[0.50,0.75)",True,True,False,0.525,True,True,True,503,492,491,True,True
334,LibriSpeech:test:SSN_noise:10:7021-79740-0011,test-clean/7021/79740/7021-79740-0011.flac,7021,SSN_noise,10,0.8707692307692307,"[0.75,1.00]",340,LibriSpeech:test:SSN_noise:10:8230-279154-0028,test-clean/8230/279154/8230-279154-0028.flac,8230,SSN_noise,10,0.92,"[0.75,1.00]",True,True,True,0.0492307692307693,True,True,True,101,492,491,True,True
334,LibriSpeech:test:SSN_noise:10:7021-79740-0011,test-clean/7021/79740/7021-79740-0011.flac,7021,SSN_noise,10,0.8707692307692307,"[0.75,1.00]",340,LibriSpeech:test:SSN_noise:10:8230-279154-0028,test-clean/8230/279154/8230-279154-0028.flac,8230,SSN_noise,10,0.92,"[0.75,1.00]",True,True,True,0.0492307692307693,True,True,True,211,492,491,True,True
334,LibriSpeech:test:SSN_noise:10:7021-79740-0011,test-clean/7021/79740/7021-79740-0011.flac,7021,SSN_noise,10,0.8707692307692307,"[0.75,1.00]",340,LibriSpeech:test:SSN_noise:10:8230-279154-0028,test-clean/8230/279154/8230-279154-0028.flac,8230,SSN_noise,10,0.92,"[0.75,1.00]",True,True,True,0.0492307692307693,True,True,True,307,492,491,True,True
334,LibriSpeech:test:SSN_noise:10:7021-79740-0011,test-clean/7021/79740/7021-79740-0011.flac,7021,SSN_noise,10,0.8707692307692307,"[0.75,1.00]",340,LibriSpeech:test:SSN_noise:10:8230-279154-0028,test-clean/8230/279154/8230-279154-0028.flac,8230,SSN_noise,10,0.92,"[0.75,1.00]",True,True,True,0.0492307692307693,True,True,True,401,492,491,True,True
334,LibriSpeech:test:SSN_noise:10:7021-79740-0011,test-clean/7021/79740/7021-79740-0011.flac,7021,SSN_noise,10,0.8707692307692307,"[0.75,1.00]",340,LibriSpeech:test:SSN_noise:10:8230-279154-0028,test-clean/8230/279154/8230-279154-0028.flac,8230,SSN_noise,10,0.92,"[0.75,1.00]",True,True,True,0.0492307692307693,True,True,True,503,492,491,True,True
339,LibriSpeech:test:SSN_noise:10:8230-279154-0028,test-clean/8230/279154/8230-279154-0028.flac,8230,Clean,clean,0.92,"[0.75,1.00]",218,LibriSpeech:test:SSN_noise:-5:1320-122612-0005,test-clean/1320/122612/1320-122612-0005.flac,1320,Clean,clean,0.9142857142857143,"[0.75,1.00]",True,True,True,0.005714285714285783,True,True,True,101,492,491,True,True
339,LibriSpeech:test:SSN_noise:10:8230-279154-0028,test-clean/8230/279154/8230-279154-0028.flac,8230,Clean,clean,0.92,"[0.75,1.00]",218,LibriSpeech:test:SSN_noise:-5:1320-122612-0005,test-clean/1320/122612/1320-122612-0005.flac,1320,Clean,clean,0.9142857142857143,"[0.75,1.00]",True,True,True,0.005714285714285783,True,True,True,211,492,491,True,True
339,LibriSpeech:test:SSN_noise:10:8230-279154-0028,test-clean/8230/279154/8230-279154-0028.flac,8230,Clean,clean,0.92,"[0.75,1.00]",218,LibriSpeech:test:SSN_noise:-5:1320-122612-0005,test-clean/1320/122612/1320-122612-0005.flac,1320,Clean,clean,0.9142857142857143,"[0.75,1.00]",True,True,True,0.005714285714285783,True,True,True,307,492,491,True,True
339,LibriSpeech:test:SSN_noise:10:8230-279154-0028,test-clean/8230/279154/8230-279154-0028.flac,8230,Clean,clean,0.92,"[0.75,1.00]",218,LibriSpeech:test:SSN_noise:-5:1320-122612-0005,test-clean/1320/122612/1320-122612-0005.flac,1320,Clean,clean,0.9142857142857143,"[0.75,1.00]",True,True,True,0.005714285714285783,True,True,True,401,492,491,True,True
339,LibriSpeech:test:SSN_noise:10:8230-279154-0028,test-clean/8230/279154/8230-279154-0028.flac,8230,Clean,clean,0.92,"[0.75,1.00]",218,LibriSpeech:test:SSN_noise:-5:1320-122612-0005,test-clean/1320/122612/1320-122612-0005.flac,1320,Clean,clean,0.9142857142857143,"[0.75,1.00]",True,True,True,0.005714285714285783,True,True,True,503,492,491,True,True
340,LibriSpeech:test:SSN_noise:10:8230-279154-0028,test-clean/8230/279154/8230-279154-0028.flac,8230,SSN_noise,10,0.92,"[0.75,1.00]",334,LibriSpeech:test:SSN_noise:10:7021-79740-0011,test-clean/7021/79740/7021-79740-0011.flac,7021,SSN_noise,10,0.8707692307692307,"[0.75,1.00]",True,True,True,0.0492307692307693,True,True,True,101,492,491,True,True
340,LibriSpeech:test:SSN_noise:10:8230-279154-0028,test-clean/8230/279154/8230-279154-0028.flac,8230,SSN_noise,10,0.92,"[0.75,1.00]",334,LibriSpeech:test:SSN_noise:10:7021-79740-0011,test-clean/7021/79740/7021-79740-0011.flac,7021,SSN_noise,10,0.8707692307692307,"[0.75,1.00]",True,True,True,0.0492307692307693,True,True,True,211,492,491,True,True
340,LibriSpeech:test:SSN_noise:10:8230-279154-0028,test-clean/8230/279154/8230-279154-0028.flac,8230,SSN_noise,10,0.92,"[0.75,1.00]",334,LibriSpeech:test:SSN_noise:10:7021-79740-0011,test-clean/7021/79740/7021-79740-0011.flac,7021,SSN_noise,10,0.8707692307692307,"[0.75,1.00]",True,True,True,0.0492307692307693,True,True,True,307,492,491,True,True
340,LibriSpeech:test:SSN_noise:10:8230-279154-0028,test-clean/8230/279154/8230-279154-0028.flac,8230,SSN_noise,10,0.92,"[0.75,1.00]",334,LibriSpeech:test:SSN_noise:10:7021-79740-0011,test-clean/7021/79740/7021-79740-0011.flac,7021,SSN_noise,10,0.8707692307692307,"[0.75,1.00]",True,True,True,0.0492307692307693,True,True,True,401,492,491,True,True
340,LibriSpeech:test:SSN_noise:10:8230-279154-0028,test-clean/8230/279154/8230-279154-0028.flac,8230,SSN_noise,10,0.92,"[0.75,1.00]",334,LibriSpeech:test:SSN_noise:10:7021-79740-0011,test-clean/7021/79740/7021-79740-0011.flac,7021,SSN_noise,10,0.8707692307692307,"[0.75,1.00]",True,True,True,0.0492307692307693,True,True,True,503,492,491,True,True
343,LibriSpeech:test:SSN_noise:15:121-127105-0026,test-clean/121/127105/121-127105-0026.flac,121,Clean,clean,0.8494623655913979,"[0.75,1.00]",280,LibriSpeech:test:SSN_noise:0:908-157963-0007,test-clean/908/157963/908-157963-0007.flac,908,Clean,clean,0.8532458563535912,"[0.75,1.00]",True,True,True,0.003783490762193309,True,True,True,101,492,491,True,True
343,LibriSpeech:test:SSN_noise:15:121-127105-0026,test-clean/121/127105/121-127105-0026.flac,121,Clean,clean,0.8494623655913979,"[0.75,1.00]",280,LibriSpeech:test:SSN_noise:0:908-157963-0007,test-clean/908/157963/908-157963-0007.flac,908,Clean,clean,0.8532458563535912,"[0.75,1.00]",True,True,True,0.003783490762193309,True,True,True,211,492,491,True,True
343,LibriSpeech:test:SSN_noise:15:121-127105-0026,test-clean/121/127105/121-127105-0026.flac,121,Clean,clean,0.8494623655913979,"[0.75,1.00]",280,LibriSpeech:test:SSN_noise:0:908-157963-0007,test-clean/908/157963/908-157963-0007.flac,908,Clean,clean,0.8532458563535912,"[0.75,1.00]",True,True,True,0.003783490762193309,True,True,True,307,492,491,True,True
343,LibriSpeech:test:SSN_noise:15:121-127105-0026,test-clean/121/127105/121-127105-0026.flac,121,Clean,clean,0.8494623655913979,"[0.75,1.00]",280,LibriSpeech:test:SSN_noise:0:908-157963-0007,test-clean/908/157963/908-157963-0007.flac,908,Clean,clean,0.8532458563535912,"[0.75,1.00]",True,True,True,0.003783490762193309,True,True,True,401,492,491,True,True
343,LibriSpeech:test:SSN_noise:15:121-127105-0026,test-clean/121/127105/121-127105-0026.flac,121,Clean,clean,0.8494623655913979,"[0.75,1.00]",280,LibriSpeech:test:SSN_noise:0:908-157963-0007,test-clean/908/157963/908-157963-0007.flac,908,Clean,clean,0.8532458563535912,"[0.75,1.00]",True,True,True,0.003783490762193309,True,True,True,503,492,491,True,True
344,LibriSpeech:test:SSN_noise:15:121-127105-0026,test-clean/121/127105/121-127105-0026.flac,121,SSN_noise,15,0.8494623655913979,"[0.75,1.00]",365,LibriSpeech:test:SSN_noise:15:6930-76324-0028,test-clean/6930/76324/6930-76324-0028.flac,6930,SSN_noise,15,0.8663366336633663,"[0.75,1.00]",True,True,True,0.016874268071968457,True,True,True,101,492,491,True,True
344,LibriSpeech:test:SSN_noise:15:121-127105-0026,test-clean/121/127105/121-127105-0026.flac,121,SSN_noise,15,0.8494623655913979,"[0.75,1.00]",365,LibriSpeech:test:SSN_noise:15:6930-76324-0028,test-clean/6930/76324/6930-76324-0028.flac,6930,SSN_noise,15,0.8663366336633663,"[0.75,1.00]",True,True,True,0.016874268071968457,True,True,True,211,492,491,True,True
344,LibriSpeech:test:SSN_noise:15:121-127105-0026,test-clean/121/127105/121-127105-0026.flac,121,SSN_noise,15,0.8494623655913979,"[0.75,1.00]",365,LibriSpeech:test:SSN_noise:15:6930-76324-0028,test-clean/6930/76324/6930-76324-0028.flac,6930,SSN_noise,15,0.8663366336633663,"[0.75,1.00]",True,True,True,0.016874268071968457,True,True,True,307,492,491,True,True
344,LibriSpeech:test:SSN_noise:15:121-127105-0026,test-clean/121/127105/121-127105-0026.flac,121,SSN_noise,15,0.8494623655913979,"[0.75,1.00]",365,LibriSpeech:test:SSN_noise:15:6930-76324-0028,test-clean/6930/76324/6930-76324-0028.flac,6930,SSN_noise,15,0.8663366336633663,"[0.75,1.00]",True,True,True,0.016874268071968457,True,True,True,401,492,491,True,True
344,LibriSpeech:test:SSN_noise:15:121-127105-0026,test-clean/121/127105/121-127105-0026.flac,121,SSN_noise,15,0.8494623655913979,"[0.75,1.00]",365,LibriSpeech:test:SSN_noise:15:6930-76324-0028,test-clean/6930/76324/6930-76324-0028.flac,6930,SSN_noise,15,0.8663366336633663,"[0.75,1.00]",True,True,True,0.016874268071968457,True,True,True,503,492,491,True,True
346,LibriSpeech:test:SSN_noise:15:2094-142345-0029,test-clean/2094/142345/2094-142345-0029.flac,2094,Clean,clean,0.7494692144373672,"[0.50,0.75)",462,LibriSpeech:test:Domestic_noise:5:260-123288-0006,test-clean/260/123288/260-123288-0006.flac,260,Clean,clean,0.7383177570093458,"[0.50,0.75)",True,True,True,0.011151457428021483,True,True,True,101,492,491,True,True
346,LibriSpeech:test:SSN_noise:15:2094-142345-0029,test-clean/2094/142345/2094-142345-0029.flac,2094,Clean,clean,0.7494692144373672,"[0.50,0.75)",462,LibriSpeech:test:Domestic_noise:5:260-123288-0006,test-clean/260/123288/260-123288-0006.flac,260,Clean,clean,0.7383177570093458,"[0.50,0.75)",True,True,True,0.011151457428021483,True,True,True,211,492,491,True,True
346,LibriSpeech:test:SSN_noise:15:2094-142345-0029,test-clean/2094/142345/2094-142345-0029.flac,2094,Clean,clean,0.7494692144373672,"[0.50,0.75)",462,LibriSpeech:test:Domestic_noise:5:260-123288-0006,test-clean/260/123288/260-123288-0006.flac,260,Clean,clean,0.7383177570093458,"[0.50,0.75)",True,True,True,0.011151457428021483,True,True,True,307,492,491,True,True
346,LibriSpeech:test:SSN_noise:15:2094-142345-0029,test-clean/2094/142345/2094-142345-0029.flac,2094,Clean,clean,0.7494692144373672,"[0.50,0.75)",462,LibriSpeech:test:Domestic_noise:5:260-123288-0006,test-clean/260/123288/260-123288-0006.flac,260,Clean,clean,0.7383177570093458,"[0.50,0.75)",True,True,True,0.011151457428021483,True,True,True,401,492,491,True,True
346,LibriSpeech:test:SSN_noise:15:2094-142345-0029,test-clean/2094/142345/2094-142345-0029.flac,2094,Clean,clean,0.7494692144373672,"[0.50,0.75)",462,LibriSpeech:test:Domestic_noise:5:260-123288-0006,test-clean/260/123288/260-123288-0006.flac,260,Clean,clean,0.7383177570093458,"[0.50,0.75)",True,True,True,0.011151457428021483,True,True,True,503,492,491,True,True
347,LibriSpeech:test:SSN_noise:15:2094-142345-0029,test-clean/2094/142345/2094-142345-0029.flac,2094,SSN_noise,15,0.7494692144373672,"[0.50,0.75)",353,LibriSpeech:test:SSN_noise:15:3729-6852-0033,test-clean/3729/6852/3729-6852-0033.flac,3729,SSN_noise,15,0.8073505654281099,"[0.75,1.00]",True,True,False,0.05788135099074265,True,True,True,101,492,491,True,True
347,LibriSpeech:test:SSN_noise:15:2094-142345-0029,test-clean/2094/142345/2094-142345-0029.flac,2094,SSN_noise,15,0.7494692144373672,"[0.50,0.75)",353,LibriSpeech:test:SSN_noise:15:3729-6852-0033,test-clean/3729/6852/3729-6852-0033.flac,3729,SSN_noise,15,0.8073505654281099,"[0.75,1.00]",True,True,False,0.05788135099074265,True,True,True,211,492,491,True,True
347,LibriSpeech:test:SSN_noise:15:2094-142345-0029,test-clean/2094/142345/2094-142345-0029.flac,2094,SSN_noise,15,0.7494692144373672,"[0.50,0.75)",353,LibriSpeech:test:SSN_noise:15:3729-6852-0033,test-clean/3729/6852/3729-6852-0033.flac,3729,SSN_noise,15,0.8073505654281099,"[0.75,1.00]",True,True,False,0.05788135099074265,True,True,True,307,492,491,True,True
347,LibriSpeech:test:SSN_noise:15:2094-142345-0029,test-clean/2094/142345/2094-142345-0029.flac,2094,SSN_noise,15,0.7494692144373672,"[0.50,0.75)",353,LibriSpeech:test:SSN_noise:15:3729-6852-0033,test-clean/3729/6852/3729-6852-0033.flac,3729,SSN_noise,15,0.8073505654281099,"[0.75,1.00]",True,True,False,0.05788135099074265,True,True,True,401,492,491,True,True
347,LibriSpeech:test:SSN_noise:15:2094-142345-0029,test-clean/2094/142345/2094-142345-0029.flac,2094,SSN_noise,15,0.7494692144373672,"[0.50,0.75)",353,LibriSpeech:test:SSN_noise:15:3729-6852-0033,test-clean/3729/6852/3729-6852-0033.flac,3729,SSN_noise,15,0.8073505654281099,"[0.75,1.00]",True,True,False,0.05788135099074265,True,True,True,503,492,491,True,True
349,LibriSpeech:test:SSN_noise:15:237-134500-0021,test-clean/237/134500/237-134500-0021.flac,237,SSN_noise,15,0.816793893129771,"[0.75,1.00]",353,LibriSpeech:test:SSN_noise:15:3729-6852-0033,test-clean/3729/6852/3729-6852-0033.flac,3729,SSN_noise,15,0.8073505654281099,"[0.75,1.00]",True,True,True,0.00944332770166112,True,True,True,101,492,491,True,True
349,LibriSpeech:test:SSN_noise:15:237-134500-0021,test-clean/237/134500/237-134500-0021.flac,237,SSN_noise,15,0.816793893129771,"[0.75,1.00]",353,LibriSpeech:test:SSN_noise:15:3729-6852-0033,test-clean/3729/6852/3729-6852-0033.flac,3729,SSN_noise,15,0.8073505654281099,"[0.75,1.00]",True,True,True,0.00944332770166112,True,True,True,211,492,491,True,True
349,LibriSpeech:test:SSN_noise:15:237-134500-0021,test-clean/237/134500/237-134500-0021.flac,237,SSN_noise,15,0.816793893129771,"[0.75,1.00]",353,LibriSpeech:test:SSN_noise:15:3729-6852-0033,test-clean/3729/6852/3729-6852-0033.flac,3729,SSN_noise,15,0.8073505654281099,"[0.75,1.00]",True,True,True,0.00944332770166112,True,True,True,307,492,491,True,True
349,LibriSpeech:test:SSN_noise:15:237-134500-0021,test-clean/237/134500/237-134500-0021.flac,237,SSN_noise,15,0.816793893129771,"[0.75,1.00]",353,LibriSpeech:test:SSN_noise:15:3729-6852-0033,test-clean/3729/6852/3729-6852-0033.flac,3729,SSN_noise,15,0.8073505654281099,"[0.75,1.00]",True,True,True,0.00944332770166112,True,True,True,401,492,491,True,True
349,LibriSpeech:test:SSN_noise:15:237-134500-0021,test-clean/237/134500/237-134500-0021.flac,237,SSN_noise,15,0.816793893129771,"[0.75,1.00]",353,LibriSpeech:test:SSN_noise:15:3729-6852-0033,test-clean/3729/6852/3729-6852-0033.flac,3729,SSN_noise,15,0.8073505654281099,"[0.75,1.00]",True,True,True,0.00944332770166112,True,True,True,503,492,491,True,True
350,LibriSpeech:test:SSN_noise:15:260-123288-0026,test-clean/260/123288/260-123288-0026.flac,260,SSN_noise,15,0.9043336058871627,"[0.75,1.00]",366,LibriSpeech:test:SSN_noise:15:6930-81414-0009,test-clean/6930/81414/6930-81414-0009.flac,6930,SSN_noise,15,0.8963414634146342,"[0.75,1.00]",True,True,True,0.007992142472528552,True,True,True,101,492,491,True,True
350,LibriSpeech:test:SSN_noise:15:260-123288-0026,test-clean/260/123288/260-123288-0026.flac,260,SSN_noise,15,0.9043336058871627,"[0.75,1.00]",366,LibriSpeech:test:SSN_noise:15:6930-81414-0009,test-clean/6930/81414/6930-81414-0009.flac,6930,SSN_noise,15,0.8963414634146342,"[0.75,1.00]",True,True,True,0.007992142472528552,True,True,True,211,492,491,True,True
350,LibriSpeech:test:SSN_noise:15:260-123288-0026,test-clean/260/123288/260-123288-0026.flac,260,SSN_noise,15,0.9043336058871627,"[0.75,1.00]",366,LibriSpeech:test:SSN_noise:15:6930-81414-0009,test-clean/6930/81414/6930-81414-0009.flac,6930,SSN_noise,15,0.8963414634146342,"[0.75,1.00]",True,True,True,0.007992142472528552,True,True,True,307,492,491,True,True
350,LibriSpeech:test:SSN_noise:15:260-123288-0026,test-clean/260/123288/260-123288-0026.flac,260,SSN_noise,15,0.9043336058871627,"[0.75,1.00]",366,LibriSpeech:test:SSN_noise:15:6930-81414-0009,test-clean/6930/81414/6930-81414-0009.flac,6930,SSN_noise,15,0.8963414634146342,"[0.75,1.00]",True,True,True,0.007992142472528552,True,True,True,401,492,491,True,True
350,LibriSpeech:test:SSN_noise:15:260-123288-0026,test-clean/260/123288/260-123288-0026.flac,260,SSN_noise,15,0.9043336058871627,"[0.75,1.00]",366,LibriSpeech:test:SSN_noise:15:6930-81414-0009,test-clean/6930/81414/6930-81414-0009.flac,6930,SSN_noise,15,0.8963414634146342,"[0.75,1.00]",True,True,True,0.007992142472528552,True,True,True,503,492,491,True,True
352,LibriSpeech:test:SSN_noise:15:3729-6852-0033,test-clean/3729/6852/3729-6852-0033.flac,3729,Clean,clean,0.8073505654281099,"[0.75,1.00]",114,LibriSpeech:test:Babble_noise:10:1188-133604-0036,test-clean/1188/133604/1188-133604-0036.flac,1188,Clean,clean,0.8076923076923077,"[0.75,1.00]",True,True,True,0.0003417422641978085,True,True,True,101,492,491,True,True
352,LibriSpeech:test:SSN_noise:15:3729-6852-0033,test-clean/3729/6852/3729-6852-0033.flac,3729,Clean,clean,0.8073505654281099,"[0.75,1.00]",114,LibriSpeech:test:Babble_noise:10:1188-133604-0036,test-clean/1188/133604/1188-133604-0036.flac,1188,Clean,clean,0.8076923076923077,"[0.75,1.00]",True,True,True,0.0003417422641978085,True,True,True,211,492,491,True,True
352,LibriSpeech:test:SSN_noise:15:3729-6852-0033,test-clean/3729/6852/3729-6852-0033.flac,3729,Clean,clean,0.8073505654281099,"[0.75,1.00]",114,LibriSpeech:test:Babble_noise:10:1188-133604-0036,test-clean/1188/133604/1188-133604-0036.flac,1188,Clean,clean,0.8076923076923077,"[0.75,1.00]",True,True,True,0.0003417422641978085,True,True,True,307,492,491,True,True
352,LibriSpeech:test:SSN_noise:15:3729-6852-0033,test-clean/3729/6852/3729-6852-0033.flac,3729,Clean,clean,0.8073505654281099,"[0.75,1.00]",114,LibriSpeech:test:Babble_noise:10:1188-133604-0036,test-clean/1188/133604/1188-133604-0036.flac,1188,Clean,clean,0.8076923076923077,"[0.75,1.00]",True,True,True,0.0003417422641978085,True,True,True,401,492,491,True,True
352,LibriSpeech:test:SSN_noise:15:3729-6852-0033,test-clean/3729/6852/3729-6852-0033.flac,3729,Clean,clean,0.8073505654281099,"[0.75,1.00]",114,LibriSpeech:test:Babble_noise:10:1188-133604-0036,test-clean/1188/133604/1188-133604-0036.flac,1188,Clean,clean,0.8076923076923077,"[0.75,1.00]",True,True,True,0.0003417422641978085,True,True,True,503,492,491,True,True
353,LibriSpeech:test:SSN_noise:15:3729-6852-0033,test-clean/3729/6852/3729-6852-0033.flac,3729,SSN_noise,15,0.8073505654281099,"[0.75,1.00]",349,LibriSpeech:test:SSN_noise:15:237-134500-0021,test-clean/237/134500/237-134500-0021.flac,237,SSN_noise,15,0.816793893129771,"[0.75,1.00]",True,True,True,0.00944332770166112,True,True,True,101,492,491,True,True
353,LibriSpeech:test:SSN_noise:15:3729-6852-0033,test-clean/3729/6852/3729-6852-0033.flac,3729,SSN_noise,15,0.8073505654281099,"[0.75,1.00]",349,LibriSpeech:test:SSN_noise:15:237-134500-0021,test-clean/237/134500/237-134500-0021.flac,237,SSN_noise,15,0.816793893129771,"[0.75,1.00]",True,True,True,0.00944332770166112,True,True,True,211,492,491,True,True
353,LibriSpeech:test:SSN_noise:15:3729-6852-0033,test-clean/3729/6852/3729-6852-0033.flac,3729,SSN_noise,15,0.8073505654281099,"[0.75,1.00]",349,LibriSpeech:test:SSN_noise:15:237-134500-0021,test-clean/237/134500/237-134500-0021.flac,237,SSN_noise,15,0.816793893129771,"[0.75,1.00]",True,True,True,0.00944332770166112,True,True,True,307,492,491,True,True
353,LibriSpeech:test:SSN_noise:15:3729-6852-0033,test-clean/3729/6852/3729-6852-0033.flac,3729,SSN_noise,15,0.8073505654281099,"[0.75,1.00]",349,LibriSpeech:test:SSN_noise:15:237-134500-0021,test-clean/237/134500/237-134500-0021.flac,237,SSN_noise,15,0.816793893129771,"[0.75,1.00]",True,True,True,0.00944332770166112,True,True,True,401,492,491,True,True
353,LibriSpeech:test:SSN_noise:15:3729-6852-0033,test-clean/3729/6852/3729-6852-0033.flac,3729,SSN_noise,15,0.8073505654281099,"[0.75,1.00]",349,LibriSpeech:test:SSN_noise:15:237-134500-0021,test-clean/237/134500/237-134500-0021.flac,237,SSN_noise,15,0.816793893129771,"[0.75,1.00]",True,True,True,0.00944332770166112,True,True,True,503,492,491,True,True
365,LibriSpeech:test:SSN_noise:15:6930-76324-0028,test-clean/6930/76324/6930-76324-0028.flac,6930,SSN_noise,15,0.8663366336633663,"[0.75,1.00]",344,LibriSpeech:test:SSN_noise:15:121-127105-0026,test-clean/121/127105/121-127105-0026.flac,121,SSN_noise,15,0.8494623655913979,"[0.75,1.00]",True,True,True,0.016874268071968457,True,True,True,101,492,491,True,True
365,LibriSpeech:test:SSN_noise:15:6930-76324-0028,test-clean/6930/76324/6930-76324-0028.flac,6930,SSN_noise,15,0.8663366336633663,"[0.75,1.00]",344,LibriSpeech:test:SSN_noise:15:121-127105-0026,test-clean/121/127105/121-127105-0026.flac,121,SSN_noise,15,0.8494623655913979,"[0.75,1.00]",True,True,True,0.016874268071968457,True,True,True,211,492,491,True,True
365,LibriSpeech:test:SSN_noise:15:6930-76324-0028,test-clean/6930/76324/6930-76324-0028.flac,6930,SSN_noise,15,0.8663366336633663,"[0.75,1.00]",344,LibriSpeech:test:SSN_noise:15:121-127105-0026,test-clean/121/127105/121-127105-0026.flac,121,SSN_noise,15,0.8494623655913979,"[0.75,1.00]",True,True,True,0.016874268071968457,True,True,True,307,492,491,True,True
365,LibriSpeech:test:SSN_noise:15:6930-76324-0028,test-clean/6930/76324/6930-76324-0028.flac,6930,SSN_noise,15,0.8663366336633663,"[0.75,1.00]",344,LibriSpeech:test:SSN_noise:15:121-127105-0026,test-clean/121/127105/121-127105-0026.flac,121,SSN_noise,15,0.8494623655913979,"[0.75,1.00]",True,True,True,0.016874268071968457,True,True,True,401,492,491,True,True
365,LibriSpeech:test:SSN_noise:15:6930-76324-0028,test-clean/6930/76324/6930-76324-0028.flac,6930,SSN_noise,15,0.8663366336633663,"[0.75,1.00]",344,LibriSpeech:test:SSN_noise:15:121-127105-0026,test-clean/121/127105/121-127105-0026.flac,121,SSN_noise,15,0.8494623655913979,"[0.75,1.00]",True,True,True,0.016874268071968457,True,True,True,503,492,491,True,True
366,LibriSpeech:test:SSN_noise:15:6930-81414-0009,test-clean/6930/81414/6930-81414-0009.flac,6930,SSN_noise,15,0.8963414634146342,"[0.75,1.00]",350,LibriSpeech:test:SSN_noise:15:260-123288-0026,test-clean/260/123288/260-123288-0026.flac,260,SSN_noise,15,0.9043336058871627,"[0.75,1.00]",True,True,True,0.007992142472528552,True,True,True,101,492,491,True,True
366,LibriSpeech:test:SSN_noise:15:6930-81414-0009,test-clean/6930/81414/6930-81414-0009.flac,6930,SSN_noise,15,0.8963414634146342,"[0.75,1.00]",350,LibriSpeech:test:SSN_noise:15:260-123288-0026,test-clean/260/123288/260-123288-0026.flac,260,SSN_noise,15,0.9043336058871627,"[0.75,1.00]",True,True,True,0.007992142472528552,True,True,True,211,492,491,True,True
366,LibriSpeech:test:SSN_noise:15:6930-81414-0009,test-clean/6930/81414/6930-81414-0009.flac,6930,SSN_noise,15,0.8963414634146342,"[0.75,1.00]",350,LibriSpeech:test:SSN_noise:15:260-123288-0026,test-clean/260/123288/260-123288-0026.flac,260,SSN_noise,15,0.9043336058871627,"[0.75,1.00]",True,True,True,0.007992142472528552,True,True,True,307,492,491,True,True
366,LibriSpeech:test:SSN_noise:15:6930-81414-0009,test-clean/6930/81414/6930-81414-0009.flac,6930,SSN_noise,15,0.8963414634146342,"[0.75,1.00]",350,LibriSpeech:test:SSN_noise:15:260-123288-0026,test-clean/260/123288/260-123288-0026.flac,260,SSN_noise,15,0.9043336058871627,"[0.75,1.00]",True,True,True,0.007992142472528552,True,True,True,401,492,491,True,True
366,LibriSpeech:test:SSN_noise:15:6930-81414-0009,test-clean/6930/81414/6930-81414-0009.flac,6930,SSN_noise,15,0.8963414634146342,"[0.75,1.00]",350,LibriSpeech:test:SSN_noise:15:260-123288-0026,test-clean/260/123288/260-123288-0026.flac,260,SSN_noise,15,0.9043336058871627,"[0.75,1.00]",True,True,True,0.007992142472528552,True,True,True,503,492,491,True,True
367,LibriSpeech:test:SSN_noise:15:7176-92135-0023,test-clean/7176/92135/7176-92135-0023.flac,7176,Clean,clean,0.9125,"[0.75,1.00]",421,LibriSpeech:test:Domestic_noise:-5:6930-76324-0008,test-clean/6930/76324/6930-76324-0008.flac,6930,Clean,clean,0.9124087591240876,"[0.75,1.00]",True,True,True,9.12408759123906e-05,True,True,True,101,492,491,True,True
367,LibriSpeech:test:SSN_noise:15:7176-92135-0023,test-clean/7176/92135/7176-92135-0023.flac,7176,Clean,clean,0.9125,"[0.75,1.00]",421,LibriSpeech:test:Domestic_noise:-5:6930-76324-0008,test-clean/6930/76324/6930-76324-0008.flac,6930,Clean,clean,0.9124087591240876,"[0.75,1.00]",True,True,True,9.12408759123906e-05,True,True,True,211,492,491,True,True
367,LibriSpeech:test:SSN_noise:15:7176-92135-0023,test-clean/7176/92135/7176-92135-0023.flac,7176,Clean,clean,0.9125,"[0.75,1.00]",421,LibriSpeech:test:Domestic_noise:-5:6930-76324-0008,test-clean/6930/76324/6930-76324-0008.flac,6930,Clean,clean,0.9124087591240876,"[0.75,1.00]",True,True,True,9.12408759123906e-05,True,True,True,307,492,491,True,True
367,LibriSpeech:test:SSN_noise:15:7176-92135-0023,test-clean/7176/92135/7176-92135-0023.flac,7176,Clean,clean,0.9125,"[0.75,1.00]",421,LibriSpeech:test:Domestic_noise:-5:6930-76324-0008,test-clean/6930/76324/6930-76324-0008.flac,6930,Clean,clean,0.9124087591240876,"[0.75,1.00]",True,True,True,9.12408759123906e-05,True,True,True,401,492,491,True,True
367,LibriSpeech:test:SSN_noise:15:7176-92135-0023,test-clean/7176/92135/7176-92135-0023.flac,7176,Clean,clean,0.9125,"[0.75,1.00]",421,LibriSpeech:test:Domestic_noise:-5:6930-76324-0008,test-clean/6930/76324/6930-76324-0008.flac,6930,Clean,clean,0.9124087591240876,"[0.75,1.00]",True,True,True,9.12408759123906e-05,True,True,True,503,492,491,True,True
368,LibriSpeech:test:SSN_noise:15:7176-92135-0023,test-clean/7176/92135/7176-92135-0023.flac,7176,SSN_noise,15,0.9125,"[0.75,1.00]",350,LibriSpeech:test:SSN_noise:15:260-123288-0026,test-clean/260/123288/260-123288-0026.flac,260,SSN_noise,15,0.9043336058871627,"[0.75,1.00]",True,True,True,0.00816639411283726,True,True,True,101,492,491,True,True
368,LibriSpeech:test:SSN_noise:15:7176-92135-0023,test-clean/7176/92135/7176-92135-0023.flac,7176,SSN_noise,15,0.9125,"[0.75,1.00]",350,LibriSpeech:test:SSN_noise:15:260-123288-0026,test-clean/260/123288/260-123288-0026.flac,260,SSN_noise,15,0.9043336058871627,"[0.75,1.00]",True,True,True,0.00816639411283726,True,True,True,211,492,491,True,True
368,LibriSpeech:test:SSN_noise:15:7176-92135-0023,test-clean/7176/92135/7176-92135-0023.flac,7176,SSN_noise,15,0.9125,"[0.75,1.00]",350,LibriSpeech:test:SSN_noise:15:260-123288-0026,test-clean/260/123288/260-123288-0026.flac,260,SSN_noise,15,0.9043336058871627,"[0.75,1.00]",True,True,True,0.00816639411283726,True,True,True,307,492,491,True,True
368,LibriSpeech:test:SSN_noise:15:7176-92135-0023,test-clean/7176/92135/7176-92135-0023.flac,7176,SSN_noise,15,0.9125,"[0.75,1.00]",350,LibriSpeech:test:SSN_noise:15:260-123288-0026,test-clean/260/123288/260-123288-0026.flac,260,SSN_noise,15,0.9043336058871627,"[0.75,1.00]",True,True,True,0.00816639411283726,True,True,True,401,492,491,True,True
368,LibriSpeech:test:SSN_noise:15:7176-92135-0023,test-clean/7176/92135/7176-92135-0023.flac,7176,SSN_noise,15,0.9125,"[0.75,1.00]",350,LibriSpeech:test:SSN_noise:15:260-123288-0026,test-clean/260/123288/260-123288-0026.flac,260,SSN_noise,15,0.9043336058871627,"[0.75,1.00]",True,True,True,0.00816639411283726,True,True,True,503,492,491,True,True
371,LibriSpeech:test:SSN_noise:20:1188-133604-0016,test-clean/1188/133604/1188-133604-0016.flac,1188,SSN_noise,20,0.7323943661971831,"[0.50,0.75)",378,LibriSpeech:test:SSN_noise:20:2961-960-0006,test-clean/2961/960/2961-960-0006.flac,2961,SSN_noise,20,0.8656591099916037,"[0.75,1.00]",True,True,False,0.13326474379442055,True,True,True,101,492,491,True,True
371,LibriSpeech:test:SSN_noise:20:1188-133604-0016,test-clean/1188/133604/1188-133604-0016.flac,1188,SSN_noise,20,0.7323943661971831,"[0.50,0.75)",378,LibriSpeech:test:SSN_noise:20:2961-960-0006,test-clean/2961/960/2961-960-0006.flac,2961,SSN_noise,20,0.8656591099916037,"[0.75,1.00]",True,True,False,0.13326474379442055,True,True,True,211,492,491,True,True
371,LibriSpeech:test:SSN_noise:20:1188-133604-0016,test-clean/1188/133604/1188-133604-0016.flac,1188,SSN_noise,20,0.7323943661971831,"[0.50,0.75)",378,LibriSpeech:test:SSN_noise:20:2961-960-0006,test-clean/2961/960/2961-960-0006.flac,2961,SSN_noise,20,0.8656591099916037,"[0.75,1.00]",True,True,False,0.13326474379442055,True,True,True,307,492,491,True,True
371,LibriSpeech:test:SSN_noise:20:1188-133604-0016,test-clean/1188/133604/1188-133604-0016.flac,1188,SSN_noise,20,0.7323943661971831,"[0.50,0.75)",378,LibriSpeech:test:SSN_noise:20:2961-960-0006,test-clean/2961/960/2961-960-0006.flac,2961,SSN_noise,20,0.8656591099916037,"[0.75,1.00]",True,True,False,0.13326474379442055,True,True,True,401,492,491,True,True
371,LibriSpeech:test:SSN_noise:20:1188-133604-0016,test-clean/1188/133604/1188-133604-0016.flac,1188,SSN_noise,20,0.7323943661971831,"[0.50,0.75)",378,LibriSpeech:test:SSN_noise:20:2961-960-0006,test-clean/2961/960/2961-960-0006.flac,2961,SSN_noise,20,0.8656591099916037,"[0.75,1.00]",True,True,False,0.13326474379442055,True,True,True,503,492,491,True,True
377,LibriSpeech:test:SSN_noise:20:2961-960-0006,test-clean/2961/960/2961-960-0006.flac,2961,Clean,clean,0.8656591099916037,"[0.75,1.00]",703,LibriSpeech:test:Nature_noise:20:8463-294828-0028,test-clean/8463/294828/8463-294828-0028.flac,8463,Clean,clean,0.8658536585365854,"[0.75,1.00]",True,True,True,0.0001945485449816875,True,True,True,101,492,491,True,True
377,LibriSpeech:test:SSN_noise:20:2961-960-0006,test-clean/2961/960/2961-960-0006.flac,2961,Clean,clean,0.8656591099916037,"[0.75,1.00]",703,LibriSpeech:test:Nature_noise:20:8463-294828-0028,test-clean/8463/294828/8463-294828-0028.flac,8463,Clean,clean,0.8658536585365854,"[0.75,1.00]",True,True,True,0.0001945485449816875,True,True,True,211,492,491,True,True
377,LibriSpeech:test:SSN_noise:20:2961-960-0006,test-clean/2961/960/2961-960-0006.flac,2961,Clean,clean,0.8656591099916037,"[0.75,1.00]",703,LibriSpeech:test:Nature_noise:20:8463-294828-0028,test-clean/8463/294828/8463-294828-0028.flac,8463,Clean,clean,0.8658536585365854,"[0.75,1.00]",True,True,True,0.0001945485449816875,True,True,True,307,492,491,True,True
377,LibriSpeech:test:SSN_noise:20:2961-960-0006,test-clean/2961/960/2961-960-0006.flac,2961,Clean,clean,0.8656591099916037,"[0.75,1.00]",703,LibriSpeech:test:Nature_noise:20:8463-294828-0028,test-clean/8463/294828/8463-294828-0028.flac,8463,Clean,clean,0.8658536585365854,"[0.75,1.00]",True,True,True,0.0001945485449816875,True,True,True,401,492,491,True,True
377,LibriSpeech:test:SSN_noise:20:2961-960-0006,test-clean/2961/960/2961-960-0006.flac,2961,Clean,clean,0.8656591099916037,"[0.75,1.00]",703,LibriSpeech:test:Nature_noise:20:8463-294828-0028,test-clean/8463/294828/8463-294828-0028.flac,8463,Clean,clean,0.8658536585365854,"[0.75,1.00]",True,True,True,0.0001945485449816875,True,True,True,503,492,491,True,True
378,LibriSpeech:test:SSN_noise:20:2961-960-0006,test-clean/2961/960/2961-960-0006.flac,2961,SSN_noise,20,0.8656591099916037,"[0.75,1.00]",391,LibriSpeech:test:SSN_noise:20:7021-85628-0010,test-clean/7021/85628/7021-85628-0010.flac,7021,SSN_noise,20,0.888095238095238,"[0.75,1.00]",True,True,True,0.02243612810363438,True,True,True,101,492,491,True,True
378,LibriSpeech:test:SSN_noise:20:2961-960-0006,test-clean/2961/960/2961-960-0006.flac,2961,SSN_noise,20,0.8656591099916037,"[0.75,1.00]",391,LibriSpeech:test:SSN_noise:20:7021-85628-0010,test-clean/7021/85628/7021-85628-0010.flac,7021,SSN_noise,20,0.888095238095238,"[0.75,1.00]",True,True,True,0.02243612810363438,True,True,True,211,492,491,True,True
378,LibriSpeech:test:SSN_noise:20:2961-960-0006,test-clean/2961/960/2961-960-0006.flac,2961,SSN_noise,20,0.8656591099916037,"[0.75,1.00]",391,LibriSpeech:test:SSN_noise:20:7021-85628-0010,test-clean/7021/85628/7021-85628-0010.flac,7021,SSN_noise,20,0.888095238095238,"[0.75,1.00]",True,True,True,0.02243612810363438,True,True,True,307,492,491,True,True
378,LibriSpeech:test:SSN_noise:20:2961-960-0006,test-clean/2961/960/2961-960-0006.flac,2961,SSN_noise,20,0.8656591099916037,"[0.75,1.00]",391,LibriSpeech:test:SSN_noise:20:7021-85628-0010,test-clean/7021/85628/7021-85628-0010.flac,7021,SSN_noise,20,0.888095238095238,"[0.75,1.00]",True,True,True,0.02243612810363438,True,True,True,401,492,491,True,True
378,LibriSpeech:test:SSN_noise:20:2961-960-0006,test-clean/2961/960/2961-960-0006.flac,2961,SSN_noise,20,0.8656591099916037,"[0.75,1.00]",391,LibriSpeech:test:SSN_noise:20:7021-85628-0010,test-clean/7021/85628/7021-85628-0010.flac,7021,SSN_noise,20,0.888095238095238,"[0.75,1.00]",True,True,True,0.02243612810363438,True,True,True,503,492,491,True,True
390,LibriSpeech:test:SSN_noise:20:7021-85628-0010,test-clean/7021/85628/7021-85628-0010.flac,7021,Clean,clean,0.888095238095238,"[0.75,1.00]",411,LibriSpeech:test:Domestic_noise:-5:1995-1836-0004,test-clean/1995/1836/1995-1836-0004.flac,1995,Clean,clean,0.8877076411960133,"[0.75,1.00]",True,True,True,0.0003875968992247403,True,True,True,101,492,491,True,True
390,LibriSpeech:test:SSN_noise:20:7021-85628-0010,test-clean/7021/85628/7021-85628-0010.flac,7021,Clean,clean,0.888095238095238,"[0.75,1.00]",411,LibriSpeech:test:Domestic_noise:-5:1995-1836-0004,test-clean/1995/1836/1995-1836-0004.flac,1995,Clean,clean,0.8877076411960133,"[0.75,1.00]",True,True,True,0.0003875968992247403,True,True,True,211,492,491,True,True
390,LibriSpeech:test:SSN_noise:20:7021-85628-0010,test-clean/7021/85628/7021-85628-0010.flac,7021,Clean,clean,0.888095238095238,"[0.75,1.00]",411,LibriSpeech:test:Domestic_noise:-5:1995-1836-0004,test-clean/1995/1836/1995-1836-0004.flac,1995,Clean,clean,0.8877076411960133,"[0.75,1.00]",True,True,True,0.0003875968992247403,True,True,True,307,492,491,True,True
390,LibriSpeech:test:SSN_noise:20:7021-85628-0010,test-clean/7021/85628/7021-85628-0010.flac,7021,Clean,clean,0.888095238095238,"[0.75,1.00]",411,LibriSpeech:test:Domestic_noise:-5:1995-1836-0004,test-clean/1995/1836/1995-1836-0004.flac,1995,Clean,clean,0.8877076411960133,"[0.75,1.00]",True,True,True,0.0003875968992247403,True,True,True,401,492,491,True,True
390,LibriSpeech:test:SSN_noise:20:7021-85628-0010,test-clean/7021/85628/7021-85628-0010.flac,7021,Clean,clean,0.888095238095238,"[0.75,1.00]",411,LibriSpeech:test:Domestic_noise:-5:1995-1836-0004,test-clean/1995/1836/1995-1836-0004.flac,1995,Clean,clean,0.8877076411960133,"[0.75,1.00]",True,True,True,0.0003875968992247403,True,True,True,503,492,491,True,True
391,LibriSpeech:test:SSN_noise:20:7021-85628-0010,test-clean/7021/85628/7021-85628-0010.flac,7021,SSN_noise,20,0.888095238095238,"[0.75,1.00]",378,LibriSpeech:test:SSN_noise:20:2961-960-0006,test-clean/2961/960/2961-960-0006.flac,2961,SSN_noise,20,0.8656591099916037,"[0.75,1.00]",True,True,True,0.02243612810363438,True,True,True,101,492,491,True,True
391,LibriSpeech:test:SSN_noise:20:7021-85628-0010,test-clean/7021/85628/7021-85628-0010.flac,7021,SSN_noise,20,0.888095238095238,"[0.75,1.00]",378,LibriSpeech:test:SSN_noise:20:2961-960-0006,test-clean/2961/960/2961-960-0006.flac,2961,SSN_noise,20,0.8656591099916037,"[0.75,1.00]",True,True,True,0.02243612810363438,True,True,True,211,492,491,True,True
391,LibriSpeech:test:SSN_noise:20:7021-85628-0010,test-clean/7021/85628/7021-85628-0010.flac,7021,SSN_noise,20,0.888095238095238,"[0.75,1.00]",378,LibriSpeech:test:SSN_noise:20:2961-960-0006,test-clean/2961/960/2961-960-0006.flac,2961,SSN_noise,20,0.8656591099916037,"[0.75,1.00]",True,True,True,0.02243612810363438,True,True,True,307,492,491,True,True
391,LibriSpeech:test:SSN_noise:20:7021-85628-0010,test-clean/7021/85628/7021-85628-0010.flac,7021,SSN_noise,20,0.888095238095238,"[0.75,1.00]",378,LibriSpeech:test:SSN_noise:20:2961-960-0006,test-clean/2961/960/2961-960-0006.flac,2961,SSN_noise,20,0.8656591099916037,"[0.75,1.00]",True,True,True,0.02243612810363438,True,True,True,401,492,491,True,True
391,LibriSpeech:test:SSN_noise:20:7021-85628-0010,test-clean/7021/85628/7021-85628-0010.flac,7021,SSN_noise,20,0.888095238095238,"[0.75,1.00]",378,LibriSpeech:test:SSN_noise:20:2961-960-0006,test-clean/2961/960/2961-960-0006.flac,2961,SSN_noise,20,0.8656591099916037,"[0.75,1.00]",True,True,True,0.02243612810363438,True,True,True,503,492,491,True,True
397,LibriSpeech:test:SSN_noise:20:8463-294828-0038,test-clean/8463/294828/8463-294828-0038.flac,8463,Clean,clean,0.9142550911039657,"[0.75,1.00]",218,LibriSpeech:test:SSN_noise:-5:1320-122612-0005,test-clean/1320/122612/1320-122612-0005.flac,1320,Clean,clean,0.9142857142857143,"[0.75,1.00]",True,True,True,3.062318174851253e-05,True,True,True,101,492,491,True,True
397,LibriSpeech:test:SSN_noise:20:8463-294828-0038,test-clean/8463/294828/8463-294828-0038.flac,8463,Clean,clean,0.9142550911039657,"[0.75,1.00]",218,LibriSpeech:test:SSN_noise:-5:1320-122612-0005,test-clean/1320/122612/1320-122612-0005.flac,1320,Clean,clean,0.9142857142857143,"[0.75,1.00]",True,True,True,3.062318174851253e-05,True,True,True,211,492,491,True,True
397,LibriSpeech:test:SSN_noise:20:8463-294828-0038,test-clean/8463/294828/8463-294828-0038.flac,8463,Clean,clean,0.9142550911039657,"[0.75,1.00]",218,LibriSpeech:test:SSN_noise:-5:1320-122612-0005,test-clean/1320/122612/1320-122612-0005.flac,1320,Clean,clean,0.9142857142857143,"[0.75,1.00]",True,True,True,3.062318174851253e-05,True,True,True,307,492,491,True,True
397,LibriSpeech:test:SSN_noise:20:8463-294828-0038,test-clean/8463/294828/8463-294828-0038.flac,8463,Clean,clean,0.9142550911039657,"[0.75,1.00]",218,LibriSpeech:test:SSN_noise:-5:1320-122612-0005,test-clean/1320/122612/1320-122612-0005.flac,1320,Clean,clean,0.9142857142857143,"[0.75,1.00]",True,True,True,3.062318174851253e-05,True,True,True,401,492,491,True,True
397,LibriSpeech:test:SSN_noise:20:8463-294828-0038,test-clean/8463/294828/8463-294828-0038.flac,8463,Clean,clean,0.9142550911039657,"[0.75,1.00]",218,LibriSpeech:test:SSN_noise:-5:1320-122612-0005,test-clean/1320/122612/1320-122612-0005.flac,1320,Clean,clean,0.9142857142857143,"[0.75,1.00]",True,True,True,3.062318174851253e-05,True,True,True,503,492,491,True,True
398,LibriSpeech:test:SSN_noise:20:8463-294828-0038,test-clean/8463/294828/8463-294828-0038.flac,8463,SSN_noise,20,0.9142550911039657,"[0.75,1.00]",391,LibriSpeech:test:SSN_noise:20:7021-85628-0010,test-clean/7021/85628/7021-85628-0010.flac,7021,SSN_noise,20,0.888095238095238,"[0.75,1.00]",True,True,True,0.026159853008727696,True,True,True,101,492,491,True,True
398,LibriSpeech:test:SSN_noise:20:8463-294828-0038,test-clean/8463/294828/8463-294828-0038.flac,8463,SSN_noise,20,0.9142550911039657,"[0.75,1.00]",391,LibriSpeech:test:SSN_noise:20:7021-85628-0010,test-clean/7021/85628/7021-85628-0010.flac,7021,SSN_noise,20,0.888095238095238,"[0.75,1.00]",True,True,True,0.026159853008727696,True,True,True,211,492,491,True,True
398,LibriSpeech:test:SSN_noise:20:8463-294828-0038,test-clean/8463/294828/8463-294828-0038.flac,8463,SSN_noise,20,0.9142550911039657,"[0.75,1.00]",391,LibriSpeech:test:SSN_noise:20:7021-85628-0010,test-clean/7021/85628/7021-85628-0010.flac,7021,SSN_noise,20,0.888095238095238,"[0.75,1.00]",True,True,True,0.026159853008727696,True,True,True,307,492,491,True,True
398,LibriSpeech:test:SSN_noise:20:8463-294828-0038,test-clean/8463/294828/8463-294828-0038.flac,8463,SSN_noise,20,0.9142550911039657,"[0.75,1.00]",391,LibriSpeech:test:SSN_noise:20:7021-85628-0010,test-clean/7021/85628/7021-85628-0010.flac,7021,SSN_noise,20,0.888095238095238,"[0.75,1.00]",True,True,True,0.026159853008727696,True,True,True,401,492,491,True,True
398,LibriSpeech:test:SSN_noise:20:8463-294828-0038,test-clean/8463/294828/8463-294828-0038.flac,8463,SSN_noise,20,0.9142550911039657,"[0.75,1.00]",391,LibriSpeech:test:SSN_noise:20:7021-85628-0010,test-clean/7021/85628/7021-85628-0010.flac,7021,SSN_noise,20,0.888095238095238,"[0.75,1.00]",True,True,True,0.026159853008727696,True,True,True,503,492,491,True,True
400,LibriSpeech:test:Domestic_noise:-5:1188-133604-0036,test-clean/1188/133604/1188-133604-0036.flac,1188,Domestic_noise,-5,0.8076923076923077,"[0.75,1.00]",410,LibriSpeech:test:Domestic_noise:-5:1995-1826-0021,test-clean/1995/1826/1995-1826-0021.flac,1995,Domestic_noise,-5,0.825,"[0.75,1.00]",True,True,True,0.017307692307692246,True,True,True,101,492,491,True,True
400,LibriSpeech:test:Domestic_noise:-5:1188-133604-0036,test-clean/1188/133604/1188-133604-0036.flac,1188,Domestic_noise,-5,0.8076923076923077,"[0.75,1.00]",410,LibriSpeech:test:Domestic_noise:-5:1995-1826-0021,test-clean/1995/1826/1995-1826-0021.flac,1995,Domestic_noise,-5,0.825,"[0.75,1.00]",True,True,True,0.017307692307692246,True,True,True,211,492,491,True,True
400,LibriSpeech:test:Domestic_noise:-5:1188-133604-0036,test-clean/1188/133604/1188-133604-0036.flac,1188,Domestic_noise,-5,0.8076923076923077,"[0.75,1.00]",410,LibriSpeech:test:Domestic_noise:-5:1995-1826-0021,test-clean/1995/1826/1995-1826-0021.flac,1995,Domestic_noise,-5,0.825,"[0.75,1.00]",True,True,True,0.017307692307692246,True,True,True,307,492,491,True,True
400,LibriSpeech:test:Domestic_noise:-5:1188-133604-0036,test-clean/1188/133604/1188-133604-0036.flac,1188,Domestic_noise,-5,0.8076923076923077,"[0.75,1.00]",410,LibriSpeech:test:Domestic_noise:-5:1995-1826-0021,test-clean/1995/1826/1995-1826-0021.flac,1995,Domestic_noise,-5,0.825,"[0.75,1.00]",True,True,True,0.017307692307692246,True,True,True,401,492,491,True,True
400,LibriSpeech:test:Domestic_noise:-5:1188-133604-0036,test-clean/1188/133604/1188-133604-0036.flac,1188,Domestic_noise,-5,0.8076923076923077,"[0.75,1.00]",410,LibriSpeech:test:Domestic_noise:-5:1995-1826-0021,test-clean/1995/1826/1995-1826-0021.flac,1995,Domestic_noise,-5,0.825,"[0.75,1.00]",True,True,True,0.017307692307692246,True,True,True,503,492,491,True,True
405,LibriSpeech:test:Domestic_noise:-5:1320-122617-0028,test-clean/1320/122617/1320-122617-0028.flac,1320,Clean,clean,0.90311986863711,"[0.75,1.00]",272,LibriSpeech:test:SSN_noise:0:6930-75918-0009,test-clean/6930/75918/6930-75918-0009.flac,6930,Clean,clean,0.9020172910662824,"[0.75,1.00]",True,True,True,0.0011025775708276564,True,True,True,101,492,491,True,True
405,LibriSpeech:test:Domestic_noise:-5:1320-122617-0028,test-clean/1320/122617/1320-122617-0028.flac,1320,Clean,clean,0.90311986863711,"[0.75,1.00]",272,LibriSpeech:test:SSN_noise:0:6930-75918-0009,test-clean/6930/75918/6930-75918-0009.flac,6930,Clean,clean,0.9020172910662824,"[0.75,1.00]",True,True,True,0.0011025775708276564,True,True,True,211,492,491,True,True
405,LibriSpeech:test:Domestic_noise:-5:1320-122617-0028,test-clean/1320/122617/1320-122617-0028.flac,1320,Clean,clean,0.90311986863711,"[0.75,1.00]",272,LibriSpeech:test:SSN_noise:0:6930-75918-0009,test-clean/6930/75918/6930-75918-0009.flac,6930,Clean,clean,0.9020172910662824,"[0.75,1.00]",True,True,True,0.0011025775708276564,True,True,True,307,492,491,True,True
405,LibriSpeech:test:Domestic_noise:-5:1320-122617-0028,test-clean/1320/122617/1320-122617-0028.flac,1320,Clean,clean,0.90311986863711,"[0.75,1.00]",272,LibriSpeech:test:SSN_noise:0:6930-75918-0009,test-clean/6930/75918/6930-75918-0009.flac,6930,Clean,clean,0.9020172910662824,"[0.75,1.00]",True,True,True,0.0011025775708276564,True,True,True,401,492,491,True,True
405,LibriSpeech:test:Domestic_noise:-5:1320-122617-0028,test-clean/1320/122617/1320-122617-0028.flac,1320,Clean,clean,0.90311986863711,"[0.75,1.00]",272,LibriSpeech:test:SSN_noise:0:6930-75918-0009,test-clean/6930/75918/6930-75918-0009.flac,6930,Clean,clean,0.9020172910662824,"[0.75,1.00]",True,True,True,0.0011025775708276564,True,True,True,503,492,491,True,True
406,LibriSpeech:test:Domestic_noise:-5:1320-122617-0028,test-clean/1320/122617/1320-122617-0028.flac,1320,Domestic_noise,-5,0.90311986863711,"[0.75,1.00]",408,LibriSpeech:test:Domestic_noise:-5:1995-1826-0001,test-clean/1995/1826/1995-1826-0001.flac,1995,Domestic_noise,-5,0.9009433962264151,"[0.75,1.00]",True,True,True,0.002176472410694963,True,True,True,101,492,491,True,True
406,LibriSpeech:test:Domestic_noise:-5:1320-122617-0028,test-clean/1320/122617/1320-122617-0028.flac,1320,Domestic_noise,-5,0.90311986863711,"[0.75,1.00]",408,LibriSpeech:test:Domestic_noise:-5:1995-1826-0001,test-clean/1995/1826/1995-1826-0001.flac,1995,Domestic_noise,-5,0.9009433962264151,"[0.75,1.00]",True,True,True,0.002176472410694963,True,True,True,211,492,491,True,True
406,LibriSpeech:test:Domestic_noise:-5:1320-122617-0028,test-clean/1320/122617/1320-122617-0028.flac,1320,Domestic_noise,-5,0.90311986863711,"[0.75,1.00]",408,LibriSpeech:test:Domestic_noise:-5:1995-1826-0001,test-clean/1995/1826/1995-1826-0001.flac,1995,Domestic_noise,-5,0.9009433962264151,"[0.75,1.00]",True,True,True,0.002176472410694963,True,True,True,307,492,491,True,True
406,LibriSpeech:test:Domestic_noise:-5:1320-122617-0028,test-clean/1320/122617/1320-122617-0028.flac,1320,Domestic_noise,-5,0.90311986863711,"[0.75,1.00]",408,LibriSpeech:test:Domestic_noise:-5:1995-1826-0001,test-clean/1995/1826/1995-1826-0001.flac,1995,Domestic_noise,-5,0.9009433962264151,"[0.75,1.00]",True,True,True,0.002176472410694963,True,True,True,401,492,491,True,True
406,LibriSpeech:test:Domestic_noise:-5:1320-122617-0028,test-clean/1320/122617/1320-122617-0028.flac,1320,Domestic_noise,-5,0.90311986863711,"[0.75,1.00]",408,LibriSpeech:test:Domestic_noise:-5:1995-1826-0001,test-clean/1995/1826/1995-1826-0001.flac,1995,Domestic_noise,-5,0.9009433962264151,"[0.75,1.00]",True,True,True,0.002176472410694963,True,True,True,503,492,491,True,True
408,LibriSpeech:test:Domestic_noise:-5:1995-1826-0001,test-clean/1995/1826/1995-1826-0001.flac,1995,Domestic_noise,-5,0.9009433962264151,"[0.75,1.00]",406,LibriSpeech:test:Domestic_noise:-5:1320-122617-0028,test-clean/1320/122617/1320-122617-0028.flac,1320,Domestic_noise,-5,0.90311986863711,"[0.75,1.00]",True,True,True,0.002176472410694963,True,True,True,101,492,491,True,True
408,LibriSpeech:test:Domestic_noise:-5:1995-1826-0001,test-clean/1995/1826/1995-1826-0001.flac,1995,Domestic_noise,-5,0.9009433962264151,"[0.75,1.00]",406,LibriSpeech:test:Domestic_noise:-5:1320-122617-0028,test-clean/1320/122617/1320-122617-0028.flac,1320,Domestic_noise,-5,0.90311986863711,"[0.75,1.00]",True,True,True,0.002176472410694963,True,True,True,211,492,491,True,True
408,LibriSpeech:test:Domestic_noise:-5:1995-1826-0001,test-clean/1995/1826/1995-1826-0001.flac,1995,Domestic_noise,-5,0.9009433962264151,"[0.75,1.00]",406,LibriSpeech:test:Domestic_noise:-5:1320-122617-0028,test-clean/1320/122617/1320-122617-0028.flac,1320,Domestic_noise,-5,0.90311986863711,"[0.75,1.00]",True,True,True,0.002176472410694963,True,True,True,307,492,491,True,True
408,LibriSpeech:test:Domestic_noise:-5:1995-1826-0001,test-clean/1995/1826/1995-1826-0001.flac,1995,Domestic_noise,-5,0.9009433962264151,"[0.75,1.00]",406,LibriSpeech:test:Domestic_noise:-5:1320-122617-0028,test-clean/1320/122617/1320-122617-0028.flac,1320,Domestic_noise,-5,0.90311986863711,"[0.75,1.00]",True,True,True,0.002176472410694963,True,True,True,401,492,491,True,True
408,LibriSpeech:test:Domestic_noise:-5:1995-1826-0001,test-clean/1995/1826/1995-1826-0001.flac,1995,Domestic_noise,-5,0.9009433962264151,"[0.75,1.00]",406,LibriSpeech:test:Domestic_noise:-5:1320-122617-0028,test-clean/1320/122617/1320-122617-0028.flac,1320,Domestic_noise,-5,0.90311986863711,"[0.75,1.00]",True,True,True,0.002176472410694963,True,True,True,503,492,491,True,True
409,LibriSpeech:test:Domestic_noise:-5:1995-1826-0021,test-clean/1995/1826/1995-1826-0021.flac,1995,Clean,clean,0.825,"[0.75,1.00]",757,LibriSpeech:test:Office_noise:5:3729-6852-0023,test-clean/3729/6852/3729-6852-0023.flac,3729,Clean,clean,0.8260869565217391,"[0.75,1.00]",True,True,True,0.0010869565217391797,True,True,True,101,492,491,True,True
409,LibriSpeech:test:Domestic_noise:-5:1995-1826-0021,test-clean/1995/1826/1995-1826-0021.flac,1995,Clean,clean,0.825,"[0.75,1.00]",757,LibriSpeech:test:Office_noise:5:3729-6852-0023,test-clean/3729/6852/3729-6852-0023.flac,3729,Clean,clean,0.8260869565217391,"[0.75,1.00]",True,True,True,0.0010869565217391797,True,True,True,211,492,491,True,True
409,LibriSpeech:test:Domestic_noise:-5:1995-1826-0021,test-clean/1995/1826/1995-1826-0021.flac,1995,Clean,clean,0.825,"[0.75,1.00]",757,LibriSpeech:test:Office_noise:5:3729-6852-0023,test-clean/3729/6852/3729-6852-0023.flac,3729,Clean,clean,0.8260869565217391,"[0.75,1.00]",True,True,True,0.0010869565217391797,True,True,True,307,492,491,True,True
409,LibriSpeech:test:Domestic_noise:-5:1995-1826-0021,test-clean/1995/1826/1995-1826-0021.flac,1995,Clean,clean,0.825,"[0.75,1.00]",757,LibriSpeech:test:Office_noise:5:3729-6852-0023,test-clean/3729/6852/3729-6852-0023.flac,3729,Clean,clean,0.8260869565217391,"[0.75,1.00]",True,True,True,0.0010869565217391797,True,True,True,401,492,491,True,True
409,LibriSpeech:test:Domestic_noise:-5:1995-1826-0021,test-clean/1995/1826/1995-1826-0021.flac,1995,Clean,clean,0.825,"[0.75,1.00]",757,LibriSpeech:test:Office_noise:5:3729-6852-0023,test-clean/3729/6852/3729-6852-0023.flac,3729,Clean,clean,0.8260869565217391,"[0.75,1.00]",True,True,True,0.0010869565217391797,True,True,True,503,492,491,True,True
410,LibriSpeech:test:Domestic_noise:-5:1995-1826-0021,test-clean/1995/1826/1995-1826-0021.flac,1995,Domestic_noise,-5,0.825,"[0.75,1.00]",400,LibriSpeech:test:Domestic_noise:-5:1188-133604-0036,test-clean/1188/133604/1188-133604-0036.flac,1188,Domestic_noise,-5,0.8076923076923077,"[0.75,1.00]",True,True,True,0.017307692307692246,True,True,True,101,492,491,True,True
410,LibriSpeech:test:Domestic_noise:-5:1995-1826-0021,test-clean/1995/1826/1995-1826-0021.flac,1995,Domestic_noise,-5,0.825,"[0.75,1.00]",400,LibriSpeech:test:Domestic_noise:-5:1188-133604-0036,test-clean/1188/133604/1188-133604-0036.flac,1188,Domestic_noise,-5,0.8076923076923077,"[0.75,1.00]",True,True,True,0.017307692307692246,True,True,True,211,492,491,True,True
410,LibriSpeech:test:Domestic_noise:-5:1995-1826-0021,test-clean/1995/1826/1995-1826-0021.flac,1995,Domestic_noise,-5,0.825,"[0.75,1.00]",400,LibriSpeech:test:Domestic_noise:-5:1188-133604-0036,test-clean/1188/133604/1188-133604-0036.flac,1188,Domestic_noise,-5,0.8076923076923077,"[0.75,1.00]",True,True,True,0.017307692307692246,True,True,True,307,492,491,True,True
410,LibriSpeech:test:Domestic_noise:-5:1995-1826-0021,test-clean/1995/1826/1995-1826-0021.flac,1995,Domestic_noise,-5,0.825,"[0.75,1.00]",400,LibriSpeech:test:Domestic_noise:-5:1188-133604-0036,test-clean/1188/133604/1188-133604-0036.flac,1188,Domestic_noise,-5,0.8076923076923077,"[0.75,1.00]",True,True,True,0.017307692307692246,True,True,True,401,492,491,True,True
410,LibriSpeech:test:Domestic_noise:-5:1995-1826-0021,test-clean/1995/1826/1995-1826-0021.flac,1995,Domestic_noise,-5,0.825,"[0.75,1.00]",400,LibriSpeech:test:Domestic_noise:-5:1188-133604-0036,test-clean/1188/133604/1188-133604-0036.flac,1188,Domestic_noise,-5,0.8076923076923077,"[0.75,1.00]",True,True,True,0.017307692307692246,True,True,True,503,492,491,True,True
411,LibriSpeech:test:Domestic_noise:-5:1995-1836-0004,test-clean/1995/1836/1995-1836-0004.flac,1995,Clean,clean,0.8877076411960133,"[0.75,1.00]",390,LibriSpeech:test:SSN_noise:20:7021-85628-0010,test-clean/7021/85628/7021-85628-0010.flac,7021,Clean,clean,0.888095238095238,"[0.75,1.00]",True,True,True,0.0003875968992247403,True,True,True,101,492,491,True,True
411,LibriSpeech:test:Domestic_noise:-5:1995-1836-0004,test-clean/1995/1836/1995-1836-0004.flac,1995,Clean,clean,0.8877076411960133,"[0.75,1.00]",390,LibriSpeech:test:SSN_noise:20:7021-85628-0010,test-clean/7021/85628/7021-85628-0010.flac,7021,Clean,clean,0.888095238095238,"[0.75,1.00]",True,True,True,0.0003875968992247403,True,True,True,211,492,491,True,True
411,LibriSpeech:test:Domestic_noise:-5:1995-1836-0004,test-clean/1995/1836/1995-1836-0004.flac,1995,Clean,clean,0.8877076411960133,"[0.75,1.00]",390,LibriSpeech:test:SSN_noise:20:7021-85628-0010,test-clean/7021/85628/7021-85628-0010.flac,7021,Clean,clean,0.888095238095238,"[0.75,1.00]",True,True,True,0.0003875968992247403,True,True,True,307,492,491,True,True
411,LibriSpeech:test:Domestic_noise:-5:1995-1836-0004,test-clean/1995/1836/1995-1836-0004.flac,1995,Clean,clean,0.8877076411960133,"[0.75,1.00]",390,LibriSpeech:test:SSN_noise:20:7021-85628-0010,test-clean/7021/85628/7021-85628-0010.flac,7021,Clean,clean,0.888095238095238,"[0.75,1.00]",True,True,True,0.0003875968992247403,True,True,True,401,492,491,True,True
411,LibriSpeech:test:Domestic_noise:-5:1995-1836-0004,test-clean/1995/1836/1995-1836-0004.flac,1995,Clean,clean,0.8877076411960133,"[0.75,1.00]",390,LibriSpeech:test:SSN_noise:20:7021-85628-0010,test-clean/7021/85628/7021-85628-0010.flac,7021,Clean,clean,0.888095238095238,"[0.75,1.00]",True,True,True,0.0003875968992247403,True,True,True,503,492,491,True,True
412,LibriSpeech:test:Domestic_noise:-5:1995-1836-0004,test-clean/1995/1836/1995-1836-0004.flac,1995,Domestic_noise,-5,0.8877076411960133,"[0.75,1.00]",408,LibriSpeech:test:Domestic_noise:-5:1995-1826-0001,test-clean/1995/1826/1995-1826-0001.flac,1995,Domestic_noise,-5,0.9009433962264151,"[0.75,1.00]",True,True,True,0.013235755030401752,True,False,True,101,492,491,True,True
412,LibriSpeech:test:Domestic_noise:-5:1995-1836-0004,test-clean/1995/1836/1995-1836-0004.flac,1995,Domestic_noise,-5,0.8877076411960133,"[0.75,1.00]",408,LibriSpeech:test:Domestic_noise:-5:1995-1826-0001,test-clean/1995/1826/1995-1826-0001.flac,1995,Domestic_noise,-5,0.9009433962264151,"[0.75,1.00]",True,True,True,0.013235755030401752,True,False,True,211,492,491,True,True
412,LibriSpeech:test:Domestic_noise:-5:1995-1836-0004,test-clean/1995/1836/1995-1836-0004.flac,1995,Domestic_noise,-5,0.8877076411960133,"[0.75,1.00]",408,LibriSpeech:test:Domestic_noise:-5:1995-1826-0001,test-clean/1995/1826/1995-1826-0001.flac,1995,Domestic_noise,-5,0.9009433962264151,"[0.75,1.00]",True,True,True,0.013235755030401752,True,False,True,307,492,491,True,True
412,LibriSpeech:test:Domestic_noise:-5:1995-1836-0004,test-clean/1995/1836/1995-1836-0004.flac,1995,Domestic_noise,-5,0.8877076411960133,"[0.75,1.00]",408,LibriSpeech:test:Domestic_noise:-5:1995-1826-0001,test-clean/1995/1826/1995-1826-0001.flac,1995,Domestic_noise,-5,0.9009433962264151,"[0.75,1.00]",True,True,True,0.013235755030401752,True,False,True,401,492,491,True,True
412,LibriSpeech:test:Domestic_noise:-5:1995-1836-0004,test-clean/1995/1836/1995-1836-0004.flac,1995,Domestic_noise,-5,0.8877076411960133,"[0.75,1.00]",408,LibriSpeech:test:Domestic_noise:-5:1995-1826-0001,test-clean/1995/1826/1995-1826-0001.flac,1995,Domestic_noise,-5,0.9009433962264151,"[0.75,1.00]",True,True,True,0.013235755030401752,True,False,True,503,492,491,True,True
413,LibriSpeech:test:Domestic_noise:-5:2830-3980-0053,test-clean/2830/3980/2830-3980-0053.flac,2830,Domestic_noise,-5,0.6583333333333333,"[0.50,0.75)",400,LibriSpeech:test:Domestic_noise:-5:1188-133604-0036,test-clean/1188/133604/1188-133604-0036.flac,1188,Domestic_noise,-5,0.8076923076923077,"[0.75,1.00]",True,True,False,0.14935897435897438,True,True,True,101,492,491,True,True
413,LibriSpeech:test:Domestic_noise:-5:2830-3980-0053,test-clean/2830/3980/2830-3980-0053.flac,2830,Domestic_noise,-5,0.6583333333333333,"[0.50,0.75)",400,LibriSpeech:test:Domestic_noise:-5:1188-133604-0036,test-clean/1188/133604/1188-133604-0036.flac,1188,Domestic_noise,-5,0.8076923076923077,"[0.75,1.00]",True,True,False,0.14935897435897438,True,True,True,211,492,491,True,True
413,LibriSpeech:test:Domestic_noise:-5:2830-3980-0053,test-clean/2830/3980/2830-3980-0053.flac,2830,Domestic_noise,-5,0.6583333333333333,"[0.50,0.75)",400,LibriSpeech:test:Domestic_noise:-5:1188-133604-0036,test-clean/1188/133604/1188-133604-0036.flac,1188,Domestic_noise,-5,0.8076923076923077,"[0.75,1.00]",True,True,False,0.14935897435897438,True,True,True,307,492,491,True,True
413,LibriSpeech:test:Domestic_noise:-5:2830-3980-0053,test-clean/2830/3980/2830-3980-0053.flac,2830,Domestic_noise,-5,0.6583333333333333,"[0.50,0.75)",400,LibriSpeech:test:Domestic_noise:-5:1188-133604-0036,test-clean/1188/133604/1188-133604-0036.flac,1188,Domestic_noise,-5,0.8076923076923077,"[0.75,1.00]",True,True,False,0.14935897435897438,True,True,True,401,492,491,True,True
413,LibriSpeech:test:Domestic_noise:-5:2830-3980-0053,test-clean/2830/3980/2830-3980-0053.flac,2830,Domestic_noise,-5,0.6583333333333333,"[0.50,0.75)",400,LibriSpeech:test:Domestic_noise:-5:1188-133604-0036,test-clean/1188/133604/1188-133604-0036.flac,1188,Domestic_noise,-5,0.8076923076923077,"[0.75,1.00]",True,True,False,0.14935897435897438,True,True,True,503,492,491,True,True
414,LibriSpeech:test:Domestic_noise:-5:2961-960-0006,test-clean/2961/960/2961-960-0006.flac,2961,Domestic_noise,-5,0.8656591099916037,"[0.75,1.00]",424,LibriSpeech:test:Domestic_noise:-5:7729-102255-0007,test-clean/7729/102255/7729-102255-0007.flac,7729,Domestic_noise,-5,0.8704663212435233,"[0.75,1.00]",True,True,True,0.00480721125191963,True,True,True,101,492,491,True,True
414,LibriSpeech:test:Domestic_noise:-5:2961-960-0006,test-clean/2961/960/2961-960-0006.flac,2961,Domestic_noise,-5,0.8656591099916037,"[0.75,1.00]",424,LibriSpeech:test:Domestic_noise:-5:7729-102255-0007,test-clean/7729/102255/7729-102255-0007.flac,7729,Domestic_noise,-5,0.8704663212435233,"[0.75,1.00]",True,True,True,0.00480721125191963,True,True,True,211,492,491,True,True
414,LibriSpeech:test:Domestic_noise:-5:2961-960-0006,test-clean/2961/960/2961-960-0006.flac,2961,Domestic_noise,-5,0.8656591099916037,"[0.75,1.00]",424,LibriSpeech:test:Domestic_noise:-5:7729-102255-0007,test-clean/7729/102255/7729-102255-0007.flac,7729,Domestic_noise,-5,0.8704663212435233,"[0.75,1.00]",True,True,True,0.00480721125191963,True,True,True,307,492,491,True,True
414,LibriSpeech:test:Domestic_noise:-5:2961-960-0006,test-clean/2961/960/2961-960-0006.flac,2961,Domestic_noise,-5,0.8656591099916037,"[0.75,1.00]",424,LibriSpeech:test:Domestic_noise:-5:7729-102255-0007,test-clean/7729/102255/7729-102255-0007.flac,7729,Domestic_noise,-5,0.8704663212435233,"[0.75,1.00]",True,True,True,0.00480721125191963,True,True,True,401,492,491,True,True
414,LibriSpeech:test:Domestic_noise:-5:2961-960-0006,test-clean/2961/960/2961-960-0006.flac,2961,Domestic_noise,-5,0.8656591099916037,"[0.75,1.00]",424,LibriSpeech:test:Domestic_noise:-5:7729-102255-0007,test-clean/7729/102255/7729-102255-0007.flac,7729,Domestic_noise,-5,0.8704663212435233,"[0.75,1.00]",True,True,True,0.00480721125191963,True,True,True,503,492,491,True,True
415,LibriSpeech:test:Domestic_noise:-5:2961-961-0003,test-clean/2961/961/2961-961-0003.flac,2961,Domestic_noise,-5,0.4891304347826087,"[0.25,0.50)",413,LibriSpeech:test:Domestic_noise:-5:2830-3980-0053,test-clean/2830/3980/2830-3980-0053.flac,2830,Domestic_noise,-5,0.6583333333333333,"[0.50,0.75)",True,True,False,0.16920289855072462,True,True,True,101,492,491,True,True
415,LibriSpeech:test:Domestic_noise:-5:2961-961-0003,test-clean/2961/961/2961-961-0003.flac,2961,Domestic_noise,-5,0.4891304347826087,"[0.25,0.50)",413,LibriSpeech:test:Domestic_noise:-5:2830-3980-0053,test-clean/2830/3980/2830-3980-0053.flac,2830,Domestic_noise,-5,0.6583333333333333,"[0.50,0.75)",True,True,False,0.16920289855072462,True,True,True,211,492,491,True,True
415,LibriSpeech:test:Domestic_noise:-5:2961-961-0003,test-clean/2961/961/2961-961-0003.flac,2961,Domestic_noise,-5,0.4891304347826087,"[0.25,0.50)",413,LibriSpeech:test:Domestic_noise:-5:2830-3980-0053,test-clean/2830/3980/2830-3980-0053.flac,2830,Domestic_noise,-5,0.6583333333333333,"[0.50,0.75)",True,True,False,0.16920289855072462,True,True,True,307,492,491,True,True
415,LibriSpeech:test:Domestic_noise:-5:2961-961-0003,test-clean/2961/961/2961-961-0003.flac,2961,Domestic_noise,-5,0.4891304347826087,"[0.25,0.50)",413,LibriSpeech:test:Domestic_noise:-5:2830-3980-0053,test-clean/2830/3980/2830-3980-0053.flac,2830,Domestic_noise,-5,0.6583333333333333,"[0.50,0.75)",True,True,False,0.16920289855072462,True,True,True,401,492,491,True,True
415,LibriSpeech:test:Domestic_noise:-5:2961-961-0003,test-clean/2961/961/2961-961-0003.flac,2961,Domestic_noise,-5,0.4891304347826087,"[0.25,0.50)",413,LibriSpeech:test:Domestic_noise:-5:2830-3980-0053,test-clean/2830/3980/2830-3980-0053.flac,2830,Domestic_noise,-5,0.6583333333333333,"[0.50,0.75)",True,True,False,0.16920289855072462,True,True,True,503,492,491,True,True
421,LibriSpeech:test:Domestic_noise:-5:6930-76324-0008,test-clean/6930/76324/6930-76324-0008.flac,6930,Clean,clean,0.9124087591240876,"[0.75,1.00]",367,LibriSpeech:test:SSN_noise:15:7176-92135-0023,test-clean/7176/92135/7176-92135-0023.flac,7176,Clean,clean,0.9125,"[0.75,1.00]",True,True,True,9.12408759123906e-05,True,True,True,101,492,491,True,True
421,LibriSpeech:test:Domestic_noise:-5:6930-76324-0008,test-clean/6930/76324/6930-76324-0008.flac,6930,Clean,clean,0.9124087591240876,"[0.75,1.00]",367,LibriSpeech:test:SSN_noise:15:7176-92135-0023,test-clean/7176/92135/7176-92135-0023.flac,7176,Clean,clean,0.9125,"[0.75,1.00]",True,True,True,9.12408759123906e-05,True,True,True,211,492,491,True,True
421,LibriSpeech:test:Domestic_noise:-5:6930-76324-0008,test-clean/6930/76324/6930-76324-0008.flac,6930,Clean,clean,0.9124087591240876,"[0.75,1.00]",367,LibriSpeech:test:SSN_noise:15:7176-92135-0023,test-clean/7176/92135/7176-92135-0023.flac,7176,Clean,clean,0.9125,"[0.75,1.00]",True,True,True,9.12408759123906e-05,True,True,True,307,492,491,True,True
421,LibriSpeech:test:Domestic_noise:-5:6930-76324-0008,test-clean/6930/76324/6930-76324-0008.flac,6930,Clean,clean,0.9124087591240876,"[0.75,1.00]",367,LibriSpeech:test:SSN_noise:15:7176-92135-0023,test-clean/7176/92135/7176-92135-0023.flac,7176,Clean,clean,0.9125,"[0.75,1.00]",True,True,True,9.12408759123906e-05,True,True,True,401,492,491,True,True
421,LibriSpeech:test:Domestic_noise:-5:6930-76324-0008,test-clean/6930/76324/6930-76324-0008.flac,6930,Clean,clean,0.9124087591240876,"[0.75,1.00]",367,LibriSpeech:test:SSN_noise:15:7176-92135-0023,test-clean/7176/92135/7176-92135-0023.flac,7176,Clean,clean,0.9125,"[0.75,1.00]",True,True,True,9.12408759123906e-05,True,True,True,503,492,491,True,True
422,LibriSpeech:test:Domestic_noise:-5:6930-76324-0008,test-clean/6930/76324/6930-76324-0008.flac,6930,Domestic_noise,-5,0.9124087591240876,"[0.75,1.00]",406,LibriSpeech:test:Domestic_noise:-5:1320-122617-0028,test-clean/1320/122617/1320-122617-0028.flac,1320,Domestic_noise,-5,0.90311986863711,"[0.75,1.00]",True,True,True,0.009288890486977563,True,True,True,101,492,491,True,True
422,LibriSpeech:test:Domestic_noise:-5:6930-76324-0008,test-clean/6930/76324/6930-76324-0008.flac,6930,Domestic_noise,-5,0.9124087591240876,"[0.75,1.00]",406,LibriSpeech:test:Domestic_noise:-5:1320-122617-0028,test-clean/1320/122617/1320-122617-0028.flac,1320,Domestic_noise,-5,0.90311986863711,"[0.75,1.00]",True,True,True,0.009288890486977563,True,True,True,211,492,491,True,True
422,LibriSpeech:test:Domestic_noise:-5:6930-76324-0008,test-clean/6930/76324/6930-76324-0008.flac,6930,Domestic_noise,-5,0.9124087591240876,"[0.75,1.00]",406,LibriSpeech:test:Domestic_noise:-5:1320-122617-0028,test-clean/1320/122617/1320-122617-0028.flac,1320,Domestic_noise,-5,0.90311986863711,"[0.75,1.00]",True,True,True,0.009288890486977563,True,True,True,307,492,491,True,True
422,LibriSpeech:test:Domestic_noise:-5:6930-76324-0008,test-clean/6930/76324/6930-76324-0008.flac,6930,Domestic_noise,-5,0.9124087591240876,"[0.75,1.00]",406,LibriSpeech:test:Domestic_noise:-5:1320-122617-0028,test-clean/1320/122617/1320-122617-0028.flac,1320,Domestic_noise,-5,0.90311986863711,"[0.75,1.00]",True,True,True,0.009288890486977563,True,True,True,401,492,491,True,True
422,LibriSpeech:test:Domestic_noise:-5:6930-76324-0008,test-clean/6930/76324/6930-76324-0008.flac,6930,Domestic_noise,-5,0.9124087591240876,"[0.75,1.00]",406,LibriSpeech:test:Domestic_noise:-5:1320-122617-0028,test-clean/1320/122617/1320-122617-0028.flac,1320,Domestic_noise,-5,0.90311986863711,"[0.75,1.00]",True,True,True,0.009288890486977563,True,True,True,503,492,491,True,True
424,LibriSpeech:test:Domestic_noise:-5:7729-102255-0007,test-clean/7729/102255/7729-102255-0007.flac,7729,Domestic_noise,-5,0.8704663212435233,"[0.75,1.00]",414,LibriSpeech:test:Domestic_noise:-5:2961-960-0006,test-clean/2961/960/2961-960-0006.flac,2961,Domestic_noise,-5,0.8656591099916037,"[0.75,1.00]",True,True,True,0.00480721125191963,True,True,True,101,492,491,True,True
424,LibriSpeech:test:Domestic_noise:-5:7729-102255-0007,test-clean/7729/102255/7729-102255-0007.flac,7729,Domestic_noise,-5,0.8704663212435233,"[0.75,1.00]",414,LibriSpeech:test:Domestic_noise:-5:2961-960-0006,test-clean/2961/960/2961-960-0006.flac,2961,Domestic_noise,-5,0.8656591099916037,"[0.75,1.00]",True,True,True,0.00480721125191963,True,True,True,211,492,491,True,True
424,LibriSpeech:test:Domestic_noise:-5:7729-102255-0007,test-clean/7729/102255/7729-102255-0007.flac,7729,Domestic_noise,-5,0.8704663212435233,"[0.75,1.00]",414,LibriSpeech:test:Domestic_noise:-5:2961-960-0006,test-clean/2961/960/2961-960-0006.flac,2961,Domestic_noise,-5,0.8656591099916037,"[0.75,1.00]",True,True,True,0.00480721125191963,True,True,True,307,492,491,True,True
424,LibriSpeech:test:Domestic_noise:-5:7729-102255-0007,test-clean/7729/102255/7729-102255-0007.flac,7729,Domestic_noise,-5,0.8704663212435233,"[0.75,1.00]",414,LibriSpeech:test:Domestic_noise:-5:2961-960-0006,test-clean/2961/960/2961-960-0006.flac,2961,Domestic_noise,-5,0.8656591099916037,"[0.75,1.00]",True,True,True,0.00480721125191963,True,True,True,401,492,491,True,True
424,LibriSpeech:test:Domestic_noise:-5:7729-102255-0007,test-clean/7729/102255/7729-102255-0007.flac,7729,Domestic_noise,-5,0.8704663212435233,"[0.75,1.00]",414,LibriSpeech:test:Domestic_noise:-5:2961-960-0006,test-clean/2961/960/2961-960-0006.flac,2961,Domestic_noise,-5,0.8656591099916037,"[0.75,1.00]",True,True,True,0.00480721125191963,True,True,True,503,492,491,True,True
429,LibriSpeech:test:Domestic_noise:0:1188-133604-0016,test-clean/1188/133604/1188-133604-0016.flac,1188,Domestic_noise,0,0.7323943661971831,"[0.50,0.75)",435,LibriSpeech:test:Domestic_noise:0:2094-142345-0049,test-clean/2094/142345/2094-142345-0049.flac,2094,Domestic_noise,0,0.7705627705627706,"[0.75,1.00]",True,True,False,0.03816840436558744,True,True,True,101,492,491,True,True
429,LibriSpeech:test:Domestic_noise:0:1188-133604-0016,test-clean/1188/133604/1188-133604-0016.flac,1188,Domestic_noise,0,0.7323943661971831,"[0.50,0.75)",435,LibriSpeech:test:Domestic_noise:0:2094-142345-0049,test-clean/2094/142345/2094-142345-0049.flac,2094,Domestic_noise,0,0.7705627705627706,"[0.75,1.00]",True,True,False,0.03816840436558744,True,True,True,211,492,491,True,True
429,LibriSpeech:test:Domestic_noise:0:1188-133604-0016,test-clean/1188/133604/1188-133604-0016.flac,1188,Domestic_noise,0,0.7323943661971831,"[0.50,0.75)",435,LibriSpeech:test:Domestic_noise:0:2094-142345-0049,test-clean/2094/142345/2094-142345-0049.flac,2094,Domestic_noise,0,0.7705627705627706,"[0.75,1.00]",True,True,False,0.03816840436558744,True,True,True,307,492,491,True,True
429,LibriSpeech:test:Domestic_noise:0:1188-133604-0016,test-clean/1188/133604/1188-133604-0016.flac,1188,Domestic_noise,0,0.7323943661971831,"[0.50,0.75)",435,LibriSpeech:test:Domestic_noise:0:2094-142345-0049,test-clean/2094/142345/2094-142345-0049.flac,2094,Domestic_noise,0,0.7705627705627706,"[0.75,1.00]",True,True,False,0.03816840436558744,True,True,True,401,492,491,True,True
429,LibriSpeech:test:Domestic_noise:0:1188-133604-0016,test-clean/1188/133604/1188-133604-0016.flac,1188,Domestic_noise,0,0.7323943661971831,"[0.50,0.75)",435,LibriSpeech:test:Domestic_noise:0:2094-142345-0049,test-clean/2094/142345/2094-142345-0049.flac,2094,Domestic_noise,0,0.7705627705627706,"[0.75,1.00]",True,True,False,0.03816840436558744,True,True,True,503,492,491,True,True
434,LibriSpeech:test:Domestic_noise:0:2094-142345-0049,test-clean/2094/142345/2094-142345-0049.flac,2094,Clean,clean,0.7705627705627706,"[0.75,1.00]",216,LibriSpeech:test:SSN_noise:-5:1188-133604-0026,test-clean/1188/133604/1188-133604-0026.flac,1188,Clean,clean,0.7706928264868179,"[0.75,1.00]",True,True,True,0.00013005592404735644,True,True,True,101,492,491,True,True
434,LibriSpeech:test:Domestic_noise:0:2094-142345-0049,test-clean/2094/142345/2094-142345-0049.flac,2094,Clean,clean,0.7705627705627706,"[0.75,1.00]",216,LibriSpeech:test:SSN_noise:-5:1188-133604-0026,test-clean/1188/133604/1188-133604-0026.flac,1188,Clean,clean,0.7706928264868179,"[0.75,1.00]",True,True,True,0.00013005592404735644,True,True,True,211,492,491,True,True
434,LibriSpeech:test:Domestic_noise:0:2094-142345-0049,test-clean/2094/142345/2094-142345-0049.flac,2094,Clean,clean,0.7705627705627706,"[0.75,1.00]",216,LibriSpeech:test:SSN_noise:-5:1188-133604-0026,test-clean/1188/133604/1188-133604-0026.flac,1188,Clean,clean,0.7706928264868179,"[0.75,1.00]",True,True,True,0.00013005592404735644,True,True,True,307,492,491,True,True
434,LibriSpeech:test:Domestic_noise:0:2094-142345-0049,test-clean/2094/142345/2094-142345-0049.flac,2094,Clean,clean,0.7705627705627706,"[0.75,1.00]",216,LibriSpeech:test:SSN_noise:-5:1188-133604-0026,test-clean/1188/133604/1188-133604-0026.flac,1188,Clean,clean,0.7706928264868179,"[0.75,1.00]",True,True,True,0.00013005592404735644,True,True,True,401,492,491,True,True
434,LibriSpeech:test:Domestic_noise:0:2094-142345-0049,test-clean/2094/142345/2094-142345-0049.flac,2094,Clean,clean,0.7705627705627706,"[0.75,1.00]",216,LibriSpeech:test:SSN_noise:-5:1188-133604-0026,test-clean/1188/133604/1188-133604-0026.flac,1188,Clean,clean,0.7706928264868179,"[0.75,1.00]",True,True,True,0.00013005592404735644,True,True,True,503,492,491,True,True
435,LibriSpeech:test:Domestic_noise:0:2094-142345-0049,test-clean/2094/142345/2094-142345-0049.flac,2094,Domestic_noise,0,0.7705627705627706,"[0.75,1.00]",436,LibriSpeech:test:Domestic_noise:0:2830-3980-0073,test-clean/2830/3980/2830-3980-0073.flac,2830,Domestic_noise,0,0.84,"[0.75,1.00]",True,True,True,0.06943722943722941,True,True,True,101,492,491,True,True
435,LibriSpeech:test:Domestic_noise:0:2094-142345-0049,test-clean/2094/142345/2094-142345-0049.flac,2094,Domestic_noise,0,0.7705627705627706,"[0.75,1.00]",436,LibriSpeech:test:Domestic_noise:0:2830-3980-0073,test-clean/2830/3980/2830-3980-0073.flac,2830,Domestic_noise,0,0.84,"[0.75,1.00]",True,True,True,0.06943722943722941,True,True,True,211,492,491,True,True
435,LibriSpeech:test:Domestic_noise:0:2094-142345-0049,test-clean/2094/142345/2094-142345-0049.flac,2094,Domestic_noise,0,0.7705627705627706,"[0.75,1.00]",436,LibriSpeech:test:Domestic_noise:0:2830-3980-0073,test-clean/2830/3980/2830-3980-0073.flac,2830,Domestic_noise,0,0.84,"[0.75,1.00]",True,True,True,0.06943722943722941,True,True,True,307,492,491,True,True
435,LibriSpeech:test:Domestic_noise:0:2094-142345-0049,test-clean/2094/142345/2094-142345-0049.flac,2094,Domestic_noise,0,0.7705627705627706,"[0.75,1.00]",436,LibriSpeech:test:Domestic_noise:0:2830-3980-0073,test-clean/2830/3980/2830-3980-0073.flac,2830,Domestic_noise,0,0.84,"[0.75,1.00]",True,True,True,0.06943722943722941,True,True,True,401,492,491,True,True
435,LibriSpeech:test:Domestic_noise:0:2094-142345-0049,test-clean/2094/142345/2094-142345-0049.flac,2094,Domestic_noise,0,0.7705627705627706,"[0.75,1.00]",436,LibriSpeech:test:Domestic_noise:0:2830-3980-0073,test-clean/2830/3980/2830-3980-0073.flac,2830,Domestic_noise,0,0.84,"[0.75,1.00]",True,True,True,0.06943722943722941,True,True,True,503,492,491,True,True
436,LibriSpeech:test:Domestic_noise:0:2830-3980-0073,test-clean/2830/3980/2830-3980-0073.flac,2830,Domestic_noise,0,0.84,"[0.75,1.00]",439,LibriSpeech:test:Domestic_noise:0:3729-6852-0003,test-clean/3729/6852/3729-6852-0003.flac,3729,Domestic_noise,0,0.8455008488964346,"[0.75,1.00]",True,True,True,0.005500848896434651,True,True,True,101,492,491,True,True
436,LibriSpeech:test:Domestic_noise:0:2830-3980-0073,test-clean/2830/3980/2830-3980-0073.flac,2830,Domestic_noise,0,0.84,"[0.75,1.00]",439,LibriSpeech:test:Domestic_noise:0:3729-6852-0003,test-clean/3729/6852/3729-6852-0003.flac,3729,Domestic_noise,0,0.8455008488964346,"[0.75,1.00]",True,True,True,0.005500848896434651,True,True,True,211,492,491,True,True
436,LibriSpeech:test:Domestic_noise:0:2830-3980-0073,test-clean/2830/3980/2830-3980-0073.flac,2830,Domestic_noise,0,0.84,"[0.75,1.00]",439,LibriSpeech:test:Domestic_noise:0:3729-6852-0003,test-clean/3729/6852/3729-6852-0003.flac,3729,Domestic_noise,0,0.8455008488964346,"[0.75,1.00]",True,True,True,0.005500848896434651,True,True,True,307,492,491,True,True
436,LibriSpeech:test:Domestic_noise:0:2830-3980-0073,test-clean/2830/3980/2830-3980-0073.flac,2830,Domestic_noise,0,0.84,"[0.75,1.00]",439,LibriSpeech:test:Domestic_noise:0:3729-6852-0003,test-clean/3729/6852/3729-6852-0003.flac,3729,Domestic_noise,0,0.8455008488964346,"[0.75,1.00]",True,True,True,0.005500848896434651,True,True,True,401,492,491,True,True
436,LibriSpeech:test:Domestic_noise:0:2830-3980-0073,test-clean/2830/3980/2830-3980-0073.flac,2830,Domestic_noise,0,0.84,"[0.75,1.00]",439,LibriSpeech:test:Domestic_noise:0:3729-6852-0003,test-clean/3729/6852/3729-6852-0003.flac,3729,Domestic_noise,0,0.8455008488964346,"[0.75,1.00]",True,True,True,0.005500848896434651,True,True,True,503,492,491,True,True
437,LibriSpeech:test:Domestic_noise:0:2961-961-0003,test-clean/2961/961/2961-961-0003.flac,2961,Domestic_noise,0,0.4891304347826087,"[0.25,0.50)",429,LibriSpeech:test:Domestic_noise:0:1188-133604-0016,test-clean/1188/133604/1188-133604-0016.flac,1188,Domestic_noise,0,0.7323943661971831,"[0.50,0.75)",True,True,False,0.24326393141457442,True,True,True,101,492,491,True,True
437,LibriSpeech:test:Domestic_noise:0:2961-961-0003,test-clean/2961/961/2961-961-0003.flac,2961,Domestic_noise,0,0.4891304347826087,"[0.25,0.50)",429,LibriSpeech:test:Domestic_noise:0:1188-133604-0016,test-clean/1188/133604/1188-133604-0016.flac,1188,Domestic_noise,0,0.7323943661971831,"[0.50,0.75)",True,True,False,0.24326393141457442,True,True,True,211,492,491,True,True
437,LibriSpeech:test:Domestic_noise:0:2961-961-0003,test-clean/2961/961/2961-961-0003.flac,2961,Domestic_noise,0,0.4891304347826087,"[0.25,0.50)",429,LibriSpeech:test:Domestic_noise:0:1188-133604-0016,test-clean/1188/133604/1188-133604-0016.flac,1188,Domestic_noise,0,0.7323943661971831,"[0.50,0.75)",True,True,False,0.24326393141457442,True,True,True,307,492,491,True,True
437,LibriSpeech:test:Domestic_noise:0:2961-961-0003,test-clean/2961/961/2961-961-0003.flac,2961,Domestic_noise,0,0.4891304347826087,"[0.25,0.50)",429,LibriSpeech:test:Domestic_noise:0:1188-133604-0016,test-clean/1188/133604/1188-133604-0016.flac,1188,Domestic_noise,0,0.7323943661971831,"[0.50,0.75)",True,True,False,0.24326393141457442,True,True,True,401,492,491,True,True
437,LibriSpeech:test:Domestic_noise:0:2961-961-0003,test-clean/2961/961/2961-961-0003.flac,2961,Domestic_noise,0,0.4891304347826087,"[0.25,0.50)",429,LibriSpeech:test:Domestic_noise:0:1188-133604-0016,test-clean/1188/133604/1188-133604-0016.flac,1188,Domestic_noise,0,0.7323943661971831,"[0.50,0.75)",True,True,False,0.24326393141457442,True,True,True,503,492,491,True,True
439,LibriSpeech:test:Domestic_noise:0:3729-6852-0003,test-clean/3729/6852/3729-6852-0003.flac,3729,Domestic_noise,0,0.8455008488964346,"[0.75,1.00]",436,LibriSpeech:test:Domestic_noise:0:2830-3980-0073,test-clean/2830/3980/2830-3980-0073.flac,2830,Domestic_noise,0,0.84,"[0.75,1.00]",True,True,True,0.005500848896434651,True,True,True,101,492,491,True,True
439,LibriSpeech:test:Domestic_noise:0:3729-6852-0003,test-clean/3729/6852/3729-6852-0003.flac,3729,Domestic_noise,0,0.8455008488964346,"[0.75,1.00]",436,LibriSpeech:test:Domestic_noise:0:2830-3980-0073,test-clean/2830/3980/2830-3980-0073.flac,2830,Domestic_noise,0,0.84,"[0.75,1.00]",True,True,True,0.005500848896434651,True,True,True,211,492,491,True,True
439,LibriSpeech:test:Domestic_noise:0:3729-6852-0003,test-clean/3729/6852/3729-6852-0003.flac,3729,Domestic_noise,0,0.8455008488964346,"[0.75,1.00]",436,LibriSpeech:test:Domestic_noise:0:2830-3980-0073,test-clean/2830/3980/2830-3980-0073.flac,2830,Domestic_noise,0,0.84,"[0.75,1.00]",True,True,True,0.005500848896434651,True,True,True,307,492,491,True,True
439,LibriSpeech:test:Domestic_noise:0:3729-6852-0003,test-clean/3729/6852/3729-6852-0003.flac,3729,Domestic_noise,0,0.8455008488964346,"[0.75,1.00]",436,LibriSpeech:test:Domestic_noise:0:2830-3980-0073,test-clean/2830/3980/2830-3980-0073.flac,2830,Domestic_noise,0,0.84,"[0.75,1.00]",True,True,True,0.005500848896434651,True,True,True,401,492,491,True,True
439,LibriSpeech:test:Domestic_noise:0:3729-6852-0003,test-clean/3729/6852/3729-6852-0003.flac,3729,Domestic_noise,0,0.8455008488964346,"[0.75,1.00]",436,LibriSpeech:test:Domestic_noise:0:2830-3980-0073,test-clean/2830/3980/2830-3980-0073.flac,2830,Domestic_noise,0,0.84,"[0.75,1.00]",True,True,True,0.005500848896434651,True,True,True,503,492,491,True,True
447,LibriSpeech:test:Domestic_noise:0:6930-76324-0008,test-clean/6930/76324/6930-76324-0008.flac,6930,Domestic_noise,0,0.9124087591240876,"[0.75,1.00]",449,LibriSpeech:test:Domestic_noise:0:7021-85628-0020,test-clean/7021/85628/7021-85628-0020.flac,7021,Domestic_noise,0,0.9393939393939394,"[0.75,1.00]",True,True,True,0.02698518026985186,True,True,True,101,492,491,True,True
447,LibriSpeech:test:Domestic_noise:0:6930-76324-0008,test-clean/6930/76324/6930-76324-0008.flac,6930,Domestic_noise,0,0.9124087591240876,"[0.75,1.00]",449,LibriSpeech:test:Domestic_noise:0:7021-85628-0020,test-clean/7021/85628/7021-85628-0020.flac,7021,Domestic_noise,0,0.9393939393939394,"[0.75,1.00]",True,True,True,0.02698518026985186,True,True,True,211,492,491,True,True
447,LibriSpeech:test:Domestic_noise:0:6930-76324-0008,test-clean/6930/76324/6930-76324-0008.flac,6930,Domestic_noise,0,0.9124087591240876,"[0.75,1.00]",449,LibriSpeech:test:Domestic_noise:0:7021-85628-0020,test-clean/7021/85628/7021-85628-0020.flac,7021,Domestic_noise,0,0.9393939393939394,"[0.75,1.00]",True,True,True,0.02698518026985186,True,True,True,307,492,491,True,True
447,LibriSpeech:test:Domestic_noise:0:6930-76324-0008,test-clean/6930/76324/6930-76324-0008.flac,6930,Domestic_noise,0,0.9124087591240876,"[0.75,1.00]",449,LibriSpeech:test:Domestic_noise:0:7021-85628-0020,test-clean/7021/85628/7021-85628-0020.flac,7021,Domestic_noise,0,0.9393939393939394,"[0.75,1.00]",True,True,True,0.02698518026985186,True,True,True,401,492,491,True,True
447,LibriSpeech:test:Domestic_noise:0:6930-76324-0008,test-clean/6930/76324/6930-76324-0008.flac,6930,Domestic_noise,0,0.9124087591240876,"[0.75,1.00]",449,LibriSpeech:test:Domestic_noise:0:7021-85628-0020,test-clean/7021/85628/7021-85628-0020.flac,7021,Domestic_noise,0,0.9393939393939394,"[0.75,1.00]",True,True,True,0.02698518026985186,True,True,True,503,492,491,True,True
448,LibriSpeech:test:Domestic_noise:0:7021-85628-0020,test-clean/7021/85628/7021-85628-0020.flac,7021,Clean,clean,0.9393939393939394,"[0.75,1.00]",70,LibriSpeech:test:Babble_noise:0:8463-287645-0013,test-clean/8463/287645/8463-287645-0013.flac,8463,Clean,clean,0.9368421052631579,"[0.75,1.00]",True,True,True,0.0025518341307815273,True,True,True,101,492,491,True,True
448,LibriSpeech:test:Domestic_noise:0:7021-85628-0020,test-clean/7021/85628/7021-85628-0020.flac,7021,Clean,clean,0.9393939393939394,"[0.75,1.00]",70,LibriSpeech:test:Babble_noise:0:8463-287645-0013,test-clean/8463/287645/8463-287645-0013.flac,8463,Clean,clean,0.9368421052631579,"[0.75,1.00]",True,True,True,0.0025518341307815273,True,True,True,211,492,491,True,True
448,LibriSpeech:test:Domestic_noise:0:7021-85628-0020,test-clean/7021/85628/7021-85628-0020.flac,7021,Clean,clean,0.9393939393939394,"[0.75,1.00]",70,LibriSpeech:test:Babble_noise:0:8463-287645-0013,test-clean/8463/287645/8463-287645-0013.flac,8463,Clean,clean,0.9368421052631579,"[0.75,1.00]",True,True,True,0.0025518341307815273,True,True,True,307,492,491,True,True
448,LibriSpeech:test:Domestic_noise:0:7021-85628-0020,test-clean/7021/85628/7021-85628-0020.flac,7021,Clean,clean,0.9393939393939394,"[0.75,1.00]",70,LibriSpeech:test:Babble_noise:0:8463-287645-0013,test-clean/8463/287645/8463-287645-0013.flac,8463,Clean,clean,0.9368421052631579,"[0.75,1.00]",True,True,True,0.0025518341307815273,True,True,True,401,492,491,True,True
448,LibriSpeech:test:Domestic_noise:0:7021-85628-0020,test-clean/7021/85628/7021-85628-0020.flac,7021,Clean,clean,0.9393939393939394,"[0.75,1.00]",70,LibriSpeech:test:Babble_noise:0:8463-287645-0013,test-clean/8463/287645/8463-287645-0013.flac,8463,Clean,clean,0.9368421052631579,"[0.75,1.00]",True,True,True,0.0025518341307815273,True,True,True,503,492,491,True,True
449,LibriSpeech:test:Domestic_noise:0:7021-85628-0020,test-clean/7021/85628/7021-85628-0020.flac,7021,Domestic_noise,0,0.9393939393939394,"[0.75,1.00]",447,LibriSpeech:test:Domestic_noise:0:6930-76324-0008,test-clean/6930/76324/6930-76324-0008.flac,6930,Domestic_noise,0,0.9124087591240876,"[0.75,1.00]",True,True,True,0.02698518026985186,True,True,True,101,492,491,True,True
449,LibriSpeech:test:Domestic_noise:0:7021-85628-0020,test-clean/7021/85628/7021-85628-0020.flac,7021,Domestic_noise,0,0.9393939393939394,"[0.75,1.00]",447,LibriSpeech:test:Domestic_noise:0:6930-76324-0008,test-clean/6930/76324/6930-76324-0008.flac,6930,Domestic_noise,0,0.9124087591240876,"[0.75,1.00]",True,True,True,0.02698518026985186,True,True,True,211,492,491,True,True
449,LibriSpeech:test:Domestic_noise:0:7021-85628-0020,test-clean/7021/85628/7021-85628-0020.flac,7021,Domestic_noise,0,0.9393939393939394,"[0.75,1.00]",447,LibriSpeech:test:Domestic_noise:0:6930-76324-0008,test-clean/6930/76324/6930-76324-0008.flac,6930,Domestic_noise,0,0.9124087591240876,"[0.75,1.00]",True,True,True,0.02698518026985186,True,True,True,307,492,491,True,True
449,LibriSpeech:test:Domestic_noise:0:7021-85628-0020,test-clean/7021/85628/7021-85628-0020.flac,7021,Domestic_noise,0,0.9393939393939394,"[0.75,1.00]",447,LibriSpeech:test:Domestic_noise:0:6930-76324-0008,test-clean/6930/76324/6930-76324-0008.flac,6930,Domestic_noise,0,0.9124087591240876,"[0.75,1.00]",True,True,True,0.02698518026985186,True,True,True,401,492,491,True,True
449,LibriSpeech:test:Domestic_noise:0:7021-85628-0020,test-clean/7021/85628/7021-85628-0020.flac,7021,Domestic_noise,0,0.9393939393939394,"[0.75,1.00]",447,LibriSpeech:test:Domestic_noise:0:6930-76324-0008,test-clean/6930/76324/6930-76324-0008.flac,6930,Domestic_noise,0,0.9124087591240876,"[0.75,1.00]",True,True,True,0.02698518026985186,True,True,True,503,492,491,True,True
453,LibriSpeech:test:Domestic_noise:5:121-127105-0026,test-clean/121/127105/121-127105-0026.flac,121,Domestic_noise,5,0.8494623655913979,"[0.75,1.00]",476,LibriSpeech:test:Domestic_noise:5:7176-88083-0001,test-clean/7176/88083/7176-88083-0001.flac,7176,Domestic_noise,5,0.8667711598746082,"[0.75,1.00]",True,True,True,0.017308794283210305,True,True,True,101,492,491,True,True
453,LibriSpeech:test:Domestic_noise:5:121-127105-0026,test-clean/121/127105/121-127105-0026.flac,121,Domestic_noise,5,0.8494623655913979,"[0.75,1.00]",476,LibriSpeech:test:Domestic_noise:5:7176-88083-0001,test-clean/7176/88083/7176-88083-0001.flac,7176,Domestic_noise,5,0.8667711598746082,"[0.75,1.00]",True,True,True,0.017308794283210305,True,True,True,211,492,491,True,True
453,LibriSpeech:test:Domestic_noise:5:121-127105-0026,test-clean/121/127105/121-127105-0026.flac,121,Domestic_noise,5,0.8494623655913979,"[0.75,1.00]",476,LibriSpeech:test:Domestic_noise:5:7176-88083-0001,test-clean/7176/88083/7176-88083-0001.flac,7176,Domestic_noise,5,0.8667711598746082,"[0.75,1.00]",True,True,True,0.017308794283210305,True,True,True,307,492,491,True,True
453,LibriSpeech:test:Domestic_noise:5:121-127105-0026,test-clean/121/127105/121-127105-0026.flac,121,Domestic_noise,5,0.8494623655913979,"[0.75,1.00]",476,LibriSpeech:test:Domestic_noise:5:7176-88083-0001,test-clean/7176/88083/7176-88083-0001.flac,7176,Domestic_noise,5,0.8667711598746082,"[0.75,1.00]",True,True,True,0.017308794283210305,True,True,True,401,492,491,True,True
453,LibriSpeech:test:Domestic_noise:5:121-127105-0026,test-clean/121/127105/121-127105-0026.flac,121,Domestic_noise,5,0.8494623655913979,"[0.75,1.00]",476,LibriSpeech:test:Domestic_noise:5:7176-88083-0001,test-clean/7176/88083/7176-88083-0001.flac,7176,Domestic_noise,5,0.8667711598746082,"[0.75,1.00]",True,True,True,0.017308794283210305,True,True,True,503,492,491,True,True
455,LibriSpeech:test:Domestic_noise:5:1320-122617-0008,test-clean/1320/122617/1320-122617-0008.flac,1320,Domestic_noise,5,0.7837837837837838,"[0.75,1.00]",461,LibriSpeech:test:Domestic_noise:5:237-134500-0021,test-clean/237/134500/237-134500-0021.flac,237,Domestic_noise,5,0.816793893129771,"[0.75,1.00]",True,True,True,0.03301010934598725,True,True,True,101,492,491,True,True
455,LibriSpeech:test:Domestic_noise:5:1320-122617-0008,test-clean/1320/122617/1320-122617-0008.flac,1320,Domestic_noise,5,0.7837837837837838,"[0.75,1.00]",461,LibriSpeech:test:Domestic_noise:5:237-134500-0021,test-clean/237/134500/237-134500-0021.flac,237,Domestic_noise,5,0.816793893129771,"[0.75,1.00]",True,True,True,0.03301010934598725,True,True,True,211,492,491,True,True
455,LibriSpeech:test:Domestic_noise:5:1320-122617-0008,test-clean/1320/122617/1320-122617-0008.flac,1320,Domestic_noise,5,0.7837837837837838,"[0.75,1.00]",461,LibriSpeech:test:Domestic_noise:5:237-134500-0021,test-clean/237/134500/237-134500-0021.flac,237,Domestic_noise,5,0.816793893129771,"[0.75,1.00]",True,True,True,0.03301010934598725,True,True,True,307,492,491,True,True
455,LibriSpeech:test:Domestic_noise:5:1320-122617-0008,test-clean/1320/122617/1320-122617-0008.flac,1320,Domestic_noise,5,0.7837837837837838,"[0.75,1.00]",461,LibriSpeech:test:Domestic_noise:5:237-134500-0021,test-clean/237/134500/237-134500-0021.flac,237,Domestic_noise,5,0.816793893129771,"[0.75,1.00]",True,True,True,0.03301010934598725,True,True,True,401,492,491,True,True
455,LibriSpeech:test:Domestic_noise:5:1320-122617-0008,test-clean/1320/122617/1320-122617-0008.flac,1320,Domestic_noise,5,0.7837837837837838,"[0.75,1.00]",461,LibriSpeech:test:Domestic_noise:5:237-134500-0021,test-clean/237/134500/237-134500-0021.flac,237,Domestic_noise,5,0.816793893129771,"[0.75,1.00]",True,True,True,0.03301010934598725,True,True,True,503,492,491,True,True
456,LibriSpeech:test:Domestic_noise:5:1320-122617-0028,test-clean/1320/122617/1320-122617-0028.flac,1320,Domestic_noise,5,0.90311986863711,"[0.75,1.00]",477,LibriSpeech:test:Domestic_noise:5:8230-279154-0028,test-clean/8230/279154/8230-279154-0028.flac,8230,Domestic_noise,5,0.92,"[0.75,1.00]",True,True,True,0.016880131362890016,True,True,True,101,492,491,True,True
456,LibriSpeech:test:Domestic_noise:5:1320-122617-0028,test-clean/1320/122617/1320-122617-0028.flac,1320,Domestic_noise,5,0.90311986863711,"[0.75,1.00]",477,LibriSpeech:test:Domestic_noise:5:8230-279154-0028,test-clean/8230/279154/8230-279154-0028.flac,8230,Domestic_noise,5,0.92,"[0.75,1.00]",True,True,True,0.016880131362890016,True,True,True,211,492,491,True,True
456,LibriSpeech:test:Domestic_noise:5:1320-122617-0028,test-clean/1320/122617/1320-122617-0028.flac,1320,Domestic_noise,5,0.90311986863711,"[0.75,1.00]",477,LibriSpeech:test:Domestic_noise:5:8230-279154-0028,test-clean/8230/279154/8230-279154-0028.flac,8230,Domestic_noise,5,0.92,"[0.75,1.00]",True,True,True,0.016880131362890016,True,True,True,307,492,491,True,True
456,LibriSpeech:test:Domestic_noise:5:1320-122617-0028,test-clean/1320/122617/1320-122617-0028.flac,1320,Domestic_noise,5,0.90311986863711,"[0.75,1.00]",477,LibriSpeech:test:Domestic_noise:5:8230-279154-0028,test-clean/8230/279154/8230-279154-0028.flac,8230,Domestic_noise,5,0.92,"[0.75,1.00]",True,True,True,0.016880131362890016,True,True,True,401,492,491,True,True
456,LibriSpeech:test:Domestic_noise:5:1320-122617-0028,test-clean/1320/122617/1320-122617-0028.flac,1320,Domestic_noise,5,0.90311986863711,"[0.75,1.00]",477,LibriSpeech:test:Domestic_noise:5:8230-279154-0028,test-clean/8230/279154/8230-279154-0028.flac,8230,Domestic_noise,5,0.92,"[0.75,1.00]",True,True,True,0.016880131362890016,True,True,True,503,492,491,True,True
457,LibriSpeech:test:Domestic_noise:5:1995-1837-0019,test-clean/1995/1837/1995-1837-0019.flac,1995,Domestic_noise,5,0.5923566878980892,"[0.50,0.75)",463,LibriSpeech:test:Domestic_noise:5:260-123288-0006,test-clean/260/123288/260-123288-0006.flac,260,Domestic_noise,5,0.7383177570093458,"[0.50,0.75)",True,True,True,0.1459610691112566,True,True,True,101,492,491,True,True
457,LibriSpeech:test:Domestic_noise:5:1995-1837-0019,test-clean/1995/1837/1995-1837-0019.flac,1995,Domestic_noise,5,0.5923566878980892,"[0.50,0.75)",463,LibriSpeech:test:Domestic_noise:5:260-123288-0006,test-clean/260/123288/260-123288-0006.flac,260,Domestic_noise,5,0.7383177570093458,"[0.50,0.75)",True,True,True,0.1459610691112566,True,True,True,211,492,491,True,True
457,LibriSpeech:test:Domestic_noise:5:1995-1837-0019,test-clean/1995/1837/1995-1837-0019.flac,1995,Domestic_noise,5,0.5923566878980892,"[0.50,0.75)",463,LibriSpeech:test:Domestic_noise:5:260-123288-0006,test-clean/260/123288/260-123288-0006.flac,260,Domestic_noise,5,0.7383177570093458,"[0.50,0.75)",True,True,True,0.1459610691112566,True,True,True,307,492,491,True,True
457,LibriSpeech:test:Domestic_noise:5:1995-1837-0019,test-clean/1995/1837/1995-1837-0019.flac,1995,Domestic_noise,5,0.5923566878980892,"[0.50,0.75)",463,LibriSpeech:test:Domestic_noise:5:260-123288-0006,test-clean/260/123288/260-123288-0006.flac,260,Domestic_noise,5,0.7383177570093458,"[0.50,0.75)",True,True,True,0.1459610691112566,True,True,True,401,492,491,True,True
457,LibriSpeech:test:Domestic_noise:5:1995-1837-0019,test-clean/1995/1837/1995-1837-0019.flac,1995,Domestic_noise,5,0.5923566878980892,"[0.50,0.75)",463,LibriSpeech:test:Domestic_noise:5:260-123288-0006,test-clean/260/123288/260-123288-0006.flac,260,Domestic_noise,5,0.7383177570093458,"[0.50,0.75)",True,True,True,0.1459610691112566,True,True,True,503,492,491,True,True
458,LibriSpeech:test:Domestic_noise:5:2094-142345-0029,test-clean/2094/142345/2094-142345-0029.flac,2094,Domestic_noise,5,0.7494692144373672,"[0.50,0.75)",463,LibriSpeech:test:Domestic_noise:5:260-123288-0006,test-clean/260/123288/260-123288-0006.flac,260,Domestic_noise,5,0.7383177570093458,"[0.50,0.75)",True,True,True,0.011151457428021483,True,True,True,101,492,491,True,True
458,LibriSpeech:test:Domestic_noise:5:2094-142345-0029,test-clean/2094/142345/2094-142345-0029.flac,2094,Domestic_noise,5,0.7494692144373672,"[0.50,0.75)",463,LibriSpeech:test:Domestic_noise:5:260-123288-0006,test-clean/260/123288/260-123288-0006.flac,260,Domestic_noise,5,0.7383177570093458,"[0.50,0.75)",True,True,True,0.011151457428021483,True,True,True,211,492,491,True,True
458,LibriSpeech:test:Domestic_noise:5:2094-142345-0029,test-clean/2094/142345/2094-142345-0029.flac,2094,Domestic_noise,5,0.7494692144373672,"[0.50,0.75)",463,LibriSpeech:test:Domestic_noise:5:260-123288-0006,test-clean/260/123288/260-123288-0006.flac,260,Domestic_noise,5,0.7383177570093458,"[0.50,0.75)",True,True,True,0.011151457428021483,True,True,True,307,492,491,True,True
458,LibriSpeech:test:Domestic_noise:5:2094-142345-0029,test-clean/2094/142345/2094-142345-0029.flac,2094,Domestic_noise,5,0.7494692144373672,"[0.50,0.75)",463,LibriSpeech:test:Domestic_noise:5:260-123288-0006,test-clean/260/123288/260-123288-0006.flac,260,Domestic_noise,5,0.7383177570093458,"[0.50,0.75)",True,True,True,0.011151457428021483,True,True,True,401,492,491,True,True
458,LibriSpeech:test:Domestic_noise:5:2094-142345-0029,test-clean/2094/142345/2094-142345-0029.flac,2094,Domestic_noise,5,0.7494692144373672,"[0.50,0.75)",463,LibriSpeech:test:Domestic_noise:5:260-123288-0006,test-clean/260/123288/260-123288-0006.flac,260,Domestic_noise,5,0.7383177570093458,"[0.50,0.75)",True,True,True,0.011151457428021483,True,True,True,503,492,491,True,True
459,LibriSpeech:test:Domestic_noise:5:237-134493-0000,test-clean/237/134493/237-134493-0000.flac,237,Clean,clean,0.1724137931034483,"[0,0.25)",503,LibriSpeech:test:Domestic_noise:15:121-121726-0011,test-clean/121/121726/121-121726-0011.flac,121,Clean,clean,0.13636363636363635,"[0,0.25)",True,True,True,0.036050156739811934,True,True,True,101,492,491,True,True
459,LibriSpeech:test:Domestic_noise:5:237-134493-0000,test-clean/237/134493/237-134493-0000.flac,237,Clean,clean,0.1724137931034483,"[0,0.25)",503,LibriSpeech:test:Domestic_noise:15:121-121726-0011,test-clean/121/121726/121-121726-0011.flac,121,Clean,clean,0.13636363636363635,"[0,0.25)",True,True,True,0.036050156739811934,True,True,True,211,492,491,True,True
459,LibriSpeech:test:Domestic_noise:5:237-134493-0000,test-clean/237/134493/237-134493-0000.flac,237,Clean,clean,0.1724137931034483,"[0,0.25)",503,LibriSpeech:test:Domestic_noise:15:121-121726-0011,test-clean/121/121726/121-121726-0011.flac,121,Clean,clean,0.13636363636363635,"[0,0.25)",True,True,True,0.036050156739811934,True,True,True,307,492,491,True,True
459,LibriSpeech:test:Domestic_noise:5:237-134493-0000,test-clean/237/134493/237-134493-0000.flac,237,Clean,clean,0.1724137931034483,"[0,0.25)",503,LibriSpeech:test:Domestic_noise:15:121-121726-0011,test-clean/121/121726/121-121726-0011.flac,121,Clean,clean,0.13636363636363635,"[0,0.25)",True,True,True,0.036050156739811934,True,True,True,401,492,491,True,True
459,LibriSpeech:test:Domestic_noise:5:237-134493-0000,test-clean/237/134493/237-134493-0000.flac,237,Clean,clean,0.1724137931034483,"[0,0.25)",503,LibriSpeech:test:Domestic_noise:15:121-121726-0011,test-clean/121/121726/121-121726-0011.flac,121,Clean,clean,0.13636363636363635,"[0,0.25)",True,True,True,0.036050156739811934,True,True,True,503,492,491,True,True
460,LibriSpeech:test:Domestic_noise:5:237-134493-0000,test-clean/237/134493/237-134493-0000.flac,237,Domestic_noise,5,0.1724137931034483,"[0,0.25)",457,LibriSpeech:test:Domestic_noise:5:1995-1837-0019,test-clean/1995/1837/1995-1837-0019.flac,1995,Domestic_noise,5,0.5923566878980892,"[0.50,0.75)",True,True,False,0.41994289479464086,True,True,True,101,492,491,True,True
460,LibriSpeech:test:Domestic_noise:5:237-134493-0000,test-clean/237/134493/237-134493-0000.flac,237,Domestic_noise,5,0.1724137931034483,"[0,0.25)",457,LibriSpeech:test:Domestic_noise:5:1995-1837-0019,test-clean/1995/1837/1995-1837-0019.flac,1995,Domestic_noise,5,0.5923566878980892,"[0.50,0.75)",True,True,False,0.41994289479464086,True,True,True,211,492,491,True,True
460,LibriSpeech:test:Domestic_noise:5:237-134493-0000,test-clean/237/134493/237-134493-0000.flac,237,Domestic_noise,5,0.1724137931034483,"[0,0.25)",457,LibriSpeech:test:Domestic_noise:5:1995-1837-0019,test-clean/1995/1837/1995-1837-0019.flac,1995,Domestic_noise,5,0.5923566878980892,"[0.50,0.75)",True,True,False,0.41994289479464086,True,True,True,307,492,491,True,True
460,LibriSpeech:test:Domestic_noise:5:237-134493-0000,test-clean/237/134493/237-134493-0000.flac,237,Domestic_noise,5,0.1724137931034483,"[0,0.25)",457,LibriSpeech:test:Domestic_noise:5:1995-1837-0019,test-clean/1995/1837/1995-1837-0019.flac,1995,Domestic_noise,5,0.5923566878980892,"[0.50,0.75)",True,True,False,0.41994289479464086,True,True,True,401,492,491,True,True
460,LibriSpeech:test:Domestic_noise:5:237-134493-0000,test-clean/237/134493/237-134493-0000.flac,237,Domestic_noise,5,0.1724137931034483,"[0,0.25)",457,LibriSpeech:test:Domestic_noise:5:1995-1837-0019,test-clean/1995/1837/1995-1837-0019.flac,1995,Domestic_noise,5,0.5923566878980892,"[0.50,0.75)",True,True,False,0.41994289479464086,True,True,True,503,492,491,True,True
461,LibriSpeech:test:Domestic_noise:5:237-134500-0021,test-clean/237/134500/237-134500-0021.flac,237,Domestic_noise,5,0.816793893129771,"[0.75,1.00]",453,LibriSpeech:test:Domestic_noise:5:121-127105-0026,test-clean/121/127105/121-127105-0026.flac,121,Domestic_noise,5,0.8494623655913979,"[0.75,1.00]",True,True,True,0.03266847246162685,True,True,True,101,492,491,True,True
461,LibriSpeech:test:Domestic_noise:5:237-134500-0021,test-clean/237/134500/237-134500-0021.flac,237,Domestic_noise,5,0.816793893129771,"[0.75,1.00]",453,LibriSpeech:test:Domestic_noise:5:121-127105-0026,test-clean/121/127105/121-127105-0026.flac,121,Domestic_noise,5,0.8494623655913979,"[0.75,1.00]",True,True,True,0.03266847246162685,True,True,True,211,492,491,True,True
461,LibriSpeech:test:Domestic_noise:5:237-134500-0021,test-clean/237/134500/237-134500-0021.flac,237,Domestic_noise,5,0.816793893129771,"[0.75,1.00]",453,LibriSpeech:test:Domestic_noise:5:121-127105-0026,test-clean/121/127105/121-127105-0026.flac,121,Domestic_noise,5,0.8494623655913979,"[0.75,1.00]",True,True,True,0.03266847246162685,True,True,True,307,492,491,True,True
461,LibriSpeech:test:Domestic_noise:5:237-134500-0021,test-clean/237/134500/237-134500-0021.flac,237,Domestic_noise,5,0.816793893129771,"[0.75,1.00]",453,LibriSpeech:test:Domestic_noise:5:121-127105-0026,test-clean/121/127105/121-127105-0026.flac,121,Domestic_noise,5,0.8494623655913979,"[0.75,1.00]",True,True,True,0.03266847246162685,True,True,True,401,492,491,True,True
461,LibriSpeech:test:Domestic_noise:5:237-134500-0021,test-clean/237/134500/237-134500-0021.flac,237,Domestic_noise,5,0.816793893129771,"[0.75,1.00]",453,LibriSpeech:test:Domestic_noise:5:121-127105-0026,test-clean/121/127105/121-127105-0026.flac,121,Domestic_noise,5,0.8494623655913979,"[0.75,1.00]",True,True,True,0.03266847246162685,True,True,True,503,492,491,True,True
462,LibriSpeech:test:Domestic_noise:5:260-123288-0006,test-clean/260/123288/260-123288-0006.flac,260,Clean,clean,0.7383177570093458,"[0.50,0.75)",40,LibriSpeech:test:Babble_noise:0:1188-133604-0016,test-clean/1188/133604/1188-133604-0016.flac,1188,Clean,clean,0.7323943661971831,"[0.50,0.75)",True,True,True,0.005923390812162643,True,True,True,101,492,491,True,True
462,LibriSpeech:test:Domestic_noise:5:260-123288-0006,test-clean/260/123288/260-123288-0006.flac,260,Clean,clean,0.7383177570093458,"[0.50,0.75)",40,LibriSpeech:test:Babble_noise:0:1188-133604-0016,test-clean/1188/133604/1188-133604-0016.flac,1188,Clean,clean,0.7323943661971831,"[0.50,0.75)",True,True,True,0.005923390812162643,True,True,True,211,492,491,True,True
462,LibriSpeech:test:Domestic_noise:5:260-123288-0006,test-clean/260/123288/260-123288-0006.flac,260,Clean,clean,0.7383177570093458,"[0.50,0.75)",40,LibriSpeech:test:Babble_noise:0:1188-133604-0016,test-clean/1188/133604/1188-133604-0016.flac,1188,Clean,clean,0.7323943661971831,"[0.50,0.75)",True,True,True,0.005923390812162643,True,True,True,307,492,491,True,True
462,LibriSpeech:test:Domestic_noise:5:260-123288-0006,test-clean/260/123288/260-123288-0006.flac,260,Clean,clean,0.7383177570093458,"[0.50,0.75)",40,LibriSpeech:test:Babble_noise:0:1188-133604-0016,test-clean/1188/133604/1188-133604-0016.flac,1188,Clean,clean,0.7323943661971831,"[0.50,0.75)",True,True,True,0.005923390812162643,True,True,True,401,492,491,True,True
462,LibriSpeech:test:Domestic_noise:5:260-123288-0006,test-clean/260/123288/260-123288-0006.flac,260,Clean,clean,0.7383177570093458,"[0.50,0.75)",40,LibriSpeech:test:Babble_noise:0:1188-133604-0016,test-clean/1188/133604/1188-133604-0016.flac,1188,Clean,clean,0.7323943661971831,"[0.50,0.75)",True,True,True,0.005923390812162643,True,True,True,503,492,491,True,True
463,LibriSpeech:test:Domestic_noise:5:260-123288-0006,test-clean/260/123288/260-123288-0006.flac,260,Domestic_noise,5,0.7383177570093458,"[0.50,0.75)",458,LibriSpeech:test:Domestic_noise:5:2094-142345-0029,test-clean/2094/142345/2094-142345-0029.flac,2094,Domestic_noise,5,0.7494692144373672,"[0.50,0.75)",True,True,True,0.011151457428021483,True,True,True,101,492,491,True,True
463,LibriSpeech:test:Domestic_noise:5:260-123288-0006,test-clean/260/123288/260-123288-0006.flac,260,Domestic_noise,5,0.7383177570093458,"[0.50,0.75)",458,LibriSpeech:test:Domestic_noise:5:2094-142345-0029,test-clean/2094/142345/2094-142345-0029.flac,2094,Domestic_noise,5,0.7494692144373672,"[0.50,0.75)",True,True,True,0.011151457428021483,True,True,True,211,492,491,True,True
463,LibriSpeech:test:Domestic_noise:5:260-123288-0006,test-clean/260/123288/260-123288-0006.flac,260,Domestic_noise,5,0.7383177570093458,"[0.50,0.75)",458,LibriSpeech:test:Domestic_noise:5:2094-142345-0029,test-clean/2094/142345/2094-142345-0029.flac,2094,Domestic_noise,5,0.7494692144373672,"[0.50,0.75)",True,True,True,0.011151457428021483,True,True,True,307,492,491,True,True
463,LibriSpeech:test:Domestic_noise:5:260-123288-0006,test-clean/260/123288/260-123288-0006.flac,260,Domestic_noise,5,0.7383177570093458,"[0.50,0.75)",458,LibriSpeech:test:Domestic_noise:5:2094-142345-0029,test-clean/2094/142345/2094-142345-0029.flac,2094,Domestic_noise,5,0.7494692144373672,"[0.50,0.75)",True,True,True,0.011151457428021483,True,True,True,401,492,491,True,True
463,LibriSpeech:test:Domestic_noise:5:260-123288-0006,test-clean/260/123288/260-123288-0006.flac,260,Domestic_noise,5,0.7383177570093458,"[0.50,0.75)",458,LibriSpeech:test:Domestic_noise:5:2094-142345-0029,test-clean/2094/142345/2094-142345-0029.flac,2094,Domestic_noise,5,0.7494692144373672,"[0.50,0.75)",True,True,True,0.011151457428021483,True,True,True,503,492,491,True,True
471,LibriSpeech:test:Domestic_noise:5:7021-85628-0020,test-clean/7021/85628/7021-85628-0020.flac,7021,Domestic_noise,5,0.9393939393939394,"[0.75,1.00]",477,LibriSpeech:test:Domestic_noise:5:8230-279154-0028,test-clean/8230/279154/8230-279154-0028.flac,8230,Domestic_noise,5,0.92,"[0.75,1.00]",True,True,True,0.019393939393939408,True,True,True,101,492,491,True,True
471,LibriSpeech:test:Domestic_noise:5:7021-85628-0020,test-clean/7021/85628/7021-85628-0020.flac,7021,Domestic_noise,5,0.9393939393939394,"[0.75,1.00]",477,LibriSpeech:test:Domestic_noise:5:8230-279154-0028,test-clean/8230/279154/8230-279154-0028.flac,8230,Domestic_noise,5,0.92,"[0.75,1.00]",True,True,True,0.019393939393939408,True,True,True,211,492,491,True,True
471,LibriSpeech:test:Domestic_noise:5:7021-85628-0020,test-clean/7021/85628/7021-85628-0020.flac,7021,Domestic_noise,5,0.9393939393939394,"[0.75,1.00]",477,LibriSpeech:test:Domestic_noise:5:8230-279154-0028,test-clean/8230/279154/8230-279154-0028.flac,8230,Domestic_noise,5,0.92,"[0.75,1.00]",True,True,True,0.019393939393939408,True,True,True,307,492,491,True,True
471,LibriSpeech:test:Domestic_noise:5:7021-85628-0020,test-clean/7021/85628/7021-85628-0020.flac,7021,Domestic_noise,5,0.9393939393939394,"[0.75,1.00]",477,LibriSpeech:test:Domestic_noise:5:8230-279154-0028,test-clean/8230/279154/8230-279154-0028.flac,8230,Domestic_noise,5,0.92,"[0.75,1.00]",True,True,True,0.019393939393939408,True,True,True,401,492,491,True,True
471,LibriSpeech:test:Domestic_noise:5:7021-85628-0020,test-clean/7021/85628/7021-85628-0020.flac,7021,Domestic_noise,5,0.9393939393939394,"[0.75,1.00]",477,LibriSpeech:test:Domestic_noise:5:8230-279154-0028,test-clean/8230/279154/8230-279154-0028.flac,8230,Domestic_noise,5,0.92,"[0.75,1.00]",True,True,True,0.019393939393939408,True,True,True,503,492,491,True,True
476,LibriSpeech:test:Domestic_noise:5:7176-88083-0001,test-clean/7176/88083/7176-88083-0001.flac,7176,Domestic_noise,5,0.8667711598746082,"[0.75,1.00]",453,LibriSpeech:test:Domestic_noise:5:121-127105-0026,test-clean/121/127105/121-127105-0026.flac,121,Domestic_noise,5,0.8494623655913979,"[0.75,1.00]",True,True,True,0.017308794283210305,True,True,True,101,492,491,True,True
476,LibriSpeech:test:Domestic_noise:5:7176-88083-0001,test-clean/7176/88083/7176-88083-0001.flac,7176,Domestic_noise,5,0.8667711598746082,"[0.75,1.00]",453,LibriSpeech:test:Domestic_noise:5:121-127105-0026,test-clean/121/127105/121-127105-0026.flac,121,Domestic_noise,5,0.8494623655913979,"[0.75,1.00]",True,True,True,0.017308794283210305,True,True,True,211,492,491,True,True
476,LibriSpeech:test:Domestic_noise:5:7176-88083-0001,test-clean/7176/88083/7176-88083-0001.flac,7176,Domestic_noise,5,0.8667711598746082,"[0.75,1.00]",453,LibriSpeech:test:Domestic_noise:5:121-127105-0026,test-clean/121/127105/121-127105-0026.flac,121,Domestic_noise,5,0.8494623655913979,"[0.75,1.00]",True,True,True,0.017308794283210305,True,True,True,307,492,491,True,True
476,LibriSpeech:test:Domestic_noise:5:7176-88083-0001,test-clean/7176/88083/7176-88083-0001.flac,7176,Domestic_noise,5,0.8667711598746082,"[0.75,1.00]",453,LibriSpeech:test:Domestic_noise:5:121-127105-0026,test-clean/121/127105/121-127105-0026.flac,121,Domestic_noise,5,0.8494623655913979,"[0.75,1.00]",True,True,True,0.017308794283210305,True,True,True,401,492,491,True,True
476,LibriSpeech:test:Domestic_noise:5:7176-88083-0001,test-clean/7176/88083/7176-88083-0001.flac,7176,Domestic_noise,5,0.8667711598746082,"[0.75,1.00]",453,LibriSpeech:test:Domestic_noise:5:121-127105-0026,test-clean/121/127105/121-127105-0026.flac,121,Domestic_noise,5,0.8494623655913979,"[0.75,1.00]",True,True,True,0.017308794283210305,True,True,True,503,492,491,True,True
477,LibriSpeech:test:Domestic_noise:5:8230-279154-0028,test-clean/8230/279154/8230-279154-0028.flac,8230,Domestic_noise,5,0.92,"[0.75,1.00]",456,LibriSpeech:test:Domestic_noise:5:1320-122617-0028,test-clean/1320/122617/1320-122617-0028.flac,1320,Domestic_noise,5,0.90311986863711,"[0.75,1.00]",True,True,True,0.016880131362890016,True,True,True,101,492,491,True,True
477,LibriSpeech:test:Domestic_noise:5:8230-279154-0028,test-clean/8230/279154/8230-279154-0028.flac,8230,Domestic_noise,5,0.92,"[0.75,1.00]",456,LibriSpeech:test:Domestic_noise:5:1320-122617-0028,test-clean/1320/122617/1320-122617-0028.flac,1320,Domestic_noise,5,0.90311986863711,"[0.75,1.00]",True,True,True,0.016880131362890016,True,True,True,211,492,491,True,True
477,LibriSpeech:test:Domestic_noise:5:8230-279154-0028,test-clean/8230/279154/8230-279154-0028.flac,8230,Domestic_noise,5,0.92,"[0.75,1.00]",456,LibriSpeech:test:Domestic_noise:5:1320-122617-0028,test-clean/1320/122617/1320-122617-0028.flac,1320,Domestic_noise,5,0.90311986863711,"[0.75,1.00]",True,True,True,0.016880131362890016,True,True,True,307,492,491,True,True
477,LibriSpeech:test:Domestic_noise:5:8230-279154-0028,test-clean/8230/279154/8230-279154-0028.flac,8230,Domestic_noise,5,0.92,"[0.75,1.00]",456,LibriSpeech:test:Domestic_noise:5:1320-122617-0028,test-clean/1320/122617/1320-122617-0028.flac,1320,Domestic_noise,5,0.90311986863711,"[0.75,1.00]",True,True,True,0.016880131362890016,True,True,True,401,492,491,True,True
477,LibriSpeech:test:Domestic_noise:5:8230-279154-0028,test-clean/8230/279154/8230-279154-0028.flac,8230,Domestic_noise,5,0.92,"[0.75,1.00]",456,LibriSpeech:test:Domestic_noise:5:1320-122617-0028,test-clean/1320/122617/1320-122617-0028.flac,1320,Domestic_noise,5,0.90311986863711,"[0.75,1.00]",True,True,True,0.016880131362890016,True,True,True,503,492,491,True,True
480,LibriSpeech:test:Domestic_noise:10:1188-133604-0036,test-clean/1188/133604/1188-133604-0036.flac,1188,Domestic_noise,10,0.8076923076923077,"[0.75,1.00]",481,LibriSpeech:test:Domestic_noise:10:1320-122612-0015,test-clean/1320/122612/1320-122612-0015.flac,1320,Domestic_noise,10,0.8132295719844358,"[0.75,1.00]",True,True,True,0.005537264292128086,True,True,True,101,492,491,True,True
480,LibriSpeech:test:Domestic_noise:10:1188-133604-0036,test-clean/1188/133604/1188-133604-0036.flac,1188,Domestic_noise,10,0.8076923076923077,"[0.75,1.00]",481,LibriSpeech:test:Domestic_noise:10:1320-122612-0015,test-clean/1320/122612/1320-122612-0015.flac,1320,Domestic_noise,10,0.8132295719844358,"[0.75,1.00]",True,True,True,0.005537264292128086,True,True,True,211,492,491,True,True
480,LibriSpeech:test:Domestic_noise:10:1188-133604-0036,test-clean/1188/133604/1188-133604-0036.flac,1188,Domestic_noise,10,0.8076923076923077,"[0.75,1.00]",481,LibriSpeech:test:Domestic_noise:10:1320-122612-0015,test-clean/1320/122612/1320-122612-0015.flac,1320,Domestic_noise,10,0.8132295719844358,"[0.75,1.00]",True,True,True,0.005537264292128086,True,True,True,307,492,491,True,True
480,LibriSpeech:test:Domestic_noise:10:1188-133604-0036,test-clean/1188/133604/1188-133604-0036.flac,1188,Domestic_noise,10,0.8076923076923077,"[0.75,1.00]",481,LibriSpeech:test:Domestic_noise:10:1320-122612-0015,test-clean/1320/122612/1320-122612-0015.flac,1320,Domestic_noise,10,0.8132295719844358,"[0.75,1.00]",True,True,True,0.005537264292128086,True,True,True,401,492,491,True,True
480,LibriSpeech:test:Domestic_noise:10:1188-133604-0036,test-clean/1188/133604/1188-133604-0036.flac,1188,Domestic_noise,10,0.8076923076923077,"[0.75,1.00]",481,LibriSpeech:test:Domestic_noise:10:1320-122612-0015,test-clean/1320/122612/1320-122612-0015.flac,1320,Domestic_noise,10,0.8132295719844358,"[0.75,1.00]",True,True,True,0.005537264292128086,True,True,True,503,492,491,True,True
481,LibriSpeech:test:Domestic_noise:10:1320-122612-0015,test-clean/1320/122612/1320-122612-0015.flac,1320,Domestic_noise,10,0.8132295719844358,"[0.75,1.00]",480,LibriSpeech:test:Domestic_noise:10:1188-133604-0036,test-clean/1188/133604/1188-133604-0036.flac,1188,Domestic_noise,10,0.8076923076923077,"[0.75,1.00]",True,True,True,0.005537264292128086,True,True,True,101,492,491,True,True
481,LibriSpeech:test:Domestic_noise:10:1320-122612-0015,test-clean/1320/122612/1320-122612-0015.flac,1320,Domestic_noise,10,0.8132295719844358,"[0.75,1.00]",480,LibriSpeech:test:Domestic_noise:10:1188-133604-0036,test-clean/1188/133604/1188-133604-0036.flac,1188,Domestic_noise,10,0.8076923076923077,"[0.75,1.00]",True,True,True,0.005537264292128086,True,True,True,211,492,491,True,True
481,LibriSpeech:test:Domestic_noise:10:1320-122612-0015,test-clean/1320/122612/1320-122612-0015.flac,1320,Domestic_noise,10,0.8132295719844358,"[0.75,1.00]",480,LibriSpeech:test:Domestic_noise:10:1188-133604-0036,test-clean/1188/133604/1188-133604-0036.flac,1188,Domestic_noise,10,0.8076923076923077,"[0.75,1.00]",True,True,True,0.005537264292128086,True,True,True,307,492,491,True,True
481,LibriSpeech:test:Domestic_noise:10:1320-122612-0015,test-clean/1320/122612/1320-122612-0015.flac,1320,Domestic_noise,10,0.8132295719844358,"[0.75,1.00]",480,LibriSpeech:test:Domestic_noise:10:1188-133604-0036,test-clean/1188/133604/1188-133604-0036.flac,1188,Domestic_noise,10,0.8076923076923077,"[0.75,1.00]",True,True,True,0.005537264292128086,True,True,True,401,492,491,True,True
481,LibriSpeech:test:Domestic_noise:10:1320-122612-0015,test-clean/1320/122612/1320-122612-0015.flac,1320,Domestic_noise,10,0.8132295719844358,"[0.75,1.00]",480,LibriSpeech:test:Domestic_noise:10:1188-133604-0036,test-clean/1188/133604/1188-133604-0036.flac,1188,Domestic_noise,10,0.8076923076923077,"[0.75,1.00]",True,True,True,0.005537264292128086,True,True,True,503,492,491,True,True
483,LibriSpeech:test:Domestic_noise:10:2300-131720-0038,test-clean/2300/131720/2300-131720-0038.flac,2300,Clean,clean,0.7722222222222223,"[0.75,1.00]",257,LibriSpeech:test:SSN_noise:0:2961-960-0016,test-clean/2961/960/2961-960-0016.flac,2961,Clean,clean,0.7721518987341772,"[0.75,1.00]",True,True,True,7.032348804503208e-05,True,True,True,101,492,491,True,True
483,LibriSpeech:test:Domestic_noise:10:2300-131720-0038,test-clean/2300/131720/2300-131720-0038.flac,2300,Clean,clean,0.7722222222222223,"[0.75,1.00]",257,LibriSpeech:test:SSN_noise:0:2961-960-0016,test-clean/2961/960/2961-960-0016.flac,2961,Clean,clean,0.7721518987341772,"[0.75,1.00]",True,True,True,7.032348804503208e-05,True,True,True,211,492,491,True,True
483,LibriSpeech:test:Domestic_noise:10:2300-131720-0038,test-clean/2300/131720/2300-131720-0038.flac,2300,Clean,clean,0.7722222222222223,"[0.75,1.00]",257,LibriSpeech:test:SSN_noise:0:2961-960-0016,test-clean/2961/960/2961-960-0016.flac,2961,Clean,clean,0.7721518987341772,"[0.75,1.00]",True,True,True,7.032348804503208e-05,True,True,True,307,492,491,True,True
483,LibriSpeech:test:Domestic_noise:10:2300-131720-0038,test-clean/2300/131720/2300-131720-0038.flac,2300,Clean,clean,0.7722222222222223,"[0.75,1.00]",257,LibriSpeech:test:SSN_noise:0:2961-960-0016,test-clean/2961/960/2961-960-0016.flac,2961,Clean,clean,0.7721518987341772,"[0.75,1.00]",True,True,True,7.032348804503208e-05,True,True,True,401,492,491,True,True
483,LibriSpeech:test:Domestic_noise:10:2300-131720-0038,test-clean/2300/131720/2300-131720-0038.flac,2300,Clean,clean,0.7722222222222223,"[0.75,1.00]",257,LibriSpeech:test:SSN_noise:0:2961-960-0016,test-clean/2961/960/2961-960-0016.flac,2961,Clean,clean,0.7721518987341772,"[0.75,1.00]",True,True,True,7.032348804503208e-05,True,True,True,503,492,491,True,True
484,LibriSpeech:test:Domestic_noise:10:2300-131720-0038,test-clean/2300/131720/2300-131720-0038.flac,2300,Domestic_noise,10,0.7722222222222223,"[0.75,1.00]",493,LibriSpeech:test:Domestic_noise:10:5142-33396-0038,test-clean/5142/33396/5142-33396-0038.flac,5142,Domestic_noise,10,0.7567567567567568,"[0.75,1.00]",True,True,True,0.015465465465465456,True,True,True,101,492,491,True,True
484,LibriSpeech:test:Domestic_noise:10:2300-131720-0038,test-clean/2300/131720/2300-131720-0038.flac,2300,Domestic_noise,10,0.7722222222222223,"[0.75,1.00]",493,LibriSpeech:test:Domestic_noise:10:5142-33396-0038,test-clean/5142/33396/5142-33396-0038.flac,5142,Domestic_noise,10,0.7567567567567568,"[0.75,1.00]",True,True,True,0.015465465465465456,True,True,True,211,492,491,True,True
484,LibriSpeech:test:Domestic_noise:10:2300-131720-0038,test-clean/2300/131720/2300-131720-0038.flac,2300,Domestic_noise,10,0.7722222222222223,"[0.75,1.00]",493,LibriSpeech:test:Domestic_noise:10:5142-33396-0038,test-clean/5142/33396/5142-33396-0038.flac,5142,Domestic_noise,10,0.7567567567567568,"[0.75,1.00]",True,True,True,0.015465465465465456,True,True,True,307,492,491,True,True
484,LibriSpeech:test:Domestic_noise:10:2300-131720-0038,test-clean/2300/131720/2300-131720-0038.flac,2300,Domestic_noise,10,0.7722222222222223,"[0.75,1.00]",493,LibriSpeech:test:Domestic_noise:10:5142-33396-0038,test-clean/5142/33396/5142-33396-0038.flac,5142,Domestic_noise,10,0.7567567567567568,"[0.75,1.00]",True,True,True,0.015465465465465456,True,True,True,401,492,491,True,True
484,LibriSpeech:test:Domestic_noise:10:2300-131720-0038,test-clean/2300/131720/2300-131720-0038.flac,2300,Domestic_noise,10,0.7722222222222223,"[0.75,1.00]",493,LibriSpeech:test:Domestic_noise:10:5142-33396-0038,test-clean/5142/33396/5142-33396-0038.flac,5142,Domestic_noise,10,0.7567567567567568,"[0.75,1.00]",True,True,True,0.015465465465465456,True,True,True,503,492,491,True,True
493,LibriSpeech:test:Domestic_noise:10:5142-33396-0038,test-clean/5142/33396/5142-33396-0038.flac,5142,Domestic_noise,10,0.7567567567567568,"[0.75,1.00]",484,LibriSpeech:test:Domestic_noise:10:2300-131720-0038,test-clean/2300/131720/2300-131720-0038.flac,2300,Domestic_noise,10,0.7722222222222223,"[0.75,1.00]",True,True,True,0.015465465465465456,True,True,True,101,492,491,True,True
493,LibriSpeech:test:Domestic_noise:10:5142-33396-0038,test-clean/5142/33396/5142-33396-0038.flac,5142,Domestic_noise,10,0.7567567567567568,"[0.75,1.00]",484,LibriSpeech:test:Domestic_noise:10:2300-131720-0038,test-clean/2300/131720/2300-131720-0038.flac,2300,Domestic_noise,10,0.7722222222222223,"[0.75,1.00]",True,True,True,0.015465465465465456,True,True,True,211,492,491,True,True
493,LibriSpeech:test:Domestic_noise:10:5142-33396-0038,test-clean/5142/33396/5142-33396-0038.flac,5142,Domestic_noise,10,0.7567567567567568,"[0.75,1.00]",484,LibriSpeech:test:Domestic_noise:10:2300-131720-0038,test-clean/2300/131720/2300-131720-0038.flac,2300,Domestic_noise,10,0.7722222222222223,"[0.75,1.00]",True,True,True,0.015465465465465456,True,True,True,307,492,491,True,True
493,LibriSpeech:test:Domestic_noise:10:5142-33396-0038,test-clean/5142/33396/5142-33396-0038.flac,5142,Domestic_noise,10,0.7567567567567568,"[0.75,1.00]",484,LibriSpeech:test:Domestic_noise:10:2300-131720-0038,test-clean/2300/131720/2300-131720-0038.flac,2300,Domestic_noise,10,0.7722222222222223,"[0.75,1.00]",True,True,True,0.015465465465465456,True,True,True,401,492,491,True,True
493,LibriSpeech:test:Domestic_noise:10:5142-33396-0038,test-clean/5142/33396/5142-33396-0038.flac,5142,Domestic_noise,10,0.7567567567567568,"[0.75,1.00]",484,LibriSpeech:test:Domestic_noise:10:2300-131720-0038,test-clean/2300/131720/2300-131720-0038.flac,2300,Domestic_noise,10,0.7722222222222223,"[0.75,1.00]",True,True,True,0.015465465465465456,True,True,True,503,492,491,True,True
497,LibriSpeech:test:Domestic_noise:10:7021-79730-0001,test-clean/7021/79730/7021-79730-0001.flac,7021,Domestic_noise,10,0.9140625,"[0.75,1.00]",499,LibriSpeech:test:Domestic_noise:10:8224-274381-0010,test-clean/8224/274381/8224-274381-0010.flac,8224,Domestic_noise,10,0.854230377166157,"[0.75,1.00]",True,True,True,0.05983212283384298,True,True,True,101,492,491,True,True
497,LibriSpeech:test:Domestic_noise:10:7021-79730-0001,test-clean/7021/79730/7021-79730-0001.flac,7021,Domestic_noise,10,0.9140625,"[0.75,1.00]",499,LibriSpeech:test:Domestic_noise:10:8224-274381-0010,test-clean/8224/274381/8224-274381-0010.flac,8224,Domestic_noise,10,0.854230377166157,"[0.75,1.00]",True,True,True,0.05983212283384298,True,True,True,211,492,491,True,True
497,LibriSpeech:test:Domestic_noise:10:7021-79730-0001,test-clean/7021/79730/7021-79730-0001.flac,7021,Domestic_noise,10,0.9140625,"[0.75,1.00]",499,LibriSpeech:test:Domestic_noise:10:8224-274381-0010,test-clean/8224/274381/8224-274381-0010.flac,8224,Domestic_noise,10,0.854230377166157,"[0.75,1.00]",True,True,True,0.05983212283384298,True,True,True,307,492,491,True,True
497,LibriSpeech:test:Domestic_noise:10:7021-79730-0001,test-clean/7021/79730/7021-79730-0001.flac,7021,Domestic_noise,10,0.9140625,"[0.75,1.00]",499,LibriSpeech:test:Domestic_noise:10:8224-274381-0010,test-clean/8224/274381/8224-274381-0010.flac,8224,Domestic_noise,10,0.854230377166157,"[0.75,1.00]",True,True,True,0.05983212283384298,True,True,True,401,492,491,True,True
497,LibriSpeech:test:Domestic_noise:10:7021-79730-0001,test-clean/7021/79730/7021-79730-0001.flac,7021,Domestic_noise,10,0.9140625,"[0.75,1.00]",499,LibriSpeech:test:Domestic_noise:10:8224-274381-0010,test-clean/8224/274381/8224-274381-0010.flac,8224,Domestic_noise,10,0.854230377166157,"[0.75,1.00]",True,True,True,0.05983212283384298,True,True,True,503,492,491,True,True
498,LibriSpeech:test:Domestic_noise:10:8224-274381-0010,test-clean/8224/274381/8224-274381-0010.flac,8224,Clean,clean,0.854230377166157,"[0.75,1.00]",308,LibriSpeech:test:SSN_noise:5:7176-92135-0043,test-clean/7176/92135/7176-92135-0043.flac,7176,Clean,clean,0.8542766631467793,"[0.75,1.00]",True,True,True,4.628598062228484e-05,True,True,True,101,492,491,True,True
498,LibriSpeech:test:Domestic_noise:10:8224-274381-0010,test-clean/8224/274381/8224-274381-0010.flac,8224,Clean,clean,0.854230377166157,"[0.75,1.00]",308,LibriSpeech:test:SSN_noise:5:7176-92135-0043,test-clean/7176/92135/7176-92135-0043.flac,7176,Clean,clean,0.8542766631467793,"[0.75,1.00]",True,True,True,4.628598062228484e-05,True,True,True,211,492,491,True,True
498,LibriSpeech:test:Domestic_noise:10:8224-274381-0010,test-clean/8224/274381/8224-274381-0010.flac,8224,Clean,clean,0.854230377166157,"[0.75,1.00]",308,LibriSpeech:test:SSN_noise:5:7176-92135-0043,test-clean/7176/92135/7176-92135-0043.flac,7176,Clean,clean,0.8542766631467793,"[0.75,1.00]",True,True,True,4.628598062228484e-05,True,True,True,307,492,491,True,True
498,LibriSpeech:test:Domestic_noise:10:8224-274381-0010,test-clean/8224/274381/8224-274381-0010.flac,8224,Clean,clean,0.854230377166157,"[0.75,1.00]",308,LibriSpeech:test:SSN_noise:5:7176-92135-0043,test-clean/7176/92135/7176-92135-0043.flac,7176,Clean,clean,0.8542766631467793,"[0.75,1.00]",True,True,True,4.628598062228484e-05,True,True,True,401,492,491,True,True
498,LibriSpeech:test:Domestic_noise:10:8224-274381-0010,test-clean/8224/274381/8224-274381-0010.flac,8224,Clean,clean,0.854230377166157,"[0.75,1.00]",308,LibriSpeech:test:SSN_noise:5:7176-92135-0043,test-clean/7176/92135/7176-92135-0043.flac,7176,Clean,clean,0.8542766631467793,"[0.75,1.00]",True,True,True,4.628598062228484e-05,True,True,True,503,492,491,True,True
499,LibriSpeech:test:Domestic_noise:10:8224-274381-0010,test-clean/8224/274381/8224-274381-0010.flac,8224,Domestic_noise,10,0.854230377166157,"[0.75,1.00]",481,LibriSpeech:test:Domestic_noise:10:1320-122612-0015,test-clean/1320/122612/1320-122612-0015.flac,1320,Domestic_noise,10,0.8132295719844358,"[0.75,1.00]",True,True,True,0.04100080518172122,True,True,True,101,492,491,True,True
499,LibriSpeech:test:Domestic_noise:10:8224-274381-0010,test-clean/8224/274381/8224-274381-0010.flac,8224,Domestic_noise,10,0.854230377166157,"[0.75,1.00]",481,LibriSpeech:test:Domestic_noise:10:1320-122612-0015,test-clean/1320/122612/1320-122612-0015.flac,1320,Domestic_noise,10,0.8132295719844358,"[0.75,1.00]",True,True,True,0.04100080518172122,True,True,True,211,492,491,True,True
499,LibriSpeech:test:Domestic_noise:10:8224-274381-0010,test-clean/8224/274381/8224-274381-0010.flac,8224,Domestic_noise,10,0.854230377166157,"[0.75,1.00]",481,LibriSpeech:test:Domestic_noise:10:1320-122612-0015,test-clean/1320/122612/1320-122612-0015.flac,1320,Domestic_noise,10,0.8132295719844358,"[0.75,1.00]",True,True,True,0.04100080518172122,True,True,True,307,492,491,True,True
499,LibriSpeech:test:Domestic_noise:10:8224-274381-0010,test-clean/8224/274381/8224-274381-0010.flac,8224,Domestic_noise,10,0.854230377166157,"[0.75,1.00]",481,LibriSpeech:test:Domestic_noise:10:1320-122612-0015,test-clean/1320/122612/1320-122612-0015.flac,1320,Domestic_noise,10,0.8132295719844358,"[0.75,1.00]",True,True,True,0.04100080518172122,True,True,True,401,492,491,True,True
499,LibriSpeech:test:Domestic_noise:10:8224-274381-0010,test-clean/8224/274381/8224-274381-0010.flac,8224,Domestic_noise,10,0.854230377166157,"[0.75,1.00]",481,LibriSpeech:test:Domestic_noise:10:1320-122612-0015,test-clean/1320/122612/1320-122612-0015.flac,1320,Domestic_noise,10,0.8132295719844358,"[0.75,1.00]",True,True,True,0.04100080518172122,True,True,True,503,492,491,True,True
503,LibriSpeech:test:Domestic_noise:15:121-121726-0011,test-clean/121/121726/121-121726-0011.flac,121,Clean,clean,0.13636363636363635,"[0,0.25)",139,LibriSpeech:test:Babble_noise:10:5142-33396-0048,test-clean/5142/33396/5142-33396-0048.flac,5142,Clean,clean,0.13333333333333333,"[0,0.25)",True,True,True,0.003030303030303022,True,True,True,101,492,491,True,True
503,LibriSpeech:test:Domestic_noise:15:121-121726-0011,test-clean/121/121726/121-121726-0011.flac,121,Clean,clean,0.13636363636363635,"[0,0.25)",139,LibriSpeech:test:Babble_noise:10:5142-33396-0048,test-clean/5142/33396/5142-33396-0048.flac,5142,Clean,clean,0.13333333333333333,"[0,0.25)",True,True,True,0.003030303030303022,True,True,True,211,492,491,True,True
503,LibriSpeech:test:Domestic_noise:15:121-121726-0011,test-clean/121/121726/121-121726-0011.flac,121,Clean,clean,0.13636363636363635,"[0,0.25)",139,LibriSpeech:test:Babble_noise:10:5142-33396-0048,test-clean/5142/33396/5142-33396-0048.flac,5142,Clean,clean,0.13333333333333333,"[0,0.25)",True,True,True,0.003030303030303022,True,True,True,307,492,491,True,True
503,LibriSpeech:test:Domestic_noise:15:121-121726-0011,test-clean/121/121726/121-121726-0011.flac,121,Clean,clean,0.13636363636363635,"[0,0.25)",139,LibriSpeech:test:Babble_noise:10:5142-33396-0048,test-clean/5142/33396/5142-33396-0048.flac,5142,Clean,clean,0.13333333333333333,"[0,0.25)",True,True,True,0.003030303030303022,True,True,True,401,492,491,True,True
503,LibriSpeech:test:Domestic_noise:15:121-121726-0011,test-clean/121/121726/121-121726-0011.flac,121,Clean,clean,0.13636363636363635,"[0,0.25)",139,LibriSpeech:test:Babble_noise:10:5142-33396-0048,test-clean/5142/33396/5142-33396-0048.flac,5142,Clean,clean,0.13333333333333333,"[0,0.25)",True,True,True,0.003030303030303022,True,True,True,503,492,491,True,True
504,LibriSpeech:test:Domestic_noise:15:121-121726-0011,test-clean/121/121726/121-121726-0011.flac,121,Domestic_noise,15,0.13636363636363635,"[0,0.25)",518,LibriSpeech:test:Domestic_noise:15:3729-6852-0043,test-clean/3729/6852/3729-6852-0043.flac,3729,Domestic_noise,15,0.10256410256410256,"[0,0.25)",True,True,True,0.03379953379953379,True,True,True,101,492,491,True,True
504,LibriSpeech:test:Domestic_noise:15:121-121726-0011,test-clean/121/121726/121-121726-0011.flac,121,Domestic_noise,15,0.13636363636363635,"[0,0.25)",518,LibriSpeech:test:Domestic_noise:15:3729-6852-0043,test-clean/3729/6852/3729-6852-0043.flac,3729,Domestic_noise,15,0.10256410256410256,"[0,0.25)",True,True,True,0.03379953379953379,True,True,True,211,492,491,True,True
504,LibriSpeech:test:Domestic_noise:15:121-121726-0011,test-clean/121/121726/121-121726-0011.flac,121,Domestic_noise,15,0.13636363636363635,"[0,0.25)",518,LibriSpeech:test:Domestic_noise:15:3729-6852-0043,test-clean/3729/6852/3729-6852-0043.flac,3729,Domestic_noise,15,0.10256410256410256,"[0,0.25)",True,True,True,0.03379953379953379,True,True,True,307,492,491,True,True
504,LibriSpeech:test:Domestic_noise:15:121-121726-0011,test-clean/121/121726/121-121726-0011.flac,121,Domestic_noise,15,0.13636363636363635,"[0,0.25)",518,LibriSpeech:test:Domestic_noise:15:3729-6852-0043,test-clean/3729/6852/3729-6852-0043.flac,3729,Domestic_noise,15,0.10256410256410256,"[0,0.25)",True,True,True,0.03379953379953379,True,True,True,401,492,491,True,True
504,LibriSpeech:test:Domestic_noise:15:121-121726-0011,test-clean/121/121726/121-121726-0011.flac,121,Domestic_noise,15,0.13636363636363635,"[0,0.25)",518,LibriSpeech:test:Domestic_noise:15:3729-6852-0043,test-clean/3729/6852/3729-6852-0043.flac,3729,Domestic_noise,15,0.10256410256410256,"[0,0.25)",True,True,True,0.03379953379953379,True,True,True,503,492,491,True,True
505,LibriSpeech:test:Domestic_noise:15:121-127105-0006,test-clean/121/127105/121-127105-0006.flac,121,Clean,clean,0.46153846153846156,"[0.25,0.50)",538,LibriSpeech:test:Domestic_noise:20:2830-3979-0006,test-clean/2830/3979/2830-3979-0006.flac,2830,Clean,clean,0.4864864864864865,"[0.25,0.50)",True,True,True,0.02494802494802495,True,True,True,101,492,491,True,True
505,LibriSpeech:test:Domestic_noise:15:121-127105-0006,test-clean/121/127105/121-127105-0006.flac,121,Clean,clean,0.46153846153846156,"[0.25,0.50)",538,LibriSpeech:test:Domestic_noise:20:2830-3979-0006,test-clean/2830/3979/2830-3979-0006.flac,2830,Clean,clean,0.4864864864864865,"[0.25,0.50)",True,True,True,0.02494802494802495,True,True,True,211,492,491,True,True
505,LibriSpeech:test:Domestic_noise:15:121-127105-0006,test-clean/121/127105/121-127105-0006.flac,121,Clean,clean,0.46153846153846156,"[0.25,0.50)",538,LibriSpeech:test:Domestic_noise:20:2830-3979-0006,test-clean/2830/3979/2830-3979-0006.flac,2830,Clean,clean,0.4864864864864865,"[0.25,0.50)",True,True,True,0.02494802494802495,True,True,True,307,492,491,True,True
505,LibriSpeech:test:Domestic_noise:15:121-127105-0006,test-clean/121/127105/121-127105-0006.flac,121,Clean,clean,0.46153846153846156,"[0.25,0.50)",538,LibriSpeech:test:Domestic_noise:20:2830-3979-0006,test-clean/2830/3979/2830-3979-0006.flac,2830,Clean,clean,0.4864864864864865,"[0.25,0.50)",True,True,True,0.02494802494802495,True,True,True,401,492,491,True,True
505,LibriSpeech:test:Domestic_noise:15:121-127105-0006,test-clean/121/127105/121-127105-0006.flac,121,Clean,clean,0.46153846153846156,"[0.25,0.50)",538,LibriSpeech:test:Domestic_noise:20:2830-3979-0006,test-clean/2830/3979/2830-3979-0006.flac,2830,Clean,clean,0.4864864864864865,"[0.25,0.50)",True,True,True,0.02494802494802495,True,True,True,503,492,491,True,True
506,LibriSpeech:test:Domestic_noise:15:121-127105-0006,test-clean/121/127105/121-127105-0006.flac,121,Domestic_noise,15,0.46153846153846156,"[0.25,0.50)",528,LibriSpeech:test:Domestic_noise:15:908-157963-0017,test-clean/908/157963/908-157963-0017.flac,908,Domestic_noise,15,0.6578947368421053,"[0.50,0.75)",True,True,False,0.19635627530364375,True,True,True,101,492,491,True,True
506,LibriSpeech:test:Domestic_noise:15:121-127105-0006,test-clean/121/127105/121-127105-0006.flac,121,Domestic_noise,15,0.46153846153846156,"[0.25,0.50)",528,LibriSpeech:test:Domestic_noise:15:908-157963-0017,test-clean/908/157963/908-157963-0017.flac,908,Domestic_noise,15,0.6578947368421053,"[0.50,0.75)",True,True,False,0.19635627530364375,True,True,True,211,492,491,True,True
506,LibriSpeech:test:Domestic_noise:15:121-127105-0006,test-clean/121/127105/121-127105-0006.flac,121,Domestic_noise,15,0.46153846153846156,"[0.25,0.50)",528,LibriSpeech:test:Domestic_noise:15:908-157963-0017,test-clean/908/157963/908-157963-0017.flac,908,Domestic_noise,15,0.6578947368421053,"[0.50,0.75)",True,True,False,0.19635627530364375,True,True,True,307,492,491,True,True
506,LibriSpeech:test:Domestic_noise:15:121-127105-0006,test-clean/121/127105/121-127105-0006.flac,121,Domestic_noise,15,0.46153846153846156,"[0.25,0.50)",528,LibriSpeech:test:Domestic_noise:15:908-157963-0017,test-clean/908/157963/908-157963-0017.flac,908,Domestic_noise,15,0.6578947368421053,"[0.50,0.75)",True,True,False,0.19635627530364375,True,True,True,401,492,491,True,True
506,LibriSpeech:test:Domestic_noise:15:121-127105-0006,test-clean/121/127105/121-127105-0006.flac,121,Domestic_noise,15,0.46153846153846156,"[0.25,0.50)",528,LibriSpeech:test:Domestic_noise:15:908-157963-0017,test-clean/908/157963/908-157963-0017.flac,908,Domestic_noise,15,0.6578947368421053,"[0.50,0.75)",True,True,False,0.19635627530364375,True,True,True,503,492,491,True,True
508,LibriSpeech:test:Domestic_noise:15:121-127105-0036,test-clean/121/127105/121-127105-0036.flac,121,Domestic_noise,15,0.0,"[0,0.25)",526,LibriSpeech:test:Domestic_noise:15:7176-92135-0003,test-clean/7176/92135/7176-92135-0003.flac,7176,Domestic_noise,15,0.0,"[0,0.25)",True,True,True,0.0,True,True,True,101,492,491,True,True
508,LibriSpeech:test:Domestic_noise:15:121-127105-0036,test-clean/121/127105/121-127105-0036.flac,121,Domestic_noise,15,0.0,"[0,0.25)",526,LibriSpeech:test:Domestic_noise:15:7176-92135-0003,test-clean/7176/92135/7176-92135-0003.flac,7176,Domestic_noise,15,0.0,"[0,0.25)",True,True,True,0.0,True,True,True,211,492,491,True,True
508,LibriSpeech:test:Domestic_noise:15:121-127105-0036,test-clean/121/127105/121-127105-0036.flac,121,Domestic_noise,15,0.0,"[0,0.25)",526,LibriSpeech:test:Domestic_noise:15:7176-92135-0003,test-clean/7176/92135/7176-92135-0003.flac,7176,Domestic_noise,15,0.0,"[0,0.25)",True,True,True,0.0,True,True,True,307,492,491,True,True
508,LibriSpeech:test:Domestic_noise:15:121-127105-0036,test-clean/121/127105/121-127105-0036.flac,121,Domestic_noise,15,0.0,"[0,0.25)",526,LibriSpeech:test:Domestic_noise:15:7176-92135-0003,test-clean/7176/92135/7176-92135-0003.flac,7176,Domestic_noise,15,0.0,"[0,0.25)",True,True,True,0.0,True,True,True,401,492,491,True,True
508,LibriSpeech:test:Domestic_noise:15:121-127105-0036,test-clean/121/127105/121-127105-0036.flac,121,Domestic_noise,15,0.0,"[0,0.25)",526,LibriSpeech:test:Domestic_noise:15:7176-92135-0003,test-clean/7176/92135/7176-92135-0003.flac,7176,Domestic_noise,15,0.0,"[0,0.25)",True,True,True,0.0,True,True,True,503,492,491,True,True
511,LibriSpeech:test:Domestic_noise:15:1995-1826-0011,test-clean/1995/1826/1995-1826-0011.flac,1995,Clean,clean,0.8187134502923976,"[0.75,1.00]",108,LibriSpeech:test:Babble_noise:5:8224-274381-0000,test-clean/8224/274381/8224-274381-0000.flac,8224,Clean,clean,0.8183776022972002,"[0.75,1.00]",True,True,True,0.0003358479951973692,True,True,True,101,492,491,True,True
511,LibriSpeech:test:Domestic_noise:15:1995-1826-0011,test-clean/1995/1826/1995-1826-0011.flac,1995,Clean,clean,0.8187134502923976,"[0.75,1.00]",108,LibriSpeech:test:Babble_noise:5:8224-274381-0000,test-clean/8224/274381/8224-274381-0000.flac,8224,Clean,clean,0.8183776022972002,"[0.75,1.00]",True,True,True,0.0003358479951973692,True,True,True,211,492,491,True,True
511,LibriSpeech:test:Domestic_noise:15:1995-1826-0011,test-clean/1995/1826/1995-1826-0011.flac,1995,Clean,clean,0.8187134502923976,"[0.75,1.00]",108,LibriSpeech:test:Babble_noise:5:8224-274381-0000,test-clean/8224/274381/8224-274381-0000.flac,8224,Clean,clean,0.8183776022972002,"[0.75,1.00]",True,True,True,0.0003358479951973692,True,True,True,307,492,491,True,True
511,LibriSpeech:test:Domestic_noise:15:1995-1826-0011,test-clean/1995/1826/1995-1826-0011.flac,1995,Clean,clean,0.8187134502923976,"[0.75,1.00]",108,LibriSpeech:test:Babble_noise:5:8224-274381-0000,test-clean/8224/274381/8224-274381-0000.flac,8224,Clean,clean,0.8183776022972002,"[0.75,1.00]",True,True,True,0.0003358479951973692,True,True,True,401,492,491,True,True
511,LibriSpeech:test:Domestic_noise:15:1995-1826-0011,test-clean/1995/1826/1995-1826-0011.flac,1995,Clean,clean,0.8187134502923976,"[0.75,1.00]",108,LibriSpeech:test:Babble_noise:5:8224-274381-0000,test-clean/8224/274381/8224-274381-0000.flac,8224,Clean,clean,0.8183776022972002,"[0.75,1.00]",True,True,True,0.0003358479951973692,True,True,True,503,492,491,True,True
512,LibriSpeech:test:Domestic_noise:15:1995-1826-0011,test-clean/1995/1826/1995-1826-0011.flac,1995,Domestic_noise,15,0.8187134502923976,"[0.75,1.00]",515,LibriSpeech:test:Domestic_noise:15:260-123288-0026,test-clean/260/123288/260-123288-0026.flac,260,Domestic_noise,15,0.9043336058871627,"[0.75,1.00]",True,True,True,0.0856201555947651,True,True,True,101,492,491,True,True
512,LibriSpeech:test:Domestic_noise:15:1995-1826-0011,test-clean/1995/1826/1995-1826-0011.flac,1995,Domestic_noise,15,0.8187134502923976,"[0.75,1.00]",515,LibriSpeech:test:Domestic_noise:15:260-123288-0026,test-clean/260/123288/260-123288-0026.flac,260,Domestic_noise,15,0.9043336058871627,"[0.75,1.00]",True,True,True,0.0856201555947651,True,True,True,211,492,491,True,True
512,LibriSpeech:test:Domestic_noise:15:1995-1826-0011,test-clean/1995/1826/1995-1826-0011.flac,1995,Domestic_noise,15,0.8187134502923976,"[0.75,1.00]",515,LibriSpeech:test:Domestic_noise:15:260-123288-0026,test-clean/260/123288/260-123288-0026.flac,260,Domestic_noise,15,0.9043336058871627,"[0.75,1.00]",True,True,True,0.0856201555947651,True,True,True,307,492,491,True,True
512,LibriSpeech:test:Domestic_noise:15:1995-1826-0011,test-clean/1995/1826/1995-1826-0011.flac,1995,Domestic_noise,15,0.8187134502923976,"[0.75,1.00]",515,LibriSpeech:test:Domestic_noise:15:260-123288-0026,test-clean/260/123288/260-123288-0026.flac,260,Domestic_noise,15,0.9043336058871627,"[0.75,1.00]",True,True,True,0.0856201555947651,True,True,True,401,492,491,True,True
512,LibriSpeech:test:Domestic_noise:15:1995-1826-0011,test-clean/1995/1826/1995-1826-0011.flac,1995,Domestic_noise,15,0.8187134502923976,"[0.75,1.00]",515,LibriSpeech:test:Domestic_noise:15:260-123288-0026,test-clean/260/123288/260-123288-0026.flac,260,Domestic_noise,15,0.9043336058871627,"[0.75,1.00]",True,True,True,0.0856201555947651,True,True,True,503,492,491,True,True
513,LibriSpeech:test:Domestic_noise:15:1995-1837-0029,test-clean/1995/1837/1995-1837-0029.flac,1995,Domestic_noise,15,0.9265536723163842,"[0.75,1.00]",527,LibriSpeech:test:Domestic_noise:15:7176-92135-0023,test-clean/7176/92135/7176-92135-0023.flac,7176,Domestic_noise,15,0.9125,"[0.75,1.00]",True,True,True,0.014053672316384214,True,True,True,101,492,491,True,True
513,LibriSpeech:test:Domestic_noise:15:1995-1837-0029,test-clean/1995/1837/1995-1837-0029.flac,1995,Domestic_noise,15,0.9265536723163842,"[0.75,1.00]",527,LibriSpeech:test:Domestic_noise:15:7176-92135-0023,test-clean/7176/92135/7176-92135-0023.flac,7176,Domestic_noise,15,0.9125,"[0.75,1.00]",True,True,True,0.014053672316384214,True,True,True,211,492,491,True,True
513,LibriSpeech:test:Domestic_noise:15:1995-1837-0029,test-clean/1995/1837/1995-1837-0029.flac,1995,Domestic_noise,15,0.9265536723163842,"[0.75,1.00]",527,LibriSpeech:test:Domestic_noise:15:7176-92135-0023,test-clean/7176/92135/7176-92135-0023.flac,7176,Domestic_noise,15,0.9125,"[0.75,1.00]",True,True,True,0.014053672316384214,True,True,True,307,492,491,True,True
513,LibriSpeech:test:Domestic_noise:15:1995-1837-0029,test-clean/1995/1837/1995-1837-0029.flac,1995,Domestic_noise,15,0.9265536723163842,"[0.75,1.00]",527,LibriSpeech:test:Domestic_noise:15:7176-92135-0023,test-clean/7176/92135/7176-92135-0023.flac,7176,Domestic_noise,15,0.9125,"[0.75,1.00]",True,True,True,0.014053672316384214,True,True,True,401,492,491,True,True
513,LibriSpeech:test:Domestic_noise:15:1995-1837-0029,test-clean/1995/1837/1995-1837-0029.flac,1995,Domestic_noise,15,0.9265536723163842,"[0.75,1.00]",527,LibriSpeech:test:Domestic_noise:15:7176-92135-0023,test-clean/7176/92135/7176-92135-0023.flac,7176,Domestic_noise,15,0.9125,"[0.75,1.00]",True,True,True,0.014053672316384214,True,True,True,503,492,491,True,True
514,LibriSpeech:test:Domestic_noise:15:2094-142345-0029,test-clean/2094/142345/2094-142345-0029.flac,2094,Domestic_noise,15,0.7494692144373672,"[0.50,0.75)",516,LibriSpeech:test:Domestic_noise:15:2830-3980-0053,test-clean/2830/3980/2830-3980-0053.flac,2830,Domestic_noise,15,0.6583333333333333,"[0.50,0.75)",True,True,True,0.09113588110403392,True,True,True,101,492,491,True,True
514,LibriSpeech:test:Domestic_noise:15:2094-142345-0029,test-clean/2094/142345/2094-142345-0029.flac,2094,Domestic_noise,15,0.7494692144373672,"[0.50,0.75)",516,LibriSpeech:test:Domestic_noise:15:2830-3980-0053,test-clean/2830/3980/2830-3980-0053.flac,2830,Domestic_noise,15,0.6583333333333333,"[0.50,0.75)",True,True,True,0.09113588110403392,True,True,True,211,492,491,True,True
514,LibriSpeech:test:Domestic_noise:15:2094-142345-0029,test-clean/2094/142345/2094-142345-0029.flac,2094,Domestic_noise,15,0.7494692144373672,"[0.50,0.75)",516,LibriSpeech:test:Domestic_noise:15:2830-3980-0053,test-clean/2830/3980/2830-3980-0053.flac,2830,Domestic_noise,15,0.6583333333333333,"[0.50,0.75)",True,True,True,0.09113588110403392,True,True,True,307,492,491,True,True
514,LibriSpeech:test:Domestic_noise:15:2094-142345-0029,test-clean/2094/142345/2094-142345-0029.flac,2094,Domestic_noise,15,0.7494692144373672,"[0.50,0.75)",516,LibriSpeech:test:Domestic_noise:15:2830-3980-0053,test-clean/2830/3980/2830-3980-0053.flac,2830,Domestic_noise,15,0.6583333333333333,"[0.50,0.75)",True,True,True,0.09113588110403392,True,True,True,401,492,491,True,True
514,LibriSpeech:test:Domestic_noise:15:2094-142345-0029,test-clean/2094/142345/2094-142345-0029.flac,2094,Domestic_noise,15,0.7494692144373672,"[0.50,0.75)",516,LibriSpeech:test:Domestic_noise:15:2830-3980-0053,test-clean/2830/3980/2830-3980-0053.flac,2830,Domestic_noise,15,0.6583333333333333,"[0.50,0.75)",True,True,True,0.09113588110403392,True,True,True,503,492,491,True,True
515,LibriSpeech:test:Domestic_noise:15:260-123288-0026,test-clean/260/123288/260-123288-0026.flac,260,Domestic_noise,15,0.9043336058871627,"[0.75,1.00]",527,LibriSpeech:test:Domestic_noise:15:7176-92135-0023,test-clean/7176/92135/7176-92135-0023.flac,7176,Domestic_noise,15,0.9125,"[0.75,1.00]",True,True,True,0.00816639411283726,True,True,True,101,492,491,True,True
515,LibriSpeech:test:Domestic_noise:15:260-123288-0026,test-clean/260/123288/260-123288-0026.flac,260,Domestic_noise,15,0.9043336058871627,"[0.75,1.00]",527,LibriSpeech:test:Domestic_noise:15:7176-92135-0023,test-clean/7176/92135/7176-92135-0023.flac,7176,Domestic_noise,15,0.9125,"[0.75,1.00]",True,True,True,0.00816639411283726,True,True,True,211,492,491,True,True
515,LibriSpeech:test:Domestic_noise:15:260-123288-0026,test-clean/260/123288/260-123288-0026.flac,260,Domestic_noise,15,0.9043336058871627,"[0.75,1.00]",527,LibriSpeech:test:Domestic_noise:15:7176-92135-0023,test-clean/7176/92135/7176-92135-0023.flac,7176,Domestic_noise,15,0.9125,"[0.75,1.00]",True,True,True,0.00816639411283726,True,True,True,307,492,491,True,True
515,LibriSpeech:test:Domestic_noise:15:260-123288-0026,test-clean/260/123288/260-123288-0026.flac,260,Domestic_noise,15,0.9043336058871627,"[0.75,1.00]",527,LibriSpeech:test:Domestic_noise:15:7176-92135-0023,test-clean/7176/92135/7176-92135-0023.flac,7176,Domestic_noise,15,0.9125,"[0.75,1.00]",True,True,True,0.00816639411283726,True,True,True,401,492,491,True,True
515,LibriSpeech:test:Domestic_noise:15:260-123288-0026,test-clean/260/123288/260-123288-0026.flac,260,Domestic_noise,15,0.9043336058871627,"[0.75,1.00]",527,LibriSpeech:test:Domestic_noise:15:7176-92135-0023,test-clean/7176/92135/7176-92135-0023.flac,7176,Domestic_noise,15,0.9125,"[0.75,1.00]",True,True,True,0.00816639411283726,True,True,True,503,492,491,True,True
516,LibriSpeech:test:Domestic_noise:15:2830-3980-0053,test-clean/2830/3980/2830-3980-0053.flac,2830,Domestic_noise,15,0.6583333333333333,"[0.50,0.75)",528,LibriSpeech:test:Domestic_noise:15:908-157963-0017,test-clean/908/157963/908-157963-0017.flac,908,Domestic_noise,15,0.6578947368421053,"[0.50,0.75)",True,True,True,0.00043859649122801603,True,True,True,101,492,491,True,True
516,LibriSpeech:test:Domestic_noise:15:2830-3980-0053,test-clean/2830/3980/2830-3980-0053.flac,2830,Domestic_noise,15,0.6583333333333333,"[0.50,0.75)",528,LibriSpeech:test:Domestic_noise:15:908-157963-0017,test-clean/908/157963/908-157963-0017.flac,908,Domestic_noise,15,0.6578947368421053,"[0.50,0.75)",True,True,True,0.00043859649122801603,True,True,True,211,492,491,True,True
516,LibriSpeech:test:Domestic_noise:15:2830-3980-0053,test-clean/2830/3980/2830-3980-0053.flac,2830,Domestic_noise,15,0.6583333333333333,"[0.50,0.75)",528,LibriSpeech:test:Domestic_noise:15:908-157963-0017,test-clean/908/157963/908-157963-0017.flac,908,Domestic_noise,15,0.6578947368421053,"[0.50,0.75)",True,True,True,0.00043859649122801603,True,True,True,307,492,491,True,True
516,LibriSpeech:test:Domestic_noise:15:2830-3980-0053,test-clean/2830/3980/2830-3980-0053.flac,2830,Domestic_noise,15,0.6583333333333333,"[0.50,0.75)",528,LibriSpeech:test:Domestic_noise:15:908-157963-0017,test-clean/908/157963/908-157963-0017.flac,908,Domestic_noise,15,0.6578947368421053,"[0.50,0.75)",True,True,True,0.00043859649122801603,True,True,True,401,492,491,True,True
516,LibriSpeech:test:Domestic_noise:15:2830-3980-0053,test-clean/2830/3980/2830-3980-0053.flac,2830,Domestic_noise,15,0.6583333333333333,"[0.50,0.75)",528,LibriSpeech:test:Domestic_noise:15:908-157963-0017,test-clean/908/157963/908-157963-0017.flac,908,Domestic_noise,15,0.6578947368421053,"[0.50,0.75)",True,True,True,0.00043859649122801603,True,True,True,503,492,491,True,True
518,LibriSpeech:test:Domestic_noise:15:3729-6852-0043,test-clean/3729/6852/3729-6852-0043.flac,3729,Domestic_noise,15,0.10256410256410256,"[0,0.25)",504,LibriSpeech:test:Domestic_noise:15:121-121726-0011,test-clean/121/121726/121-121726-0011.flac,121,Domestic_noise,15,0.13636363636363635,"[0,0.25)",True,True,True,0.03379953379953379,True,True,True,101,492,491,True,True
518,LibriSpeech:test:Domestic_noise:15:3729-6852-0043,test-clean/3729/6852/3729-6852-0043.flac,3729,Domestic_noise,15,0.10256410256410256,"[0,0.25)",504,LibriSpeech:test:Domestic_noise:15:121-121726-0011,test-clean/121/121726/121-121726-0011.flac,121,Domestic_noise,15,0.13636363636363635,"[0,0.25)",True,True,True,0.03379953379953379,True,True,True,211,492,491,True,True
518,LibriSpeech:test:Domestic_noise:15:3729-6852-0043,test-clean/3729/6852/3729-6852-0043.flac,3729,Domestic_noise,15,0.10256410256410256,"[0,0.25)",504,LibriSpeech:test:Domestic_noise:15:121-121726-0011,test-clean/121/121726/121-121726-0011.flac,121,Domestic_noise,15,0.13636363636363635,"[0,0.25)",True,True,True,0.03379953379953379,True,True,True,307,492,491,True,True
518,LibriSpeech:test:Domestic_noise:15:3729-6852-0043,test-clean/3729/6852/3729-6852-0043.flac,3729,Domestic_noise,15,0.10256410256410256,"[0,0.25)",504,LibriSpeech:test:Domestic_noise:15:121-121726-0011,test-clean/121/121726/121-121726-0011.flac,121,Domestic_noise,15,0.13636363636363635,"[0,0.25)",True,True,True,0.03379953379953379,True,True,True,401,492,491,True,True
518,LibriSpeech:test:Domestic_noise:15:3729-6852-0043,test-clean/3729/6852/3729-6852-0043.flac,3729,Domestic_noise,15,0.10256410256410256,"[0,0.25)",504,LibriSpeech:test:Domestic_noise:15:121-121726-0011,test-clean/121/121726/121-121726-0011.flac,121,Domestic_noise,15,0.13636363636363635,"[0,0.25)",True,True,True,0.03379953379953379,True,True,True,503,492,491,True,True
526,LibriSpeech:test:Domestic_noise:15:7176-92135-0003,test-clean/7176/92135/7176-92135-0003.flac,7176,Domestic_noise,15,0.0,"[0,0.25)",508,LibriSpeech:test:Domestic_noise:15:121-127105-0036,test-clean/121/127105/121-127105-0036.flac,121,Domestic_noise,15,0.0,"[0,0.25)",True,True,True,0.0,True,True,True,101,492,491,True,True
526,LibriSpeech:test:Domestic_noise:15:7176-92135-0003,test-clean/7176/92135/7176-92135-0003.flac,7176,Domestic_noise,15,0.0,"[0,0.25)",508,LibriSpeech:test:Domestic_noise:15:121-127105-0036,test-clean/121/127105/121-127105-0036.flac,121,Domestic_noise,15,0.0,"[0,0.25)",True,True,True,0.0,True,True,True,211,492,491,True,True
526,LibriSpeech:test:Domestic_noise:15:7176-92135-0003,test-clean/7176/92135/7176-92135-0003.flac,7176,Domestic_noise,15,0.0,"[0,0.25)",508,LibriSpeech:test:Domestic_noise:15:121-127105-0036,test-clean/121/127105/121-127105-0036.flac,121,Domestic_noise,15,0.0,"[0,0.25)",True,True,True,0.0,True,True,True,307,492,491,True,True
526,LibriSpeech:test:Domestic_noise:15:7176-92135-0003,test-clean/7176/92135/7176-92135-0003.flac,7176,Domestic_noise,15,0.0,"[0,0.25)",508,LibriSpeech:test:Domestic_noise:15:121-127105-0036,test-clean/121/127105/121-127105-0036.flac,121,Domestic_noise,15,0.0,"[0,0.25)",True,True,True,0.0,True,True,True,401,492,491,True,True
526,LibriSpeech:test:Domestic_noise:15:7176-92135-0003,test-clean/7176/92135/7176-92135-0003.flac,7176,Domestic_noise,15,0.0,"[0,0.25)",508,LibriSpeech:test:Domestic_noise:15:121-127105-0036,test-clean/121/127105/121-127105-0036.flac,121,Domestic_noise,15,0.0,"[0,0.25)",True,True,True,0.0,True,True,True,503,492,491,True,True
527,LibriSpeech:test:Domestic_noise:15:7176-92135-0023,test-clean/7176/92135/7176-92135-0023.flac,7176,Domestic_noise,15,0.9125,"[0.75,1.00]",515,LibriSpeech:test:Domestic_noise:15:260-123288-0026,test-clean/260/123288/260-123288-0026.flac,260,Domestic_noise,15,0.9043336058871627,"[0.75,1.00]",True,True,True,0.00816639411283726,True,True,True,101,492,491,True,True
527,LibriSpeech:test:Domestic_noise:15:7176-92135-0023,test-clean/7176/92135/7176-92135-0023.flac,7176,Domestic_noise,15,0.9125,"[0.75,1.00]",515,LibriSpeech:test:Domestic_noise:15:260-123288-0026,test-clean/260/123288/260-123288-0026.flac,260,Domestic_noise,15,0.9043336058871627,"[0.75,1.00]",True,True,True,0.00816639411283726,True,True,True,211,492,491,True,True
527,LibriSpeech:test:Domestic_noise:15:7176-92135-0023,test-clean/7176/92135/7176-92135-0023.flac,7176,Domestic_noise,15,0.9125,"[0.75,1.00]",515,LibriSpeech:test:Domestic_noise:15:260-123288-0026,test-clean/260/123288/260-123288-0026.flac,260,Domestic_noise,15,0.9043336058871627,"[0.75,1.00]",True,True,True,0.00816639411283726,True,True,True,307,492,491,True,True
527,LibriSpeech:test:Domestic_noise:15:7176-92135-0023,test-clean/7176/92135/7176-92135-0023.flac,7176,Domestic_noise,15,0.9125,"[0.75,1.00]",515,LibriSpeech:test:Domestic_noise:15:260-123288-0026,test-clean/260/123288/260-123288-0026.flac,260,Domestic_noise,15,0.9043336058871627,"[0.75,1.00]",True,True,True,0.00816639411283726,True,True,True,401,492,491,True,True
527,LibriSpeech:test:Domestic_noise:15:7176-92135-0023,test-clean/7176/92135/7176-92135-0023.flac,7176,Domestic_noise,15,0.9125,"[0.75,1.00]",515,LibriSpeech:test:Domestic_noise:15:260-123288-0026,test-clean/260/123288/260-123288-0026.flac,260,Domestic_noise,15,0.9043336058871627,"[0.75,1.00]",True,True,True,0.00816639411283726,True,True,True,503,492,491,True,True
528,LibriSpeech:test:Domestic_noise:15:908-157963-0017,test-clean/908/157963/908-157963-0017.flac,908,Domestic_noise,15,0.6578947368421053,"[0.50,0.75)",516,LibriSpeech:test:Domestic_noise:15:2830-3980-0053,test-clean/2830/3980/2830-3980-0053.flac,2830,Domestic_noise,15,0.6583333333333333,"[0.50,0.75)",True,True,True,0.00043859649122801603,True,True,True,101,492,491,True,True
528,LibriSpeech:test:Domestic_noise:15:908-157963-0017,test-clean/908/157963/908-157963-0017.flac,908,Domestic_noise,15,0.6578947368421053,"[0.50,0.75)",516,LibriSpeech:test:Domestic_noise:15:2830-3980-0053,test-clean/2830/3980/2830-3980-0053.flac,2830,Domestic_noise,15,0.6583333333333333,"[0.50,0.75)",True,True,True,0.00043859649122801603,True,True,True,211,492,491,True,True
528,LibriSpeech:test:Domestic_noise:15:908-157963-0017,test-clean/908/157963/908-157963-0017.flac,908,Domestic_noise,15,0.6578947368421053,"[0.50,0.75)",516,LibriSpeech:test:Domestic_noise:15:2830-3980-0053,test-clean/2830/3980/2830-3980-0053.flac,2830,Domestic_noise,15,0.6583333333333333,"[0.50,0.75)",True,True,True,0.00043859649122801603,True,True,True,307,492,491,True,True
528,LibriSpeech:test:Domestic_noise:15:908-157963-0017,test-clean/908/157963/908-157963-0017.flac,908,Domestic_noise,15,0.6578947368421053,"[0.50,0.75)",516,LibriSpeech:test:Domestic_noise:15:2830-3980-0053,test-clean/2830/3980/2830-3980-0053.flac,2830,Domestic_noise,15,0.6583333333333333,"[0.50,0.75)",True,True,True,0.00043859649122801603,True,True,True,401,492,491,True,True
528,LibriSpeech:test:Domestic_noise:15:908-157963-0017,test-clean/908/157963/908-157963-0017.flac,908,Domestic_noise,15,0.6578947368421053,"[0.50,0.75)",516,LibriSpeech:test:Domestic_noise:15:2830-3980-0053,test-clean/2830/3980/2830-3980-0053.flac,2830,Domestic_noise,15,0.6583333333333333,"[0.50,0.75)",True,True,True,0.00043859649122801603,True,True,True,503,492,491,True,True
533,LibriSpeech:test:Domestic_noise:20:1995-1826-0021,test-clean/1995/1826/1995-1826-0021.flac,1995,Domestic_noise,20,0.825,"[0.75,1.00]",534,LibriSpeech:test:Domestic_noise:20:2094-142345-0009,test-clean/2094/142345/2094-142345-0009.flac,2094,Domestic_noise,20,0.8092540132200189,"[0.75,1.00]",True,True,True,0.01574598677998107,True,True,True,101,492,491,True,True
533,LibriSpeech:test:Domestic_noise:20:1995-1826-0021,test-clean/1995/1826/1995-1826-0021.flac,1995,Domestic_noise,20,0.825,"[0.75,1.00]",534,LibriSpeech:test:Domestic_noise:20:2094-142345-0009,test-clean/2094/142345/2094-142345-0009.flac,2094,Domestic_noise,20,0.8092540132200189,"[0.75,1.00]",True,True,True,0.01574598677998107,True,True,True,211,492,491,True,True
533,LibriSpeech:test:Domestic_noise:20:1995-1826-0021,test-clean/1995/1826/1995-1826-0021.flac,1995,Domestic_noise,20,0.825,"[0.75,1.00]",534,LibriSpeech:test:Domestic_noise:20:2094-142345-0009,test-clean/2094/142345/2094-142345-0009.flac,2094,Domestic_noise,20,0.8092540132200189,"[0.75,1.00]",True,True,True,0.01574598677998107,True,True,True,307,492,491,True,True
533,LibriSpeech:test:Domestic_noise:20:1995-1826-0021,test-clean/1995/1826/1995-1826-0021.flac,1995,Domestic_noise,20,0.825,"[0.75,1.00]",534,LibriSpeech:test:Domestic_noise:20:2094-142345-0009,test-clean/2094/142345/2094-142345-0009.flac,2094,Domestic_noise,20,0.8092540132200189,"[0.75,1.00]",True,True,True,0.01574598677998107,True,True,True,401,492,491,True,True
533,LibriSpeech:test:Domestic_noise:20:1995-1826-0021,test-clean/1995/1826/1995-1826-0021.flac,1995,Domestic_noise,20,0.825,"[0.75,1.00]",534,LibriSpeech:test:Domestic_noise:20:2094-142345-0009,test-clean/2094/142345/2094-142345-0009.flac,2094,Domestic_noise,20,0.8092540132200189,"[0.75,1.00]",True,True,True,0.01574598677998107,True,True,True,503,492,491,True,True
534,LibriSpeech:test:Domestic_noise:20:2094-142345-0009,test-clean/2094/142345/2094-142345-0009.flac,2094,Domestic_noise,20,0.8092540132200189,"[0.75,1.00]",533,LibriSpeech:test:Domestic_noise:20:1995-1826-0021,test-clean/1995/1826/1995-1826-0021.flac,1995,Domestic_noise,20,0.825,"[0.75,1.00]",True,True,True,0.01574598677998107,True,True,True,101,492,491,True,True
534,LibriSpeech:test:Domestic_noise:20:2094-142345-0009,test-clean/2094/142345/2094-142345-0009.flac,2094,Domestic_noise,20,0.8092540132200189,"[0.75,1.00]",533,LibriSpeech:test:Domestic_noise:20:1995-1826-0021,test-clean/1995/1826/1995-1826-0021.flac,1995,Domestic_noise,20,0.825,"[0.75,1.00]",True,True,True,0.01574598677998107,True,True,True,211,492,491,True,True
534,LibriSpeech:test:Domestic_noise:20:2094-142345-0009,test-clean/2094/142345/2094-142345-0009.flac,2094,Domestic_noise,20,0.8092540132200189,"[0.75,1.00]",533,LibriSpeech:test:Domestic_noise:20:1995-1826-0021,test-clean/1995/1826/1995-1826-0021.flac,1995,Domestic_noise,20,0.825,"[0.75,1.00]",True,True,True,0.01574598677998107,True,True,True,307,492,491,True,True
534,LibriSpeech:test:Domestic_noise:20:2094-142345-0009,test-clean/2094/142345/2094-142345-0009.flac,2094,Domestic_noise,20,0.8092540132200189,"[0.75,1.00]",533,LibriSpeech:test:Domestic_noise:20:1995-1826-0021,test-clean/1995/1826/1995-1826-0021.flac,1995,Domestic_noise,20,0.825,"[0.75,1.00]",True,True,True,0.01574598677998107,True,True,True,401,492,491,True,True
534,LibriSpeech:test:Domestic_noise:20:2094-142345-0009,test-clean/2094/142345/2094-142345-0009.flac,2094,Domestic_noise,20,0.8092540132200189,"[0.75,1.00]",533,LibriSpeech:test:Domestic_noise:20:1995-1826-0021,test-clean/1995/1826/1995-1826-0021.flac,1995,Domestic_noise,20,0.825,"[0.75,1.00]",True,True,True,0.01574598677998107,True,True,True,503,492,491,True,True
535,LibriSpeech:test:Domestic_noise:20:2094-142345-0039,test-clean/2094/142345/2094-142345-0039.flac,2094,Clean,clean,0.7894736842105263,"[0.75,1.00]",817,LibriSpeech:test:Office_noise:20:2300-131720-0008,test-clean/2300/131720/2300-131720-0008.flac,2300,Clean,clean,0.7928436911487758,"[0.75,1.00]",True,True,True,0.0033700069382495146,True,True,True,101,492,491,True,True
535,LibriSpeech:test:Domestic_noise:20:2094-142345-0039,test-clean/2094/142345/2094-142345-0039.flac,2094,Clean,clean,0.7894736842105263,"[0.75,1.00]",817,LibriSpeech:test:Office_noise:20:2300-131720-0008,test-clean/2300/131720/2300-131720-0008.flac,2300,Clean,clean,0.7928436911487758,"[0.75,1.00]",True,True,True,0.0033700069382495146,True,True,True,211,492,491,True,True
535,LibriSpeech:test:Domestic_noise:20:2094-142345-0039,test-clean/2094/142345/2094-142345-0039.flac,2094,Clean,clean,0.7894736842105263,"[0.75,1.00]",817,LibriSpeech:test:Office_noise:20:2300-131720-0008,test-clean/2300/131720/2300-131720-0008.flac,2300,Clean,clean,0.7928436911487758,"[0.75,1.00]",True,True,True,0.0033700069382495146,True,True,True,307,492,491,True,True
535,LibriSpeech:test:Domestic_noise:20:2094-142345-0039,test-clean/2094/142345/2094-142345-0039.flac,2094,Clean,clean,0.7894736842105263,"[0.75,1.00]",817,LibriSpeech:test:Office_noise:20:2300-131720-0008,test-clean/2300/131720/2300-131720-0008.flac,2300,Clean,clean,0.7928436911487758,"[0.75,1.00]",True,True,True,0.0033700069382495146,True,True,True,401,492,491,True,True
535,LibriSpeech:test:Domestic_noise:20:2094-142345-0039,test-clean/2094/142345/2094-142345-0039.flac,2094,Clean,clean,0.7894736842105263,"[0.75,1.00]",817,LibriSpeech:test:Office_noise:20:2300-131720-0008,test-clean/2300/131720/2300-131720-0008.flac,2300,Clean,clean,0.7928436911487758,"[0.75,1.00]",True,True,True,0.0033700069382495146,True,True,True,503,492,491,True,True
536,LibriSpeech:test:Domestic_noise:20:2094-142345-0039,test-clean/2094/142345/2094-142345-0039.flac,2094,Domestic_noise,20,0.7894736842105263,"[0.75,1.00]",534,LibriSpeech:test:Domestic_noise:20:2094-142345-0009,test-clean/2094/142345/2094-142345-0009.flac,2094,Domestic_noise,20,0.8092540132200189,"[0.75,1.00]",True,True,True,0.01978032900949256,True,False,True,101,492,491,True,True
536,LibriSpeech:test:Domestic_noise:20:2094-142345-0039,test-clean/2094/142345/2094-142345-0039.flac,2094,Domestic_noise,20,0.7894736842105263,"[0.75,1.00]",534,LibriSpeech:test:Domestic_noise:20:2094-142345-0009,test-clean/2094/142345/2094-142345-0009.flac,2094,Domestic_noise,20,0.8092540132200189,"[0.75,1.00]",True,True,True,0.01978032900949256,True,False,True,211,492,491,True,True
536,LibriSpeech:test:Domestic_noise:20:2094-142345-0039,test-clean/2094/142345/2094-142345-0039.flac,2094,Domestic_noise,20,0.7894736842105263,"[0.75,1.00]",534,LibriSpeech:test:Domestic_noise:20:2094-142345-0009,test-clean/2094/142345/2094-142345-0009.flac,2094,Domestic_noise,20,0.8092540132200189,"[0.75,1.00]",True,True,True,0.01978032900949256,True,False,True,307,492,491,True,True
536,LibriSpeech:test:Domestic_noise:20:2094-142345-0039,test-clean/2094/142345/2094-142345-0039.flac,2094,Domestic_noise,20,0.7894736842105263,"[0.75,1.00]",534,LibriSpeech:test:Domestic_noise:20:2094-142345-0009,test-clean/2094/142345/2094-142345-0009.flac,2094,Domestic_noise,20,0.8092540132200189,"[0.75,1.00]",True,True,True,0.01978032900949256,True,False,True,401,492,491,True,True
536,LibriSpeech:test:Domestic_noise:20:2094-142345-0039,test-clean/2094/142345/2094-142345-0039.flac,2094,Domestic_noise,20,0.7894736842105263,"[0.75,1.00]",534,LibriSpeech:test:Domestic_noise:20:2094-142345-0009,test-clean/2094/142345/2094-142345-0009.flac,2094,Domestic_noise,20,0.8092540132200189,"[0.75,1.00]",True,True,True,0.01978032900949256,True,False,True,503,492,491,True,True
537,LibriSpeech:test:Domestic_noise:20:260-123288-0026,test-clean/260/123288/260-123288-0026.flac,260,Domestic_noise,20,0.9043336058871627,"[0.75,1.00]",556,LibriSpeech:test:Domestic_noise:20:8463-294828-0038,test-clean/8463/294828/8463-294828-0038.flac,8463,Domestic_noise,20,0.9142550911039657,"[0.75,1.00]",True,True,True,0.009921485216803028,True,True,True,101,492,491,True,True
537,LibriSpeech:test:Domestic_noise:20:260-123288-0026,test-clean/260/123288/260-123288-0026.flac,260,Domestic_noise,20,0.9043336058871627,"[0.75,1.00]",556,LibriSpeech:test:Domestic_noise:20:8463-294828-0038,test-clean/8463/294828/8463-294828-0038.flac,8463,Domestic_noise,20,0.9142550911039657,"[0.75,1.00]",True,True,True,0.009921485216803028,True,True,True,211,492,491,True,True
537,LibriSpeech:test:Domestic_noise:20:260-123288-0026,test-clean/260/123288/260-123288-0026.flac,260,Domestic_noise,20,0.9043336058871627,"[0.75,1.00]",556,LibriSpeech:test:Domestic_noise:20:8463-294828-0038,test-clean/8463/294828/8463-294828-0038.flac,8463,Domestic_noise,20,0.9142550911039657,"[0.75,1.00]",True,True,True,0.009921485216803028,True,True,True,307,492,491,True,True
537,LibriSpeech:test:Domestic_noise:20:260-123288-0026,test-clean/260/123288/260-123288-0026.flac,260,Domestic_noise,20,0.9043336058871627,"[0.75,1.00]",556,LibriSpeech:test:Domestic_noise:20:8463-294828-0038,test-clean/8463/294828/8463-294828-0038.flac,8463,Domestic_noise,20,0.9142550911039657,"[0.75,1.00]",True,True,True,0.009921485216803028,True,True,True,401,492,491,True,True
537,LibriSpeech:test:Domestic_noise:20:260-123288-0026,test-clean/260/123288/260-123288-0026.flac,260,Domestic_noise,20,0.9043336058871627,"[0.75,1.00]",556,LibriSpeech:test:Domestic_noise:20:8463-294828-0038,test-clean/8463/294828/8463-294828-0038.flac,8463,Domestic_noise,20,0.9142550911039657,"[0.75,1.00]",True,True,True,0.009921485216803028,True,True,True,503,492,491,True,True
538,LibriSpeech:test:Domestic_noise:20:2830-3979-0006,test-clean/2830/3979/2830-3979-0006.flac,2830,Clean,clean,0.4864864864864865,"[0.25,0.50)",48,LibriSpeech:test:Babble_noise:0:2961-961-0003,test-clean/2961/961/2961-961-0003.flac,2961,Clean,clean,0.4891304347826087,"[0.25,0.50)",True,True,True,0.0026439482961221894,True,True,True,101,492,491,True,True
538,LibriSpeech:test:Domestic_noise:20:2830-3979-0006,test-clean/2830/3979/2830-3979-0006.flac,2830,Clean,clean,0.4864864864864865,"[0.25,0.50)",48,LibriSpeech:test:Babble_noise:0:2961-961-0003,test-clean/2961/961/2961-961-0003.flac,2961,Clean,clean,0.4891304347826087,"[0.25,0.50)",True,True,True,0.0026439482961221894,True,True,True,211,492,491,True,True
538,LibriSpeech:test:Domestic_noise:20:2830-3979-0006,test-clean/2830/3979/2830-3979-0006.flac,2830,Clean,clean,0.4864864864864865,"[0.25,0.50)",48,LibriSpeech:test:Babble_noise:0:2961-961-0003,test-clean/2961/961/2961-961-0003.flac,2961,Clean,clean,0.4891304347826087,"[0.25,0.50)",True,True,True,0.0026439482961221894,True,True,True,307,492,491,True,True
538,LibriSpeech:test:Domestic_noise:20:2830-3979-0006,test-clean/2830/3979/2830-3979-0006.flac,2830,Clean,clean,0.4864864864864865,"[0.25,0.50)",48,LibriSpeech:test:Babble_noise:0:2961-961-0003,test-clean/2961/961/2961-961-0003.flac,2961,Clean,clean,0.4891304347826087,"[0.25,0.50)",True,True,True,0.0026439482961221894,True,True,True,401,492,491,True,True
538,LibriSpeech:test:Domestic_noise:20:2830-3979-0006,test-clean/2830/3979/2830-3979-0006.flac,2830,Clean,clean,0.4864864864864865,"[0.25,0.50)",48,LibriSpeech:test:Babble_noise:0:2961-961-0003,test-clean/2961/961/2961-961-0003.flac,2961,Clean,clean,0.4891304347826087,"[0.25,0.50)",True,True,True,0.0026439482961221894,True,True,True,503,492,491,True,True
539,LibriSpeech:test:Domestic_noise:20:2830-3979-0006,test-clean/2830/3979/2830-3979-0006.flac,2830,Domestic_noise,20,0.4864864864864865,"[0.25,0.50)",540,LibriSpeech:test:Domestic_noise:20:2961-961-0003,test-clean/2961/961/2961-961-0003.flac,2961,Domestic_noise,20,0.4891304347826087,"[0.25,0.50)",True,True,True,0.0026439482961221894,True,True,True,101,492,491,True,True
539,LibriSpeech:test:Domestic_noise:20:2830-3979-0006,test-clean/2830/3979/2830-3979-0006.flac,2830,Domestic_noise,20,0.4864864864864865,"[0.25,0.50)",540,LibriSpeech:test:Domestic_noise:20:2961-961-0003,test-clean/2961/961/2961-961-0003.flac,2961,Domestic_noise,20,0.4891304347826087,"[0.25,0.50)",True,True,True,0.0026439482961221894,True,True,True,211,492,491,True,True
539,LibriSpeech:test:Domestic_noise:20:2830-3979-0006,test-clean/2830/3979/2830-3979-0006.flac,2830,Domestic_noise,20,0.4864864864864865,"[0.25,0.50)",540,LibriSpeech:test:Domestic_noise:20:2961-961-0003,test-clean/2961/961/2961-961-0003.flac,2961,Domestic_noise,20,0.4891304347826087,"[0.25,0.50)",True,True,True,0.0026439482961221894,True,True,True,307,492,491,True,True
539,LibriSpeech:test:Domestic_noise:20:2830-3979-0006,test-clean/2830/3979/2830-3979-0006.flac,2830,Domestic_noise,20,0.4864864864864865,"[0.25,0.50)",540,LibriSpeech:test:Domestic_noise:20:2961-961-0003,test-clean/2961/961/2961-961-0003.flac,2961,Domestic_noise,20,0.4891304347826087,"[0.25,0.50)",True,True,True,0.0026439482961221894,True,True,True,401,492,491,True,True
539,LibriSpeech:test:Domestic_noise:20:2830-3979-0006,test-clean/2830/3979/2830-3979-0006.flac,2830,Domestic_noise,20,0.4864864864864865,"[0.25,0.50)",540,LibriSpeech:test:Domestic_noise:20:2961-961-0003,test-clean/2961/961/2961-961-0003.flac,2961,Domestic_noise,20,0.4891304347826087,"[0.25,0.50)",True,True,True,0.0026439482961221894,True,True,True,503,492,491,True,True
540,LibriSpeech:test:Domestic_noise:20:2961-961-0003,test-clean/2961/961/2961-961-0003.flac,2961,Domestic_noise,20,0.4891304347826087,"[0.25,0.50)",539,LibriSpeech:test:Domestic_noise:20:2830-3979-0006,test-clean/2830/3979/2830-3979-0006.flac,2830,Domestic_noise,20,0.4864864864864865,"[0.25,0.50)",True,True,True,0.0026439482961221894,True,True,True,101,492,491,True,True
540,LibriSpeech:test:Domestic_noise:20:2961-961-0003,test-clean/2961/961/2961-961-0003.flac,2961,Domestic_noise,20,0.4891304347826087,"[0.25,0.50)",539,LibriSpeech:test:Domestic_noise:20:2830-3979-0006,test-clean/2830/3979/2830-3979-0006.flac,2830,Domestic_noise,20,0.4864864864864865,"[0.25,0.50)",True,True,True,0.0026439482961221894,True,True,True,211,492,491,True,True
540,LibriSpeech:test:Domestic_noise:20:2961-961-0003,test-clean/2961/961/2961-961-0003.flac,2961,Domestic_noise,20,0.4891304347826087,"[0.25,0.50)",539,LibriSpeech:test:Domestic_noise:20:2830-3979-0006,test-clean/2830/3979/2830-3979-0006.flac,2830,Domestic_noise,20,0.4864864864864865,"[0.25,0.50)",True,True,True,0.0026439482961221894,True,True,True,307,492,491,True,True
540,LibriSpeech:test:Domestic_noise:20:2961-961-0003,test-clean/2961/961/2961-961-0003.flac,2961,Domestic_noise,20,0.4891304347826087,"[0.25,0.50)",539,LibriSpeech:test:Domestic_noise:20:2830-3979-0006,test-clean/2830/3979/2830-3979-0006.flac,2830,Domestic_noise,20,0.4864864864864865,"[0.25,0.50)",True,True,True,0.0026439482961221894,True,True,True,401,492,491,True,True
540,LibriSpeech:test:Domestic_noise:20:2961-961-0003,test-clean/2961/961/2961-961-0003.flac,2961,Domestic_noise,20,0.4891304347826087,"[0.25,0.50)",539,LibriSpeech:test:Domestic_noise:20:2830-3979-0006,test-clean/2830/3979/2830-3979-0006.flac,2830,Domestic_noise,20,0.4864864864864865,"[0.25,0.50)",True,True,True,0.0026439482961221894,True,True,True,503,492,491,True,True
552,LibriSpeech:test:Domestic_noise:20:7021-79740-0011,test-clean/7021/79740/7021-79740-0011.flac,7021,Domestic_noise,20,0.8707692307692307,"[0.75,1.00]",537,LibriSpeech:test:Domestic_noise:20:260-123288-0026,test-clean/260/123288/260-123288-0026.flac,260,Domestic_noise,20,0.9043336058871627,"[0.75,1.00]",True,True,True,0.03356437511793198,True,True,True,101,492,491,True,True
552,LibriSpeech:test:Domestic_noise:20:7021-79740-0011,test-clean/7021/79740/7021-79740-0011.flac,7021,Domestic_noise,20,0.8707692307692307,"[0.75,1.00]",537,LibriSpeech:test:Domestic_noise:20:260-123288-0026,test-clean/260/123288/260-123288-0026.flac,260,Domestic_noise,20,0.9043336058871627,"[0.75,1.00]",True,True,True,0.03356437511793198,True,True,True,211,492,491,True,True
552,LibriSpeech:test:Domestic_noise:20:7021-79740-0011,test-clean/7021/79740/7021-79740-0011.flac,7021,Domestic_noise,20,0.8707692307692307,"[0.75,1.00]",537,LibriSpeech:test:Domestic_noise:20:260-123288-0026,test-clean/260/123288/260-123288-0026.flac,260,Domestic_noise,20,0.9043336058871627,"[0.75,1.00]",True,True,True,0.03356437511793198,True,True,True,307,492,491,True,True
552,LibriSpeech:test:Domestic_noise:20:7021-79740-0011,test-clean/7021/79740/7021-79740-0011.flac,7021,Domestic_noise,20,0.8707692307692307,"[0.75,1.00]",537,LibriSpeech:test:Domestic_noise:20:260-123288-0026,test-clean/260/123288/260-123288-0026.flac,260,Domestic_noise,20,0.9043336058871627,"[0.75,1.00]",True,True,True,0.03356437511793198,True,True,True,401,492,491,True,True
552,LibriSpeech:test:Domestic_noise:20:7021-79740-0011,test-clean/7021/79740/7021-79740-0011.flac,7021,Domestic_noise,20,0.8707692307692307,"[0.75,1.00]",537,LibriSpeech:test:Domestic_noise:20:260-123288-0026,test-clean/260/123288/260-123288-0026.flac,260,Domestic_noise,20,0.9043336058871627,"[0.75,1.00]",True,True,True,0.03356437511793198,True,True,True,503,492,491,True,True
556,LibriSpeech:test:Domestic_noise:20:8463-294828-0038,test-clean/8463/294828/8463-294828-0038.flac,8463,Domestic_noise,20,0.9142550911039657,"[0.75,1.00]",537,LibriSpeech:test:Domestic_noise:20:260-123288-0026,test-clean/260/123288/260-123288-0026.flac,260,Domestic_noise,20,0.9043336058871627,"[0.75,1.00]",True,True,True,0.009921485216803028,True,True,True,101,492,491,True,True
556,LibriSpeech:test:Domestic_noise:20:8463-294828-0038,test-clean/8463/294828/8463-294828-0038.flac,8463,Domestic_noise,20,0.9142550911039657,"[0.75,1.00]",537,LibriSpeech:test:Domestic_noise:20:260-123288-0026,test-clean/260/123288/260-123288-0026.flac,260,Domestic_noise,20,0.9043336058871627,"[0.75,1.00]",True,True,True,0.009921485216803028,True,True,True,211,492,491,True,True
556,LibriSpeech:test:Domestic_noise:20:8463-294828-0038,test-clean/8463/294828/8463-294828-0038.flac,8463,Domestic_noise,20,0.9142550911039657,"[0.75,1.00]",537,LibriSpeech:test:Domestic_noise:20:260-123288-0026,test-clean/260/123288/260-123288-0026.flac,260,Domestic_noise,20,0.9043336058871627,"[0.75,1.00]",True,True,True,0.009921485216803028,True,True,True,307,492,491,True,True
556,LibriSpeech:test:Domestic_noise:20:8463-294828-0038,test-clean/8463/294828/8463-294828-0038.flac,8463,Domestic_noise,20,0.9142550911039657,"[0.75,1.00]",537,LibriSpeech:test:Domestic_noise:20:260-123288-0026,test-clean/260/123288/260-123288-0026.flac,260,Domestic_noise,20,0.9043336058871627,"[0.75,1.00]",True,True,True,0.009921485216803028,True,True,True,401,492,491,True,True
556,LibriSpeech:test:Domestic_noise:20:8463-294828-0038,test-clean/8463/294828/8463-294828-0038.flac,8463,Domestic_noise,20,0.9142550911039657,"[0.75,1.00]",537,LibriSpeech:test:Domestic_noise:20:260-123288-0026,test-clean/260/123288/260-123288-0026.flac,260,Domestic_noise,20,0.9043336058871627,"[0.75,1.00]",True,True,True,0.009921485216803028,True,True,True,503,492,491,True,True
561,LibriSpeech:test:Nature_noise:-5:1995-1826-0011,test-clean/1995/1826/1995-1826-0011.flac,1995,Nature_noise,-5,0.8187134502923976,"[0.75,1.00]",566,LibriSpeech:test:Nature_noise:-5:2961-960-0016,test-clean/2961/960/2961-960-0016.flac,2961,Nature_noise,-5,0.7721518987341772,"[0.75,1.00]",True,True,True,0.04656155155822039,True,True,True,101,492,491,True,True
561,LibriSpeech:test:Nature_noise:-5:1995-1826-0011,test-clean/1995/1826/1995-1826-0011.flac,1995,Nature_noise,-5,0.8187134502923976,"[0.75,1.00]",566,LibriSpeech:test:Nature_noise:-5:2961-960-0016,test-clean/2961/960/2961-960-0016.flac,2961,Nature_noise,-5,0.7721518987341772,"[0.75,1.00]",True,True,True,0.04656155155822039,True,True,True,211,492,491,True,True
561,LibriSpeech:test:Nature_noise:-5:1995-1826-0011,test-clean/1995/1826/1995-1826-0011.flac,1995,Nature_noise,-5,0.8187134502923976,"[0.75,1.00]",566,LibriSpeech:test:Nature_noise:-5:2961-960-0016,test-clean/2961/960/2961-960-0016.flac,2961,Nature_noise,-5,0.7721518987341772,"[0.75,1.00]",True,True,True,0.04656155155822039,True,True,True,307,492,491,True,True
561,LibriSpeech:test:Nature_noise:-5:1995-1826-0011,test-clean/1995/1826/1995-1826-0011.flac,1995,Nature_noise,-5,0.8187134502923976,"[0.75,1.00]",566,LibriSpeech:test:Nature_noise:-5:2961-960-0016,test-clean/2961/960/2961-960-0016.flac,2961,Nature_noise,-5,0.7721518987341772,"[0.75,1.00]",True,True,True,0.04656155155822039,True,True,True,401,492,491,True,True
561,LibriSpeech:test:Nature_noise:-5:1995-1826-0011,test-clean/1995/1826/1995-1826-0011.flac,1995,Nature_noise,-5,0.8187134502923976,"[0.75,1.00]",566,LibriSpeech:test:Nature_noise:-5:2961-960-0016,test-clean/2961/960/2961-960-0016.flac,2961,Nature_noise,-5,0.7721518987341772,"[0.75,1.00]",True,True,True,0.04656155155822039,True,True,True,503,492,491,True,True
564,LibriSpeech:test:Nature_noise:-5:260-123288-0026,test-clean/260/123288/260-123288-0026.flac,260,Nature_noise,-5,0.9043336058871627,"[0.75,1.00]",573,LibriSpeech:test:Nature_noise:-5:8230-279154-0038,test-clean/8230/279154/8230-279154-0038.flac,8230,Nature_noise,-5,0.8982869379014989,"[0.75,1.00]",True,True,True,0.006046667985663778,True,True,True,101,492,491,True,True
564,LibriSpeech:test:Nature_noise:-5:260-123288-0026,test-clean/260/123288/260-123288-0026.flac,260,Nature_noise,-5,0.9043336058871627,"[0.75,1.00]",573,LibriSpeech:test:Nature_noise:-5:8230-279154-0038,test-clean/8230/279154/8230-279154-0038.flac,8230,Nature_noise,-5,0.8982869379014989,"[0.75,1.00]",True,True,True,0.006046667985663778,True,True,True,211,492,491,True,True
564,LibriSpeech:test:Nature_noise:-5:260-123288-0026,test-clean/260/123288/260-123288-0026.flac,260,Nature_noise,-5,0.9043336058871627,"[0.75,1.00]",573,LibriSpeech:test:Nature_noise:-5:8230-279154-0038,test-clean/8230/279154/8230-279154-0038.flac,8230,Nature_noise,-5,0.8982869379014989,"[0.75,1.00]",True,True,True,0.006046667985663778,True,True,True,307,492,491,True,True
564,LibriSpeech:test:Nature_noise:-5:260-123288-0026,test-clean/260/123288/260-123288-0026.flac,260,Nature_noise,-5,0.9043336058871627,"[0.75,1.00]",573,LibriSpeech:test:Nature_noise:-5:8230-279154-0038,test-clean/8230/279154/8230-279154-0038.flac,8230,Nature_noise,-5,0.8982869379014989,"[0.75,1.00]",True,True,True,0.006046667985663778,True,True,True,401,492,491,True,True
564,LibriSpeech:test:Nature_noise:-5:260-123288-0026,test-clean/260/123288/260-123288-0026.flac,260,Nature_noise,-5,0.9043336058871627,"[0.75,1.00]",573,LibriSpeech:test:Nature_noise:-5:8230-279154-0038,test-clean/8230/279154/8230-279154-0038.flac,8230,Nature_noise,-5,0.8982869379014989,"[0.75,1.00]",True,True,True,0.006046667985663778,True,True,True,503,492,491,True,True
565,LibriSpeech:test:Nature_noise:-5:2961-960-0006,test-clean/2961/960/2961-960-0006.flac,2961,Nature_noise,-5,0.8656591099916037,"[0.75,1.00]",572,LibriSpeech:test:Nature_noise:-5:7729-102255-0007,test-clean/7729/102255/7729-102255-0007.flac,7729,Nature_noise,-5,0.8704663212435233,"[0.75,1.00]",True,True,True,0.00480721125191963,True,True,True,101,492,491,True,True
565,LibriSpeech:test:Nature_noise:-5:2961-960-0006,test-clean/2961/960/2961-960-0006.flac,2961,Nature_noise,-5,0.8656591099916037,"[0.75,1.00]",572,LibriSpeech:test:Nature_noise:-5:7729-102255-0007,test-clean/7729/102255/7729-102255-0007.flac,7729,Nature_noise,-5,0.8704663212435233,"[0.75,1.00]",True,True,True,0.00480721125191963,True,True,True,211,492,491,True,True
565,LibriSpeech:test:Nature_noise:-5:2961-960-0006,test-clean/2961/960/2961-960-0006.flac,2961,Nature_noise,-5,0.8656591099916037,"[0.75,1.00]",572,LibriSpeech:test:Nature_noise:-5:7729-102255-0007,test-clean/7729/102255/7729-102255-0007.flac,7729,Nature_noise,-5,0.8704663212435233,"[0.75,1.00]",True,True,True,0.00480721125191963,True,True,True,307,492,491,True,True
565,LibriSpeech:test:Nature_noise:-5:2961-960-0006,test-clean/2961/960/2961-960-0006.flac,2961,Nature_noise,-5,0.8656591099916037,"[0.75,1.00]",572,LibriSpeech:test:Nature_noise:-5:7729-102255-0007,test-clean/7729/102255/7729-102255-0007.flac,7729,Nature_noise,-5,0.8704663212435233,"[0.75,1.00]",True,True,True,0.00480721125191963,True,True,True,401,492,491,True,True
565,LibriSpeech:test:Nature_noise:-5:2961-960-0006,test-clean/2961/960/2961-960-0006.flac,2961,Nature_noise,-5,0.8656591099916037,"[0.75,1.00]",572,LibriSpeech:test:Nature_noise:-5:7729-102255-0007,test-clean/7729/102255/7729-102255-0007.flac,7729,Nature_noise,-5,0.8704663212435233,"[0.75,1.00]",True,True,True,0.00480721125191963,True,True,True,503,492,491,True,True
566,LibriSpeech:test:Nature_noise:-5:2961-960-0016,test-clean/2961/960/2961-960-0016.flac,2961,Nature_noise,-5,0.7721518987341772,"[0.75,1.00]",561,LibriSpeech:test:Nature_noise:-5:1995-1826-0011,test-clean/1995/1826/1995-1826-0011.flac,1995,Nature_noise,-5,0.8187134502923976,"[0.75,1.00]",True,True,True,0.04656155155822039,True,True,True,101,492,491,True,True
566,LibriSpeech:test:Nature_noise:-5:2961-960-0016,test-clean/2961/960/2961-960-0016.flac,2961,Nature_noise,-5,0.7721518987341772,"[0.75,1.00]",561,LibriSpeech:test:Nature_noise:-5:1995-1826-0011,test-clean/1995/1826/1995-1826-0011.flac,1995,Nature_noise,-5,0.8187134502923976,"[0.75,1.00]",True,True,True,0.04656155155822039,True,True,True,211,492,491,True,True
566,LibriSpeech:test:Nature_noise:-5:2961-960-0016,test-clean/2961/960/2961-960-0016.flac,2961,Nature_noise,-5,0.7721518987341772,"[0.75,1.00]",561,LibriSpeech:test:Nature_noise:-5:1995-1826-0011,test-clean/1995/1826/1995-1826-0011.flac,1995,Nature_noise,-5,0.8187134502923976,"[0.75,1.00]",True,True,True,0.04656155155822039,True,True,True,307,492,491,True,True
566,LibriSpeech:test:Nature_noise:-5:2961-960-0016,test-clean/2961/960/2961-960-0016.flac,2961,Nature_noise,-5,0.7721518987341772,"[0.75,1.00]",561,LibriSpeech:test:Nature_noise:-5:1995-1826-0011,test-clean/1995/1826/1995-1826-0011.flac,1995,Nature_noise,-5,0.8187134502923976,"[0.75,1.00]",True,True,True,0.04656155155822039,True,True,True,401,492,491,True,True
566,LibriSpeech:test:Nature_noise:-5:2961-960-0016,test-clean/2961/960/2961-960-0016.flac,2961,Nature_noise,-5,0.7721518987341772,"[0.75,1.00]",561,LibriSpeech:test:Nature_noise:-5:1995-1826-0011,test-clean/1995/1826/1995-1826-0011.flac,1995,Nature_noise,-5,0.8187134502923976,"[0.75,1.00]",True,True,True,0.04656155155822039,True,True,True,503,492,491,True,True
572,LibriSpeech:test:Nature_noise:-5:7729-102255-0007,test-clean/7729/102255/7729-102255-0007.flac,7729,Nature_noise,-5,0.8704663212435233,"[0.75,1.00]",565,LibriSpeech:test:Nature_noise:-5:2961-960-0006,test-clean/2961/960/2961-960-0006.flac,2961,Nature_noise,-5,0.8656591099916037,"[0.75,1.00]",True,True,True,0.00480721125191963,True,True,True,101,492,491,True,True
572,LibriSpeech:test:Nature_noise:-5:7729-102255-0007,test-clean/7729/102255/7729-102255-0007.flac,7729,Nature_noise,-5,0.8704663212435233,"[0.75,1.00]",565,LibriSpeech:test:Nature_noise:-5:2961-960-0006,test-clean/2961/960/2961-960-0006.flac,2961,Nature_noise,-5,0.8656591099916037,"[0.75,1.00]",True,True,True,0.00480721125191963,True,True,True,211,492,491,True,True
572,LibriSpeech:test:Nature_noise:-5:7729-102255-0007,test-clean/7729/102255/7729-102255-0007.flac,7729,Nature_noise,-5,0.8704663212435233,"[0.75,1.00]",565,LibriSpeech:test:Nature_noise:-5:2961-960-0006,test-clean/2961/960/2961-960-0006.flac,2961,Nature_noise,-5,0.8656591099916037,"[0.75,1.00]",True,True,True,0.00480721125191963,True,True,True,307,492,491,True,True
572,LibriSpeech:test:Nature_noise:-5:7729-102255-0007,test-clean/7729/102255/7729-102255-0007.flac,7729,Nature_noise,-5,0.8704663212435233,"[0.75,1.00]",565,LibriSpeech:test:Nature_noise:-5:2961-960-0006,test-clean/2961/960/2961-960-0006.flac,2961,Nature_noise,-5,0.8656591099916037,"[0.75,1.00]",True,True,True,0.00480721125191963,True,True,True,401,492,491,True,True
572,LibriSpeech:test:Nature_noise:-5:7729-102255-0007,test-clean/7729/102255/7729-102255-0007.flac,7729,Nature_noise,-5,0.8704663212435233,"[0.75,1.00]",565,LibriSpeech:test:Nature_noise:-5:2961-960-0006,test-clean/2961/960/2961-960-0006.flac,2961,Nature_noise,-5,0.8656591099916037,"[0.75,1.00]",True,True,True,0.00480721125191963,True,True,True,503,492,491,True,True
573,LibriSpeech:test:Nature_noise:-5:8230-279154-0038,test-clean/8230/279154/8230-279154-0038.flac,8230,Nature_noise,-5,0.8982869379014989,"[0.75,1.00]",564,LibriSpeech:test:Nature_noise:-5:260-123288-0026,test-clean/260/123288/260-123288-0026.flac,260,Nature_noise,-5,0.9043336058871627,"[0.75,1.00]",True,True,True,0.006046667985663778,True,True,True,101,492,491,True,True
573,LibriSpeech:test:Nature_noise:-5:8230-279154-0038,test-clean/8230/279154/8230-279154-0038.flac,8230,Nature_noise,-5,0.8982869379014989,"[0.75,1.00]",564,LibriSpeech:test:Nature_noise:-5:260-123288-0026,test-clean/260/123288/260-123288-0026.flac,260,Nature_noise,-5,0.9043336058871627,"[0.75,1.00]",True,True,True,0.006046667985663778,True,True,True,211,492,491,True,True
573,LibriSpeech:test:Nature_noise:-5:8230-279154-0038,test-clean/8230/279154/8230-279154-0038.flac,8230,Nature_noise,-5,0.8982869379014989,"[0.75,1.00]",564,LibriSpeech:test:Nature_noise:-5:260-123288-0026,test-clean/260/123288/260-123288-0026.flac,260,Nature_noise,-5,0.9043336058871627,"[0.75,1.00]",True,True,True,0.006046667985663778,True,True,True,307,492,491,True,True
573,LibriSpeech:test:Nature_noise:-5:8230-279154-0038,test-clean/8230/279154/8230-279154-0038.flac,8230,Nature_noise,-5,0.8982869379014989,"[0.75,1.00]",564,LibriSpeech:test:Nature_noise:-5:260-123288-0026,test-clean/260/123288/260-123288-0026.flac,260,Nature_noise,-5,0.9043336058871627,"[0.75,1.00]",True,True,True,0.006046667985663778,True,True,True,401,492,491,True,True
573,LibriSpeech:test:Nature_noise:-5:8230-279154-0038,test-clean/8230/279154/8230-279154-0038.flac,8230,Nature_noise,-5,0.8982869379014989,"[0.75,1.00]",564,LibriSpeech:test:Nature_noise:-5:260-123288-0026,test-clean/260/123288/260-123288-0026.flac,260,Nature_noise,-5,0.9043336058871627,"[0.75,1.00]",True,True,True,0.006046667985663778,True,True,True,503,492,491,True,True
574,LibriSpeech:test:Nature_noise:-5:8463-294825-0008,test-clean/8463/294825/8463-294825-0008.flac,8463,Clean,clean,0.11764705882352941,"[0,0.25)",136,LibriSpeech:test:Babble_noise:10:3729-6852-0043,test-clean/3729/6852/3729-6852-0043.flac,3729,Clean,clean,0.10256410256410256,"[0,0.25)",True,True,True,0.01508295625942685,True,True,True,101,492,491,True,True
574,LibriSpeech:test:Nature_noise:-5:8463-294825-0008,test-clean/8463/294825/8463-294825-0008.flac,8463,Clean,clean,0.11764705882352941,"[0,0.25)",136,LibriSpeech:test:Babble_noise:10:3729-6852-0043,test-clean/3729/6852/3729-6852-0043.flac,3729,Clean,clean,0.10256410256410256,"[0,0.25)",True,True,True,0.01508295625942685,True,True,True,211,492,491,True,True
574,LibriSpeech:test:Nature_noise:-5:8463-294825-0008,test-clean/8463/294825/8463-294825-0008.flac,8463,Clean,clean,0.11764705882352941,"[0,0.25)",136,LibriSpeech:test:Babble_noise:10:3729-6852-0043,test-clean/3729/6852/3729-6852-0043.flac,3729,Clean,clean,0.10256410256410256,"[0,0.25)",True,True,True,0.01508295625942685,True,True,True,307,492,491,True,True
574,LibriSpeech:test:Nature_noise:-5:8463-294825-0008,test-clean/8463/294825/8463-294825-0008.flac,8463,Clean,clean,0.11764705882352941,"[0,0.25)",136,LibriSpeech:test:Babble_noise:10:3729-6852-0043,test-clean/3729/6852/3729-6852-0043.flac,3729,Clean,clean,0.10256410256410256,"[0,0.25)",True,True,True,0.01508295625942685,True,True,True,401,492,491,True,True
574,LibriSpeech:test:Nature_noise:-5:8463-294825-0008,test-clean/8463/294825/8463-294825-0008.flac,8463,Clean,clean,0.11764705882352941,"[0,0.25)",136,LibriSpeech:test:Babble_noise:10:3729-6852-0043,test-clean/3729/6852/3729-6852-0043.flac,3729,Clean,clean,0.10256410256410256,"[0,0.25)",True,True,True,0.01508295625942685,True,True,True,503,492,491,True,True
575,LibriSpeech:test:Nature_noise:-5:8463-294825-0008,test-clean/8463/294825/8463-294825-0008.flac,8463,Nature_noise,-5,0.11764705882352941,"[0,0.25)",566,LibriSpeech:test:Nature_noise:-5:2961-960-0016,test-clean/2961/960/2961-960-0016.flac,2961,Nature_noise,-5,0.7721518987341772,"[0.75,1.00]",True,True,False,0.6545048399106478,True,True,True,101,492,491,True,True
575,LibriSpeech:test:Nature_noise:-5:8463-294825-0008,test-clean/8463/294825/8463-294825-0008.flac,8463,Nature_noise,-5,0.11764705882352941,"[0,0.25)",566,LibriSpeech:test:Nature_noise:-5:2961-960-0016,test-clean/2961/960/2961-960-0016.flac,2961,Nature_noise,-5,0.7721518987341772,"[0.75,1.00]",True,True,False,0.6545048399106478,True,True,True,211,492,491,True,True
575,LibriSpeech:test:Nature_noise:-5:8463-294825-0008,test-clean/8463/294825/8463-294825-0008.flac,8463,Nature_noise,-5,0.11764705882352941,"[0,0.25)",566,LibriSpeech:test:Nature_noise:-5:2961-960-0016,test-clean/2961/960/2961-960-0016.flac,2961,Nature_noise,-5,0.7721518987341772,"[0.75,1.00]",True,True,False,0.6545048399106478,True,True,True,307,492,491,True,True
575,LibriSpeech:test:Nature_noise:-5:8463-294825-0008,test-clean/8463/294825/8463-294825-0008.flac,8463,Nature_noise,-5,0.11764705882352941,"[0,0.25)",566,LibriSpeech:test:Nature_noise:-5:2961-960-0016,test-clean/2961/960/2961-960-0016.flac,2961,Nature_noise,-5,0.7721518987341772,"[0.75,1.00]",True,True,False,0.6545048399106478,True,True,True,401,492,491,True,True
575,LibriSpeech:test:Nature_noise:-5:8463-294825-0008,test-clean/8463/294825/8463-294825-0008.flac,8463,Nature_noise,-5,0.11764705882352941,"[0,0.25)",566,LibriSpeech:test:Nature_noise:-5:2961-960-0016,test-clean/2961/960/2961-960-0016.flac,2961,Nature_noise,-5,0.7721518987341772,"[0.75,1.00]",True,True,False,0.6545048399106478,True,True,True,503,492,491,True,True
581,LibriSpeech:test:Nature_noise:0:1188-133604-0026,test-clean/1188/133604/1188-133604-0026.flac,1188,Nature_noise,0,0.7706928264868179,"[0.75,1.00]",588,LibriSpeech:test:Nature_noise:0:2830-3980-0073,test-clean/2830/3980/2830-3980-0073.flac,2830,Nature_noise,0,0.84,"[0.75,1.00]",True,True,True,0.06930717351318205,True,True,True,101,492,491,True,True
581,LibriSpeech:test:Nature_noise:0:1188-133604-0026,test-clean/1188/133604/1188-133604-0026.flac,1188,Nature_noise,0,0.7706928264868179,"[0.75,1.00]",588,LibriSpeech:test:Nature_noise:0:2830-3980-0073,test-clean/2830/3980/2830-3980-0073.flac,2830,Nature_noise,0,0.84,"[0.75,1.00]",True,True,True,0.06930717351318205,True,True,True,211,492,491,True,True
581,LibriSpeech:test:Nature_noise:0:1188-133604-0026,test-clean/1188/133604/1188-133604-0026.flac,1188,Nature_noise,0,0.7706928264868179,"[0.75,1.00]",588,LibriSpeech:test:Nature_noise:0:2830-3980-0073,test-clean/2830/3980/2830-3980-0073.flac,2830,Nature_noise,0,0.84,"[0.75,1.00]",True,True,True,0.06930717351318205,True,True,True,307,492,491,True,True
581,LibriSpeech:test:Nature_noise:0:1188-133604-0026,test-clean/1188/133604/1188-133604-0026.flac,1188,Nature_noise,0,0.7706928264868179,"[0.75,1.00]",588,LibriSpeech:test:Nature_noise:0:2830-3980-0073,test-clean/2830/3980/2830-3980-0073.flac,2830,Nature_noise,0,0.84,"[0.75,1.00]",True,True,True,0.06930717351318205,True,True,True,401,492,491,True,True
581,LibriSpeech:test:Nature_noise:0:1188-133604-0026,test-clean/1188/133604/1188-133604-0026.flac,1188,Nature_noise,0,0.7706928264868179,"[0.75,1.00]",588,LibriSpeech:test:Nature_noise:0:2830-3980-0073,test-clean/2830/3980/2830-3980-0073.flac,2830,Nature_noise,0,0.84,"[0.75,1.00]",True,True,True,0.06930717351318205,True,True,True,503,492,491,True,True
582,LibriSpeech:test:Nature_noise:0:121-127105-0026,test-clean/121/127105/121-127105-0026.flac,121,Nature_noise,0,0.8494623655913979,"[0.75,1.00]",588,LibriSpeech:test:Nature_noise:0:2830-3980-0073,test-clean/2830/3980/2830-3980-0073.flac,2830,Nature_noise,0,0.84,"[0.75,1.00]",True,True,True,0.009462365591397903,True,True,True,101,492,491,True,True
582,LibriSpeech:test:Nature_noise:0:121-127105-0026,test-clean/121/127105/121-127105-0026.flac,121,Nature_noise,0,0.8494623655913979,"[0.75,1.00]",588,LibriSpeech:test:Nature_noise:0:2830-3980-0073,test-clean/2830/3980/2830-3980-0073.flac,2830,Nature_noise,0,0.84,"[0.75,1.00]",True,True,True,0.009462365591397903,True,True,True,211,492,491,True,True
582,LibriSpeech:test:Nature_noise:0:121-127105-0026,test-clean/121/127105/121-127105-0026.flac,121,Nature_noise,0,0.8494623655913979,"[0.75,1.00]",588,LibriSpeech:test:Nature_noise:0:2830-3980-0073,test-clean/2830/3980/2830-3980-0073.flac,2830,Nature_noise,0,0.84,"[0.75,1.00]",True,True,True,0.009462365591397903,True,True,True,307,492,491,True,True
582,LibriSpeech:test:Nature_noise:0:121-127105-0026,test-clean/121/127105/121-127105-0026.flac,121,Nature_noise,0,0.8494623655913979,"[0.75,1.00]",588,LibriSpeech:test:Nature_noise:0:2830-3980-0073,test-clean/2830/3980/2830-3980-0073.flac,2830,Nature_noise,0,0.84,"[0.75,1.00]",True,True,True,0.009462365591397903,True,True,True,401,492,491,True,True
582,LibriSpeech:test:Nature_noise:0:121-127105-0026,test-clean/121/127105/121-127105-0026.flac,121,Nature_noise,0,0.8494623655913979,"[0.75,1.00]",588,LibriSpeech:test:Nature_noise:0:2830-3980-0073,test-clean/2830/3980/2830-3980-0073.flac,2830,Nature_noise,0,0.84,"[0.75,1.00]",True,True,True,0.009462365591397903,True,True,True,503,492,491,True,True
583,LibriSpeech:test:Nature_noise:0:1320-122617-0018,test-clean/1320/122617/1320-122617-0018.flac,1320,Clean,clean,0.8809523809523809,"[0.75,1.00]",731,LibriSpeech:test:Office_noise:0:2300-131720-0018,test-clean/2300/131720/2300-131720-0018.flac,2300,Clean,clean,0.8808705612829324,"[0.75,1.00]",True,True,True,8.181966944853514e-05,True,True,True,101,492,491,True,True
583,LibriSpeech:test:Nature_noise:0:1320-122617-0018,test-clean/1320/122617/1320-122617-0018.flac,1320,Clean,clean,0.8809523809523809,"[0.75,1.00]",731,LibriSpeech:test:Office_noise:0:2300-131720-0018,test-clean/2300/131720/2300-131720-0018.flac,2300,Clean,clean,0.8808705612829324,"[0.75,1.00]",True,True,True,8.181966944853514e-05,True,True,True,211,492,491,True,True
583,LibriSpeech:test:Nature_noise:0:1320-122617-0018,test-clean/1320/122617/1320-122617-0018.flac,1320,Clean,clean,0.8809523809523809,"[0.75,1.00]",731,LibriSpeech:test:Office_noise:0:2300-131720-0018,test-clean/2300/131720/2300-131720-0018.flac,2300,Clean,clean,0.8808705612829324,"[0.75,1.00]",True,True,True,8.181966944853514e-05,True,True,True,307,492,491,True,True
583,LibriSpeech:test:Nature_noise:0:1320-122617-0018,test-clean/1320/122617/1320-122617-0018.flac,1320,Clean,clean,0.8809523809523809,"[0.75,1.00]",731,LibriSpeech:test:Office_noise:0:2300-131720-0018,test-clean/2300/131720/2300-131720-0018.flac,2300,Clean,clean,0.8808705612829324,"[0.75,1.00]",True,True,True,8.181966944853514e-05,True,True,True,401,492,491,True,True
583,LibriSpeech:test:Nature_noise:0:1320-122617-0018,test-clean/1320/122617/1320-122617-0018.flac,1320,Clean,clean,0.8809523809523809,"[0.75,1.00]",731,LibriSpeech:test:Office_noise:0:2300-131720-0018,test-clean/2300/131720/2300-131720-0018.flac,2300,Clean,clean,0.8808705612829324,"[0.75,1.00]",True,True,True,8.181966944853514e-05,True,True,True,503,492,491,True,True
584,LibriSpeech:test:Nature_noise:0:1320-122617-0018,test-clean/1320/122617/1320-122617-0018.flac,1320,Nature_noise,0,0.8809523809523809,"[0.75,1.00]",582,LibriSpeech:test:Nature_noise:0:121-127105-0026,test-clean/121/127105/121-127105-0026.flac,121,Nature_noise,0,0.8494623655913979,"[0.75,1.00]",True,True,True,0.03149001536098306,True,True,True,101,492,491,True,True
584,LibriSpeech:test:Nature_noise:0:1320-122617-0018,test-clean/1320/122617/1320-122617-0018.flac,1320,Nature_noise,0,0.8809523809523809,"[0.75,1.00]",582,LibriSpeech:test:Nature_noise:0:121-127105-0026,test-clean/121/127105/121-127105-0026.flac,121,Nature_noise,0,0.8494623655913979,"[0.75,1.00]",True,True,True,0.03149001536098306,True,True,True,211,492,491,True,True
584,LibriSpeech:test:Nature_noise:0:1320-122617-0018,test-clean/1320/122617/1320-122617-0018.flac,1320,Nature_noise,0,0.8809523809523809,"[0.75,1.00]",582,LibriSpeech:test:Nature_noise:0:121-127105-0026,test-clean/121/127105/121-127105-0026.flac,121,Nature_noise,0,0.8494623655913979,"[0.75,1.00]",True,True,True,0.03149001536098306,True,True,True,307,492,491,True,True
584,LibriSpeech:test:Nature_noise:0:1320-122617-0018,test-clean/1320/122617/1320-122617-0018.flac,1320,Nature_noise,0,0.8809523809523809,"[0.75,1.00]",582,LibriSpeech:test:Nature_noise:0:121-127105-0026,test-clean/121/127105/121-127105-0026.flac,121,Nature_noise,0,0.8494623655913979,"[0.75,1.00]",True,True,True,0.03149001536098306,True,True,True,401,492,491,True,True
584,LibriSpeech:test:Nature_noise:0:1320-122617-0018,test-clean/1320/122617/1320-122617-0018.flac,1320,Nature_noise,0,0.8809523809523809,"[0.75,1.00]",582,LibriSpeech:test:Nature_noise:0:121-127105-0026,test-clean/121/127105/121-127105-0026.flac,121,Nature_noise,0,0.8494623655913979,"[0.75,1.00]",True,True,True,0.03149001536098306,True,True,True,503,492,491,True,True
587,LibriSpeech:test:Nature_noise:0:2830-3980-0053,test-clean/2830/3980/2830-3980-0053.flac,2830,Nature_noise,0,0.6583333333333333,"[0.50,0.75)",581,LibriSpeech:test:Nature_noise:0:1188-133604-0026,test-clean/1188/133604/1188-133604-0026.flac,1188,Nature_noise,0,0.7706928264868179,"[0.75,1.00]",True,True,False,0.11235949315348459,True,True,True,101,492,491,True,True
587,LibriSpeech:test:Nature_noise:0:2830-3980-0053,test-clean/2830/3980/2830-3980-0053.flac,2830,Nature_noise,0,0.6583333333333333,"[0.50,0.75)",581,LibriSpeech:test:Nature_noise:0:1188-133604-0026,test-clean/1188/133604/1188-133604-0026.flac,1188,Nature_noise,0,0.7706928264868179,"[0.75,1.00]",True,True,False,0.11235949315348459,True,True,True,211,492,491,True,True
587,LibriSpeech:test:Nature_noise:0:2830-3980-0053,test-clean/2830/3980/2830-3980-0053.flac,2830,Nature_noise,0,0.6583333333333333,"[0.50,0.75)",581,LibriSpeech:test:Nature_noise:0:1188-133604-0026,test-clean/1188/133604/1188-133604-0026.flac,1188,Nature_noise,0,0.7706928264868179,"[0.75,1.00]",True,True,False,0.11235949315348459,True,True,True,307,492,491,True,True
587,LibriSpeech:test:Nature_noise:0:2830-3980-0053,test-clean/2830/3980/2830-3980-0053.flac,2830,Nature_noise,0,0.6583333333333333,"[0.50,0.75)",581,LibriSpeech:test:Nature_noise:0:1188-133604-0026,test-clean/1188/133604/1188-133604-0026.flac,1188,Nature_noise,0,0.7706928264868179,"[0.75,1.00]",True,True,False,0.11235949315348459,True,True,True,401,492,491,True,True
587,LibriSpeech:test:Nature_noise:0:2830-3980-0053,test-clean/2830/3980/2830-3980-0053.flac,2830,Nature_noise,0,0.6583333333333333,"[0.50,0.75)",581,LibriSpeech:test:Nature_noise:0:1188-133604-0026,test-clean/1188/133604/1188-133604-0026.flac,1188,Nature_noise,0,0.7706928264868179,"[0.75,1.00]",True,True,False,0.11235949315348459,True,True,True,503,492,491,True,True
588,LibriSpeech:test:Nature_noise:0:2830-3980-0073,test-clean/2830/3980/2830-3980-0073.flac,2830,Nature_noise,0,0.84,"[0.75,1.00]",582,LibriSpeech:test:Nature_noise:0:121-127105-0026,test-clean/121/127105/121-127105-0026.flac,121,Nature_noise,0,0.8494623655913979,"[0.75,1.00]",True,True,True,0.009462365591397903,True,True,True,101,492,491,True,True
588,LibriSpeech:test:Nature_noise:0:2830-3980-0073,test-clean/2830/3980/2830-3980-0073.flac,2830,Nature_noise,0,0.84,"[0.75,1.00]",582,LibriSpeech:test:Nature_noise:0:121-127105-0026,test-clean/121/127105/121-127105-0026.flac,121,Nature_noise,0,0.8494623655913979,"[0.75,1.00]",True,True,True,0.009462365591397903,True,True,True,211,492,491,True,True
588,LibriSpeech:test:Nature_noise:0:2830-3980-0073,test-clean/2830/3980/2830-3980-0073.flac,2830,Nature_noise,0,0.84,"[0.75,1.00]",582,LibriSpeech:test:Nature_noise:0:121-127105-0026,test-clean/121/127105/121-127105-0026.flac,121,Nature_noise,0,0.8494623655913979,"[0.75,1.00]",True,True,True,0.009462365591397903,True,True,True,307,492,491,True,True
588,LibriSpeech:test:Nature_noise:0:2830-3980-0073,test-clean/2830/3980/2830-3980-0073.flac,2830,Nature_noise,0,0.84,"[0.75,1.00]",582,LibriSpeech:test:Nature_noise:0:121-127105-0026,test-clean/121/127105/121-127105-0026.flac,121,Nature_noise,0,0.8494623655913979,"[0.75,1.00]",True,True,True,0.009462365591397903,True,True,True,401,492,491,True,True
588,LibriSpeech:test:Nature_noise:0:2830-3980-0073,test-clean/2830/3980/2830-3980-0073.flac,2830,Nature_noise,0,0.84,"[0.75,1.00]",582,LibriSpeech:test:Nature_noise:0:121-127105-0026,test-clean/121/127105/121-127105-0026.flac,121,Nature_noise,0,0.8494623655913979,"[0.75,1.00]",True,True,True,0.009462365591397903,True,True,True,503,492,491,True,True
605,LibriSpeech:test:Nature_noise:0:7176-92135-0003,test-clean/7176/92135/7176-92135-0003.flac,7176,Nature_noise,0,0.0,"[0,0.25)",587,LibriSpeech:test:Nature_noise:0:2830-3980-0053,test-clean/2830/3980/2830-3980-0053.flac,2830,Nature_noise,0,0.6583333333333333,"[0.50,0.75)",True,True,False,0.6583333333333333,True,True,True,101,492,491,True,True
605,LibriSpeech:test:Nature_noise:0:7176-92135-0003,test-clean/7176/92135/7176-92135-0003.flac,7176,Nature_noise,0,0.0,"[0,0.25)",587,LibriSpeech:test:Nature_noise:0:2830-3980-0053,test-clean/2830/3980/2830-3980-0053.flac,2830,Nature_noise,0,0.6583333333333333,"[0.50,0.75)",True,True,False,0.6583333333333333,True,True,True,211,492,491,True,True
605,LibriSpeech:test:Nature_noise:0:7176-92135-0003,test-clean/7176/92135/7176-92135-0003.flac,7176,Nature_noise,0,0.0,"[0,0.25)",587,LibriSpeech:test:Nature_noise:0:2830-3980-0053,test-clean/2830/3980/2830-3980-0053.flac,2830,Nature_noise,0,0.6583333333333333,"[0.50,0.75)",True,True,False,0.6583333333333333,True,True,True,307,492,491,True,True
605,LibriSpeech:test:Nature_noise:0:7176-92135-0003,test-clean/7176/92135/7176-92135-0003.flac,7176,Nature_noise,0,0.0,"[0,0.25)",587,LibriSpeech:test:Nature_noise:0:2830-3980-0053,test-clean/2830/3980/2830-3980-0053.flac,2830,Nature_noise,0,0.6583333333333333,"[0.50,0.75)",True,True,False,0.6583333333333333,True,True,True,401,492,491,True,True
605,LibriSpeech:test:Nature_noise:0:7176-92135-0003,test-clean/7176/92135/7176-92135-0003.flac,7176,Nature_noise,0,0.0,"[0,0.25)",587,LibriSpeech:test:Nature_noise:0:2830-3980-0053,test-clean/2830/3980/2830-3980-0053.flac,2830,Nature_noise,0,0.6583333333333333,"[0.50,0.75)",True,True,False,0.6583333333333333,True,True,True,503,492,491,True,True
606,LibriSpeech:test:Nature_noise:0:8463-287645-0003,test-clean/8463/287645/8463-287645-0003.flac,8463,Clean,clean,0.9486552567237164,"[0.75,1.00]",448,LibriSpeech:test:Domestic_noise:0:7021-85628-0020,test-clean/7021/85628/7021-85628-0020.flac,7021,Clean,clean,0.9393939393939394,"[0.75,1.00]",True,True,True,0.009261317329776975,True,True,True,101,492,491,True,True
606,LibriSpeech:test:Nature_noise:0:8463-287645-0003,test-clean/8463/287645/8463-287645-0003.flac,8463,Clean,clean,0.9486552567237164,"[0.75,1.00]",448,LibriSpeech:test:Domestic_noise:0:7021-85628-0020,test-clean/7021/85628/7021-85628-0020.flac,7021,Clean,clean,0.9393939393939394,"[0.75,1.00]",True,True,True,0.009261317329776975,True,True,True,211,492,491,True,True
606,LibriSpeech:test:Nature_noise:0:8463-287645-0003,test-clean/8463/287645/8463-287645-0003.flac,8463,Clean,clean,0.9486552567237164,"[0.75,1.00]",448,LibriSpeech:test:Domestic_noise:0:7021-85628-0020,test-clean/7021/85628/7021-85628-0020.flac,7021,Clean,clean,0.9393939393939394,"[0.75,1.00]",True,True,True,0.009261317329776975,True,True,True,307,492,491,True,True
606,LibriSpeech:test:Nature_noise:0:8463-287645-0003,test-clean/8463/287645/8463-287645-0003.flac,8463,Clean,clean,0.9486552567237164,"[0.75,1.00]",448,LibriSpeech:test:Domestic_noise:0:7021-85628-0020,test-clean/7021/85628/7021-85628-0020.flac,7021,Clean,clean,0.9393939393939394,"[0.75,1.00]",True,True,True,0.009261317329776975,True,True,True,401,492,491,True,True
606,LibriSpeech:test:Nature_noise:0:8463-287645-0003,test-clean/8463/287645/8463-287645-0003.flac,8463,Clean,clean,0.9486552567237164,"[0.75,1.00]",448,LibriSpeech:test:Domestic_noise:0:7021-85628-0020,test-clean/7021/85628/7021-85628-0020.flac,7021,Clean,clean,0.9393939393939394,"[0.75,1.00]",True,True,True,0.009261317329776975,True,True,True,503,492,491,True,True
607,LibriSpeech:test:Nature_noise:0:8463-287645-0003,test-clean/8463/287645/8463-287645-0003.flac,8463,Nature_noise,0,0.9486552567237164,"[0.75,1.00]",584,LibriSpeech:test:Nature_noise:0:1320-122617-0018,test-clean/1320/122617/1320-122617-0018.flac,1320,Nature_noise,0,0.8809523809523809,"[0.75,1.00]",True,True,True,0.06770287577133549,True,True,True,101,492,491,True,True
607,LibriSpeech:test:Nature_noise:0:8463-287645-0003,test-clean/8463/287645/8463-287645-0003.flac,8463,Nature_noise,0,0.9486552567237164,"[0.75,1.00]",584,LibriSpeech:test:Nature_noise:0:1320-122617-0018,test-clean/1320/122617/1320-122617-0018.flac,1320,Nature_noise,0,0.8809523809523809,"[0.75,1.00]",True,True,True,0.06770287577133549,True,True,True,211,492,491,True,True
607,LibriSpeech:test:Nature_noise:0:8463-287645-0003,test-clean/8463/287645/8463-287645-0003.flac,8463,Nature_noise,0,0.9486552567237164,"[0.75,1.00]",584,LibriSpeech:test:Nature_noise:0:1320-122617-0018,test-clean/1320/122617/1320-122617-0018.flac,1320,Nature_noise,0,0.8809523809523809,"[0.75,1.00]",True,True,True,0.06770287577133549,True,True,True,307,492,491,True,True
607,LibriSpeech:test:Nature_noise:0:8463-287645-0003,test-clean/8463/287645/8463-287645-0003.flac,8463,Nature_noise,0,0.9486552567237164,"[0.75,1.00]",584,LibriSpeech:test:Nature_noise:0:1320-122617-0018,test-clean/1320/122617/1320-122617-0018.flac,1320,Nature_noise,0,0.8809523809523809,"[0.75,1.00]",True,True,True,0.06770287577133549,True,True,True,401,492,491,True,True
607,LibriSpeech:test:Nature_noise:0:8463-287645-0003,test-clean/8463/287645/8463-287645-0003.flac,8463,Nature_noise,0,0.9486552567237164,"[0.75,1.00]",584,LibriSpeech:test:Nature_noise:0:1320-122617-0018,test-clean/1320/122617/1320-122617-0018.flac,1320,Nature_noise,0,0.8809523809523809,"[0.75,1.00]",True,True,True,0.06770287577133549,True,True,True,503,492,491,True,True
608,LibriSpeech:test:Nature_noise:5:121-127105-0036,test-clean/121/127105/121-127105-0036.flac,121,Nature_noise,5,0.0,"[0,0.25)",614,LibriSpeech:test:Nature_noise:5:237-126133-0016,test-clean/237/126133/237-126133-0016.flac,237,Nature_noise,5,0.0,"[0,0.25)",True,True,True,0.0,True,True,True,101,492,491,True,True
608,LibriSpeech:test:Nature_noise:5:121-127105-0036,test-clean/121/127105/121-127105-0036.flac,121,Nature_noise,5,0.0,"[0,0.25)",614,LibriSpeech:test:Nature_noise:5:237-126133-0016,test-clean/237/126133/237-126133-0016.flac,237,Nature_noise,5,0.0,"[0,0.25)",True,True,True,0.0,True,True,True,211,492,491,True,True
608,LibriSpeech:test:Nature_noise:5:121-127105-0036,test-clean/121/127105/121-127105-0036.flac,121,Nature_noise,5,0.0,"[0,0.25)",614,LibriSpeech:test:Nature_noise:5:237-126133-0016,test-clean/237/126133/237-126133-0016.flac,237,Nature_noise,5,0.0,"[0,0.25)",True,True,True,0.0,True,True,True,307,492,491,True,True
608,LibriSpeech:test:Nature_noise:5:121-127105-0036,test-clean/121/127105/121-127105-0036.flac,121,Nature_noise,5,0.0,"[0,0.25)",614,LibriSpeech:test:Nature_noise:5:237-126133-0016,test-clean/237/126133/237-126133-0016.flac,237,Nature_noise,5,0.0,"[0,0.25)",True,True,True,0.0,True,True,True,401,492,491,True,True
608,LibriSpeech:test:Nature_noise:5:121-127105-0036,test-clean/121/127105/121-127105-0036.flac,121,Nature_noise,5,0.0,"[0,0.25)",614,LibriSpeech:test:Nature_noise:5:237-126133-0016,test-clean/237/126133/237-126133-0016.flac,237,Nature_noise,5,0.0,"[0,0.25)",True,True,True,0.0,True,True,True,503,492,491,True,True
610,LibriSpeech:test:Nature_noise:5:1320-122617-0008,test-clean/1320/122617/1320-122617-0008.flac,1320,Nature_noise,5,0.7837837837837838,"[0.75,1.00]",613,LibriSpeech:test:Nature_noise:5:2094-142345-0059,test-clean/2094/142345/2094-142345-0059.flac,2094,Nature_noise,5,0.8032258064516129,"[0.75,1.00]",True,True,True,0.01944202266782913,True,True,True,101,492,491,True,True
610,LibriSpeech:test:Nature_noise:5:1320-122617-0008,test-clean/1320/122617/1320-122617-0008.flac,1320,Nature_noise,5,0.7837837837837838,"[0.75,1.00]",613,LibriSpeech:test:Nature_noise:5:2094-142345-0059,test-clean/2094/142345/2094-142345-0059.flac,2094,Nature_noise,5,0.8032258064516129,"[0.75,1.00]",True,True,True,0.01944202266782913,True,True,True,211,492,491,True,True
610,LibriSpeech:test:Nature_noise:5:1320-122617-0008,test-clean/1320/122617/1320-122617-0008.flac,1320,Nature_noise,5,0.7837837837837838,"[0.75,1.00]",613,LibriSpeech:test:Nature_noise:5:2094-142345-0059,test-clean/2094/142345/2094-142345-0059.flac,2094,Nature_noise,5,0.8032258064516129,"[0.75,1.00]",True,True,True,0.01944202266782913,True,True,True,307,492,491,True,True
610,LibriSpeech:test:Nature_noise:5:1320-122617-0008,test-clean/1320/122617/1320-122617-0008.flac,1320,Nature_noise,5,0.7837837837837838,"[0.75,1.00]",613,LibriSpeech:test:Nature_noise:5:2094-142345-0059,test-clean/2094/142345/2094-142345-0059.flac,2094,Nature_noise,5,0.8032258064516129,"[0.75,1.00]",True,True,True,0.01944202266782913,True,True,True,401,492,491,True,True
610,LibriSpeech:test:Nature_noise:5:1320-122617-0008,test-clean/1320/122617/1320-122617-0008.flac,1320,Nature_noise,5,0.7837837837837838,"[0.75,1.00]",613,LibriSpeech:test:Nature_noise:5:2094-142345-0059,test-clean/2094/142345/2094-142345-0059.flac,2094,Nature_noise,5,0.8032258064516129,"[0.75,1.00]",True,True,True,0.01944202266782913,True,True,True,503,492,491,True,True
611,LibriSpeech:test:Nature_noise:5:1995-1836-0014,test-clean/1995/1836/1995-1836-0014.flac,1995,Nature_noise,5,0.9636711281070746,"[0.75,1.00]",630,LibriSpeech:test:Nature_noise:5:7729-102255-0007,test-clean/7729/102255/7729-102255-0007.flac,7729,Nature_noise,5,0.8704663212435233,"[0.75,1.00]",True,True,True,0.09320480686355126,True,True,True,101,492,491,True,True
611,LibriSpeech:test:Nature_noise:5:1995-1836-0014,test-clean/1995/1836/1995-1836-0014.flac,1995,Nature_noise,5,0.9636711281070746,"[0.75,1.00]",630,LibriSpeech:test:Nature_noise:5:7729-102255-0007,test-clean/7729/102255/7729-102255-0007.flac,7729,Nature_noise,5,0.8704663212435233,"[0.75,1.00]",True,True,True,0.09320480686355126,True,True,True,211,492,491,True,True
611,LibriSpeech:test:Nature_noise:5:1995-1836-0014,test-clean/1995/1836/1995-1836-0014.flac,1995,Nature_noise,5,0.9636711281070746,"[0.75,1.00]",630,LibriSpeech:test:Nature_noise:5:7729-102255-0007,test-clean/7729/102255/7729-102255-0007.flac,7729,Nature_noise,5,0.8704663212435233,"[0.75,1.00]",True,True,True,0.09320480686355126,True,True,True,307,492,491,True,True
611,LibriSpeech:test:Nature_noise:5:1995-1836-0014,test-clean/1995/1836/1995-1836-0014.flac,1995,Nature_noise,5,0.9636711281070746,"[0.75,1.00]",630,LibriSpeech:test:Nature_noise:5:7729-102255-0007,test-clean/7729/102255/7729-102255-0007.flac,7729,Nature_noise,5,0.8704663212435233,"[0.75,1.00]",True,True,True,0.09320480686355126,True,True,True,401,492,491,True,True
611,LibriSpeech:test:Nature_noise:5:1995-1836-0014,test-clean/1995/1836/1995-1836-0014.flac,1995,Nature_noise,5,0.9636711281070746,"[0.75,1.00]",630,LibriSpeech:test:Nature_noise:5:7729-102255-0007,test-clean/7729/102255/7729-102255-0007.flac,7729,Nature_noise,5,0.8704663212435233,"[0.75,1.00]",True,True,True,0.09320480686355126,True,True,True,503,492,491,True,True
612,LibriSpeech:test:Nature_noise:5:2094-142345-0059,test-clean/2094/142345/2094-142345-0059.flac,2094,Clean,clean,0.8032258064516129,"[0.75,1.00]",153,LibriSpeech:test:Babble_noise:15:121-123859-0001,test-clean/121/123859/121-123859-0001.flac,121,Clean,clean,0.7998146431881371,"[0.75,1.00]",True,True,True,0.0034111632634757916,True,True,True,101,492,491,True,True
612,LibriSpeech:test:Nature_noise:5:2094-142345-0059,test-clean/2094/142345/2094-142345-0059.flac,2094,Clean,clean,0.8032258064516129,"[0.75,1.00]",153,LibriSpeech:test:Babble_noise:15:121-123859-0001,test-clean/121/123859/121-123859-0001.flac,121,Clean,clean,0.7998146431881371,"[0.75,1.00]",True,True,True,0.0034111632634757916,True,True,True,211,492,491,True,True
612,LibriSpeech:test:Nature_noise:5:2094-142345-0059,test-clean/2094/142345/2094-142345-0059.flac,2094,Clean,clean,0.8032258064516129,"[0.75,1.00]",153,LibriSpeech:test:Babble_noise:15:121-123859-0001,test-clean/121/123859/121-123859-0001.flac,121,Clean,clean,0.7998146431881371,"[0.75,1.00]",True,True,True,0.0034111632634757916,True,True,True,307,492,491,True,True
612,LibriSpeech:test:Nature_noise:5:2094-142345-0059,test-clean/2094/142345/2094-142345-0059.flac,2094,Clean,clean,0.8032258064516129,"[0.75,1.00]",153,LibriSpeech:test:Babble_noise:15:121-123859-0001,test-clean/121/123859/121-123859-0001.flac,121,Clean,clean,0.7998146431881371,"[0.75,1.00]",True,True,True,0.0034111632634757916,True,True,True,401,492,491,True,True
612,LibriSpeech:test:Nature_noise:5:2094-142345-0059,test-clean/2094/142345/2094-142345-0059.flac,2094,Clean,clean,0.8032258064516129,"[0.75,1.00]",153,LibriSpeech:test:Babble_noise:15:121-123859-0001,test-clean/121/123859/121-123859-0001.flac,121,Clean,clean,0.7998146431881371,"[0.75,1.00]",True,True,True,0.0034111632634757916,True,True,True,503,492,491,True,True
613,LibriSpeech:test:Nature_noise:5:2094-142345-0059,test-clean/2094/142345/2094-142345-0059.flac,2094,Nature_noise,5,0.8032258064516129,"[0.75,1.00]",610,LibriSpeech:test:Nature_noise:5:1320-122617-0008,test-clean/1320/122617/1320-122617-0008.flac,1320,Nature_noise,5,0.7837837837837838,"[0.75,1.00]",True,True,True,0.01944202266782913,True,True,True,101,492,491,True,True
613,LibriSpeech:test:Nature_noise:5:2094-142345-0059,test-clean/2094/142345/2094-142345-0059.flac,2094,Nature_noise,5,0.8032258064516129,"[0.75,1.00]",610,LibriSpeech:test:Nature_noise:5:1320-122617-0008,test-clean/1320/122617/1320-122617-0008.flac,1320,Nature_noise,5,0.7837837837837838,"[0.75,1.00]",True,True,True,0.01944202266782913,True,True,True,211,492,491,True,True
613,LibriSpeech:test:Nature_noise:5:2094-142345-0059,test-clean/2094/142345/2094-142345-0059.flac,2094,Nature_noise,5,0.8032258064516129,"[0.75,1.00]",610,LibriSpeech:test:Nature_noise:5:1320-122617-0008,test-clean/1320/122617/1320-122617-0008.flac,1320,Nature_noise,5,0.7837837837837838,"[0.75,1.00]",True,True,True,0.01944202266782913,True,True,True,307,492,491,True,True
613,LibriSpeech:test:Nature_noise:5:2094-142345-0059,test-clean/2094/142345/2094-142345-0059.flac,2094,Nature_noise,5,0.8032258064516129,"[0.75,1.00]",610,LibriSpeech:test:Nature_noise:5:1320-122617-0008,test-clean/1320/122617/1320-122617-0008.flac,1320,Nature_noise,5,0.7837837837837838,"[0.75,1.00]",True,True,True,0.01944202266782913,True,True,True,401,492,491,True,True
613,LibriSpeech:test:Nature_noise:5:2094-142345-0059,test-clean/2094/142345/2094-142345-0059.flac,2094,Nature_noise,5,0.8032258064516129,"[0.75,1.00]",610,LibriSpeech:test:Nature_noise:5:1320-122617-0008,test-clean/1320/122617/1320-122617-0008.flac,1320,Nature_noise,5,0.7837837837837838,"[0.75,1.00]",True,True,True,0.01944202266782913,True,True,True,503,492,491,True,True
614,LibriSpeech:test:Nature_noise:5:237-126133-0016,test-clean/237/126133/237-126133-0016.flac,237,Nature_noise,5,0.0,"[0,0.25)",608,LibriSpeech:test:Nature_noise:5:121-127105-0036,test-clean/121/127105/121-127105-0036.flac,121,Nature_noise,5,0.0,"[0,0.25)",True,True,True,0.0,True,True,True,101,492,491,True,True
614,LibriSpeech:test:Nature_noise:5:237-126133-0016,test-clean/237/126133/237-126133-0016.flac,237,Nature_noise,5,0.0,"[0,0.25)",608,LibriSpeech:test:Nature_noise:5:121-127105-0036,test-clean/121/127105/121-127105-0036.flac,121,Nature_noise,5,0.0,"[0,0.25)",True,True,True,0.0,True,True,True,211,492,491,True,True
614,LibriSpeech:test:Nature_noise:5:237-126133-0016,test-clean/237/126133/237-126133-0016.flac,237,Nature_noise,5,0.0,"[0,0.25)",608,LibriSpeech:test:Nature_noise:5:121-127105-0036,test-clean/121/127105/121-127105-0036.flac,121,Nature_noise,5,0.0,"[0,0.25)",True,True,True,0.0,True,True,True,307,492,491,True,True
614,LibriSpeech:test:Nature_noise:5:237-126133-0016,test-clean/237/126133/237-126133-0016.flac,237,Nature_noise,5,0.0,"[0,0.25)",608,LibriSpeech:test:Nature_noise:5:121-127105-0036,test-clean/121/127105/121-127105-0036.flac,121,Nature_noise,5,0.0,"[0,0.25)",True,True,True,0.0,True,True,True,401,492,491,True,True
614,LibriSpeech:test:Nature_noise:5:237-126133-0016,test-clean/237/126133/237-126133-0016.flac,237,Nature_noise,5,0.0,"[0,0.25)",608,LibriSpeech:test:Nature_noise:5:121-127105-0036,test-clean/121/127105/121-127105-0036.flac,121,Nature_noise,5,0.0,"[0,0.25)",True,True,True,0.0,True,True,True,503,492,491,True,True
615,LibriSpeech:test:Nature_noise:5:237-134500-0031,test-clean/237/134500/237-134500-0031.flac,237,Nature_noise,5,0.8426470588235294,"[0.75,1.00]",630,LibriSpeech:test:Nature_noise:5:7729-102255-0007,test-clean/7729/102255/7729-102255-0007.flac,7729,Nature_noise,5,0.8704663212435233,"[0.75,1.00]",True,True,True,0.027819262419993884,True,True,True,101,492,491,True,True
615,LibriSpeech:test:Nature_noise:5:237-134500-0031,test-clean/237/134500/237-134500-0031.flac,237,Nature_noise,5,0.8426470588235294,"[0.75,1.00]",630,LibriSpeech:test:Nature_noise:5:7729-102255-0007,test-clean/7729/102255/7729-102255-0007.flac,7729,Nature_noise,5,0.8704663212435233,"[0.75,1.00]",True,True,True,0.027819262419993884,True,True,True,211,492,491,True,True
615,LibriSpeech:test:Nature_noise:5:237-134500-0031,test-clean/237/134500/237-134500-0031.flac,237,Nature_noise,5,0.8426470588235294,"[0.75,1.00]",630,LibriSpeech:test:Nature_noise:5:7729-102255-0007,test-clean/7729/102255/7729-102255-0007.flac,7729,Nature_noise,5,0.8704663212435233,"[0.75,1.00]",True,True,True,0.027819262419993884,True,True,True,307,492,491,True,True
615,LibriSpeech:test:Nature_noise:5:237-134500-0031,test-clean/237/134500/237-134500-0031.flac,237,Nature_noise,5,0.8426470588235294,"[0.75,1.00]",630,LibriSpeech:test:Nature_noise:5:7729-102255-0007,test-clean/7729/102255/7729-102255-0007.flac,7729,Nature_noise,5,0.8704663212435233,"[0.75,1.00]",True,True,True,0.027819262419993884,True,True,True,401,492,491,True,True
615,LibriSpeech:test:Nature_noise:5:237-134500-0031,test-clean/237/134500/237-134500-0031.flac,237,Nature_noise,5,0.8426470588235294,"[0.75,1.00]",630,LibriSpeech:test:Nature_noise:5:7729-102255-0007,test-clean/7729/102255/7729-102255-0007.flac,7729,Nature_noise,5,0.8704663212435233,"[0.75,1.00]",True,True,True,0.027819262419993884,True,True,True,503,492,491,True,True
616,LibriSpeech:test:Nature_noise:5:260-123288-0016,test-clean/260/123288/260-123288-0016.flac,260,Clean,clean,0.5714285714285714,"[0.50,0.75)",6,LibriSpeech:test:Babble_noise:-5:1995-1837-0019,test-clean/1995/1837/1995-1837-0019.flac,1995,Clean,clean,0.5923566878980892,"[0.50,0.75)",True,True,True,0.020928116469517755,True,True,True,101,492,491,True,True
616,LibriSpeech:test:Nature_noise:5:260-123288-0016,test-clean/260/123288/260-123288-0016.flac,260,Clean,clean,0.5714285714285714,"[0.50,0.75)",6,LibriSpeech:test:Babble_noise:-5:1995-1837-0019,test-clean/1995/1837/1995-1837-0019.flac,1995,Clean,clean,0.5923566878980892,"[0.50,0.75)",True,True,True,0.020928116469517755,True,True,True,211,492,491,True,True
616,LibriSpeech:test:Nature_noise:5:260-123288-0016,test-clean/260/123288/260-123288-0016.flac,260,Clean,clean,0.5714285714285714,"[0.50,0.75)",6,LibriSpeech:test:Babble_noise:-5:1995-1837-0019,test-clean/1995/1837/1995-1837-0019.flac,1995,Clean,clean,0.5923566878980892,"[0.50,0.75)",True,True,True,0.020928116469517755,True,True,True,307,492,491,True,True
616,LibriSpeech:test:Nature_noise:5:260-123288-0016,test-clean/260/123288/260-123288-0016.flac,260,Clean,clean,0.5714285714285714,"[0.50,0.75)",6,LibriSpeech:test:Babble_noise:-5:1995-1837-0019,test-clean/1995/1837/1995-1837-0019.flac,1995,Clean,clean,0.5923566878980892,"[0.50,0.75)",True,True,True,0.020928116469517755,True,True,True,401,492,491,True,True
616,LibriSpeech:test:Nature_noise:5:260-123288-0016,test-clean/260/123288/260-123288-0016.flac,260,Clean,clean,0.5714285714285714,"[0.50,0.75)",6,LibriSpeech:test:Babble_noise:-5:1995-1837-0019,test-clean/1995/1837/1995-1837-0019.flac,1995,Clean,clean,0.5923566878980892,"[0.50,0.75)",True,True,True,0.020928116469517755,True,True,True,503,492,491,True,True
617,LibriSpeech:test:Nature_noise:5:260-123288-0016,test-clean/260/123288/260-123288-0016.flac,260,Nature_noise,5,0.5714285714285714,"[0.50,0.75)",618,LibriSpeech:test:Nature_noise:5:2830-3980-0053,test-clean/2830/3980/2830-3980-0053.flac,2830,Nature_noise,5,0.6583333333333333,"[0.50,0.75)",True,True,True,0.08690476190476193,True,True,True,101,492,491,True,True
617,LibriSpeech:test:Nature_noise:5:260-123288-0016,test-clean/260/123288/260-123288-0016.flac,260,Nature_noise,5,0.5714285714285714,"[0.50,0.75)",618,LibriSpeech:test:Nature_noise:5:2830-3980-0053,test-clean/2830/3980/2830-3980-0053.flac,2830,Nature_noise,5,0.6583333333333333,"[0.50,0.75)",True,True,True,0.08690476190476193,True,True,True,211,492,491,True,True
617,LibriSpeech:test:Nature_noise:5:260-123288-0016,test-clean/260/123288/260-123288-0016.flac,260,Nature_noise,5,0.5714285714285714,"[0.50,0.75)",618,LibriSpeech:test:Nature_noise:5:2830-3980-0053,test-clean/2830/3980/2830-3980-0053.flac,2830,Nature_noise,5,0.6583333333333333,"[0.50,0.75)",True,True,True,0.08690476190476193,True,True,True,307,492,491,True,True
617,LibriSpeech:test:Nature_noise:5:260-123288-0016,test-clean/260/123288/260-123288-0016.flac,260,Nature_noise,5,0.5714285714285714,"[0.50,0.75)",618,LibriSpeech:test:Nature_noise:5:2830-3980-0053,test-clean/2830/3980/2830-3980-0053.flac,2830,Nature_noise,5,0.6583333333333333,"[0.50,0.75)",True,True,True,0.08690476190476193,True,True,True,401,492,491,True,True
617,LibriSpeech:test:Nature_noise:5:260-123288-0016,test-clean/260/123288/260-123288-0016.flac,260,Nature_noise,5,0.5714285714285714,"[0.50,0.75)",618,LibriSpeech:test:Nature_noise:5:2830-3980-0053,test-clean/2830/3980/2830-3980-0053.flac,2830,Nature_noise,5,0.6583333333333333,"[0.50,0.75)",True,True,True,0.08690476190476193,True,True,True,503,492,491,True,True
618,LibriSpeech:test:Nature_noise:5:2830-3980-0053,test-clean/2830/3980/2830-3980-0053.flac,2830,Nature_noise,5,0.6583333333333333,"[0.50,0.75)",617,LibriSpeech:test:Nature_noise:5:260-123288-0016,test-clean/260/123288/260-123288-0016.flac,260,Nature_noise,5,0.5714285714285714,"[0.50,0.75)",True,True,True,0.08690476190476193,True,True,True,101,492,491,True,True
618,LibriSpeech:test:Nature_noise:5:2830-3980-0053,test-clean/2830/3980/2830-3980-0053.flac,2830,Nature_noise,5,0.6583333333333333,"[0.50,0.75)",617,LibriSpeech:test:Nature_noise:5:260-123288-0016,test-clean/260/123288/260-123288-0016.flac,260,Nature_noise,5,0.5714285714285714,"[0.50,0.75)",True,True,True,0.08690476190476193,True,True,True,211,492,491,True,True
618,LibriSpeech:test:Nature_noise:5:2830-3980-0053,test-clean/2830/3980/2830-3980-0053.flac,2830,Nature_noise,5,0.6583333333333333,"[0.50,0.75)",617,LibriSpeech:test:Nature_noise:5:260-123288-0016,test-clean/260/123288/260-123288-0016.flac,260,Nature_noise,5,0.5714285714285714,"[0.50,0.75)",True,True,True,0.08690476190476193,True,True,True,307,492,491,True,True
618,LibriSpeech:test:Nature_noise:5:2830-3980-0053,test-clean/2830/3980/2830-3980-0053.flac,2830,Nature_noise,5,0.6583333333333333,"[0.50,0.75)",617,LibriSpeech:test:Nature_noise:5:260-123288-0016,test-clean/260/123288/260-123288-0016.flac,260,Nature_noise,5,0.5714285714285714,"[0.50,0.75)",True,True,True,0.08690476190476193,True,True,True,401,492,491,True,True
618,LibriSpeech:test:Nature_noise:5:2830-3980-0053,test-clean/2830/3980/2830-3980-0053.flac,2830,Nature_noise,5,0.6583333333333333,"[0.50,0.75)",617,LibriSpeech:test:Nature_noise:5:260-123288-0016,test-clean/260/123288/260-123288-0016.flac,260,Nature_noise,5,0.5714285714285714,"[0.50,0.75)",True,True,True,0.08690476190476193,True,True,True,503,492,491,True,True
630,LibriSpeech:test:Nature_noise:5:7729-102255-0007,test-clean/7729/102255/7729-102255-0007.flac,7729,Nature_noise,5,0.8704663212435233,"[0.75,1.00]",615,LibriSpeech:test:Nature_noise:5:237-134500-0031,test-clean/237/134500/237-134500-0031.flac,237,Nature_noise,5,0.8426470588235294,"[0.75,1.00]",True,True,True,0.027819262419993884,True,True,True,101,492,491,True,True
630,LibriSpeech:test:Nature_noise:5:7729-102255-0007,test-clean/7729/102255/7729-102255-0007.flac,7729,Nature_noise,5,0.8704663212435233,"[0.75,1.00]",615,LibriSpeech:test:Nature_noise:5:237-134500-0031,test-clean/237/134500/237-134500-0031.flac,237,Nature_noise,5,0.8426470588235294,"[0.75,1.00]",True,True,True,0.027819262419993884,True,True,True,211,492,491,True,True
630,LibriSpeech:test:Nature_noise:5:7729-102255-0007,test-clean/7729/102255/7729-102255-0007.flac,7729,Nature_noise,5,0.8704663212435233,"[0.75,1.00]",615,LibriSpeech:test:Nature_noise:5:237-134500-0031,test-clean/237/134500/237-134500-0031.flac,237,Nature_noise,5,0.8426470588235294,"[0.75,1.00]",True,True,True,0.027819262419993884,True,True,True,307,492,491,True,True
630,LibriSpeech:test:Nature_noise:5:7729-102255-0007,test-clean/7729/102255/7729-102255-0007.flac,7729,Nature_noise,5,0.8704663212435233,"[0.75,1.00]",615,LibriSpeech:test:Nature_noise:5:237-134500-0031,test-clean/237/134500/237-134500-0031.flac,237,Nature_noise,5,0.8426470588235294,"[0.75,1.00]",True,True,True,0.027819262419993884,True,True,True,401,492,491,True,True
630,LibriSpeech:test:Nature_noise:5:7729-102255-0007,test-clean/7729/102255/7729-102255-0007.flac,7729,Nature_noise,5,0.8704663212435233,"[0.75,1.00]",615,LibriSpeech:test:Nature_noise:5:237-134500-0031,test-clean/237/134500/237-134500-0031.flac,237,Nature_noise,5,0.8426470588235294,"[0.75,1.00]",True,True,True,0.027819262419993884,True,True,True,503,492,491,True,True
633,LibriSpeech:test:Nature_noise:10:1320-122617-0008,test-clean/1320/122617/1320-122617-0008.flac,1320,Nature_noise,10,0.7837837837837838,"[0.75,1.00]",654,LibriSpeech:test:Nature_noise:10:908-31957-0006,test-clean/908/31957/908-31957-0006.flac,908,Nature_noise,10,0.7788461538461539,"[0.75,1.00]",True,True,True,0.004937629937629917,True,True,True,101,492,491,True,True
633,LibriSpeech:test:Nature_noise:10:1320-122617-0008,test-clean/1320/122617/1320-122617-0008.flac,1320,Nature_noise,10,0.7837837837837838,"[0.75,1.00]",654,LibriSpeech:test:Nature_noise:10:908-31957-0006,test-clean/908/31957/908-31957-0006.flac,908,Nature_noise,10,0.7788461538461539,"[0.75,1.00]",True,True,True,0.004937629937629917,True,True,True,211,492,491,True,True
633,LibriSpeech:test:Nature_noise:10:1320-122617-0008,test-clean/1320/122617/1320-122617-0008.flac,1320,Nature_noise,10,0.7837837837837838,"[0.75,1.00]",654,LibriSpeech:test:Nature_noise:10:908-31957-0006,test-clean/908/31957/908-31957-0006.flac,908,Nature_noise,10,0.7788461538461539,"[0.75,1.00]",True,True,True,0.004937629937629917,True,True,True,307,492,491,True,True
633,LibriSpeech:test:Nature_noise:10:1320-122617-0008,test-clean/1320/122617/1320-122617-0008.flac,1320,Nature_noise,10,0.7837837837837838,"[0.75,1.00]",654,LibriSpeech:test:Nature_noise:10:908-31957-0006,test-clean/908/31957/908-31957-0006.flac,908,Nature_noise,10,0.7788461538461539,"[0.75,1.00]",True,True,True,0.004937629937629917,True,True,True,401,492,491,True,True
633,LibriSpeech:test:Nature_noise:10:1320-122617-0008,test-clean/1320/122617/1320-122617-0008.flac,1320,Nature_noise,10,0.7837837837837838,"[0.75,1.00]",654,LibriSpeech:test:Nature_noise:10:908-31957-0006,test-clean/908/31957/908-31957-0006.flac,908,Nature_noise,10,0.7788461538461539,"[0.75,1.00]",True,True,True,0.004937629937629917,True,True,True,503,492,491,True,True
634,LibriSpeech:test:Nature_noise:10:2094-142345-0029,test-clean/2094/142345/2094-142345-0029.flac,2094,Nature_noise,10,0.7494692144373672,"[0.50,0.75)",638,LibriSpeech:test:Nature_noise:10:2830-3980-0063,test-clean/2830/3980/2830-3980-0063.flac,2830,Nature_noise,10,0.7,"[0.50,0.75)",True,True,True,0.04946921443736729,True,True,True,101,492,491,True,True
634,LibriSpeech:test:Nature_noise:10:2094-142345-0029,test-clean/2094/142345/2094-142345-0029.flac,2094,Nature_noise,10,0.7494692144373672,"[0.50,0.75)",638,LibriSpeech:test:Nature_noise:10:2830-3980-0063,test-clean/2830/3980/2830-3980-0063.flac,2830,Nature_noise,10,0.7,"[0.50,0.75)",True,True,True,0.04946921443736729,True,True,True,211,492,491,True,True
634,LibriSpeech:test:Nature_noise:10:2094-142345-0029,test-clean/2094/142345/2094-142345-0029.flac,2094,Nature_noise,10,0.7494692144373672,"[0.50,0.75)",638,LibriSpeech:test:Nature_noise:10:2830-3980-0063,test-clean/2830/3980/2830-3980-0063.flac,2830,Nature_noise,10,0.7,"[0.50,0.75)",True,True,True,0.04946921443736729,True,True,True,307,492,491,True,True
634,LibriSpeech:test:Nature_noise:10:2094-142345-0029,test-clean/2094/142345/2094-142345-0029.flac,2094,Nature_noise,10,0.7494692144373672,"[0.50,0.75)",638,LibriSpeech:test:Nature_noise:10:2830-3980-0063,test-clean/2830/3980/2830-3980-0063.flac,2830,Nature_noise,10,0.7,"[0.50,0.75)",True,True,True,0.04946921443736729,True,True,True,401,492,491,True,True
634,LibriSpeech:test:Nature_noise:10:2094-142345-0029,test-clean/2094/142345/2094-142345-0029.flac,2094,Nature_noise,10,0.7494692144373672,"[0.50,0.75)",638,LibriSpeech:test:Nature_noise:10:2830-3980-0063,test-clean/2830/3980/2830-3980-0063.flac,2830,Nature_noise,10,0.7,"[0.50,0.75)",True,True,True,0.04946921443736729,True,True,True,503,492,491,True,True
635,LibriSpeech:test:Nature_noise:10:237-134500-0041,test-clean/237/134500/237-134500-0041.flac,237,Nature_noise,10,0.7573385518590998,"[0.75,1.00]",654,LibriSpeech:test:Nature_noise:10:908-31957-0006,test-clean/908/31957/908-31957-0006.flac,908,Nature_noise,10,0.7788461538461539,"[0.75,1.00]",True,True,True,0.021507601987054037,True,True,True,101,492,491,True,True
635,LibriSpeech:test:Nature_noise:10:237-134500-0041,test-clean/237/134500/237-134500-0041.flac,237,Nature_noise,10,0.7573385518590998,"[0.75,1.00]",654,LibriSpeech:test:Nature_noise:10:908-31957-0006,test-clean/908/31957/908-31957-0006.flac,908,Nature_noise,10,0.7788461538461539,"[0.75,1.00]",True,True,True,0.021507601987054037,True,True,True,211,492,491,True,True
635,LibriSpeech:test:Nature_noise:10:237-134500-0041,test-clean/237/134500/237-134500-0041.flac,237,Nature_noise,10,0.7573385518590998,"[0.75,1.00]",654,LibriSpeech:test:Nature_noise:10:908-31957-0006,test-clean/908/31957/908-31957-0006.flac,908,Nature_noise,10,0.7788461538461539,"[0.75,1.00]",True,True,True,0.021507601987054037,True,True,True,307,492,491,True,True
635,LibriSpeech:test:Nature_noise:10:237-134500-0041,test-clean/237/134500/237-134500-0041.flac,237,Nature_noise,10,0.7573385518590998,"[0.75,1.00]",654,LibriSpeech:test:Nature_noise:10:908-31957-0006,test-clean/908/31957/908-31957-0006.flac,908,Nature_noise,10,0.7788461538461539,"[0.75,1.00]",True,True,True,0.021507601987054037,True,True,True,401,492,491,True,True
635,LibriSpeech:test:Nature_noise:10:237-134500-0041,test-clean/237/134500/237-134500-0041.flac,237,Nature_noise,10,0.7573385518590998,"[0.75,1.00]",654,LibriSpeech:test:Nature_noise:10:908-31957-0006,test-clean/908/31957/908-31957-0006.flac,908,Nature_noise,10,0.7788461538461539,"[0.75,1.00]",True,True,True,0.021507601987054037,True,True,True,503,492,491,True,True
636,LibriSpeech:test:Nature_noise:10:2830-3980-0013,test-clean/2830/3980/2830-3980-0013.flac,2830,Clean,clean,0.0,"[0,0.25)",687,LibriSpeech:test:Nature_noise:20:5142-33396-0018,test-clean/5142/33396/5142-33396-0018.flac,5142,Clean,clean,0.0,"[0,0.25)",True,True,True,0.0,True,True,True,101,492,491,True,True
636,LibriSpeech:test:Nature_noise:10:2830-3980-0013,test-clean/2830/3980/2830-3980-0013.flac,2830,Clean,clean,0.0,"[0,0.25)",687,LibriSpeech:test:Nature_noise:20:5142-33396-0018,test-clean/5142/33396/5142-33396-0018.flac,5142,Clean,clean,0.0,"[0,0.25)",True,True,True,0.0,True,True,True,211,492,491,True,True
636,LibriSpeech:test:Nature_noise:10:2830-3980-0013,test-clean/2830/3980/2830-3980-0013.flac,2830,Clean,clean,0.0,"[0,0.25)",8,LibriSpeech:test:Babble_noise:-5:237-126133-0016,test-clean/237/126133/237-126133-0016.flac,237,Clean,clean,0.0,"[0,0.25)",True,True,True,0.0,True,True,True,307,492,491,True,True
636,LibriSpeech:test:Nature_noise:10:2830-3980-0013,test-clean/2830/3980/2830-3980-0013.flac,2830,Clean,clean,0.0,"[0,0.25)",238,LibriSpeech:test:SSN_noise:-5:7176-92135-0003,test-clean/7176/92135/7176-92135-0003.flac,7176,Clean,clean,0.0,"[0,0.25)",True,True,True,0.0,True,True,True,401,492,491,True,True
636,LibriSpeech:test:Nature_noise:10:2830-3980-0013,test-clean/2830/3980/2830-3980-0013.flac,2830,Clean,clean,0.0,"[0,0.25)",8,LibriSpeech:test:Babble_noise:-5:237-126133-0016,test-clean/237/126133/237-126133-0016.flac,237,Clean,clean,0.0,"[0,0.25)",True,True,True,0.0,True,True,True,503,492,491,True,True
637,LibriSpeech:test:Nature_noise:10:2830-3980-0013,test-clean/2830/3980/2830-3980-0013.flac,2830,Nature_noise,10,0.0,"[0,0.25)",638,LibriSpeech:test:Nature_noise:10:2830-3980-0063,test-clean/2830/3980/2830-3980-0063.flac,2830,Nature_noise,10,0.7,"[0.50,0.75)",True,True,False,0.7,True,False,True,101,492,491,True,True
637,LibriSpeech:test:Nature_noise:10:2830-3980-0013,test-clean/2830/3980/2830-3980-0013.flac,2830,Nature_noise,10,0.0,"[0,0.25)",638,LibriSpeech:test:Nature_noise:10:2830-3980-0063,test-clean/2830/3980/2830-3980-0063.flac,2830,Nature_noise,10,0.7,"[0.50,0.75)",True,True,False,0.7,True,False,True,211,492,491,True,True
637,LibriSpeech:test:Nature_noise:10:2830-3980-0013,test-clean/2830/3980/2830-3980-0013.flac,2830,Nature_noise,10,0.0,"[0,0.25)",638,LibriSpeech:test:Nature_noise:10:2830-3980-0063,test-clean/2830/3980/2830-3980-0063.flac,2830,Nature_noise,10,0.7,"[0.50,0.75)",True,True,False,0.7,True,False,True,307,492,491,True,True
637,LibriSpeech:test:Nature_noise:10:2830-3980-0013,test-clean/2830/3980/2830-3980-0013.flac,2830,Nature_noise,10,0.0,"[0,0.25)",638,LibriSpeech:test:Nature_noise:10:2830-3980-0063,test-clean/2830/3980/2830-3980-0063.flac,2830,Nature_noise,10,0.7,"[0.50,0.75)",True,True,False,0.7,True,False,True,401,492,491,True,True
637,LibriSpeech:test:Nature_noise:10:2830-3980-0013,test-clean/2830/3980/2830-3980-0013.flac,2830,Nature_noise,10,0.0,"[0,0.25)",638,LibriSpeech:test:Nature_noise:10:2830-3980-0063,test-clean/2830/3980/2830-3980-0063.flac,2830,Nature_noise,10,0.7,"[0.50,0.75)",True,True,False,0.7,True,False,True,503,492,491,True,True
638,LibriSpeech:test:Nature_noise:10:2830-3980-0063,test-clean/2830/3980/2830-3980-0063.flac,2830,Nature_noise,10,0.7,"[0.50,0.75)",634,LibriSpeech:test:Nature_noise:10:2094-142345-0029,test-clean/2094/142345/2094-142345-0029.flac,2094,Nature_noise,10,0.7494692144373672,"[0.50,0.75)",True,True,True,0.04946921443736729,True,True,True,101,492,491,True,True
638,LibriSpeech:test:Nature_noise:10:2830-3980-0063,test-clean/2830/3980/2830-3980-0063.flac,2830,Nature_noise,10,0.7,"[0.50,0.75)",634,LibriSpeech:test:Nature_noise:10:2094-142345-0029,test-clean/2094/142345/2094-142345-0029.flac,2094,Nature_noise,10,0.7494692144373672,"[0.50,0.75)",True,True,True,0.04946921443736729,True,True,True,211,492,491,True,True
638,LibriSpeech:test:Nature_noise:10:2830-3980-0063,test-clean/2830/3980/2830-3980-0063.flac,2830,Nature_noise,10,0.7,"[0.50,0.75)",634,LibriSpeech:test:Nature_noise:10:2094-142345-0029,test-clean/2094/142345/2094-142345-0029.flac,2094,Nature_noise,10,0.7494692144373672,"[0.50,0.75)",True,True,True,0.04946921443736729,True,True,True,307,492,491,True,True
638,LibriSpeech:test:Nature_noise:10:2830-3980-0063,test-clean/2830/3980/2830-3980-0063.flac,2830,Nature_noise,10,0.7,"[0.50,0.75)",634,LibriSpeech:test:Nature_noise:10:2094-142345-0029,test-clean/2094/142345/2094-142345-0029.flac,2094,Nature_noise,10,0.7494692144373672,"[0.50,0.75)",True,True,True,0.04946921443736729,True,True,True,401,492,491,True,True
638,LibriSpeech:test:Nature_noise:10:2830-3980-0063,test-clean/2830/3980/2830-3980-0063.flac,2830,Nature_noise,10,0.7,"[0.50,0.75)",634,LibriSpeech:test:Nature_noise:10:2094-142345-0029,test-clean/2094/142345/2094-142345-0029.flac,2094,Nature_noise,10,0.7494692144373672,"[0.50,0.75)",True,True,True,0.04946921443736729,True,True,True,503,492,491,True,True
643,LibriSpeech:test:Nature_noise:10:5142-36586-0003,test-clean/5142/36586/5142-36586-0003.flac,5142,Clean,clean,0.8387096774193549,"[0.75,1.00]",46,LibriSpeech:test:Babble_noise:0:2830-3980-0073,test-clean/2830/3980/2830-3980-0073.flac,2830,Clean,clean,0.84,"[0.75,1.00]",True,True,True,0.001290322580645098,True,True,True,101,492,491,True,True
643,LibriSpeech:test:Nature_noise:10:5142-36586-0003,test-clean/5142/36586/5142-36586-0003.flac,5142,Clean,clean,0.8387096774193549,"[0.75,1.00]",46,LibriSpeech:test:Babble_noise:0:2830-3980-0073,test-clean/2830/3980/2830-3980-0073.flac,2830,Clean,clean,0.84,"[0.75,1.00]",True,True,True,0.001290322580645098,True,True,True,211,492,491,True,True
643,LibriSpeech:test:Nature_noise:10:5142-36586-0003,test-clean/5142/36586/5142-36586-0003.flac,5142,Clean,clean,0.8387096774193549,"[0.75,1.00]",46,LibriSpeech:test:Babble_noise:0:2830-3980-0073,test-clean/2830/3980/2830-3980-0073.flac,2830,Clean,clean,0.84,"[0.75,1.00]",True,True,True,0.001290322580645098,True,True,True,307,492,491,True,True
643,LibriSpeech:test:Nature_noise:10:5142-36586-0003,test-clean/5142/36586/5142-36586-0003.flac,5142,Clean,clean,0.8387096774193549,"[0.75,1.00]",46,LibriSpeech:test:Babble_noise:0:2830-3980-0073,test-clean/2830/3980/2830-3980-0073.flac,2830,Clean,clean,0.84,"[0.75,1.00]",True,True,True,0.001290322580645098,True,True,True,401,492,491,True,True
643,LibriSpeech:test:Nature_noise:10:5142-36586-0003,test-clean/5142/36586/5142-36586-0003.flac,5142,Clean,clean,0.8387096774193549,"[0.75,1.00]",46,LibriSpeech:test:Babble_noise:0:2830-3980-0073,test-clean/2830/3980/2830-3980-0073.flac,2830,Clean,clean,0.84,"[0.75,1.00]",True,True,True,0.001290322580645098,True,True,True,503,492,491,True,True
644,LibriSpeech:test:Nature_noise:10:5142-36586-0003,test-clean/5142/36586/5142-36586-0003.flac,5142,Nature_noise,10,0.8387096774193549,"[0.75,1.00]",633,LibriSpeech:test:Nature_noise:10:1320-122617-0008,test-clean/1320/122617/1320-122617-0008.flac,1320,Nature_noise,10,0.7837837837837838,"[0.75,1.00]",True,True,True,0.0549258936355711,True,True,True,101,492,491,True,True
644,LibriSpeech:test:Nature_noise:10:5142-36586-0003,test-clean/5142/36586/5142-36586-0003.flac,5142,Nature_noise,10,0.8387096774193549,"[0.75,1.00]",633,LibriSpeech:test:Nature_noise:10:1320-122617-0008,test-clean/1320/122617/1320-122617-0008.flac,1320,Nature_noise,10,0.7837837837837838,"[0.75,1.00]",True,True,True,0.0549258936355711,True,True,True,211,492,491,True,True
644,LibriSpeech:test:Nature_noise:10:5142-36586-0003,test-clean/5142/36586/5142-36586-0003.flac,5142,Nature_noise,10,0.8387096774193549,"[0.75,1.00]",633,LibriSpeech:test:Nature_noise:10:1320-122617-0008,test-clean/1320/122617/1320-122617-0008.flac,1320,Nature_noise,10,0.7837837837837838,"[0.75,1.00]",True,True,True,0.0549258936355711,True,True,True,307,492,491,True,True
644,LibriSpeech:test:Nature_noise:10:5142-36586-0003,test-clean/5142/36586/5142-36586-0003.flac,5142,Nature_noise,10,0.8387096774193549,"[0.75,1.00]",633,LibriSpeech:test:Nature_noise:10:1320-122617-0008,test-clean/1320/122617/1320-122617-0008.flac,1320,Nature_noise,10,0.7837837837837838,"[0.75,1.00]",True,True,True,0.0549258936355711,True,True,True,401,492,491,True,True
644,LibriSpeech:test:Nature_noise:10:5142-36586-0003,test-clean/5142/36586/5142-36586-0003.flac,5142,Nature_noise,10,0.8387096774193549,"[0.75,1.00]",633,LibriSpeech:test:Nature_noise:10:1320-122617-0008,test-clean/1320/122617/1320-122617-0008.flac,1320,Nature_noise,10,0.7837837837837838,"[0.75,1.00]",True,True,True,0.0549258936355711,True,True,True,503,492,491,True,True
653,LibriSpeech:test:Nature_noise:10:908-31957-0006,test-clean/908/31957/908-31957-0006.flac,908,Clean,clean,0.7788461538461539,"[0.75,1.00]",82,LibriSpeech:test:Babble_noise:5:1320-122617-0008,test-clean/1320/122617/1320-122617-0008.flac,1320,Clean,clean,0.7837837837837838,"[0.75,1.00]",True,True,True,0.004937629937629917,True,True,True,101,492,491,True,True
653,LibriSpeech:test:Nature_noise:10:908-31957-0006,test-clean/908/31957/908-31957-0006.flac,908,Clean,clean,0.7788461538461539,"[0.75,1.00]",82,LibriSpeech:test:Babble_noise:5:1320-122617-0008,test-clean/1320/122617/1320-122617-0008.flac,1320,Clean,clean,0.7837837837837838,"[0.75,1.00]",True,True,True,0.004937629937629917,True,True,True,211,492,491,True,True
653,LibriSpeech:test:Nature_noise:10:908-31957-0006,test-clean/908/31957/908-31957-0006.flac,908,Clean,clean,0.7788461538461539,"[0.75,1.00]",82,LibriSpeech:test:Babble_noise:5:1320-122617-0008,test-clean/1320/122617/1320-122617-0008.flac,1320,Clean,clean,0.7837837837837838,"[0.75,1.00]",True,True,True,0.004937629937629917,True,True,True,307,492,491,True,True
653,LibriSpeech:test:Nature_noise:10:908-31957-0006,test-clean/908/31957/908-31957-0006.flac,908,Clean,clean,0.7788461538461539,"[0.75,1.00]",82,LibriSpeech:test:Babble_noise:5:1320-122617-0008,test-clean/1320/122617/1320-122617-0008.flac,1320,Clean,clean,0.7837837837837838,"[0.75,1.00]",True,True,True,0.004937629937629917,True,True,True,401,492,491,True,True
653,LibriSpeech:test:Nature_noise:10:908-31957-0006,test-clean/908/31957/908-31957-0006.flac,908,Clean,clean,0.7788461538461539,"[0.75,1.00]",82,LibriSpeech:test:Babble_noise:5:1320-122617-0008,test-clean/1320/122617/1320-122617-0008.flac,1320,Clean,clean,0.7837837837837838,"[0.75,1.00]",True,True,True,0.004937629937629917,True,True,True,503,492,491,True,True
654,LibriSpeech:test:Nature_noise:10:908-31957-0006,test-clean/908/31957/908-31957-0006.flac,908,Nature_noise,10,0.7788461538461539,"[0.75,1.00]",633,LibriSpeech:test:Nature_noise:10:1320-122617-0008,test-clean/1320/122617/1320-122617-0008.flac,1320,Nature_noise,10,0.7837837837837838,"[0.75,1.00]",True,True,True,0.004937629937629917,True,True,True,101,492,491,True,True
654,LibriSpeech:test:Nature_noise:10:908-31957-0006,test-clean/908/31957/908-31957-0006.flac,908,Nature_noise,10,0.7788461538461539,"[0.75,1.00]",633,LibriSpeech:test:Nature_noise:10:1320-122617-0008,test-clean/1320/122617/1320-122617-0008.flac,1320,Nature_noise,10,0.7837837837837838,"[0.75,1.00]",True,True,True,0.004937629937629917,True,True,True,211,492,491,True,True
654,LibriSpeech:test:Nature_noise:10:908-31957-0006,test-clean/908/31957/908-31957-0006.flac,908,Nature_noise,10,0.7788461538461539,"[0.75,1.00]",633,LibriSpeech:test:Nature_noise:10:1320-122617-0008,test-clean/1320/122617/1320-122617-0008.flac,1320,Nature_noise,10,0.7837837837837838,"[0.75,1.00]",True,True,True,0.004937629937629917,True,True,True,307,492,491,True,True
654,LibriSpeech:test:Nature_noise:10:908-31957-0006,test-clean/908/31957/908-31957-0006.flac,908,Nature_noise,10,0.7788461538461539,"[0.75,1.00]",633,LibriSpeech:test:Nature_noise:10:1320-122617-0008,test-clean/1320/122617/1320-122617-0008.flac,1320,Nature_noise,10,0.7837837837837838,"[0.75,1.00]",True,True,True,0.004937629937629917,True,True,True,401,492,491,True,True
654,LibriSpeech:test:Nature_noise:10:908-31957-0006,test-clean/908/31957/908-31957-0006.flac,908,Nature_noise,10,0.7788461538461539,"[0.75,1.00]",633,LibriSpeech:test:Nature_noise:10:1320-122617-0008,test-clean/1320/122617/1320-122617-0008.flac,1320,Nature_noise,10,0.7837837837837838,"[0.75,1.00]",True,True,True,0.004937629937629917,True,True,True,503,492,491,True,True
657,LibriSpeech:test:Nature_noise:15:1320-122617-0028,test-clean/1320/122617/1320-122617-0028.flac,1320,Nature_noise,15,0.90311986863711,"[0.75,1.00]",672,LibriSpeech:test:Nature_noise:15:7021-79730-0001,test-clean/7021/79730/7021-79730-0001.flac,7021,Nature_noise,15,0.9140625,"[0.75,1.00]",True,True,True,0.010942631362889976,True,True,True,101,492,491,True,True
657,LibriSpeech:test:Nature_noise:15:1320-122617-0028,test-clean/1320/122617/1320-122617-0028.flac,1320,Nature_noise,15,0.90311986863711,"[0.75,1.00]",672,LibriSpeech:test:Nature_noise:15:7021-79730-0001,test-clean/7021/79730/7021-79730-0001.flac,7021,Nature_noise,15,0.9140625,"[0.75,1.00]",True,True,True,0.010942631362889976,True,True,True,211,492,491,True,True
657,LibriSpeech:test:Nature_noise:15:1320-122617-0028,test-clean/1320/122617/1320-122617-0028.flac,1320,Nature_noise,15,0.90311986863711,"[0.75,1.00]",672,LibriSpeech:test:Nature_noise:15:7021-79730-0001,test-clean/7021/79730/7021-79730-0001.flac,7021,Nature_noise,15,0.9140625,"[0.75,1.00]",True,True,True,0.010942631362889976,True,True,True,307,492,491,True,True
657,LibriSpeech:test:Nature_noise:15:1320-122617-0028,test-clean/1320/122617/1320-122617-0028.flac,1320,Nature_noise,15,0.90311986863711,"[0.75,1.00]",672,LibriSpeech:test:Nature_noise:15:7021-79730-0001,test-clean/7021/79730/7021-79730-0001.flac,7021,Nature_noise,15,0.9140625,"[0.75,1.00]",True,True,True,0.010942631362889976,True,True,True,401,492,491,True,True
657,LibriSpeech:test:Nature_noise:15:1320-122617-0028,test-clean/1320/122617/1320-122617-0028.flac,1320,Nature_noise,15,0.90311986863711,"[0.75,1.00]",672,LibriSpeech:test:Nature_noise:15:7021-79730-0001,test-clean/7021/79730/7021-79730-0001.flac,7021,Nature_noise,15,0.9140625,"[0.75,1.00]",True,True,True,0.010942631362889976,True,True,True,503,492,491,True,True
658,LibriSpeech:test:Nature_noise:15:1995-1836-0004,test-clean/1995/1836/1995-1836-0004.flac,1995,Nature_noise,15,0.8877076411960133,"[0.75,1.00]",657,LibriSpeech:test:Nature_noise:15:1320-122617-0028,test-clean/1320/122617/1320-122617-0028.flac,1320,Nature_noise,15,0.90311986863711,"[0.75,1.00]",True,True,True,0.015412227441096715,True,True,True,101,492,491,True,True
658,LibriSpeech:test:Nature_noise:15:1995-1836-0004,test-clean/1995/1836/1995-1836-0004.flac,1995,Nature_noise,15,0.8877076411960133,"[0.75,1.00]",657,LibriSpeech:test:Nature_noise:15:1320-122617-0028,test-clean/1320/122617/1320-122617-0028.flac,1320,Nature_noise,15,0.90311986863711,"[0.75,1.00]",True,True,True,0.015412227441096715,True,True,True,211,492,491,True,True
658,LibriSpeech:test:Nature_noise:15:1995-1836-0004,test-clean/1995/1836/1995-1836-0004.flac,1995,Nature_noise,15,0.8877076411960133,"[0.75,1.00]",657,LibriSpeech:test:Nature_noise:15:1320-122617-0028,test-clean/1320/122617/1320-122617-0028.flac,1320,Nature_noise,15,0.90311986863711,"[0.75,1.00]",True,True,True,0.015412227441096715,True,True,True,307,492,491,True,True
658,LibriSpeech:test:Nature_noise:15:1995-1836-0004,test-clean/1995/1836/1995-1836-0004.flac,1995,Nature_noise,15,0.8877076411960133,"[0.75,1.00]",657,LibriSpeech:test:Nature_noise:15:1320-122617-0028,test-clean/1320/122617/1320-122617-0028.flac,1320,Nature_noise,15,0.90311986863711,"[0.75,1.00]",True,True,True,0.015412227441096715,True,True,True,401,492,491,True,True
658,LibriSpeech:test:Nature_noise:15:1995-1836-0004,test-clean/1995/1836/1995-1836-0004.flac,1995,Nature_noise,15,0.8877076411960133,"[0.75,1.00]",657,LibriSpeech:test:Nature_noise:15:1320-122617-0028,test-clean/1320/122617/1320-122617-0028.flac,1320,Nature_noise,15,0.90311986863711,"[0.75,1.00]",True,True,True,0.015412227441096715,True,True,True,503,492,491,True,True
659,LibriSpeech:test:Nature_noise:15:1995-1837-0029,test-clean/1995/1837/1995-1837-0029.flac,1995,Nature_noise,15,0.9265536723163842,"[0.75,1.00]",672,LibriSpeech:test:Nature_noise:15:7021-79730-0001,test-clean/7021/79730/7021-79730-0001.flac,7021,Nature_noise,15,0.9140625,"[0.75,1.00]",True,True,True,0.012491172316384191,True,True,True,101,492,491,True,True
659,LibriSpeech:test:Nature_noise:15:1995-1837-0029,test-clean/1995/1837/1995-1837-0029.flac,1995,Nature_noise,15,0.9265536723163842,"[0.75,1.00]",672,LibriSpeech:test:Nature_noise:15:7021-79730-0001,test-clean/7021/79730/7021-79730-0001.flac,7021,Nature_noise,15,0.9140625,"[0.75,1.00]",True,True,True,0.012491172316384191,True,True,True,211,492,491,True,True
659,LibriSpeech:test:Nature_noise:15:1995-1837-0029,test-clean/1995/1837/1995-1837-0029.flac,1995,Nature_noise,15,0.9265536723163842,"[0.75,1.00]",672,LibriSpeech:test:Nature_noise:15:7021-79730-0001,test-clean/7021/79730/7021-79730-0001.flac,7021,Nature_noise,15,0.9140625,"[0.75,1.00]",True,True,True,0.012491172316384191,True,True,True,307,492,491,True,True
659,LibriSpeech:test:Nature_noise:15:1995-1837-0029,test-clean/1995/1837/1995-1837-0029.flac,1995,Nature_noise,15,0.9265536723163842,"[0.75,1.00]",672,LibriSpeech:test:Nature_noise:15:7021-79730-0001,test-clean/7021/79730/7021-79730-0001.flac,7021,Nature_noise,15,0.9140625,"[0.75,1.00]",True,True,True,0.012491172316384191,True,True,True,401,492,491,True,True
659,LibriSpeech:test:Nature_noise:15:1995-1837-0029,test-clean/1995/1837/1995-1837-0029.flac,1995,Nature_noise,15,0.9265536723163842,"[0.75,1.00]",672,LibriSpeech:test:Nature_noise:15:7021-79730-0001,test-clean/7021/79730/7021-79730-0001.flac,7021,Nature_noise,15,0.9140625,"[0.75,1.00]",True,True,True,0.012491172316384191,True,True,True,503,492,491,True,True
661,LibriSpeech:test:Nature_noise:15:260-123288-0006,test-clean/260/123288/260-123288-0006.flac,260,Nature_noise,15,0.7383177570093458,"[0.50,0.75)",677,LibriSpeech:test:Nature_noise:15:7729-102255-0027,test-clean/7729/102255/7729-102255-0027.flac,7729,Nature_noise,15,0.8564593301435407,"[0.75,1.00]",True,True,False,0.11814157313419493,True,True,True,101,492,491,True,True
661,LibriSpeech:test:Nature_noise:15:260-123288-0006,test-clean/260/123288/260-123288-0006.flac,260,Nature_noise,15,0.7383177570093458,"[0.50,0.75)",677,LibriSpeech:test:Nature_noise:15:7729-102255-0027,test-clean/7729/102255/7729-102255-0027.flac,7729,Nature_noise,15,0.8564593301435407,"[0.75,1.00]",True,True,False,0.11814157313419493,True,True,True,211,492,491,True,True
661,LibriSpeech:test:Nature_noise:15:260-123288-0006,test-clean/260/123288/260-123288-0006.flac,260,Nature_noise,15,0.7383177570093458,"[0.50,0.75)",677,LibriSpeech:test:Nature_noise:15:7729-102255-0027,test-clean/7729/102255/7729-102255-0027.flac,7729,Nature_noise,15,0.8564593301435407,"[0.75,1.00]",True,True,False,0.11814157313419493,True,True,True,307,492,491,True,True
661,LibriSpeech:test:Nature_noise:15:260-123288-0006,test-clean/260/123288/260-123288-0006.flac,260,Nature_noise,15,0.7383177570093458,"[0.50,0.75)",677,LibriSpeech:test:Nature_noise:15:7729-102255-0027,test-clean/7729/102255/7729-102255-0027.flac,7729,Nature_noise,15,0.8564593301435407,"[0.75,1.00]",True,True,False,0.11814157313419493,True,True,True,401,492,491,True,True
661,LibriSpeech:test:Nature_noise:15:260-123288-0006,test-clean/260/123288/260-123288-0006.flac,260,Nature_noise,15,0.7383177570093458,"[0.50,0.75)",677,LibriSpeech:test:Nature_noise:15:7729-102255-0027,test-clean/7729/102255/7729-102255-0027.flac,7729,Nature_noise,15,0.8564593301435407,"[0.75,1.00]",True,True,False,0.11814157313419493,True,True,True,503,492,491,True,True
662,LibriSpeech:test:Nature_noise:15:2830-3979-0006,test-clean/2830/3979/2830-3979-0006.flac,2830,Nature_noise,15,0.4864864864864865,"[0.25,0.50)",661,LibriSpeech:test:Nature_noise:15:260-123288-0006,test-clean/260/123288/260-123288-0006.flac,260,Nature_noise,15,0.7383177570093458,"[0.50,0.75)",True,True,False,0.25183127052285925,True,True,True,101,492,491,True,True
662,LibriSpeech:test:Nature_noise:15:2830-3979-0006,test-clean/2830/3979/2830-3979-0006.flac,2830,Nature_noise,15,0.4864864864864865,"[0.25,0.50)",661,LibriSpeech:test:Nature_noise:15:260-123288-0006,test-clean/260/123288/260-123288-0006.flac,260,Nature_noise,15,0.7383177570093458,"[0.50,0.75)",True,True,False,0.25183127052285925,True,True,True,211,492,491,True,True
662,LibriSpeech:test:Nature_noise:15:2830-3979-0006,test-clean/2830/3979/2830-3979-0006.flac,2830,Nature_noise,15,0.4864864864864865,"[0.25,0.50)",661,LibriSpeech:test:Nature_noise:15:260-123288-0006,test-clean/260/123288/260-123288-0006.flac,260,Nature_noise,15,0.7383177570093458,"[0.50,0.75)",True,True,False,0.25183127052285925,True,True,True,307,492,491,True,True
662,LibriSpeech:test:Nature_noise:15:2830-3979-0006,test-clean/2830/3979/2830-3979-0006.flac,2830,Nature_noise,15,0.4864864864864865,"[0.25,0.50)",661,LibriSpeech:test:Nature_noise:15:260-123288-0006,test-clean/260/123288/260-123288-0006.flac,260,Nature_noise,15,0.7383177570093458,"[0.50,0.75)",True,True,False,0.25183127052285925,True,True,True,401,492,491,True,True
662,LibriSpeech:test:Nature_noise:15:2830-3979-0006,test-clean/2830/3979/2830-3979-0006.flac,2830,Nature_noise,15,0.4864864864864865,"[0.25,0.50)",661,LibriSpeech:test:Nature_noise:15:260-123288-0006,test-clean/260/123288/260-123288-0006.flac,260,Nature_noise,15,0.7383177570093458,"[0.50,0.75)",True,True,False,0.25183127052285925,True,True,True,503,492,491,True,True
663,LibriSpeech:test:Nature_noise:15:2961-960-0006,test-clean/2961/960/2961-960-0006.flac,2961,Nature_noise,15,0.8656591099916037,"[0.75,1.00]",673,LibriSpeech:test:Nature_noise:15:7021-79740-0011,test-clean/7021/79740/7021-79740-0011.flac,7021,Nature_noise,15,0.8707692307692307,"[0.75,1.00]",True,True,True,0.00511012077762707,True,True,True,101,492,491,True,True
663,LibriSpeech:test:Nature_noise:15:2961-960-0006,test-clean/2961/960/2961-960-0006.flac,2961,Nature_noise,15,0.8656591099916037,"[0.75,1.00]",673,LibriSpeech:test:Nature_noise:15:7021-79740-0011,test-clean/7021/79740/7021-79740-0011.flac,7021,Nature_noise,15,0.8707692307692307,"[0.75,1.00]",True,True,True,0.00511012077762707,True,True,True,211,492,491,True,True
663,LibriSpeech:test:Nature_noise:15:2961-960-0006,test-clean/2961/960/2961-960-0006.flac,2961,Nature_noise,15,0.8656591099916037,"[0.75,1.00]",673,LibriSpeech:test:Nature_noise:15:7021-79740-0011,test-clean/7021/79740/7021-79740-0011.flac,7021,Nature_noise,15,0.8707692307692307,"[0.75,1.00]",True,True,True,0.00511012077762707,True,True,True,307,492,491,True,True
663,LibriSpeech:test:Nature_noise:15:2961-960-0006,test-clean/2961/960/2961-960-0006.flac,2961,Nature_noise,15,0.8656591099916037,"[0.75,1.00]",673,LibriSpeech:test:Nature_noise:15:7021-79740-0011,test-clean/7021/79740/7021-79740-0011.flac,7021,Nature_noise,15,0.8707692307692307,"[0.75,1.00]",True,True,True,0.00511012077762707,True,True,True,401,492,491,True,True
663,LibriSpeech:test:Nature_noise:15:2961-960-0006,test-clean/2961/960/2961-960-0006.flac,2961,Nature_noise,15,0.8656591099916037,"[0.75,1.00]",673,LibriSpeech:test:Nature_noise:15:7021-79740-0011,test-clean/7021/79740/7021-79740-0011.flac,7021,Nature_noise,15,0.8707692307692307,"[0.75,1.00]",True,True,True,0.00511012077762707,True,True,True,503,492,491,True,True
672,LibriSpeech:test:Nature_noise:15:7021-79730-0001,test-clean/7021/79730/7021-79730-0001.flac,7021,Nature_noise,15,0.9140625,"[0.75,1.00]",657,LibriSpeech:test:Nature_noise:15:1320-122617-0028,test-clean/1320/122617/1320-122617-0028.flac,1320,Nature_noise,15,0.90311986863711,"[0.75,1.00]",True,True,True,0.010942631362889976,True,True,True,101,492,491,True,True
672,LibriSpeech:test:Nature_noise:15:7021-79730-0001,test-clean/7021/79730/7021-79730-0001.flac,7021,Nature_noise,15,0.9140625,"[0.75,1.00]",657,LibriSpeech:test:Nature_noise:15:1320-122617-0028,test-clean/1320/122617/1320-122617-0028.flac,1320,Nature_noise,15,0.90311986863711,"[0.75,1.00]",True,True,True,0.010942631362889976,True,True,True,211,492,491,True,True
672,LibriSpeech:test:Nature_noise:15:7021-79730-0001,test-clean/7021/79730/7021-79730-0001.flac,7021,Nature_noise,15,0.9140625,"[0.75,1.00]",657,LibriSpeech:test:Nature_noise:15:1320-122617-0028,test-clean/1320/122617/1320-122617-0028.flac,1320,Nature_noise,15,0.90311986863711,"[0.75,1.00]",True,True,True,0.010942631362889976,True,True,True,307,492,491,True,True
672,LibriSpeech:test:Nature_noise:15:7021-79730-0001,test-clean/7021/79730/7021-79730-0001.flac,7021,Nature_noise,15,0.9140625,"[0.75,1.00]",657,LibriSpeech:test:Nature_noise:15:1320-122617-0028,test-clean/1320/122617/1320-122617-0028.flac,1320,Nature_noise,15,0.90311986863711,"[0.75,1.00]",True,True,True,0.010942631362889976,True,True,True,401,492,491,True,True
672,LibriSpeech:test:Nature_noise:15:7021-79730-0001,test-clean/7021/79730/7021-79730-0001.flac,7021,Nature_noise,15,0.9140625,"[0.75,1.00]",657,LibriSpeech:test:Nature_noise:15:1320-122617-0028,test-clean/1320/122617/1320-122617-0028.flac,1320,Nature_noise,15,0.90311986863711,"[0.75,1.00]",True,True,True,0.010942631362889976,True,True,True,503,492,491,True,True
673,LibriSpeech:test:Nature_noise:15:7021-79740-0011,test-clean/7021/79740/7021-79740-0011.flac,7021,Nature_noise,15,0.8707692307692307,"[0.75,1.00]",663,LibriSpeech:test:Nature_noise:15:2961-960-0006,test-clean/2961/960/2961-960-0006.flac,2961,Nature_noise,15,0.8656591099916037,"[0.75,1.00]",True,True,True,0.00511012077762707,True,True,True,101,492,491,True,True
673,LibriSpeech:test:Nature_noise:15:7021-79740-0011,test-clean/7021/79740/7021-79740-0011.flac,7021,Nature_noise,15,0.8707692307692307,"[0.75,1.00]",663,LibriSpeech:test:Nature_noise:15:2961-960-0006,test-clean/2961/960/2961-960-0006.flac,2961,Nature_noise,15,0.8656591099916037,"[0.75,1.00]",True,True,True,0.00511012077762707,True,True,True,211,492,491,True,True
673,LibriSpeech:test:Nature_noise:15:7021-79740-0011,test-clean/7021/79740/7021-79740-0011.flac,7021,Nature_noise,15,0.8707692307692307,"[0.75,1.00]",663,LibriSpeech:test:Nature_noise:15:2961-960-0006,test-clean/2961/960/2961-960-0006.flac,2961,Nature_noise,15,0.8656591099916037,"[0.75,1.00]",True,True,True,0.00511012077762707,True,True,True,307,492,491,True,True
673,LibriSpeech:test:Nature_noise:15:7021-79740-0011,test-clean/7021/79740/7021-79740-0011.flac,7021,Nature_noise,15,0.8707692307692307,"[0.75,1.00]",663,LibriSpeech:test:Nature_noise:15:2961-960-0006,test-clean/2961/960/2961-960-0006.flac,2961,Nature_noise,15,0.8656591099916037,"[0.75,1.00]",True,True,True,0.00511012077762707,True,True,True,401,492,491,True,True
673,LibriSpeech:test:Nature_noise:15:7021-79740-0011,test-clean/7021/79740/7021-79740-0011.flac,7021,Nature_noise,15,0.8707692307692307,"[0.75,1.00]",663,LibriSpeech:test:Nature_noise:15:2961-960-0006,test-clean/2961/960/2961-960-0006.flac,2961,Nature_noise,15,0.8656591099916037,"[0.75,1.00]",True,True,True,0.00511012077762707,True,True,True,503,492,491,True,True
676,LibriSpeech:test:Nature_noise:15:7729-102255-0027,test-clean/7729/102255/7729-102255-0027.flac,7729,Clean,clean,0.8564593301435407,"[0.75,1.00]",744,LibriSpeech:test:Office_noise:0:7021-79740-0001,test-clean/7021/79740/7021-79740-0001.flac,7021,Clean,clean,0.8577981651376146,"[0.75,1.00]",True,True,True,0.0013388349940739452,True,True,True,101,492,491,True,True
676,LibriSpeech:test:Nature_noise:15:7729-102255-0027,test-clean/7729/102255/7729-102255-0027.flac,7729,Clean,clean,0.8564593301435407,"[0.75,1.00]",744,LibriSpeech:test:Office_noise:0:7021-79740-0001,test-clean/7021/79740/7021-79740-0001.flac,7021,Clean,clean,0.8577981651376146,"[0.75,1.00]",True,True,True,0.0013388349940739452,True,True,True,211,492,491,True,True
676,LibriSpeech:test:Nature_noise:15:7729-102255-0027,test-clean/7729/102255/7729-102255-0027.flac,7729,Clean,clean,0.8564593301435407,"[0.75,1.00]",744,LibriSpeech:test:Office_noise:0:7021-79740-0001,test-clean/7021/79740/7021-79740-0001.flac,7021,Clean,clean,0.8577981651376146,"[0.75,1.00]",True,True,True,0.0013388349940739452,True,True,True,307,492,491,True,True
676,LibriSpeech:test:Nature_noise:15:7729-102255-0027,test-clean/7729/102255/7729-102255-0027.flac,7729,Clean,clean,0.8564593301435407,"[0.75,1.00]",744,LibriSpeech:test:Office_noise:0:7021-79740-0001,test-clean/7021/79740/7021-79740-0001.flac,7021,Clean,clean,0.8577981651376146,"[0.75,1.00]",True,True,True,0.0013388349940739452,True,True,True,401,492,491,True,True
676,LibriSpeech:test:Nature_noise:15:7729-102255-0027,test-clean/7729/102255/7729-102255-0027.flac,7729,Clean,clean,0.8564593301435407,"[0.75,1.00]",744,LibriSpeech:test:Office_noise:0:7021-79740-0001,test-clean/7021/79740/7021-79740-0001.flac,7021,Clean,clean,0.8577981651376146,"[0.75,1.00]",True,True,True,0.0013388349940739452,True,True,True,503,492,491,True,True
677,LibriSpeech:test:Nature_noise:15:7729-102255-0027,test-clean/7729/102255/7729-102255-0027.flac,7729,Nature_noise,15,0.8564593301435407,"[0.75,1.00]",663,LibriSpeech:test:Nature_noise:15:2961-960-0006,test-clean/2961/960/2961-960-0006.flac,2961,Nature_noise,15,0.8656591099916037,"[0.75,1.00]",True,True,True,0.009199779848062972,True,True,True,101,492,491,True,True
677,LibriSpeech:test:Nature_noise:15:7729-102255-0027,test-clean/7729/102255/7729-102255-0027.flac,7729,Nature_noise,15,0.8564593301435407,"[0.75,1.00]",663,LibriSpeech:test:Nature_noise:15:2961-960-0006,test-clean/2961/960/2961-960-0006.flac,2961,Nature_noise,15,0.8656591099916037,"[0.75,1.00]",True,True,True,0.009199779848062972,True,True,True,211,492,491,True,True
677,LibriSpeech:test:Nature_noise:15:7729-102255-0027,test-clean/7729/102255/7729-102255-0027.flac,7729,Nature_noise,15,0.8564593301435407,"[0.75,1.00]",663,LibriSpeech:test:Nature_noise:15:2961-960-0006,test-clean/2961/960/2961-960-0006.flac,2961,Nature_noise,15,0.8656591099916037,"[0.75,1.00]",True,True,True,0.009199779848062972,True,True,True,307,492,491,True,True
677,LibriSpeech:test:Nature_noise:15:7729-102255-0027,test-clean/7729/102255/7729-102255-0027.flac,7729,Nature_noise,15,0.8564593301435407,"[0.75,1.00]",663,LibriSpeech:test:Nature_noise:15:2961-960-0006,test-clean/2961/960/2961-960-0006.flac,2961,Nature_noise,15,0.8656591099916037,"[0.75,1.00]",True,True,True,0.009199779848062972,True,True,True,401,492,491,True,True
677,LibriSpeech:test:Nature_noise:15:7729-102255-0027,test-clean/7729/102255/7729-102255-0027.flac,7729,Nature_noise,15,0.8564593301435407,"[0.75,1.00]",663,LibriSpeech:test:Nature_noise:15:2961-960-0006,test-clean/2961/960/2961-960-0006.flac,2961,Nature_noise,15,0.8656591099916037,"[0.75,1.00]",True,True,True,0.009199779848062972,True,True,True,503,492,491,True,True
681,LibriSpeech:test:Nature_noise:20:237-134493-0000,test-clean/237/134493/237-134493-0000.flac,237,Nature_noise,20,0.1724137931034483,"[0,0.25)",688,LibriSpeech:test:Nature_noise:20:5142-33396-0018,test-clean/5142/33396/5142-33396-0018.flac,5142,Nature_noise,20,0.0,"[0,0.25)",True,True,True,0.1724137931034483,True,True,True,101,492,491,True,True
681,LibriSpeech:test:Nature_noise:20:237-134493-0000,test-clean/237/134493/237-134493-0000.flac,237,Nature_noise,20,0.1724137931034483,"[0,0.25)",688,LibriSpeech:test:Nature_noise:20:5142-33396-0018,test-clean/5142/33396/5142-33396-0018.flac,5142,Nature_noise,20,0.0,"[0,0.25)",True,True,True,0.1724137931034483,True,True,True,211,492,491,True,True
681,LibriSpeech:test:Nature_noise:20:237-134493-0000,test-clean/237/134493/237-134493-0000.flac,237,Nature_noise,20,0.1724137931034483,"[0,0.25)",688,LibriSpeech:test:Nature_noise:20:5142-33396-0018,test-clean/5142/33396/5142-33396-0018.flac,5142,Nature_noise,20,0.0,"[0,0.25)",True,True,True,0.1724137931034483,True,True,True,307,492,491,True,True
681,LibriSpeech:test:Nature_noise:20:237-134493-0000,test-clean/237/134493/237-134493-0000.flac,237,Nature_noise,20,0.1724137931034483,"[0,0.25)",688,LibriSpeech:test:Nature_noise:20:5142-33396-0018,test-clean/5142/33396/5142-33396-0018.flac,5142,Nature_noise,20,0.0,"[0,0.25)",True,True,True,0.1724137931034483,True,True,True,401,492,491,True,True
681,LibriSpeech:test:Nature_noise:20:237-134493-0000,test-clean/237/134493/237-134493-0000.flac,237,Nature_noise,20,0.1724137931034483,"[0,0.25)",688,LibriSpeech:test:Nature_noise:20:5142-33396-0018,test-clean/5142/33396/5142-33396-0018.flac,5142,Nature_noise,20,0.0,"[0,0.25)",True,True,True,0.1724137931034483,True,True,True,503,492,491,True,True
684,LibriSpeech:test:Nature_noise:20:3729-6852-0003,test-clean/3729/6852/3729-6852-0003.flac,3729,Nature_noise,20,0.8455008488964346,"[0.75,1.00]",704,LibriSpeech:test:Nature_noise:20:8463-294828-0028,test-clean/8463/294828/8463-294828-0028.flac,8463,Nature_noise,20,0.8658536585365854,"[0.75,1.00]",True,True,True,0.020352809640150737,True,True,True,101,492,491,True,True
684,LibriSpeech:test:Nature_noise:20:3729-6852-0003,test-clean/3729/6852/3729-6852-0003.flac,3729,Nature_noise,20,0.8455008488964346,"[0.75,1.00]",704,LibriSpeech:test:Nature_noise:20:8463-294828-0028,test-clean/8463/294828/8463-294828-0028.flac,8463,Nature_noise,20,0.8658536585365854,"[0.75,1.00]",True,True,True,0.020352809640150737,True,True,True,211,492,491,True,True
684,LibriSpeech:test:Nature_noise:20:3729-6852-0003,test-clean/3729/6852/3729-6852-0003.flac,3729,Nature_noise,20,0.8455008488964346,"[0.75,1.00]",704,LibriSpeech:test:Nature_noise:20:8463-294828-0028,test-clean/8463/294828/8463-294828-0028.flac,8463,Nature_noise,20,0.8658536585365854,"[0.75,1.00]",True,True,True,0.020352809640150737,True,True,True,307,492,491,True,True
684,LibriSpeech:test:Nature_noise:20:3729-6852-0003,test-clean/3729/6852/3729-6852-0003.flac,3729,Nature_noise,20,0.8455008488964346,"[0.75,1.00]",704,LibriSpeech:test:Nature_noise:20:8463-294828-0028,test-clean/8463/294828/8463-294828-0028.flac,8463,Nature_noise,20,0.8658536585365854,"[0.75,1.00]",True,True,True,0.020352809640150737,True,True,True,401,492,491,True,True
684,LibriSpeech:test:Nature_noise:20:3729-6852-0003,test-clean/3729/6852/3729-6852-0003.flac,3729,Nature_noise,20,0.8455008488964346,"[0.75,1.00]",704,LibriSpeech:test:Nature_noise:20:8463-294828-0028,test-clean/8463/294828/8463-294828-0028.flac,8463,Nature_noise,20,0.8658536585365854,"[0.75,1.00]",True,True,True,0.020352809640150737,True,True,True,503,492,491,True,True
687,LibriSpeech:test:Nature_noise:20:5142-33396-0018,test-clean/5142/33396/5142-33396-0018.flac,5142,Clean,clean,0.0,"[0,0.25)",42,LibriSpeech:test:Babble_noise:0:121-127105-0036,test-clean/121/127105/121-127105-0036.flac,121,Clean,clean,0.0,"[0,0.25)",True,True,True,0.0,True,True,True,101,492,491,True,True
687,LibriSpeech:test:Nature_noise:20:5142-33396-0018,test-clean/5142/33396/5142-33396-0018.flac,5142,Clean,clean,0.0,"[0,0.25)",8,LibriSpeech:test:Babble_noise:-5:237-126133-0016,test-clean/237/126133/237-126133-0016.flac,237,Clean,clean,0.0,"[0,0.25)",True,True,True,0.0,True,True,True,211,492,491,True,True
687,LibriSpeech:test:Nature_noise:20:5142-33396-0018,test-clean/5142/33396/5142-33396-0018.flac,5142,Clean,clean,0.0,"[0,0.25)",8,LibriSpeech:test:Babble_noise:-5:237-126133-0016,test-clean/237/126133/237-126133-0016.flac,237,Clean,clean,0.0,"[0,0.25)",True,True,True,0.0,True,True,True,307,492,491,True,True
687,LibriSpeech:test:Nature_noise:20:5142-33396-0018,test-clean/5142/33396/5142-33396-0018.flac,5142,Clean,clean,0.0,"[0,0.25)",238,LibriSpeech:test:SSN_noise:-5:7176-92135-0003,test-clean/7176/92135/7176-92135-0003.flac,7176,Clean,clean,0.0,"[0,0.25)",True,True,True,0.0,True,True,True,401,492,491,True,True
687,LibriSpeech:test:Nature_noise:20:5142-33396-0018,test-clean/5142/33396/5142-33396-0018.flac,5142,Clean,clean,0.0,"[0,0.25)",42,LibriSpeech:test:Babble_noise:0:121-127105-0036,test-clean/121/127105/121-127105-0036.flac,121,Clean,clean,0.0,"[0,0.25)",True,True,True,0.0,True,True,True,503,492,491,True,True
688,LibriSpeech:test:Nature_noise:20:5142-33396-0018,test-clean/5142/33396/5142-33396-0018.flac,5142,Nature_noise,20,0.0,"[0,0.25)",681,LibriSpeech:test:Nature_noise:20:237-134493-0000,test-clean/237/134493/237-134493-0000.flac,237,Nature_noise,20,0.1724137931034483,"[0,0.25)",True,True,True,0.1724137931034483,True,True,True,101,492,491,True,True
688,LibriSpeech:test:Nature_noise:20:5142-33396-0018,test-clean/5142/33396/5142-33396-0018.flac,5142,Nature_noise,20,0.0,"[0,0.25)",681,LibriSpeech:test:Nature_noise:20:237-134493-0000,test-clean/237/134493/237-134493-0000.flac,237,Nature_noise,20,0.1724137931034483,"[0,0.25)",True,True,True,0.1724137931034483,True,True,True,211,492,491,True,True
688,LibriSpeech:test:Nature_noise:20:5142-33396-0018,test-clean/5142/33396/5142-33396-0018.flac,5142,Nature_noise,20,0.0,"[0,0.25)",681,LibriSpeech:test:Nature_noise:20:237-134493-0000,test-clean/237/134493/237-134493-0000.flac,237,Nature_noise,20,0.1724137931034483,"[0,0.25)",True,True,True,0.1724137931034483,True,True,True,307,492,491,True,True
688,LibriSpeech:test:Nature_noise:20:5142-33396-0018,test-clean/5142/33396/5142-33396-0018.flac,5142,Nature_noise,20,0.0,"[0,0.25)",681,LibriSpeech:test:Nature_noise:20:237-134493-0000,test-clean/237/134493/237-134493-0000.flac,237,Nature_noise,20,0.1724137931034483,"[0,0.25)",True,True,True,0.1724137931034483,True,True,True,401,492,491,True,True
688,LibriSpeech:test:Nature_noise:20:5142-33396-0018,test-clean/5142/33396/5142-33396-0018.flac,5142,Nature_noise,20,0.0,"[0,0.25)",681,LibriSpeech:test:Nature_noise:20:237-134493-0000,test-clean/237/134493/237-134493-0000.flac,237,Nature_noise,20,0.1724137931034483,"[0,0.25)",True,True,True,0.1724137931034483,True,True,True,503,492,491,True,True
693,LibriSpeech:test:Nature_noise:20:6930-76324-0028,test-clean/6930/76324/6930-76324-0028.flac,6930,Nature_noise,20,0.8663366336633663,"[0.75,1.00]",698,LibriSpeech:test:Nature_noise:20:7176-88083-0001,test-clean/7176/88083/7176-88083-0001.flac,7176,Nature_noise,20,0.8667711598746082,"[0.75,1.00]",True,True,True,0.000434526211241848,True,True,True,101,492,491,True,True
693,LibriSpeech:test:Nature_noise:20:6930-76324-0028,test-clean/6930/76324/6930-76324-0028.flac,6930,Nature_noise,20,0.8663366336633663,"[0.75,1.00]",698,LibriSpeech:test:Nature_noise:20:7176-88083-0001,test-clean/7176/88083/7176-88083-0001.flac,7176,Nature_noise,20,0.8667711598746082,"[0.75,1.00]",True,True,True,0.000434526211241848,True,True,True,211,492,491,True,True
693,LibriSpeech:test:Nature_noise:20:6930-76324-0028,test-clean/6930/76324/6930-76324-0028.flac,6930,Nature_noise,20,0.8663366336633663,"[0.75,1.00]",698,LibriSpeech:test:Nature_noise:20:7176-88083-0001,test-clean/7176/88083/7176-88083-0001.flac,7176,Nature_noise,20,0.8667711598746082,"[0.75,1.00]",True,True,True,0.000434526211241848,True,True,True,307,492,491,True,True
693,LibriSpeech:test:Nature_noise:20:6930-76324-0028,test-clean/6930/76324/6930-76324-0028.flac,6930,Nature_noise,20,0.8663366336633663,"[0.75,1.00]",698,LibriSpeech:test:Nature_noise:20:7176-88083-0001,test-clean/7176/88083/7176-88083-0001.flac,7176,Nature_noise,20,0.8667711598746082,"[0.75,1.00]",True,True,True,0.000434526211241848,True,True,True,401,492,491,True,True
693,LibriSpeech:test:Nature_noise:20:6930-76324-0028,test-clean/6930/76324/6930-76324-0028.flac,6930,Nature_noise,20,0.8663366336633663,"[0.75,1.00]",698,LibriSpeech:test:Nature_noise:20:7176-88083-0001,test-clean/7176/88083/7176-88083-0001.flac,7176,Nature_noise,20,0.8667711598746082,"[0.75,1.00]",True,True,True,0.000434526211241848,True,True,True,503,492,491,True,True
695,LibriSpeech:test:Nature_noise:20:7021-79730-0001,test-clean/7021/79730/7021-79730-0001.flac,7021,Nature_noise,20,0.9140625,"[0.75,1.00]",697,LibriSpeech:test:Nature_noise:20:7021-85628-0020,test-clean/7021/85628/7021-85628-0020.flac,7021,Nature_noise,20,0.9393939393939394,"[0.75,1.00]",True,True,True,0.025331439393939448,True,False,True,101,492,491,True,True
695,LibriSpeech:test:Nature_noise:20:7021-79730-0001,test-clean/7021/79730/7021-79730-0001.flac,7021,Nature_noise,20,0.9140625,"[0.75,1.00]",697,LibriSpeech:test:Nature_noise:20:7021-85628-0020,test-clean/7021/85628/7021-85628-0020.flac,7021,Nature_noise,20,0.9393939393939394,"[0.75,1.00]",True,True,True,0.025331439393939448,True,False,True,211,492,491,True,True
695,LibriSpeech:test:Nature_noise:20:7021-79730-0001,test-clean/7021/79730/7021-79730-0001.flac,7021,Nature_noise,20,0.9140625,"[0.75,1.00]",697,LibriSpeech:test:Nature_noise:20:7021-85628-0020,test-clean/7021/85628/7021-85628-0020.flac,7021,Nature_noise,20,0.9393939393939394,"[0.75,1.00]",True,True,True,0.025331439393939448,True,False,True,307,492,491,True,True
695,LibriSpeech:test:Nature_noise:20:7021-79730-0001,test-clean/7021/79730/7021-79730-0001.flac,7021,Nature_noise,20,0.9140625,"[0.75,1.00]",697,LibriSpeech:test:Nature_noise:20:7021-85628-0020,test-clean/7021/85628/7021-85628-0020.flac,7021,Nature_noise,20,0.9393939393939394,"[0.75,1.00]",True,True,True,0.025331439393939448,True,False,True,401,492,491,True,True
695,LibriSpeech:test:Nature_noise:20:7021-79730-0001,test-clean/7021/79730/7021-79730-0001.flac,7021,Nature_noise,20,0.9140625,"[0.75,1.00]",697,LibriSpeech:test:Nature_noise:20:7021-85628-0020,test-clean/7021/85628/7021-85628-0020.flac,7021,Nature_noise,20,0.9393939393939394,"[0.75,1.00]",True,True,True,0.025331439393939448,True,False,True,503,492,491,True,True
696,LibriSpeech:test:Nature_noise:20:7021-85628-0010,test-clean/7021/85628/7021-85628-0010.flac,7021,Nature_noise,20,0.888095238095238,"[0.75,1.00]",700,LibriSpeech:test:Nature_noise:20:7729-102255-0017,test-clean/7729/102255/7729-102255-0017.flac,7729,Nature_noise,20,0.8734513274336283,"[0.75,1.00]",True,True,True,0.01464391066160975,True,True,True,101,492,491,True,True
696,LibriSpeech:test:Nature_noise:20:7021-85628-0010,test-clean/7021/85628/7021-85628-0010.flac,7021,Nature_noise,20,0.888095238095238,"[0.75,1.00]",700,LibriSpeech:test:Nature_noise:20:7729-102255-0017,test-clean/7729/102255/7729-102255-0017.flac,7729,Nature_noise,20,0.8734513274336283,"[0.75,1.00]",True,True,True,0.01464391066160975,True,True,True,211,492,491,True,True
696,LibriSpeech:test:Nature_noise:20:7021-85628-0010,test-clean/7021/85628/7021-85628-0010.flac,7021,Nature_noise,20,0.888095238095238,"[0.75,1.00]",700,LibriSpeech:test:Nature_noise:20:7729-102255-0017,test-clean/7729/102255/7729-102255-0017.flac,7729,Nature_noise,20,0.8734513274336283,"[0.75,1.00]",True,True,True,0.01464391066160975,True,True,True,307,492,491,True,True
696,LibriSpeech:test:Nature_noise:20:7021-85628-0010,test-clean/7021/85628/7021-85628-0010.flac,7021,Nature_noise,20,0.888095238095238,"[0.75,1.00]",700,LibriSpeech:test:Nature_noise:20:7729-102255-0017,test-clean/7729/102255/7729-102255-0017.flac,7729,Nature_noise,20,0.8734513274336283,"[0.75,1.00]",True,True,True,0.01464391066160975,True,True,True,401,492,491,True,True
696,LibriSpeech:test:Nature_noise:20:7021-85628-0010,test-clean/7021/85628/7021-85628-0010.flac,7021,Nature_noise,20,0.888095238095238,"[0.75,1.00]",700,LibriSpeech:test:Nature_noise:20:7729-102255-0017,test-clean/7729/102255/7729-102255-0017.flac,7729,Nature_noise,20,0.8734513274336283,"[0.75,1.00]",True,True,True,0.01464391066160975,True,True,True,503,492,491,True,True
697,LibriSpeech:test:Nature_noise:20:7021-85628-0020,test-clean/7021/85628/7021-85628-0020.flac,7021,Nature_noise,20,0.9393939393939394,"[0.75,1.00]",695,LibriSpeech:test:Nature_noise:20:7021-79730-0001,test-clean/7021/79730/7021-79730-0001.flac,7021,Nature_noise,20,0.9140625,"[0.75,1.00]",True,True,True,0.025331439393939448,True,False,True,101,492,491,True,True
697,LibriSpeech:test:Nature_noise:20:7021-85628-0020,test-clean/7021/85628/7021-85628-0020.flac,7021,Nature_noise,20,0.9393939393939394,"[0.75,1.00]",695,LibriSpeech:test:Nature_noise:20:7021-79730-0001,test-clean/7021/79730/7021-79730-0001.flac,7021,Nature_noise,20,0.9140625,"[0.75,1.00]",True,True,True,0.025331439393939448,True,False,True,211,492,491,True,True
697,LibriSpeech:test:Nature_noise:20:7021-85628-0020,test-clean/7021/85628/7021-85628-0020.flac,7021,Nature_noise,20,0.9393939393939394,"[0.75,1.00]",695,LibriSpeech:test:Nature_noise:20:7021-79730-0001,test-clean/7021/79730/7021-79730-0001.flac,7021,Nature_noise,20,0.9140625,"[0.75,1.00]",True,True,True,0.025331439393939448,True,False,True,307,492,491,True,True
697,LibriSpeech:test:Nature_noise:20:7021-85628-0020,test-clean/7021/85628/7021-85628-0020.flac,7021,Nature_noise,20,0.9393939393939394,"[0.75,1.00]",695,LibriSpeech:test:Nature_noise:20:7021-79730-0001,test-clean/7021/79730/7021-79730-0001.flac,7021,Nature_noise,20,0.9140625,"[0.75,1.00]",True,True,True,0.025331439393939448,True,False,True,401,492,491,True,True
697,LibriSpeech:test:Nature_noise:20:7021-85628-0020,test-clean/7021/85628/7021-85628-0020.flac,7021,Nature_noise,20,0.9393939393939394,"[0.75,1.00]",695,LibriSpeech:test:Nature_noise:20:7021-79730-0001,test-clean/7021/79730/7021-79730-0001.flac,7021,Nature_noise,20,0.9140625,"[0.75,1.00]",True,True,True,0.025331439393939448,True,False,True,503,492,491,True,True
698,LibriSpeech:test:Nature_noise:20:7176-88083-0001,test-clean/7176/88083/7176-88083-0001.flac,7176,Nature_noise,20,0.8667711598746082,"[0.75,1.00]",693,LibriSpeech:test:Nature_noise:20:6930-76324-0028,test-clean/6930/76324/6930-76324-0028.flac,6930,Nature_noise,20,0.8663366336633663,"[0.75,1.00]",True,True,True,0.000434526211241848,True,True,True,101,492,491,True,True
698,LibriSpeech:test:Nature_noise:20:7176-88083-0001,test-clean/7176/88083/7176-88083-0001.flac,7176,Nature_noise,20,0.8667711598746082,"[0.75,1.00]",693,LibriSpeech:test:Nature_noise:20:6930-76324-0028,test-clean/6930/76324/6930-76324-0028.flac,6930,Nature_noise,20,0.8663366336633663,"[0.75,1.00]",True,True,True,0.000434526211241848,True,True,True,211,492,491,True,True
698,LibriSpeech:test:Nature_noise:20:7176-88083-0001,test-clean/7176/88083/7176-88083-0001.flac,7176,Nature_noise,20,0.8667711598746082,"[0.75,1.00]",693,LibriSpeech:test:Nature_noise:20:6930-76324-0028,test-clean/6930/76324/6930-76324-0028.flac,6930,Nature_noise,20,0.8663366336633663,"[0.75,1.00]",True,True,True,0.000434526211241848,True,True,True,307,492,491,True,True
698,LibriSpeech:test:Nature_noise:20:7176-88083-0001,test-clean/7176/88083/7176-88083-0001.flac,7176,Nature_noise,20,0.8667711598746082,"[0.75,1.00]",693,LibriSpeech:test:Nature_noise:20:6930-76324-0028,test-clean/6930/76324/6930-76324-0028.flac,6930,Nature_noise,20,0.8663366336633663,"[0.75,1.00]",True,True,True,0.000434526211241848,True,True,True,401,492,491,True,True
698,LibriSpeech:test:Nature_noise:20:7176-88083-0001,test-clean/7176/88083/7176-88083-0001.flac,7176,Nature_noise,20,0.8667711598746082,"[0.75,1.00]",693,LibriSpeech:test:Nature_noise:20:6930-76324-0028,test-clean/6930/76324/6930-76324-0028.flac,6930,Nature_noise,20,0.8663366336633663,"[0.75,1.00]",True,True,True,0.000434526211241848,True,True,True,503,492,491,True,True
699,LibriSpeech:test:Nature_noise:20:7729-102255-0017,test-clean/7729/102255/7729-102255-0017.flac,7729,Clean,clean,0.8734513274336283,"[0.75,1.00]",36,LibriSpeech:test:Babble_noise:-5:7021-79740-0011,test-clean/7021/79740/7021-79740-0011.flac,7021,Clean,clean,0.8707692307692307,"[0.75,1.00]",True,True,True,0.0026820966643975597,True,True,True,101,492,491,True,True
699,LibriSpeech:test:Nature_noise:20:7729-102255-0017,test-clean/7729/102255/7729-102255-0017.flac,7729,Clean,clean,0.8734513274336283,"[0.75,1.00]",36,LibriSpeech:test:Babble_noise:-5:7021-79740-0011,test-clean/7021/79740/7021-79740-0011.flac,7021,Clean,clean,0.8707692307692307,"[0.75,1.00]",True,True,True,0.0026820966643975597,True,True,True,211,492,491,True,True
699,LibriSpeech:test:Nature_noise:20:7729-102255-0017,test-clean/7729/102255/7729-102255-0017.flac,7729,Clean,clean,0.8734513274336283,"[0.75,1.00]",36,LibriSpeech:test:Babble_noise:-5:7021-79740-0011,test-clean/7021/79740/7021-79740-0011.flac,7021,Clean,clean,0.8707692307692307,"[0.75,1.00]",True,True,True,0.0026820966643975597,True,True,True,307,492,491,True,True
699,LibriSpeech:test:Nature_noise:20:7729-102255-0017,test-clean/7729/102255/7729-102255-0017.flac,7729,Clean,clean,0.8734513274336283,"[0.75,1.00]",36,LibriSpeech:test:Babble_noise:-5:7021-79740-0011,test-clean/7021/79740/7021-79740-0011.flac,7021,Clean,clean,0.8707692307692307,"[0.75,1.00]",True,True,True,0.0026820966643975597,True,True,True,401,492,491,True,True
699,LibriSpeech:test:Nature_noise:20:7729-102255-0017,test-clean/7729/102255/7729-102255-0017.flac,7729,Clean,clean,0.8734513274336283,"[0.75,1.00]",36,LibriSpeech:test:Babble_noise:-5:7021-79740-0011,test-clean/7021/79740/7021-79740-0011.flac,7021,Clean,clean,0.8707692307692307,"[0.75,1.00]",True,True,True,0.0026820966643975597,True,True,True,503,492,491,True,True
700,LibriSpeech:test:Nature_noise:20:7729-102255-0017,test-clean/7729/102255/7729-102255-0017.flac,7729,Nature_noise,20,0.8734513274336283,"[0.75,1.00]",698,LibriSpeech:test:Nature_noise:20:7176-88083-0001,test-clean/7176/88083/7176-88083-0001.flac,7176,Nature_noise,20,0.8667711598746082,"[0.75,1.00]",True,True,True,0.006680167559020123,True,True,True,101,492,491,True,True
700,LibriSpeech:test:Nature_noise:20:7729-102255-0017,test-clean/7729/102255/7729-102255-0017.flac,7729,Nature_noise,20,0.8734513274336283,"[0.75,1.00]",698,LibriSpeech:test:Nature_noise:20:7176-88083-0001,test-clean/7176/88083/7176-88083-0001.flac,7176,Nature_noise,20,0.8667711598746082,"[0.75,1.00]",True,True,True,0.006680167559020123,True,True,True,211,492,491,True,True
700,LibriSpeech:test:Nature_noise:20:7729-102255-0017,test-clean/7729/102255/7729-102255-0017.flac,7729,Nature_noise,20,0.8734513274336283,"[0.75,1.00]",698,LibriSpeech:test:Nature_noise:20:7176-88083-0001,test-clean/7176/88083/7176-88083-0001.flac,7176,Nature_noise,20,0.8667711598746082,"[0.75,1.00]",True,True,True,0.006680167559020123,True,True,True,307,492,491,True,True
700,LibriSpeech:test:Nature_noise:20:7729-102255-0017,test-clean/7729/102255/7729-102255-0017.flac,7729,Nature_noise,20,0.8734513274336283,"[0.75,1.00]",698,LibriSpeech:test:Nature_noise:20:7176-88083-0001,test-clean/7176/88083/7176-88083-0001.flac,7176,Nature_noise,20,0.8667711598746082,"[0.75,1.00]",True,True,True,0.006680167559020123,True,True,True,401,492,491,True,True
700,LibriSpeech:test:Nature_noise:20:7729-102255-0017,test-clean/7729/102255/7729-102255-0017.flac,7729,Nature_noise,20,0.8734513274336283,"[0.75,1.00]",698,LibriSpeech:test:Nature_noise:20:7176-88083-0001,test-clean/7176/88083/7176-88083-0001.flac,7176,Nature_noise,20,0.8667711598746082,"[0.75,1.00]",True,True,True,0.006680167559020123,True,True,True,503,492,491,True,True
703,LibriSpeech:test:Nature_noise:20:8463-294828-0028,test-clean/8463/294828/8463-294828-0028.flac,8463,Clean,clean,0.8658536585365854,"[0.75,1.00]",377,LibriSpeech:test:SSN_noise:20:2961-960-0006,test-clean/2961/960/2961-960-0006.flac,2961,Clean,clean,0.8656591099916037,"[0.75,1.00]",True,True,True,0.0001945485449816875,True,True,True,101,492,491,True,True
703,LibriSpeech:test:Nature_noise:20:8463-294828-0028,test-clean/8463/294828/8463-294828-0028.flac,8463,Clean,clean,0.8658536585365854,"[0.75,1.00]",377,LibriSpeech:test:SSN_noise:20:2961-960-0006,test-clean/2961/960/2961-960-0006.flac,2961,Clean,clean,0.8656591099916037,"[0.75,1.00]",True,True,True,0.0001945485449816875,True,True,True,211,492,491,True,True
703,LibriSpeech:test:Nature_noise:20:8463-294828-0028,test-clean/8463/294828/8463-294828-0028.flac,8463,Clean,clean,0.8658536585365854,"[0.75,1.00]",377,LibriSpeech:test:SSN_noise:20:2961-960-0006,test-clean/2961/960/2961-960-0006.flac,2961,Clean,clean,0.8656591099916037,"[0.75,1.00]",True,True,True,0.0001945485449816875,True,True,True,307,492,491,True,True
703,LibriSpeech:test:Nature_noise:20:8463-294828-0028,test-clean/8463/294828/8463-294828-0028.flac,8463,Clean,clean,0.8658536585365854,"[0.75,1.00]",377,LibriSpeech:test:SSN_noise:20:2961-960-0006,test-clean/2961/960/2961-960-0006.flac,2961,Clean,clean,0.8656591099916037,"[0.75,1.00]",True,True,True,0.0001945485449816875,True,True,True,401,492,491,True,True
703,LibriSpeech:test:Nature_noise:20:8463-294828-0028,test-clean/8463/294828/8463-294828-0028.flac,8463,Clean,clean,0.8658536585365854,"[0.75,1.00]",377,LibriSpeech:test:SSN_noise:20:2961-960-0006,test-clean/2961/960/2961-960-0006.flac,2961,Clean,clean,0.8656591099916037,"[0.75,1.00]",True,True,True,0.0001945485449816875,True,True,True,503,492,491,True,True
704,LibriSpeech:test:Nature_noise:20:8463-294828-0028,test-clean/8463/294828/8463-294828-0028.flac,8463,Nature_noise,20,0.8658536585365854,"[0.75,1.00]",693,LibriSpeech:test:Nature_noise:20:6930-76324-0028,test-clean/6930/76324/6930-76324-0028.flac,6930,Nature_noise,20,0.8663366336633663,"[0.75,1.00]",True,True,True,0.0004829751267809712,True,True,True,101,492,491,True,True
704,LibriSpeech:test:Nature_noise:20:8463-294828-0028,test-clean/8463/294828/8463-294828-0028.flac,8463,Nature_noise,20,0.8658536585365854,"[0.75,1.00]",693,LibriSpeech:test:Nature_noise:20:6930-76324-0028,test-clean/6930/76324/6930-76324-0028.flac,6930,Nature_noise,20,0.8663366336633663,"[0.75,1.00]",True,True,True,0.0004829751267809712,True,True,True,211,492,491,True,True
704,LibriSpeech:test:Nature_noise:20:8463-294828-0028,test-clean/8463/294828/8463-294828-0028.flac,8463,Nature_noise,20,0.8658536585365854,"[0.75,1.00]",693,LibriSpeech:test:Nature_noise:20:6930-76324-0028,test-clean/6930/76324/6930-76324-0028.flac,6930,Nature_noise,20,0.8663366336633663,"[0.75,1.00]",True,True,True,0.0004829751267809712,True,True,True,307,492,491,True,True
704,LibriSpeech:test:Nature_noise:20:8463-294828-0028,test-clean/8463/294828/8463-294828-0028.flac,8463,Nature_noise,20,0.8658536585365854,"[0.75,1.00]",693,LibriSpeech:test:Nature_noise:20:6930-76324-0028,test-clean/6930/76324/6930-76324-0028.flac,6930,Nature_noise,20,0.8663366336633663,"[0.75,1.00]",True,True,True,0.0004829751267809712,True,True,True,401,492,491,True,True
704,LibriSpeech:test:Nature_noise:20:8463-294828-0028,test-clean/8463/294828/8463-294828-0028.flac,8463,Nature_noise,20,0.8658536585365854,"[0.75,1.00]",693,LibriSpeech:test:Nature_noise:20:6930-76324-0028,test-clean/6930/76324/6930-76324-0028.flac,6930,Nature_noise,20,0.8663366336633663,"[0.75,1.00]",True,True,True,0.0004829751267809712,True,True,True,503,492,491,True,True
707,LibriSpeech:test:Office_noise:-5:2094-142345-0029,test-clean/2094/142345/2094-142345-0029.flac,2094,Office_noise,-5,0.7494692144373672,"[0.50,0.75)",725,LibriSpeech:test:Office_noise:-5:908-31957-0016,test-clean/908/31957/908-31957-0016.flac,908,Office_noise,-5,0.6217228464419475,"[0.50,0.75)",True,True,True,0.12774636799541972,True,True,True,101,492,491,True,True
707,LibriSpeech:test:Office_noise:-5:2094-142345-0029,test-clean/2094/142345/2094-142345-0029.flac,2094,Office_noise,-5,0.7494692144373672,"[0.50,0.75)",725,LibriSpeech:test:Office_noise:-5:908-31957-0016,test-clean/908/31957/908-31957-0016.flac,908,Office_noise,-5,0.6217228464419475,"[0.50,0.75)",True,True,True,0.12774636799541972,True,True,True,211,492,491,True,True
707,LibriSpeech:test:Office_noise:-5:2094-142345-0029,test-clean/2094/142345/2094-142345-0029.flac,2094,Office_noise,-5,0.7494692144373672,"[0.50,0.75)",725,LibriSpeech:test:Office_noise:-5:908-31957-0016,test-clean/908/31957/908-31957-0016.flac,908,Office_noise,-5,0.6217228464419475,"[0.50,0.75)",True,True,True,0.12774636799541972,True,True,True,307,492,491,True,True
707,LibriSpeech:test:Office_noise:-5:2094-142345-0029,test-clean/2094/142345/2094-142345-0029.flac,2094,Office_noise,-5,0.7494692144373672,"[0.50,0.75)",725,LibriSpeech:test:Office_noise:-5:908-31957-0016,test-clean/908/31957/908-31957-0016.flac,908,Office_noise,-5,0.6217228464419475,"[0.50,0.75)",True,True,True,0.12774636799541972,True,True,True,401,492,491,True,True
707,LibriSpeech:test:Office_noise:-5:2094-142345-0029,test-clean/2094/142345/2094-142345-0029.flac,2094,Office_noise,-5,0.7494692144373672,"[0.50,0.75)",725,LibriSpeech:test:Office_noise:-5:908-31957-0016,test-clean/908/31957/908-31957-0016.flac,908,Office_noise,-5,0.6217228464419475,"[0.50,0.75)",True,True,True,0.12774636799541972,True,True,True,503,492,491,True,True
708,LibriSpeech:test:Office_noise:-5:2300-131720-0028,test-clean/2300/131720/2300-131720-0028.flac,2300,Office_noise,-5,0.8590149118843199,"[0.75,1.00]",718,LibriSpeech:test:Office_noise:-5:7176-88083-0001,test-clean/7176/88083/7176-88083-0001.flac,7176,Office_noise,-5,0.8667711598746082,"[0.75,1.00]",True,True,True,0.00775624799028829,True,True,True,101,492,491,True,True
708,LibriSpeech:test:Office_noise:-5:2300-131720-0028,test-clean/2300/131720/2300-131720-0028.flac,2300,Office_noise,-5,0.8590149118843199,"[0.75,1.00]",718,LibriSpeech:test:Office_noise:-5:7176-88083-0001,test-clean/7176/88083/7176-88083-0001.flac,7176,Office_noise,-5,0.8667711598746082,"[0.75,1.00]",True,True,True,0.00775624799028829,True,True,True,211,492,491,True,True
708,LibriSpeech:test:Office_noise:-5:2300-131720-0028,test-clean/2300/131720/2300-131720-0028.flac,2300,Office_noise,-5,0.8590149118843199,"[0.75,1.00]",718,LibriSpeech:test:Office_noise:-5:7176-88083-0001,test-clean/7176/88083/7176-88083-0001.flac,7176,Office_noise,-5,0.8667711598746082,"[0.75,1.00]",True,True,True,0.00775624799028829,True,True,True,307,492,491,True,True
708,LibriSpeech:test:Office_noise:-5:2300-131720-0028,test-clean/2300/131720/2300-131720-0028.flac,2300,Office_noise,-5,0.8590149118843199,"[0.75,1.00]",718,LibriSpeech:test:Office_noise:-5:7176-88083-0001,test-clean/7176/88083/7176-88083-0001.flac,7176,Office_noise,-5,0.8667711598746082,"[0.75,1.00]",True,True,True,0.00775624799028829,True,True,True,401,492,491,True,True
708,LibriSpeech:test:Office_noise:-5:2300-131720-0028,test-clean/2300/131720/2300-131720-0028.flac,2300,Office_noise,-5,0.8590149118843199,"[0.75,1.00]",718,LibriSpeech:test:Office_noise:-5:7176-88083-0001,test-clean/7176/88083/7176-88083-0001.flac,7176,Office_noise,-5,0.8667711598746082,"[0.75,1.00]",True,True,True,0.00775624799028829,True,True,True,503,492,491,True,True
718,LibriSpeech:test:Office_noise:-5:7176-88083-0001,test-clean/7176/88083/7176-88083-0001.flac,7176,Office_noise,-5,0.8667711598746082,"[0.75,1.00]",708,LibriSpeech:test:Office_noise:-5:2300-131720-0028,test-clean/2300/131720/2300-131720-0028.flac,2300,Office_noise,-5,0.8590149118843199,"[0.75,1.00]",True,True,True,0.00775624799028829,True,True,True,101,492,491,True,True
718,LibriSpeech:test:Office_noise:-5:7176-88083-0001,test-clean/7176/88083/7176-88083-0001.flac,7176,Office_noise,-5,0.8667711598746082,"[0.75,1.00]",708,LibriSpeech:test:Office_noise:-5:2300-131720-0028,test-clean/2300/131720/2300-131720-0028.flac,2300,Office_noise,-5,0.8590149118843199,"[0.75,1.00]",True,True,True,0.00775624799028829,True,True,True,211,492,491,True,True
718,LibriSpeech:test:Office_noise:-5:7176-88083-0001,test-clean/7176/88083/7176-88083-0001.flac,7176,Office_noise,-5,0.8667711598746082,"[0.75,1.00]",708,LibriSpeech:test:Office_noise:-5:2300-131720-0028,test-clean/2300/131720/2300-131720-0028.flac,2300,Office_noise,-5,0.8590149118843199,"[0.75,1.00]",True,True,True,0.00775624799028829,True,True,True,307,492,491,True,True
718,LibriSpeech:test:Office_noise:-5:7176-88083-0001,test-clean/7176/88083/7176-88083-0001.flac,7176,Office_noise,-5,0.8667711598746082,"[0.75,1.00]",708,LibriSpeech:test:Office_noise:-5:2300-131720-0028,test-clean/2300/131720/2300-131720-0028.flac,2300,Office_noise,-5,0.8590149118843199,"[0.75,1.00]",True,True,True,0.00775624799028829,True,True,True,401,492,491,True,True
718,LibriSpeech:test:Office_noise:-5:7176-88083-0001,test-clean/7176/88083/7176-88083-0001.flac,7176,Office_noise,-5,0.8667711598746082,"[0.75,1.00]",708,LibriSpeech:test:Office_noise:-5:2300-131720-0028,test-clean/2300/131720/2300-131720-0028.flac,2300,Office_noise,-5,0.8590149118843199,"[0.75,1.00]",True,True,True,0.00775624799028829,True,True,True,503,492,491,True,True
719,LibriSpeech:test:Office_noise:-5:7176-92135-0003,test-clean/7176/92135/7176-92135-0003.flac,7176,Office_noise,-5,0.0,"[0,0.25)",725,LibriSpeech:test:Office_noise:-5:908-31957-0016,test-clean/908/31957/908-31957-0016.flac,908,Office_noise,-5,0.6217228464419475,"[0.50,0.75)",True,True,False,0.6217228464419475,True,True,True,101,492,491,True,True
719,LibriSpeech:test:Office_noise:-5:7176-92135-0003,test-clean/7176/92135/7176-92135-0003.flac,7176,Office_noise,-5,0.0,"[0,0.25)",725,LibriSpeech:test:Office_noise:-5:908-31957-0016,test-clean/908/31957/908-31957-0016.flac,908,Office_noise,-5,0.6217228464419475,"[0.50,0.75)",True,True,False,0.6217228464419475,True,True,True,211,492,491,True,True
719,LibriSpeech:test:Office_noise:-5:7176-92135-0003,test-clean/7176/92135/7176-92135-0003.flac,7176,Office_noise,-5,0.0,"[0,0.25)",725,LibriSpeech:test:Office_noise:-5:908-31957-0016,test-clean/908/31957/908-31957-0016.flac,908,Office_noise,-5,0.6217228464419475,"[0.50,0.75)",True,True,False,0.6217228464419475,True,True,True,307,492,491,True,True
719,LibriSpeech:test:Office_noise:-5:7176-92135-0003,test-clean/7176/92135/7176-92135-0003.flac,7176,Office_noise,-5,0.0,"[0,0.25)",725,LibriSpeech:test:Office_noise:-5:908-31957-0016,test-clean/908/31957/908-31957-0016.flac,908,Office_noise,-5,0.6217228464419475,"[0.50,0.75)",True,True,False,0.6217228464419475,True,True,True,401,492,491,True,True
719,LibriSpeech:test:Office_noise:-5:7176-92135-0003,test-clean/7176/92135/7176-92135-0003.flac,7176,Office_noise,-5,0.0,"[0,0.25)",725,LibriSpeech:test:Office_noise:-5:908-31957-0016,test-clean/908/31957/908-31957-0016.flac,908,Office_noise,-5,0.6217228464419475,"[0.50,0.75)",True,True,False,0.6217228464419475,True,True,True,503,492,491,True,True
720,LibriSpeech:test:Office_noise:-5:8224-274384-0012,test-clean/8224/274384/8224-274384-0012.flac,8224,Office_noise,-5,0.8150134048257373,"[0.75,1.00]",708,LibriSpeech:test:Office_noise:-5:2300-131720-0028,test-clean/2300/131720/2300-131720-0028.flac,2300,Office_noise,-5,0.8590149118843199,"[0.75,1.00]",True,True,True,0.044001507058582634,True,True,True,101,492,491,True,True
720,LibriSpeech:test:Office_noise:-5:8224-274384-0012,test-clean/8224/274384/8224-274384-0012.flac,8224,Office_noise,-5,0.8150134048257373,"[0.75,1.00]",708,LibriSpeech:test:Office_noise:-5:2300-131720-0028,test-clean/2300/131720/2300-131720-0028.flac,2300,Office_noise,-5,0.8590149118843199,"[0.75,1.00]",True,True,True,0.044001507058582634,True,True,True,211,492,491,True,True
720,LibriSpeech:test:Office_noise:-5:8224-274384-0012,test-clean/8224/274384/8224-274384-0012.flac,8224,Office_noise,-5,0.8150134048257373,"[0.75,1.00]",708,LibriSpeech:test:Office_noise:-5:2300-131720-0028,test-clean/2300/131720/2300-131720-0028.flac,2300,Office_noise,-5,0.8590149118843199,"[0.75,1.00]",True,True,True,0.044001507058582634,True,True,True,307,492,491,True,True
720,LibriSpeech:test:Office_noise:-5:8224-274384-0012,test-clean/8224/274384/8224-274384-0012.flac,8224,Office_noise,-5,0.8150134048257373,"[0.75,1.00]",708,LibriSpeech:test:Office_noise:-5:2300-131720-0028,test-clean/2300/131720/2300-131720-0028.flac,2300,Office_noise,-5,0.8590149118843199,"[0.75,1.00]",True,True,True,0.044001507058582634,True,True,True,401,492,491,True,True
720,LibriSpeech:test:Office_noise:-5:8224-274384-0012,test-clean/8224/274384/8224-274384-0012.flac,8224,Office_noise,-5,0.8150134048257373,"[0.75,1.00]",708,LibriSpeech:test:Office_noise:-5:2300-131720-0028,test-clean/2300/131720/2300-131720-0028.flac,2300,Office_noise,-5,0.8590149118843199,"[0.75,1.00]",True,True,True,0.044001507058582634,True,True,True,503,492,491,True,True
722,LibriSpeech:test:Office_noise:-5:8230-279154-0018,test-clean/8230/279154/8230-279154-0018.flac,8230,Clean,clean,0.9290161892901619,"[0.75,1.00]",1284,LibriSpeech:test:City_noise:10:5142-33396-0068,test-clean/5142/33396/5142-33396-0068.flac,5142,Clean,clean,0.9285714285714286,"[0.75,1.00]",True,True,True,0.0004447607187333391,True,True,True,101,492,491,True,True
722,LibriSpeech:test:Office_noise:-5:8230-279154-0018,test-clean/8230/279154/8230-279154-0018.flac,8230,Clean,clean,0.9290161892901619,"[0.75,1.00]",1284,LibriSpeech:test:City_noise:10:5142-33396-0068,test-clean/5142/33396/5142-33396-0068.flac,5142,Clean,clean,0.9285714285714286,"[0.75,1.00]",True,True,True,0.0004447607187333391,True,True,True,211,492,491,True,True
722,LibriSpeech:test:Office_noise:-5:8230-279154-0018,test-clean/8230/279154/8230-279154-0018.flac,8230,Clean,clean,0.9290161892901619,"[0.75,1.00]",1284,LibriSpeech:test:City_noise:10:5142-33396-0068,test-clean/5142/33396/5142-33396-0068.flac,5142,Clean,clean,0.9285714285714286,"[0.75,1.00]",True,True,True,0.0004447607187333391,True,True,True,307,492,491,True,True
722,LibriSpeech:test:Office_noise:-5:8230-279154-0018,test-clean/8230/279154/8230-279154-0018.flac,8230,Clean,clean,0.9290161892901619,"[0.75,1.00]",1284,LibriSpeech:test:City_noise:10:5142-33396-0068,test-clean/5142/33396/5142-33396-0068.flac,5142,Clean,clean,0.9285714285714286,"[0.75,1.00]",True,True,True,0.0004447607187333391,True,True,True,401,492,491,True,True
722,LibriSpeech:test:Office_noise:-5:8230-279154-0018,test-clean/8230/279154/8230-279154-0018.flac,8230,Clean,clean,0.9290161892901619,"[0.75,1.00]",1284,LibriSpeech:test:City_noise:10:5142-33396-0068,test-clean/5142/33396/5142-33396-0068.flac,5142,Clean,clean,0.9285714285714286,"[0.75,1.00]",True,True,True,0.0004447607187333391,True,True,True,503,492,491,True,True
723,LibriSpeech:test:Office_noise:-5:8230-279154-0018,test-clean/8230/279154/8230-279154-0018.flac,8230,Office_noise,-5,0.9290161892901619,"[0.75,1.00]",724,LibriSpeech:test:Office_noise:-5:8463-287645-0013,test-clean/8463/287645/8463-287645-0013.flac,8463,Office_noise,-5,0.9368421052631579,"[0.75,1.00]",True,True,True,0.007825915972995978,True,True,True,101,492,491,True,True
723,LibriSpeech:test:Office_noise:-5:8230-279154-0018,test-clean/8230/279154/8230-279154-0018.flac,8230,Office_noise,-5,0.9290161892901619,"[0.75,1.00]",724,LibriSpeech:test:Office_noise:-5:8463-287645-0013,test-clean/8463/287645/8463-287645-0013.flac,8463,Office_noise,-5,0.9368421052631579,"[0.75,1.00]",True,True,True,0.007825915972995978,True,True,True,211,492,491,True,True
723,LibriSpeech:test:Office_noise:-5:8230-279154-0018,test-clean/8230/279154/8230-279154-0018.flac,8230,Office_noise,-5,0.9290161892901619,"[0.75,1.00]",724,LibriSpeech:test:Office_noise:-5:8463-287645-0013,test-clean/8463/287645/8463-287645-0013.flac,8463,Office_noise,-5,0.9368421052631579,"[0.75,1.00]",True,True,True,0.007825915972995978,True,True,True,307,492,491,True,True
723,LibriSpeech:test:Office_noise:-5:8230-279154-0018,test-clean/8230/279154/8230-279154-0018.flac,8230,Office_noise,-5,0.9290161892901619,"[0.75,1.00]",724,LibriSpeech:test:Office_noise:-5:8463-287645-0013,test-clean/8463/287645/8463-287645-0013.flac,8463,Office_noise,-5,0.9368421052631579,"[0.75,1.00]",True,True,True,0.007825915972995978,True,True,True,401,492,491,True,True
723,LibriSpeech:test:Office_noise:-5:8230-279154-0018,test-clean/8230/279154/8230-279154-0018.flac,8230,Office_noise,-5,0.9290161892901619,"[0.75,1.00]",724,LibriSpeech:test:Office_noise:-5:8463-287645-0013,test-clean/8463/287645/8463-287645-0013.flac,8463,Office_noise,-5,0.9368421052631579,"[0.75,1.00]",True,True,True,0.007825915972995978,True,True,True,503,492,491,True,True
724,LibriSpeech:test:Office_noise:-5:8463-287645-0013,test-clean/8463/287645/8463-287645-0013.flac,8463,Office_noise,-5,0.9368421052631579,"[0.75,1.00]",723,LibriSpeech:test:Office_noise:-5:8230-279154-0018,test-clean/8230/279154/8230-279154-0018.flac,8230,Office_noise,-5,0.9290161892901619,"[0.75,1.00]",True,True,True,0.007825915972995978,True,True,True,101,492,491,True,True
724,LibriSpeech:test:Office_noise:-5:8463-287645-0013,test-clean/8463/287645/8463-287645-0013.flac,8463,Office_noise,-5,0.9368421052631579,"[0.75,1.00]",723,LibriSpeech:test:Office_noise:-5:8230-279154-0018,test-clean/8230/279154/8230-279154-0018.flac,8230,Office_noise,-5,0.9290161892901619,"[0.75,1.00]",True,True,True,0.007825915972995978,True,True,True,211,492,491,True,True
724,LibriSpeech:test:Office_noise:-5:8463-287645-0013,test-clean/8463/287645/8463-287645-0013.flac,8463,Office_noise,-5,0.9368421052631579,"[0.75,1.00]",723,LibriSpeech:test:Office_noise:-5:8230-279154-0018,test-clean/8230/279154/8230-279154-0018.flac,8230,Office_noise,-5,0.9290161892901619,"[0.75,1.00]",True,True,True,0.007825915972995978,True,True,True,307,492,491,True,True
724,LibriSpeech:test:Office_noise:-5:8463-287645-0013,test-clean/8463/287645/8463-287645-0013.flac,8463,Office_noise,-5,0.9368421052631579,"[0.75,1.00]",723,LibriSpeech:test:Office_noise:-5:8230-279154-0018,test-clean/8230/279154/8230-279154-0018.flac,8230,Office_noise,-5,0.9290161892901619,"[0.75,1.00]",True,True,True,0.007825915972995978,True,True,True,401,492,491,True,True
724,LibriSpeech:test:Office_noise:-5:8463-287645-0013,test-clean/8463/287645/8463-287645-0013.flac,8463,Office_noise,-5,0.9368421052631579,"[0.75,1.00]",723,LibriSpeech:test:Office_noise:-5:8230-279154-0018,test-clean/8230/279154/8230-279154-0018.flac,8230,Office_noise,-5,0.9290161892901619,"[0.75,1.00]",True,True,True,0.007825915972995978,True,True,True,503,492,491,True,True
725,LibriSpeech:test:Office_noise:-5:908-31957-0016,test-clean/908/31957/908-31957-0016.flac,908,Office_noise,-5,0.6217228464419475,"[0.50,0.75)",707,LibriSpeech:test:Office_noise:-5:2094-142345-0029,test-clean/2094/142345/2094-142345-0029.flac,2094,Office_noise,-5,0.7494692144373672,"[0.50,0.75)",True,True,True,0.12774636799541972,True,True,True,101,492,491,True,True
725,LibriSpeech:test:Office_noise:-5:908-31957-0016,test-clean/908/31957/908-31957-0016.flac,908,Office_noise,-5,0.6217228464419475,"[0.50,0.75)",707,LibriSpeech:test:Office_noise:-5:2094-142345-0029,test-clean/2094/142345/2094-142345-0029.flac,2094,Office_noise,-5,0.7494692144373672,"[0.50,0.75)",True,True,True,0.12774636799541972,True,True,True,211,492,491,True,True
725,LibriSpeech:test:Office_noise:-5:908-31957-0016,test-clean/908/31957/908-31957-0016.flac,908,Office_noise,-5,0.6217228464419475,"[0.50,0.75)",707,LibriSpeech:test:Office_noise:-5:2094-142345-0029,test-clean/2094/142345/2094-142345-0029.flac,2094,Office_noise,-5,0.7494692144373672,"[0.50,0.75)",True,True,True,0.12774636799541972,True,True,True,307,492,491,True,True
725,LibriSpeech:test:Office_noise:-5:908-31957-0016,test-clean/908/31957/908-31957-0016.flac,908,Office_noise,-5,0.6217228464419475,"[0.50,0.75)",707,LibriSpeech:test:Office_noise:-5:2094-142345-0029,test-clean/2094/142345/2094-142345-0029.flac,2094,Office_noise,-5,0.7494692144373672,"[0.50,0.75)",True,True,True,0.12774636799541972,True,True,True,401,492,491,True,True
725,LibriSpeech:test:Office_noise:-5:908-31957-0016,test-clean/908/31957/908-31957-0016.flac,908,Office_noise,-5,0.6217228464419475,"[0.50,0.75)",707,LibriSpeech:test:Office_noise:-5:2094-142345-0029,test-clean/2094/142345/2094-142345-0029.flac,2094,Office_noise,-5,0.7494692144373672,"[0.50,0.75)",True,True,True,0.12774636799541972,True,True,True,503,492,491,True,True
728,LibriSpeech:test:Office_noise:0:1320-122612-0015,test-clean/1320/122612/1320-122612-0015.flac,1320,Office_noise,0,0.8132295719844358,"[0.75,1.00]",733,LibriSpeech:test:Office_noise:0:237-134500-0021,test-clean/237/134500/237-134500-0021.flac,237,Office_noise,0,0.816793893129771,"[0.75,1.00]",True,True,True,0.0035643211453352253,True,True,True,101,492,491,True,True
728,LibriSpeech:test:Office_noise:0:1320-122612-0015,test-clean/1320/122612/1320-122612-0015.flac,1320,Office_noise,0,0.8132295719844358,"[0.75,1.00]",733,LibriSpeech:test:Office_noise:0:237-134500-0021,test-clean/237/134500/237-134500-0021.flac,237,Office_noise,0,0.816793893129771,"[0.75,1.00]",True,True,True,0.0035643211453352253,True,True,True,211,492,491,True,True
728,LibriSpeech:test:Office_noise:0:1320-122612-0015,test-clean/1320/122612/1320-122612-0015.flac,1320,Office_noise,0,0.8132295719844358,"[0.75,1.00]",733,LibriSpeech:test:Office_noise:0:237-134500-0021,test-clean/237/134500/237-134500-0021.flac,237,Office_noise,0,0.816793893129771,"[0.75,1.00]",True,True,True,0.0035643211453352253,True,True,True,307,492,491,True,True
728,LibriSpeech:test:Office_noise:0:1320-122612-0015,test-clean/1320/122612/1320-122612-0015.flac,1320,Office_noise,0,0.8132295719844358,"[0.75,1.00]",733,LibriSpeech:test:Office_noise:0:237-134500-0021,test-clean/237/134500/237-134500-0021.flac,237,Office_noise,0,0.816793893129771,"[0.75,1.00]",True,True,True,0.0035643211453352253,True,True,True,401,492,491,True,True
728,LibriSpeech:test:Office_noise:0:1320-122612-0015,test-clean/1320/122612/1320-122612-0015.flac,1320,Office_noise,0,0.8132295719844358,"[0.75,1.00]",733,LibriSpeech:test:Office_noise:0:237-134500-0021,test-clean/237/134500/237-134500-0021.flac,237,Office_noise,0,0.816793893129771,"[0.75,1.00]",True,True,True,0.0035643211453352253,True,True,True,503,492,491,True,True
731,LibriSpeech:test:Office_noise:0:2300-131720-0018,test-clean/2300/131720/2300-131720-0018.flac,2300,Clean,clean,0.8808705612829324,"[0.75,1.00]",583,LibriSpeech:test:Nature_noise:0:1320-122617-0018,test-clean/1320/122617/1320-122617-0018.flac,1320,Clean,clean,0.8809523809523809,"[0.75,1.00]",True,True,True,8.181966944853514e-05,True,True,True,101,492,491,True,True
731,LibriSpeech:test:Office_noise:0:2300-131720-0018,test-clean/2300/131720/2300-131720-0018.flac,2300,Clean,clean,0.8808705612829324,"[0.75,1.00]",583,LibriSpeech:test:Nature_noise:0:1320-122617-0018,test-clean/1320/122617/1320-122617-0018.flac,1320,Clean,clean,0.8809523809523809,"[0.75,1.00]",True,True,True,8.181966944853514e-05,True,True,True,211,492,491,True,True
731,LibriSpeech:test:Office_noise:0:2300-131720-0018,test-clean/2300/131720/2300-131720-0018.flac,2300,Clean,clean,0.8808705612829324,"[0.75,1.00]",583,LibriSpeech:test:Nature_noise:0:1320-122617-0018,test-clean/1320/122617/1320-122617-0018.flac,1320,Clean,clean,0.8809523809523809,"[0.75,1.00]",True,True,True,8.181966944853514e-05,True,True,True,307,492,491,True,True
731,LibriSpeech:test:Office_noise:0:2300-131720-0018,test-clean/2300/131720/2300-131720-0018.flac,2300,Clean,clean,0.8808705612829324,"[0.75,1.00]",583,LibriSpeech:test:Nature_noise:0:1320-122617-0018,test-clean/1320/122617/1320-122617-0018.flac,1320,Clean,clean,0.8809523809523809,"[0.75,1.00]",True,True,True,8.181966944853514e-05,True,True,True,401,492,491,True,True
731,LibriSpeech:test:Office_noise:0:2300-131720-0018,test-clean/2300/131720/2300-131720-0018.flac,2300,Clean,clean,0.8808705612829324,"[0.75,1.00]",583,LibriSpeech:test:Nature_noise:0:1320-122617-0018,test-clean/1320/122617/1320-122617-0018.flac,1320,Clean,clean,0.8809523809523809,"[0.75,1.00]",True,True,True,8.181966944853514e-05,True,True,True,503,492,491,True,True
732,LibriSpeech:test:Office_noise:0:2300-131720-0018,test-clean/2300/131720/2300-131720-0018.flac,2300,Office_noise,0,0.8808705612829324,"[0.75,1.00]",746,LibriSpeech:test:Office_noise:0:7176-88083-0021,test-clean/7176/88083/7176-88083-0021.flac,7176,Office_noise,0,0.8850967007963595,"[0.75,1.00]",True,True,True,0.004226139513427096,True,True,True,101,492,491,True,True
732,LibriSpeech:test:Office_noise:0:2300-131720-0018,test-clean/2300/131720/2300-131720-0018.flac,2300,Office_noise,0,0.8808705612829324,"[0.75,1.00]",746,LibriSpeech:test:Office_noise:0:7176-88083-0021,test-clean/7176/88083/7176-88083-0021.flac,7176,Office_noise,0,0.8850967007963595,"[0.75,1.00]",True,True,True,0.004226139513427096,True,True,True,211,492,491,True,True
732,LibriSpeech:test:Office_noise:0:2300-131720-0018,test-clean/2300/131720/2300-131720-0018.flac,2300,Office_noise,0,0.8808705612829324,"[0.75,1.00]",746,LibriSpeech:test:Office_noise:0:7176-88083-0021,test-clean/7176/88083/7176-88083-0021.flac,7176,Office_noise,0,0.8850967007963595,"[0.75,1.00]",True,True,True,0.004226139513427096,True,True,True,307,492,491,True,True
732,LibriSpeech:test:Office_noise:0:2300-131720-0018,test-clean/2300/131720/2300-131720-0018.flac,2300,Office_noise,0,0.8808705612829324,"[0.75,1.00]",746,LibriSpeech:test:Office_noise:0:7176-88083-0021,test-clean/7176/88083/7176-88083-0021.flac,7176,Office_noise,0,0.8850967007963595,"[0.75,1.00]",True,True,True,0.004226139513427096,True,True,True,401,492,491,True,True
732,LibriSpeech:test:Office_noise:0:2300-131720-0018,test-clean/2300/131720/2300-131720-0018.flac,2300,Office_noise,0,0.8808705612829324,"[0.75,1.00]",746,LibriSpeech:test:Office_noise:0:7176-88083-0021,test-clean/7176/88083/7176-88083-0021.flac,7176,Office_noise,0,0.8850967007963595,"[0.75,1.00]",True,True,True,0.004226139513427096,True,True,True,503,492,491,True,True
733,LibriSpeech:test:Office_noise:0:237-134500-0021,test-clean/237/134500/237-134500-0021.flac,237,Office_noise,0,0.816793893129771,"[0.75,1.00]",728,LibriSpeech:test:Office_noise:0:1320-122612-0015,test-clean/1320/122612/1320-122612-0015.flac,1320,Office_noise,0,0.8132295719844358,"[0.75,1.00]",True,True,True,0.0035643211453352253,True,True,True,101,492,491,True,True
733,LibriSpeech:test:Office_noise:0:237-134500-0021,test-clean/237/134500/237-134500-0021.flac,237,Office_noise,0,0.816793893129771,"[0.75,1.00]",728,LibriSpeech:test:Office_noise:0:1320-122612-0015,test-clean/1320/122612/1320-122612-0015.flac,1320,Office_noise,0,0.8132295719844358,"[0.75,1.00]",True,True,True,0.0035643211453352253,True,True,True,211,492,491,True,True
733,LibriSpeech:test:Office_noise:0:237-134500-0021,test-clean/237/134500/237-134500-0021.flac,237,Office_noise,0,0.816793893129771,"[0.75,1.00]",728,LibriSpeech:test:Office_noise:0:1320-122612-0015,test-clean/1320/122612/1320-122612-0015.flac,1320,Office_noise,0,0.8132295719844358,"[0.75,1.00]",True,True,True,0.0035643211453352253,True,True,True,307,492,491,True,True
733,LibriSpeech:test:Office_noise:0:237-134500-0021,test-clean/237/134500/237-134500-0021.flac,237,Office_noise,0,0.816793893129771,"[0.75,1.00]",728,LibriSpeech:test:Office_noise:0:1320-122612-0015,test-clean/1320/122612/1320-122612-0015.flac,1320,Office_noise,0,0.8132295719844358,"[0.75,1.00]",True,True,True,0.0035643211453352253,True,True,True,401,492,491,True,True
733,LibriSpeech:test:Office_noise:0:237-134500-0021,test-clean/237/134500/237-134500-0021.flac,237,Office_noise,0,0.816793893129771,"[0.75,1.00]",728,LibriSpeech:test:Office_noise:0:1320-122612-0015,test-clean/1320/122612/1320-122612-0015.flac,1320,Office_noise,0,0.8132295719844358,"[0.75,1.00]",True,True,True,0.0035643211453352253,True,True,True,503,492,491,True,True
742,LibriSpeech:test:Office_noise:0:6930-76324-0008,test-clean/6930/76324/6930-76324-0008.flac,6930,Office_noise,0,0.9124087591240876,"[0.75,1.00]",747,LibriSpeech:test:Office_noise:0:8463-294828-0038,test-clean/8463/294828/8463-294828-0038.flac,8463,Office_noise,0,0.9142550911039657,"[0.75,1.00]",True,True,True,0.0018463319798781574,True,True,True,101,492,491,True,True
742,LibriSpeech:test:Office_noise:0:6930-76324-0008,test-clean/6930/76324/6930-76324-0008.flac,6930,Office_noise,0,0.9124087591240876,"[0.75,1.00]",747,LibriSpeech:test:Office_noise:0:8463-294828-0038,test-clean/8463/294828/8463-294828-0038.flac,8463,Office_noise,0,0.9142550911039657,"[0.75,1.00]",True,True,True,0.0018463319798781574,True,True,True,211,492,491,True,True
742,LibriSpeech:test:Office_noise:0:6930-76324-0008,test-clean/6930/76324/6930-76324-0008.flac,6930,Office_noise,0,0.9124087591240876,"[0.75,1.00]",747,LibriSpeech:test:Office_noise:0:8463-294828-0038,test-clean/8463/294828/8463-294828-0038.flac,8463,Office_noise,0,0.9142550911039657,"[0.75,1.00]",True,True,True,0.0018463319798781574,True,True,True,307,492,491,True,True
742,LibriSpeech:test:Office_noise:0:6930-76324-0008,test-clean/6930/76324/6930-76324-0008.flac,6930,Office_noise,0,0.9124087591240876,"[0.75,1.00]",747,LibriSpeech:test:Office_noise:0:8463-294828-0038,test-clean/8463/294828/8463-294828-0038.flac,8463,Office_noise,0,0.9142550911039657,"[0.75,1.00]",True,True,True,0.0018463319798781574,True,True,True,401,492,491,True,True
742,LibriSpeech:test:Office_noise:0:6930-76324-0008,test-clean/6930/76324/6930-76324-0008.flac,6930,Office_noise,0,0.9124087591240876,"[0.75,1.00]",747,LibriSpeech:test:Office_noise:0:8463-294828-0038,test-clean/8463/294828/8463-294828-0038.flac,8463,Office_noise,0,0.9142550911039657,"[0.75,1.00]",True,True,True,0.0018463319798781574,True,True,True,503,492,491,True,True
744,LibriSpeech:test:Office_noise:0:7021-79740-0001,test-clean/7021/79740/7021-79740-0001.flac,7021,Clean,clean,0.8577981651376146,"[0.75,1.00]",224,LibriSpeech:test:SSN_noise:-5:2300-131720-0028,test-clean/2300/131720/2300-131720-0028.flac,2300,Clean,clean,0.8590149118843199,"[0.75,1.00]",True,True,True,0.001216746746705244,True,True,True,101,492,491,True,True
744,LibriSpeech:test:Office_noise:0:7021-79740-0001,test-clean/7021/79740/7021-79740-0001.flac,7021,Clean,clean,0.8577981651376146,"[0.75,1.00]",224,LibriSpeech:test:SSN_noise:-5:2300-131720-0028,test-clean/2300/131720/2300-131720-0028.flac,2300,Clean,clean,0.8590149118843199,"[0.75,1.00]",True,True,True,0.001216746746705244,True,True,True,211,492,491,True,True
744,LibriSpeech:test:Office_noise:0:7021-79740-0001,test-clean/7021/79740/7021-79740-0001.flac,7021,Clean,clean,0.8577981651376146,"[0.75,1.00]",224,LibriSpeech:test:SSN_noise:-5:2300-131720-0028,test-clean/2300/131720/2300-131720-0028.flac,2300,Clean,clean,0.8590149118843199,"[0.75,1.00]",True,True,True,0.001216746746705244,True,True,True,307,492,491,True,True
744,LibriSpeech:test:Office_noise:0:7021-79740-0001,test-clean/7021/79740/7021-79740-0001.flac,7021,Clean,clean,0.8577981651376146,"[0.75,1.00]",224,LibriSpeech:test:SSN_noise:-5:2300-131720-0028,test-clean/2300/131720/2300-131720-0028.flac,2300,Clean,clean,0.8590149118843199,"[0.75,1.00]",True,True,True,0.001216746746705244,True,True,True,401,492,491,True,True
744,LibriSpeech:test:Office_noise:0:7021-79740-0001,test-clean/7021/79740/7021-79740-0001.flac,7021,Clean,clean,0.8577981651376146,"[0.75,1.00]",224,LibriSpeech:test:SSN_noise:-5:2300-131720-0028,test-clean/2300/131720/2300-131720-0028.flac,2300,Clean,clean,0.8590149118843199,"[0.75,1.00]",True,True,True,0.001216746746705244,True,True,True,503,492,491,True,True
745,LibriSpeech:test:Office_noise:0:7021-79740-0001,test-clean/7021/79740/7021-79740-0001.flac,7021,Office_noise,0,0.8577981651376146,"[0.75,1.00]",732,LibriSpeech:test:Office_noise:0:2300-131720-0018,test-clean/2300/131720/2300-131720-0018.flac,2300,Office_noise,0,0.8808705612829324,"[0.75,1.00]",True,True,True,0.023072396145317753,True,True,True,101,492,491,True,True
745,LibriSpeech:test:Office_noise:0:7021-79740-0001,test-clean/7021/79740/7021-79740-0001.flac,7021,Office_noise,0,0.8577981651376146,"[0.75,1.00]",732,LibriSpeech:test:Office_noise:0:2300-131720-0018,test-clean/2300/131720/2300-131720-0018.flac,2300,Office_noise,0,0.8808705612829324,"[0.75,1.00]",True,True,True,0.023072396145317753,True,True,True,211,492,491,True,True
745,LibriSpeech:test:Office_noise:0:7021-79740-0001,test-clean/7021/79740/7021-79740-0001.flac,7021,Office_noise,0,0.8577981651376146,"[0.75,1.00]",732,LibriSpeech:test:Office_noise:0:2300-131720-0018,test-clean/2300/131720/2300-131720-0018.flac,2300,Office_noise,0,0.8808705612829324,"[0.75,1.00]",True,True,True,0.023072396145317753,True,True,True,307,492,491,True,True
745,LibriSpeech:test:Office_noise:0:7021-79740-0001,test-clean/7021/79740/7021-79740-0001.flac,7021,Office_noise,0,0.8577981651376146,"[0.75,1.00]",732,LibriSpeech:test:Office_noise:0:2300-131720-0018,test-clean/2300/131720/2300-131720-0018.flac,2300,Office_noise,0,0.8808705612829324,"[0.75,1.00]",True,True,True,0.023072396145317753,True,True,True,401,492,491,True,True
745,LibriSpeech:test:Office_noise:0:7021-79740-0001,test-clean/7021/79740/7021-79740-0001.flac,7021,Office_noise,0,0.8577981651376146,"[0.75,1.00]",732,LibriSpeech:test:Office_noise:0:2300-131720-0018,test-clean/2300/131720/2300-131720-0018.flac,2300,Office_noise,0,0.8808705612829324,"[0.75,1.00]",True,True,True,0.023072396145317753,True,True,True,503,492,491,True,True
746,LibriSpeech:test:Office_noise:0:7176-88083-0021,test-clean/7176/88083/7176-88083-0021.flac,7176,Office_noise,0,0.8850967007963595,"[0.75,1.00]",732,LibriSpeech:test:Office_noise:0:2300-131720-0018,test-clean/2300/131720/2300-131720-0018.flac,2300,Office_noise,0,0.8808705612829324,"[0.75,1.00]",True,True,True,0.004226139513427096,True,True,True,101,492,491,True,True
746,LibriSpeech:test:Office_noise:0:7176-88083-0021,test-clean/7176/88083/7176-88083-0021.flac,7176,Office_noise,0,0.8850967007963595,"[0.75,1.00]",732,LibriSpeech:test:Office_noise:0:2300-131720-0018,test-clean/2300/131720/2300-131720-0018.flac,2300,Office_noise,0,0.8808705612829324,"[0.75,1.00]",True,True,True,0.004226139513427096,True,True,True,211,492,491,True,True
746,LibriSpeech:test:Office_noise:0:7176-88083-0021,test-clean/7176/88083/7176-88083-0021.flac,7176,Office_noise,0,0.8850967007963595,"[0.75,1.00]",732,LibriSpeech:test:Office_noise:0:2300-131720-0018,test-clean/2300/131720/2300-131720-0018.flac,2300,Office_noise,0,0.8808705612829324,"[0.75,1.00]",True,True,True,0.004226139513427096,True,True,True,307,492,491,True,True
746,LibriSpeech:test:Office_noise:0:7176-88083-0021,test-clean/7176/88083/7176-88083-0021.flac,7176,Office_noise,0,0.8850967007963595,"[0.75,1.00]",732,LibriSpeech:test:Office_noise:0:2300-131720-0018,test-clean/2300/131720/2300-131720-0018.flac,2300,Office_noise,0,0.8808705612829324,"[0.75,1.00]",True,True,True,0.004226139513427096,True,True,True,401,492,491,True,True
746,LibriSpeech:test:Office_noise:0:7176-88083-0021,test-clean/7176/88083/7176-88083-0021.flac,7176,Office_noise,0,0.8850967007963595,"[0.75,1.00]",732,LibriSpeech:test:Office_noise:0:2300-131720-0018,test-clean/2300/131720/2300-131720-0018.flac,2300,Office_noise,0,0.8808705612829324,"[0.75,1.00]",True,True,True,0.004226139513427096,True,True,True,503,492,491,True,True
747,LibriSpeech:test:Office_noise:0:8463-294828-0038,test-clean/8463/294828/8463-294828-0038.flac,8463,Office_noise,0,0.9142550911039657,"[0.75,1.00]",742,LibriSpeech:test:Office_noise:0:6930-76324-0008,test-clean/6930/76324/6930-76324-0008.flac,6930,Office_noise,0,0.9124087591240876,"[0.75,1.00]",True,True,True,0.0018463319798781574,True,True,True,101,492,491,True,True
747,LibriSpeech:test:Office_noise:0:8463-294828-0038,test-clean/8463/294828/8463-294828-0038.flac,8463,Office_noise,0,0.9142550911039657,"[0.75,1.00]",742,LibriSpeech:test:Office_noise:0:6930-76324-0008,test-clean/6930/76324/6930-76324-0008.flac,6930,Office_noise,0,0.9124087591240876,"[0.75,1.00]",True,True,True,0.0018463319798781574,True,True,True,211,492,491,True,True
747,LibriSpeech:test:Office_noise:0:8463-294828-0038,test-clean/8463/294828/8463-294828-0038.flac,8463,Office_noise,0,0.9142550911039657,"[0.75,1.00]",742,LibriSpeech:test:Office_noise:0:6930-76324-0008,test-clean/6930/76324/6930-76324-0008.flac,6930,Office_noise,0,0.9124087591240876,"[0.75,1.00]",True,True,True,0.0018463319798781574,True,True,True,307,492,491,True,True
747,LibriSpeech:test:Office_noise:0:8463-294828-0038,test-clean/8463/294828/8463-294828-0038.flac,8463,Office_noise,0,0.9142550911039657,"[0.75,1.00]",742,LibriSpeech:test:Office_noise:0:6930-76324-0008,test-clean/6930/76324/6930-76324-0008.flac,6930,Office_noise,0,0.9124087591240876,"[0.75,1.00]",True,True,True,0.0018463319798781574,True,True,True,401,492,491,True,True
747,LibriSpeech:test:Office_noise:0:8463-294828-0038,test-clean/8463/294828/8463-294828-0038.flac,8463,Office_noise,0,0.9142550911039657,"[0.75,1.00]",742,LibriSpeech:test:Office_noise:0:6930-76324-0008,test-clean/6930/76324/6930-76324-0008.flac,6930,Office_noise,0,0.9124087591240876,"[0.75,1.00]",True,True,True,0.0018463319798781574,True,True,True,503,492,491,True,True
753,LibriSpeech:test:Office_noise:5:1995-1837-0029,test-clean/1995/1837/1995-1837-0029.flac,1995,Office_noise,5,0.9265536723163842,"[0.75,1.00]",768,LibriSpeech:test:Office_noise:5:8230-279154-0028,test-clean/8230/279154/8230-279154-0028.flac,8230,Office_noise,5,0.92,"[0.75,1.00]",True,True,True,0.0065536723163841515,True,True,True,101,492,491,True,True
753,LibriSpeech:test:Office_noise:5:1995-1837-0029,test-clean/1995/1837/1995-1837-0029.flac,1995,Office_noise,5,0.9265536723163842,"[0.75,1.00]",768,LibriSpeech:test:Office_noise:5:8230-279154-0028,test-clean/8230/279154/8230-279154-0028.flac,8230,Office_noise,5,0.92,"[0.75,1.00]",True,True,True,0.0065536723163841515,True,True,True,211,492,491,True,True
753,LibriSpeech:test:Office_noise:5:1995-1837-0029,test-clean/1995/1837/1995-1837-0029.flac,1995,Office_noise,5,0.9265536723163842,"[0.75,1.00]",768,LibriSpeech:test:Office_noise:5:8230-279154-0028,test-clean/8230/279154/8230-279154-0028.flac,8230,Office_noise,5,0.92,"[0.75,1.00]",True,True,True,0.0065536723163841515,True,True,True,307,492,491,True,True
753,LibriSpeech:test:Office_noise:5:1995-1837-0029,test-clean/1995/1837/1995-1837-0029.flac,1995,Office_noise,5,0.9265536723163842,"[0.75,1.00]",768,LibriSpeech:test:Office_noise:5:8230-279154-0028,test-clean/8230/279154/8230-279154-0028.flac,8230,Office_noise,5,0.92,"[0.75,1.00]",True,True,True,0.0065536723163841515,True,True,True,401,492,491,True,True
753,LibriSpeech:test:Office_noise:5:1995-1837-0029,test-clean/1995/1837/1995-1837-0029.flac,1995,Office_noise,5,0.9265536723163842,"[0.75,1.00]",768,LibriSpeech:test:Office_noise:5:8230-279154-0028,test-clean/8230/279154/8230-279154-0028.flac,8230,Office_noise,5,0.92,"[0.75,1.00]",True,True,True,0.0065536723163841515,True,True,True,503,492,491,True,True
757,LibriSpeech:test:Office_noise:5:3729-6852-0023,test-clean/3729/6852/3729-6852-0023.flac,3729,Clean,clean,0.8260869565217391,"[0.75,1.00]",409,LibriSpeech:test:Domestic_noise:-5:1995-1826-0021,test-clean/1995/1826/1995-1826-0021.flac,1995,Clean,clean,0.825,"[0.75,1.00]",True,True,True,0.0010869565217391797,True,True,True,101,492,491,True,True
757,LibriSpeech:test:Office_noise:5:3729-6852-0023,test-clean/3729/6852/3729-6852-0023.flac,3729,Clean,clean,0.8260869565217391,"[0.75,1.00]",409,LibriSpeech:test:Domestic_noise:-5:1995-1826-0021,test-clean/1995/1826/1995-1826-0021.flac,1995,Clean,clean,0.825,"[0.75,1.00]",True,True,True,0.0010869565217391797,True,True,True,211,492,491,True,True
757,LibriSpeech:test:Office_noise:5:3729-6852-0023,test-clean/3729/6852/3729-6852-0023.flac,3729,Clean,clean,0.8260869565217391,"[0.75,1.00]",409,LibriSpeech:test:Domestic_noise:-5:1995-1826-0021,test-clean/1995/1826/1995-1826-0021.flac,1995,Clean,clean,0.825,"[0.75,1.00]",True,True,True,0.0010869565217391797,True,True,True,307,492,491,True,True
757,LibriSpeech:test:Office_noise:5:3729-6852-0023,test-clean/3729/6852/3729-6852-0023.flac,3729,Clean,clean,0.8260869565217391,"[0.75,1.00]",409,LibriSpeech:test:Domestic_noise:-5:1995-1826-0021,test-clean/1995/1826/1995-1826-0021.flac,1995,Clean,clean,0.825,"[0.75,1.00]",True,True,True,0.0010869565217391797,True,True,True,401,492,491,True,True
757,LibriSpeech:test:Office_noise:5:3729-6852-0023,test-clean/3729/6852/3729-6852-0023.flac,3729,Clean,clean,0.8260869565217391,"[0.75,1.00]",409,LibriSpeech:test:Domestic_noise:-5:1995-1826-0021,test-clean/1995/1826/1995-1826-0021.flac,1995,Clean,clean,0.825,"[0.75,1.00]",True,True,True,0.0010869565217391797,True,True,True,503,492,491,True,True
758,LibriSpeech:test:Office_noise:5:3729-6852-0023,test-clean/3729/6852/3729-6852-0023.flac,3729,Office_noise,5,0.8260869565217391,"[0.75,1.00]",766,LibriSpeech:test:Office_noise:5:7176-92135-0043,test-clean/7176/92135/7176-92135-0043.flac,7176,Office_noise,5,0.8542766631467793,"[0.75,1.00]",True,True,True,0.028189706625040167,True,True,True,101,492,491,True,True
758,LibriSpeech:test:Office_noise:5:3729-6852-0023,test-clean/3729/6852/3729-6852-0023.flac,3729,Office_noise,5,0.8260869565217391,"[0.75,1.00]",766,LibriSpeech:test:Office_noise:5:7176-92135-0043,test-clean/7176/92135/7176-92135-0043.flac,7176,Office_noise,5,0.8542766631467793,"[0.75,1.00]",True,True,True,0.028189706625040167,True,True,True,211,492,491,True,True
758,LibriSpeech:test:Office_noise:5:3729-6852-0023,test-clean/3729/6852/3729-6852-0023.flac,3729,Office_noise,5,0.8260869565217391,"[0.75,1.00]",766,LibriSpeech:test:Office_noise:5:7176-92135-0043,test-clean/7176/92135/7176-92135-0043.flac,7176,Office_noise,5,0.8542766631467793,"[0.75,1.00]",True,True,True,0.028189706625040167,True,True,True,307,492,491,True,True
758,LibriSpeech:test:Office_noise:5:3729-6852-0023,test-clean/3729/6852/3729-6852-0023.flac,3729,Office_noise,5,0.8260869565217391,"[0.75,1.00]",766,LibriSpeech:test:Office_noise:5:7176-92135-0043,test-clean/7176/92135/7176-92135-0043.flac,7176,Office_noise,5,0.8542766631467793,"[0.75,1.00]",True,True,True,0.028189706625040167,True,True,True,401,492,491,True,True
758,LibriSpeech:test:Office_noise:5:3729-6852-0023,test-clean/3729/6852/3729-6852-0023.flac,3729,Office_noise,5,0.8260869565217391,"[0.75,1.00]",766,LibriSpeech:test:Office_noise:5:7176-92135-0043,test-clean/7176/92135/7176-92135-0043.flac,7176,Office_noise,5,0.8542766631467793,"[0.75,1.00]",True,True,True,0.028189706625040167,True,True,True,503,492,491,True,True
765,LibriSpeech:test:Office_noise:5:7176-92135-0023,test-clean/7176/92135/7176-92135-0023.flac,7176,Office_noise,5,0.9125,"[0.75,1.00]",768,LibriSpeech:test:Office_noise:5:8230-279154-0028,test-clean/8230/279154/8230-279154-0028.flac,8230,Office_noise,5,0.92,"[0.75,1.00]",True,True,True,0.007500000000000062,True,True,True,101,492,491,True,True
765,LibriSpeech:test:Office_noise:5:7176-92135-0023,test-clean/7176/92135/7176-92135-0023.flac,7176,Office_noise,5,0.9125,"[0.75,1.00]",768,LibriSpeech:test:Office_noise:5:8230-279154-0028,test-clean/8230/279154/8230-279154-0028.flac,8230,Office_noise,5,0.92,"[0.75,1.00]",True,True,True,0.007500000000000062,True,True,True,211,492,491,True,True
765,LibriSpeech:test:Office_noise:5:7176-92135-0023,test-clean/7176/92135/7176-92135-0023.flac,7176,Office_noise,5,0.9125,"[0.75,1.00]",768,LibriSpeech:test:Office_noise:5:8230-279154-0028,test-clean/8230/279154/8230-279154-0028.flac,8230,Office_noise,5,0.92,"[0.75,1.00]",True,True,True,0.007500000000000062,True,True,True,307,492,491,True,True
765,LibriSpeech:test:Office_noise:5:7176-92135-0023,test-clean/7176/92135/7176-92135-0023.flac,7176,Office_noise,5,0.9125,"[0.75,1.00]",768,LibriSpeech:test:Office_noise:5:8230-279154-0028,test-clean/8230/279154/8230-279154-0028.flac,8230,Office_noise,5,0.92,"[0.75,1.00]",True,True,True,0.007500000000000062,True,True,True,401,492,491,True,True
765,LibriSpeech:test:Office_noise:5:7176-92135-0023,test-clean/7176/92135/7176-92135-0023.flac,7176,Office_noise,5,0.9125,"[0.75,1.00]",768,LibriSpeech:test:Office_noise:5:8230-279154-0028,test-clean/8230/279154/8230-279154-0028.flac,8230,Office_noise,5,0.92,"[0.75,1.00]",True,True,True,0.007500000000000062,True,True,True,503,492,491,True,True
766,LibriSpeech:test:Office_noise:5:7176-92135-0043,test-clean/7176/92135/7176-92135-0043.flac,7176,Office_noise,5,0.8542766631467793,"[0.75,1.00]",767,LibriSpeech:test:Office_noise:5:7729-102255-0037,test-clean/7729/102255/7729-102255-0037.flac,7729,Office_noise,5,0.8682385575589459,"[0.75,1.00]",True,True,True,0.013961894412166553,True,True,True,101,492,491,True,True
766,LibriSpeech:test:Office_noise:5:7176-92135-0043,test-clean/7176/92135/7176-92135-0043.flac,7176,Office_noise,5,0.8542766631467793,"[0.75,1.00]",767,LibriSpeech:test:Office_noise:5:7729-102255-0037,test-clean/7729/102255/7729-102255-0037.flac,7729,Office_noise,5,0.8682385575589459,"[0.75,1.00]",True,True,True,0.013961894412166553,True,True,True,211,492,491,True,True
766,LibriSpeech:test:Office_noise:5:7176-92135-0043,test-clean/7176/92135/7176-92135-0043.flac,7176,Office_noise,5,0.8542766631467793,"[0.75,1.00]",767,LibriSpeech:test:Office_noise:5:7729-102255-0037,test-clean/7729/102255/7729-102255-0037.flac,7729,Office_noise,5,0.8682385575589459,"[0.75,1.00]",True,True,True,0.013961894412166553,True,True,True,307,492,491,True,True
766,LibriSpeech:test:Office_noise:5:7176-92135-0043,test-clean/7176/92135/7176-92135-0043.flac,7176,Office_noise,5,0.8542766631467793,"[0.75,1.00]",767,LibriSpeech:test:Office_noise:5:7729-102255-0037,test-clean/7729/102255/7729-102255-0037.flac,7729,Office_noise,5,0.8682385575589459,"[0.75,1.00]",True,True,True,0.013961894412166553,True,True,True,401,492,491,True,True
766,LibriSpeech:test:Office_noise:5:7176-92135-0043,test-clean/7176/92135/7176-92135-0043.flac,7176,Office_noise,5,0.8542766631467793,"[0.75,1.00]",767,LibriSpeech:test:Office_noise:5:7729-102255-0037,test-clean/7729/102255/7729-102255-0037.flac,7729,Office_noise,5,0.8682385575589459,"[0.75,1.00]",True,True,True,0.013961894412166553,True,True,True,503,492,491,True,True
767,LibriSpeech:test:Office_noise:5:7729-102255-0037,test-clean/7729/102255/7729-102255-0037.flac,7729,Office_noise,5,0.8682385575589459,"[0.75,1.00]",766,LibriSpeech:test:Office_noise:5:7176-92135-0043,test-clean/7176/92135/7176-92135-0043.flac,7176,Office_noise,5,0.8542766631467793,"[0.75,1.00]",True,True,True,0.013961894412166553,True,True,True,101,492,491,True,True
767,LibriSpeech:test:Office_noise:5:7729-102255-0037,test-clean/7729/102255/7729-102255-0037.flac,7729,Office_noise,5,0.8682385575589459,"[0.75,1.00]",766,LibriSpeech:test:Office_noise:5:7176-92135-0043,test-clean/7176/92135/7176-92135-0043.flac,7176,Office_noise,5,0.8542766631467793,"[0.75,1.00]",True,True,True,0.013961894412166553,True,True,True,211,492,491,True,True
767,LibriSpeech:test:Office_noise:5:7729-102255-0037,test-clean/7729/102255/7729-102255-0037.flac,7729,Office_noise,5,0.8682385575589459,"[0.75,1.00]",766,LibriSpeech:test:Office_noise:5:7176-92135-0043,test-clean/7176/92135/7176-92135-0043.flac,7176,Office_noise,5,0.8542766631467793,"[0.75,1.00]",True,True,True,0.013961894412166553,True,True,True,307,492,491,True,True
767,LibriSpeech:test:Office_noise:5:7729-102255-0037,test-clean/7729/102255/7729-102255-0037.flac,7729,Office_noise,5,0.8682385575589459,"[0.75,1.00]",766,LibriSpeech:test:Office_noise:5:7176-92135-0043,test-clean/7176/92135/7176-92135-0043.flac,7176,Office_noise,5,0.8542766631467793,"[0.75,1.00]",True,True,True,0.013961894412166553,True,True,True,401,492,491,True,True
767,LibriSpeech:test:Office_noise:5:7729-102255-0037,test-clean/7729/102255/7729-102255-0037.flac,7729,Office_noise,5,0.8682385575589459,"[0.75,1.00]",766,LibriSpeech:test:Office_noise:5:7176-92135-0043,test-clean/7176/92135/7176-92135-0043.flac,7176,Office_noise,5,0.8542766631467793,"[0.75,1.00]",True,True,True,0.013961894412166553,True,True,True,503,492,491,True,True
768,LibriSpeech:test:Office_noise:5:8230-279154-0028,test-clean/8230/279154/8230-279154-0028.flac,8230,Office_noise,5,0.92,"[0.75,1.00]",753,LibriSpeech:test:Office_noise:5:1995-1837-0029,test-clean/1995/1837/1995-1837-0029.flac,1995,Office_noise,5,0.9265536723163842,"[0.75,1.00]",True,True,True,0.0065536723163841515,True,True,True,101,492,491,True,True
768,LibriSpeech:test:Office_noise:5:8230-279154-0028,test-clean/8230/279154/8230-279154-0028.flac,8230,Office_noise,5,0.92,"[0.75,1.00]",753,LibriSpeech:test:Office_noise:5:1995-1837-0029,test-clean/1995/1837/1995-1837-0029.flac,1995,Office_noise,5,0.9265536723163842,"[0.75,1.00]",True,True,True,0.0065536723163841515,True,True,True,211,492,491,True,True
768,LibriSpeech:test:Office_noise:5:8230-279154-0028,test-clean/8230/279154/8230-279154-0028.flac,8230,Office_noise,5,0.92,"[0.75,1.00]",753,LibriSpeech:test:Office_noise:5:1995-1837-0029,test-clean/1995/1837/1995-1837-0029.flac,1995,Office_noise,5,0.9265536723163842,"[0.75,1.00]",True,True,True,0.0065536723163841515,True,True,True,307,492,491,True,True
768,LibriSpeech:test:Office_noise:5:8230-279154-0028,test-clean/8230/279154/8230-279154-0028.flac,8230,Office_noise,5,0.92,"[0.75,1.00]",753,LibriSpeech:test:Office_noise:5:1995-1837-0029,test-clean/1995/1837/1995-1837-0029.flac,1995,Office_noise,5,0.9265536723163842,"[0.75,1.00]",True,True,True,0.0065536723163841515,True,True,True,401,492,491,True,True
768,LibriSpeech:test:Office_noise:5:8230-279154-0028,test-clean/8230/279154/8230-279154-0028.flac,8230,Office_noise,5,0.92,"[0.75,1.00]",753,LibriSpeech:test:Office_noise:5:1995-1837-0029,test-clean/1995/1837/1995-1837-0029.flac,1995,Office_noise,5,0.9265536723163842,"[0.75,1.00]",True,True,True,0.0065536723163841515,True,True,True,503,492,491,True,True
772,LibriSpeech:test:Office_noise:10:121-121726-0011,test-clean/121/121726/121-121726-0011.flac,121,Office_noise,10,0.13636363636363635,"[0,0.25)",774,LibriSpeech:test:Office_noise:10:2094-142345-0049,test-clean/2094/142345/2094-142345-0049.flac,2094,Office_noise,10,0.7705627705627706,"[0.75,1.00]",True,True,False,0.6341991341991342,True,True,True,101,492,491,True,True
772,LibriSpeech:test:Office_noise:10:121-121726-0011,test-clean/121/121726/121-121726-0011.flac,121,Office_noise,10,0.13636363636363635,"[0,0.25)",774,LibriSpeech:test:Office_noise:10:2094-142345-0049,test-clean/2094/142345/2094-142345-0049.flac,2094,Office_noise,10,0.7705627705627706,"[0.75,1.00]",True,True,False,0.6341991341991342,True,True,True,211,492,491,True,True
772,LibriSpeech:test:Office_noise:10:121-121726-0011,test-clean/121/121726/121-121726-0011.flac,121,Office_noise,10,0.13636363636363635,"[0,0.25)",774,LibriSpeech:test:Office_noise:10:2094-142345-0049,test-clean/2094/142345/2094-142345-0049.flac,2094,Office_noise,10,0.7705627705627706,"[0.75,1.00]",True,True,False,0.6341991341991342,True,True,True,307,492,491,True,True
772,LibriSpeech:test:Office_noise:10:121-121726-0011,test-clean/121/121726/121-121726-0011.flac,121,Office_noise,10,0.13636363636363635,"[0,0.25)",774,LibriSpeech:test:Office_noise:10:2094-142345-0049,test-clean/2094/142345/2094-142345-0049.flac,2094,Office_noise,10,0.7705627705627706,"[0.75,1.00]",True,True,False,0.6341991341991342,True,True,True,401,492,491,True,True
772,LibriSpeech:test:Office_noise:10:121-121726-0011,test-clean/121/121726/121-121726-0011.flac,121,Office_noise,10,0.13636363636363635,"[0,0.25)",774,LibriSpeech:test:Office_noise:10:2094-142345-0049,test-clean/2094/142345/2094-142345-0049.flac,2094,Office_noise,10,0.7705627705627706,"[0.75,1.00]",True,True,False,0.6341991341991342,True,True,True,503,492,491,True,True
773,LibriSpeech:test:Office_noise:10:2094-142345-0009,test-clean/2094/142345/2094-142345-0009.flac,2094,Office_noise,10,0.8092540132200189,"[0.75,1.00]",779,LibriSpeech:test:Office_noise:10:3729-6852-0033,test-clean/3729/6852/3729-6852-0033.flac,3729,Office_noise,10,0.8073505654281099,"[0.75,1.00]",True,True,True,0.0019034477919089854,True,True,True,101,492,491,True,True
773,LibriSpeech:test:Office_noise:10:2094-142345-0009,test-clean/2094/142345/2094-142345-0009.flac,2094,Office_noise,10,0.8092540132200189,"[0.75,1.00]",779,LibriSpeech:test:Office_noise:10:3729-6852-0033,test-clean/3729/6852/3729-6852-0033.flac,3729,Office_noise,10,0.8073505654281099,"[0.75,1.00]",True,True,True,0.0019034477919089854,True,True,True,211,492,491,True,True
773,LibriSpeech:test:Office_noise:10:2094-142345-0009,test-clean/2094/142345/2094-142345-0009.flac,2094,Office_noise,10,0.8092540132200189,"[0.75,1.00]",779,LibriSpeech:test:Office_noise:10:3729-6852-0033,test-clean/3729/6852/3729-6852-0033.flac,3729,Office_noise,10,0.8073505654281099,"[0.75,1.00]",True,True,True,0.0019034477919089854,True,True,True,307,492,491,True,True
773,LibriSpeech:test:Office_noise:10:2094-142345-0009,test-clean/2094/142345/2094-142345-0009.flac,2094,Office_noise,10,0.8092540132200189,"[0.75,1.00]",779,LibriSpeech:test:Office_noise:10:3729-6852-0033,test-clean/3729/6852/3729-6852-0033.flac,3729,Office_noise,10,0.8073505654281099,"[0.75,1.00]",True,True,True,0.0019034477919089854,True,True,True,401,492,491,True,True
773,LibriSpeech:test:Office_noise:10:2094-142345-0009,test-clean/2094/142345/2094-142345-0009.flac,2094,Office_noise,10,0.8092540132200189,"[0.75,1.00]",779,LibriSpeech:test:Office_noise:10:3729-6852-0033,test-clean/3729/6852/3729-6852-0033.flac,3729,Office_noise,10,0.8073505654281099,"[0.75,1.00]",True,True,True,0.0019034477919089854,True,True,True,503,492,491,True,True
774,LibriSpeech:test:Office_noise:10:2094-142345-0049,test-clean/2094/142345/2094-142345-0049.flac,2094,Office_noise,10,0.7705627705627706,"[0.75,1.00]",775,LibriSpeech:test:Office_noise:10:2094-142345-0059,test-clean/2094/142345/2094-142345-0059.flac,2094,Office_noise,10,0.8032258064516129,"[0.75,1.00]",True,True,True,0.03266303588884234,True,False,True,101,492,491,True,True
774,LibriSpeech:test:Office_noise:10:2094-142345-0049,test-clean/2094/142345/2094-142345-0049.flac,2094,Office_noise,10,0.7705627705627706,"[0.75,1.00]",775,LibriSpeech:test:Office_noise:10:2094-142345-0059,test-clean/2094/142345/2094-142345-0059.flac,2094,Office_noise,10,0.8032258064516129,"[0.75,1.00]",True,True,True,0.03266303588884234,True,False,True,211,492,491,True,True
774,LibriSpeech:test:Office_noise:10:2094-142345-0049,test-clean/2094/142345/2094-142345-0049.flac,2094,Office_noise,10,0.7705627705627706,"[0.75,1.00]",775,LibriSpeech:test:Office_noise:10:2094-142345-0059,test-clean/2094/142345/2094-142345-0059.flac,2094,Office_noise,10,0.8032258064516129,"[0.75,1.00]",True,True,True,0.03266303588884234,True,False,True,307,492,491,True,True
774,LibriSpeech:test:Office_noise:10:2094-142345-0049,test-clean/2094/142345/2094-142345-0049.flac,2094,Office_noise,10,0.7705627705627706,"[0.75,1.00]",775,LibriSpeech:test:Office_noise:10:2094-142345-0059,test-clean/2094/142345/2094-142345-0059.flac,2094,Office_noise,10,0.8032258064516129,"[0.75,1.00]",True,True,True,0.03266303588884234,True,False,True,401,492,491,True,True
774,LibriSpeech:test:Office_noise:10:2094-142345-0049,test-clean/2094/142345/2094-142345-0049.flac,2094,Office_noise,10,0.7705627705627706,"[0.75,1.00]",775,LibriSpeech:test:Office_noise:10:2094-142345-0059,test-clean/2094/142345/2094-142345-0059.flac,2094,Office_noise,10,0.8032258064516129,"[0.75,1.00]",True,True,True,0.03266303588884234,True,False,True,503,492,491,True,True
775,LibriSpeech:test:Office_noise:10:2094-142345-0059,test-clean/2094/142345/2094-142345-0059.flac,2094,Office_noise,10,0.8032258064516129,"[0.75,1.00]",779,LibriSpeech:test:Office_noise:10:3729-6852-0033,test-clean/3729/6852/3729-6852-0033.flac,3729,Office_noise,10,0.8073505654281099,"[0.75,1.00]",True,True,True,0.0041247589764970005,True,True,True,101,492,491,True,True
775,LibriSpeech:test:Office_noise:10:2094-142345-0059,test-clean/2094/142345/2094-142345-0059.flac,2094,Office_noise,10,0.8032258064516129,"[0.75,1.00]",779,LibriSpeech:test:Office_noise:10:3729-6852-0033,test-clean/3729/6852/3729-6852-0033.flac,3729,Office_noise,10,0.8073505654281099,"[0.75,1.00]",True,True,True,0.0041247589764970005,True,True,True,211,492,491,True,True
775,LibriSpeech:test:Office_noise:10:2094-142345-0059,test-clean/2094/142345/2094-142345-0059.flac,2094,Office_noise,10,0.8032258064516129,"[0.75,1.00]",779,LibriSpeech:test:Office_noise:10:3729-6852-0033,test-clean/3729/6852/3729-6852-0033.flac,3729,Office_noise,10,0.8073505654281099,"[0.75,1.00]",True,True,True,0.0041247589764970005,True,True,True,307,492,491,True,True
775,LibriSpeech:test:Office_noise:10:2094-142345-0059,test-clean/2094/142345/2094-142345-0059.flac,2094,Office_noise,10,0.8032258064516129,"[0.75,1.00]",779,LibriSpeech:test:Office_noise:10:3729-6852-0033,test-clean/3729/6852/3729-6852-0033.flac,3729,Office_noise,10,0.8073505654281099,"[0.75,1.00]",True,True,True,0.0041247589764970005,True,True,True,401,492,491,True,True
775,LibriSpeech:test:Office_noise:10:2094-142345-0059,test-clean/2094/142345/2094-142345-0059.flac,2094,Office_noise,10,0.8032258064516129,"[0.75,1.00]",779,LibriSpeech:test:Office_noise:10:3729-6852-0033,test-clean/3729/6852/3729-6852-0033.flac,3729,Office_noise,10,0.8073505654281099,"[0.75,1.00]",True,True,True,0.0041247589764970005,True,True,True,503,492,491,True,True
776,LibriSpeech:test:Office_noise:10:2300-131720-0028,test-clean/2300/131720/2300-131720-0028.flac,2300,Office_noise,10,0.8590149118843199,"[0.75,1.00]",787,LibriSpeech:test:Office_noise:10:7021-85628-0010,test-clean/7021/85628/7021-85628-0010.flac,7021,Office_noise,10,0.888095238095238,"[0.75,1.00]",True,True,True,0.02908032621091816,True,True,True,101,492,491,True,True
776,LibriSpeech:test:Office_noise:10:2300-131720-0028,test-clean/2300/131720/2300-131720-0028.flac,2300,Office_noise,10,0.8590149118843199,"[0.75,1.00]",787,LibriSpeech:test:Office_noise:10:7021-85628-0010,test-clean/7021/85628/7021-85628-0010.flac,7021,Office_noise,10,0.888095238095238,"[0.75,1.00]",True,True,True,0.02908032621091816,True,True,True,211,492,491,True,True
776,LibriSpeech:test:Office_noise:10:2300-131720-0028,test-clean/2300/131720/2300-131720-0028.flac,2300,Office_noise,10,0.8590149118843199,"[0.75,1.00]",787,LibriSpeech:test:Office_noise:10:7021-85628-0010,test-clean/7021/85628/7021-85628-0010.flac,7021,Office_noise,10,0.888095238095238,"[0.75,1.00]",True,True,True,0.02908032621091816,True,True,True,307,492,491,True,True
776,LibriSpeech:test:Office_noise:10:2300-131720-0028,test-clean/2300/131720/2300-131720-0028.flac,2300,Office_noise,10,0.8590149118843199,"[0.75,1.00]",787,LibriSpeech:test:Office_noise:10:7021-85628-0010,test-clean/7021/85628/7021-85628-0010.flac,7021,Office_noise,10,0.888095238095238,"[0.75,1.00]",True,True,True,0.02908032621091816,True,True,True,401,492,491,True,True
776,LibriSpeech:test:Office_noise:10:2300-131720-0028,test-clean/2300/131720/2300-131720-0028.flac,2300,Office_noise,10,0.8590149118843199,"[0.75,1.00]",787,LibriSpeech:test:Office_noise:10:7021-85628-0010,test-clean/7021/85628/7021-85628-0010.flac,7021,Office_noise,10,0.888095238095238,"[0.75,1.00]",True,True,True,0.02908032621091816,True,True,True,503,492,491,True,True
779,LibriSpeech:test:Office_noise:10:3729-6852-0033,test-clean/3729/6852/3729-6852-0033.flac,3729,Office_noise,10,0.8073505654281099,"[0.75,1.00]",773,LibriSpeech:test:Office_noise:10:2094-142345-0009,test-clean/2094/142345/2094-142345-0009.flac,2094,Office_noise,10,0.8092540132200189,"[0.75,1.00]",True,True,True,0.0019034477919089854,True,True,True,101,492,491,True,True
779,LibriSpeech:test:Office_noise:10:3729-6852-0033,test-clean/3729/6852/3729-6852-0033.flac,3729,Office_noise,10,0.8073505654281099,"[0.75,1.00]",773,LibriSpeech:test:Office_noise:10:2094-142345-0009,test-clean/2094/142345/2094-142345-0009.flac,2094,Office_noise,10,0.8092540132200189,"[0.75,1.00]",True,True,True,0.0019034477919089854,True,True,True,211,492,491,True,True
779,LibriSpeech:test:Office_noise:10:3729-6852-0033,test-clean/3729/6852/3729-6852-0033.flac,3729,Office_noise,10,0.8073505654281099,"[0.75,1.00]",773,LibriSpeech:test:Office_noise:10:2094-142345-0009,test-clean/2094/142345/2094-142345-0009.flac,2094,Office_noise,10,0.8092540132200189,"[0.75,1.00]",True,True,True,0.0019034477919089854,True,True,True,307,492,491,True,True
779,LibriSpeech:test:Office_noise:10:3729-6852-0033,test-clean/3729/6852/3729-6852-0033.flac,3729,Office_noise,10,0.8073505654281099,"[0.75,1.00]",773,LibriSpeech:test:Office_noise:10:2094-142345-0009,test-clean/2094/142345/2094-142345-0009.flac,2094,Office_noise,10,0.8092540132200189,"[0.75,1.00]",True,True,True,0.0019034477919089854,True,True,True,401,492,491,True,True
779,LibriSpeech:test:Office_noise:10:3729-6852-0033,test-clean/3729/6852/3729-6852-0033.flac,3729,Office_noise,10,0.8073505654281099,"[0.75,1.00]",773,LibriSpeech:test:Office_noise:10:2094-142345-0009,test-clean/2094/142345/2094-142345-0009.flac,2094,Office_noise,10,0.8092540132200189,"[0.75,1.00]",True,True,True,0.0019034477919089854,True,True,True,503,492,491,True,True
787,LibriSpeech:test:Office_noise:10:7021-85628-0010,test-clean/7021/85628/7021-85628-0010.flac,7021,Office_noise,10,0.888095238095238,"[0.75,1.00]",789,LibriSpeech:test:Office_noise:10:8463-294828-0038,test-clean/8463/294828/8463-294828-0038.flac,8463,Office_noise,10,0.9142550911039657,"[0.75,1.00]",True,True,True,0.026159853008727696,True,True,True,101,492,491,True,True
787,LibriSpeech:test:Office_noise:10:7021-85628-0010,test-clean/7021/85628/7021-85628-0010.flac,7021,Office_noise,10,0.888095238095238,"[0.75,1.00]",789,LibriSpeech:test:Office_noise:10:8463-294828-0038,test-clean/8463/294828/8463-294828-0038.flac,8463,Office_noise,10,0.9142550911039657,"[0.75,1.00]",True,True,True,0.026159853008727696,True,True,True,211,492,491,True,True
787,LibriSpeech:test:Office_noise:10:7021-85628-0010,test-clean/7021/85628/7021-85628-0010.flac,7021,Office_noise,10,0.888095238095238,"[0.75,1.00]",789,LibriSpeech:test:Office_noise:10:8463-294828-0038,test-clean/8463/294828/8463-294828-0038.flac,8463,Office_noise,10,0.9142550911039657,"[0.75,1.00]",True,True,True,0.026159853008727696,True,True,True,307,492,491,True,True
787,LibriSpeech:test:Office_noise:10:7021-85628-0010,test-clean/7021/85628/7021-85628-0010.flac,7021,Office_noise,10,0.888095238095238,"[0.75,1.00]",789,LibriSpeech:test:Office_noise:10:8463-294828-0038,test-clean/8463/294828/8463-294828-0038.flac,8463,Office_noise,10,0.9142550911039657,"[0.75,1.00]",True,True,True,0.026159853008727696,True,True,True,401,492,491,True,True
787,LibriSpeech:test:Office_noise:10:7021-85628-0010,test-clean/7021/85628/7021-85628-0010.flac,7021,Office_noise,10,0.888095238095238,"[0.75,1.00]",789,LibriSpeech:test:Office_noise:10:8463-294828-0038,test-clean/8463/294828/8463-294828-0038.flac,8463,Office_noise,10,0.9142550911039657,"[0.75,1.00]",True,True,True,0.026159853008727696,True,True,True,503,492,491,True,True
789,LibriSpeech:test:Office_noise:10:8463-294828-0038,test-clean/8463/294828/8463-294828-0038.flac,8463,Office_noise,10,0.9142550911039657,"[0.75,1.00]",787,LibriSpeech:test:Office_noise:10:7021-85628-0010,test-clean/7021/85628/7021-85628-0010.flac,7021,Office_noise,10,0.888095238095238,"[0.75,1.00]",True,True,True,0.026159853008727696,True,True,True,101,492,491,True,True
789,LibriSpeech:test:Office_noise:10:8463-294828-0038,test-clean/8463/294828/8463-294828-0038.flac,8463,Office_noise,10,0.9142550911039657,"[0.75,1.00]",787,LibriSpeech:test:Office_noise:10:7021-85628-0010,test-clean/7021/85628/7021-85628-0010.flac,7021,Office_noise,10,0.888095238095238,"[0.75,1.00]",True,True,True,0.026159853008727696,True,True,True,211,492,491,True,True
789,LibriSpeech:test:Office_noise:10:8463-294828-0038,test-clean/8463/294828/8463-294828-0038.flac,8463,Office_noise,10,0.9142550911039657,"[0.75,1.00]",787,LibriSpeech:test:Office_noise:10:7021-85628-0010,test-clean/7021/85628/7021-85628-0010.flac,7021,Office_noise,10,0.888095238095238,"[0.75,1.00]",True,True,True,0.026159853008727696,True,True,True,307,492,491,True,True
789,LibriSpeech:test:Office_noise:10:8463-294828-0038,test-clean/8463/294828/8463-294828-0038.flac,8463,Office_noise,10,0.9142550911039657,"[0.75,1.00]",787,LibriSpeech:test:Office_noise:10:7021-85628-0010,test-clean/7021/85628/7021-85628-0010.flac,7021,Office_noise,10,0.888095238095238,"[0.75,1.00]",True,True,True,0.026159853008727696,True,True,True,401,492,491,True,True
789,LibriSpeech:test:Office_noise:10:8463-294828-0038,test-clean/8463/294828/8463-294828-0038.flac,8463,Office_noise,10,0.9142550911039657,"[0.75,1.00]",787,LibriSpeech:test:Office_noise:10:7021-85628-0010,test-clean/7021/85628/7021-85628-0010.flac,7021,Office_noise,10,0.888095238095238,"[0.75,1.00]",True,True,True,0.026159853008727696,True,True,True,503,492,491,True,True
801,LibriSpeech:test:Office_noise:15:6930-76324-0028,test-clean/6930/76324/6930-76324-0028.flac,6930,Office_noise,15,0.8663366336633663,"[0.75,1.00]",805,LibriSpeech:test:Office_noise:15:7729-102255-0017,test-clean/7729/102255/7729-102255-0017.flac,7729,Office_noise,15,0.8734513274336283,"[0.75,1.00]",True,True,True,0.007114693770261971,True,True,True,101,492,491,True,True
801,LibriSpeech:test:Office_noise:15:6930-76324-0028,test-clean/6930/76324/6930-76324-0028.flac,6930,Office_noise,15,0.8663366336633663,"[0.75,1.00]",805,LibriSpeech:test:Office_noise:15:7729-102255-0017,test-clean/7729/102255/7729-102255-0017.flac,7729,Office_noise,15,0.8734513274336283,"[0.75,1.00]",True,True,True,0.007114693770261971,True,True,True,211,492,491,True,True
801,LibriSpeech:test:Office_noise:15:6930-76324-0028,test-clean/6930/76324/6930-76324-0028.flac,6930,Office_noise,15,0.8663366336633663,"[0.75,1.00]",805,LibriSpeech:test:Office_noise:15:7729-102255-0017,test-clean/7729/102255/7729-102255-0017.flac,7729,Office_noise,15,0.8734513274336283,"[0.75,1.00]",True,True,True,0.007114693770261971,True,True,True,307,492,491,True,True
801,LibriSpeech:test:Office_noise:15:6930-76324-0028,test-clean/6930/76324/6930-76324-0028.flac,6930,Office_noise,15,0.8663366336633663,"[0.75,1.00]",805,LibriSpeech:test:Office_noise:15:7729-102255-0017,test-clean/7729/102255/7729-102255-0017.flac,7729,Office_noise,15,0.8734513274336283,"[0.75,1.00]",True,True,True,0.007114693770261971,True,True,True,401,492,491,True,True
801,LibriSpeech:test:Office_noise:15:6930-76324-0028,test-clean/6930/76324/6930-76324-0028.flac,6930,Office_noise,15,0.8663366336633663,"[0.75,1.00]",805,LibriSpeech:test:Office_noise:15:7729-102255-0017,test-clean/7729/102255/7729-102255-0017.flac,7729,Office_noise,15,0.8734513274336283,"[0.75,1.00]",True,True,True,0.007114693770261971,True,True,True,503,492,491,True,True
805,LibriSpeech:test:Office_noise:15:7729-102255-0017,test-clean/7729/102255/7729-102255-0017.flac,7729,Office_noise,15,0.8734513274336283,"[0.75,1.00]",801,LibriSpeech:test:Office_noise:15:6930-76324-0028,test-clean/6930/76324/6930-76324-0028.flac,6930,Office_noise,15,0.8663366336633663,"[0.75,1.00]",True,True,True,0.007114693770261971,True,True,True,101,492,491,True,True
805,LibriSpeech:test:Office_noise:15:7729-102255-0017,test-clean/7729/102255/7729-102255-0017.flac,7729,Office_noise,15,0.8734513274336283,"[0.75,1.00]",801,LibriSpeech:test:Office_noise:15:6930-76324-0028,test-clean/6930/76324/6930-76324-0028.flac,6930,Office_noise,15,0.8663366336633663,"[0.75,1.00]",True,True,True,0.007114693770261971,True,True,True,211,492,491,True,True
805,LibriSpeech:test:Office_noise:15:7729-102255-0017,test-clean/7729/102255/7729-102255-0017.flac,7729,Office_noise,15,0.8734513274336283,"[0.75,1.00]",801,LibriSpeech:test:Office_noise:15:6930-76324-0028,test-clean/6930/76324/6930-76324-0028.flac,6930,Office_noise,15,0.8663366336633663,"[0.75,1.00]",True,True,True,0.007114693770261971,True,True,True,307,492,491,True,True
805,LibriSpeech:test:Office_noise:15:7729-102255-0017,test-clean/7729/102255/7729-102255-0017.flac,7729,Office_noise,15,0.8734513274336283,"[0.75,1.00]",801,LibriSpeech:test:Office_noise:15:6930-76324-0028,test-clean/6930/76324/6930-76324-0028.flac,6930,Office_noise,15,0.8663366336633663,"[0.75,1.00]",True,True,True,0.007114693770261971,True,True,True,401,492,491,True,True
805,LibriSpeech:test:Office_noise:15:7729-102255-0017,test-clean/7729/102255/7729-102255-0017.flac,7729,Office_noise,15,0.8734513274336283,"[0.75,1.00]",801,LibriSpeech:test:Office_noise:15:6930-76324-0028,test-clean/6930/76324/6930-76324-0028.flac,6930,Office_noise,15,0.8663366336633663,"[0.75,1.00]",True,True,True,0.007114693770261971,True,True,True,503,492,491,True,True
808,LibriSpeech:test:Office_noise:15:8463-287645-0013,test-clean/8463/287645/8463-287645-0013.flac,8463,Office_noise,15,0.9368421052631579,"[0.75,1.00]",805,LibriSpeech:test:Office_noise:15:7729-102255-0017,test-clean/7729/102255/7729-102255-0017.flac,7729,Office_noise,15,0.8734513274336283,"[0.75,1.00]",True,True,True,0.06339077782952962,True,True,True,101,492,491,True,True
808,LibriSpeech:test:Office_noise:15:8463-287645-0013,test-clean/8463/287645/8463-287645-0013.flac,8463,Office_noise,15,0.9368421052631579,"[0.75,1.00]",805,LibriSpeech:test:Office_noise:15:7729-102255-0017,test-clean/7729/102255/7729-102255-0017.flac,7729,Office_noise,15,0.8734513274336283,"[0.75,1.00]",True,True,True,0.06339077782952962,True,True,True,211,492,491,True,True
808,LibriSpeech:test:Office_noise:15:8463-287645-0013,test-clean/8463/287645/8463-287645-0013.flac,8463,Office_noise,15,0.9368421052631579,"[0.75,1.00]",805,LibriSpeech:test:Office_noise:15:7729-102255-0017,test-clean/7729/102255/7729-102255-0017.flac,7729,Office_noise,15,0.8734513274336283,"[0.75,1.00]",True,True,True,0.06339077782952962,True,True,True,307,492,491,True,True
808,LibriSpeech:test:Office_noise:15:8463-287645-0013,test-clean/8463/287645/8463-287645-0013.flac,8463,Office_noise,15,0.9368421052631579,"[0.75,1.00]",805,LibriSpeech:test:Office_noise:15:7729-102255-0017,test-clean/7729/102255/7729-102255-0017.flac,7729,Office_noise,15,0.8734513274336283,"[0.75,1.00]",True,True,True,0.06339077782952962,True,True,True,401,492,491,True,True
808,LibriSpeech:test:Office_noise:15:8463-287645-0013,test-clean/8463/287645/8463-287645-0013.flac,8463,Office_noise,15,0.9368421052631579,"[0.75,1.00]",805,LibriSpeech:test:Office_noise:15:7729-102255-0017,test-clean/7729/102255/7729-102255-0017.flac,7729,Office_noise,15,0.8734513274336283,"[0.75,1.00]",True,True,True,0.06339077782952962,True,True,True,503,492,491,True,True
810,LibriSpeech:test:Office_noise:15:908-31957-0016,test-clean/908/31957/908-31957-0016.flac,908,Office_noise,15,0.6217228464419475,"[0.50,0.75)",801,LibriSpeech:test:Office_noise:15:6930-76324-0028,test-clean/6930/76324/6930-76324-0028.flac,6930,Office_noise,15,0.8663366336633663,"[0.75,1.00]",True,True,False,0.2446137872214188,True,True,True,101,492,491,True,True
810,LibriSpeech:test:Office_noise:15:908-31957-0016,test-clean/908/31957/908-31957-0016.flac,908,Office_noise,15,0.6217228464419475,"[0.50,0.75)",801,LibriSpeech:test:Office_noise:15:6930-76324-0028,test-clean/6930/76324/6930-76324-0028.flac,6930,Office_noise,15,0.8663366336633663,"[0.75,1.00]",True,True,False,0.2446137872214188,True,True,True,211,492,491,True,True
810,LibriSpeech:test:Office_noise:15:908-31957-0016,test-clean/908/31957/908-31957-0016.flac,908,Office_noise,15,0.6217228464419475,"[0.50,0.75)",801,LibriSpeech:test:Office_noise:15:6930-76324-0028,test-clean/6930/76324/6930-76324-0028.flac,6930,Office_noise,15,0.8663366336633663,"[0.75,1.00]",True,True,False,0.2446137872214188,True,True,True,307,492,491,True,True
810,LibriSpeech:test:Office_noise:15:908-31957-0016,test-clean/908/31957/908-31957-0016.flac,908,Office_noise,15,0.6217228464419475,"[0.50,0.75)",801,LibriSpeech:test:Office_noise:15:6930-76324-0028,test-clean/6930/76324/6930-76324-0028.flac,6930,Office_noise,15,0.8663366336633663,"[0.75,1.00]",True,True,False,0.2446137872214188,True,True,True,401,492,491,True,True
810,LibriSpeech:test:Office_noise:15:908-31957-0016,test-clean/908/31957/908-31957-0016.flac,908,Office_noise,15,0.6217228464419475,"[0.50,0.75)",801,LibriSpeech:test:Office_noise:15:6930-76324-0028,test-clean/6930/76324/6930-76324-0028.flac,6930,Office_noise,15,0.8663366336633663,"[0.75,1.00]",True,True,False,0.2446137872214188,True,True,True,503,492,491,True,True
813,LibriSpeech:test:Office_noise:20:1188-133604-0016,test-clean/1188/133604/1188-133604-0016.flac,1188,Office_noise,20,0.7323943661971831,"[0.50,0.75)",816,LibriSpeech:test:Office_noise:20:2094-142345-0049,test-clean/2094/142345/2094-142345-0049.flac,2094,Office_noise,20,0.7705627705627706,"[0.75,1.00]",True,True,False,0.03816840436558744,True,True,True,101,492,491,True,True
813,LibriSpeech:test:Office_noise:20:1188-133604-0016,test-clean/1188/133604/1188-133604-0016.flac,1188,Office_noise,20,0.7323943661971831,"[0.50,0.75)",816,LibriSpeech:test:Office_noise:20:2094-142345-0049,test-clean/2094/142345/2094-142345-0049.flac,2094,Office_noise,20,0.7705627705627706,"[0.75,1.00]",True,True,False,0.03816840436558744,True,True,True,211,492,491,True,True
813,LibriSpeech:test:Office_noise:20:1188-133604-0016,test-clean/1188/133604/1188-133604-0016.flac,1188,Office_noise,20,0.7323943661971831,"[0.50,0.75)",816,LibriSpeech:test:Office_noise:20:2094-142345-0049,test-clean/2094/142345/2094-142345-0049.flac,2094,Office_noise,20,0.7705627705627706,"[0.75,1.00]",True,True,False,0.03816840436558744,True,True,True,307,492,491,True,True
813,LibriSpeech:test:Office_noise:20:1188-133604-0016,test-clean/1188/133604/1188-133604-0016.flac,1188,Office_noise,20,0.7323943661971831,"[0.50,0.75)",816,LibriSpeech:test:Office_noise:20:2094-142345-0049,test-clean/2094/142345/2094-142345-0049.flac,2094,Office_noise,20,0.7705627705627706,"[0.75,1.00]",True,True,False,0.03816840436558744,True,True,True,401,492,491,True,True
813,LibriSpeech:test:Office_noise:20:1188-133604-0016,test-clean/1188/133604/1188-133604-0016.flac,1188,Office_noise,20,0.7323943661971831,"[0.50,0.75)",816,LibriSpeech:test:Office_noise:20:2094-142345-0049,test-clean/2094/142345/2094-142345-0049.flac,2094,Office_noise,20,0.7705627705627706,"[0.75,1.00]",True,True,False,0.03816840436558744,True,True,True,503,492,491,True,True
814,LibriSpeech:test:Office_noise:20:121-121726-0001,test-clean/121/121726/121-121726-0001.flac,121,Office_noise,20,0.8815165876777251,"[0.75,1.00]",830,LibriSpeech:test:Office_noise:20:7729-102255-0017,test-clean/7729/102255/7729-102255-0017.flac,7729,Office_noise,20,0.8734513274336283,"[0.75,1.00]",True,True,True,0.008065260244096817,True,True,True,101,492,491,True,True
814,LibriSpeech:test:Office_noise:20:121-121726-0001,test-clean/121/121726/121-121726-0001.flac,121,Office_noise,20,0.8815165876777251,"[0.75,1.00]",830,LibriSpeech:test:Office_noise:20:7729-102255-0017,test-clean/7729/102255/7729-102255-0017.flac,7729,Office_noise,20,0.8734513274336283,"[0.75,1.00]",True,True,True,0.008065260244096817,True,True,True,211,492,491,True,True
814,LibriSpeech:test:Office_noise:20:121-121726-0001,test-clean/121/121726/121-121726-0001.flac,121,Office_noise,20,0.8815165876777251,"[0.75,1.00]",830,LibriSpeech:test:Office_noise:20:7729-102255-0017,test-clean/7729/102255/7729-102255-0017.flac,7729,Office_noise,20,0.8734513274336283,"[0.75,1.00]",True,True,True,0.008065260244096817,True,True,True,307,492,491,True,True
814,LibriSpeech:test:Office_noise:20:121-121726-0001,test-clean/121/121726/121-121726-0001.flac,121,Office_noise,20,0.8815165876777251,"[0.75,1.00]",830,LibriSpeech:test:Office_noise:20:7729-102255-0017,test-clean/7729/102255/7729-102255-0017.flac,7729,Office_noise,20,0.8734513274336283,"[0.75,1.00]",True,True,True,0.008065260244096817,True,True,True,401,492,491,True,True
814,LibriSpeech:test:Office_noise:20:121-121726-0001,test-clean/121/121726/121-121726-0001.flac,121,Office_noise,20,0.8815165876777251,"[0.75,1.00]",830,LibriSpeech:test:Office_noise:20:7729-102255-0017,test-clean/7729/102255/7729-102255-0017.flac,7729,Office_noise,20,0.8734513274336283,"[0.75,1.00]",True,True,True,0.008065260244096817,True,True,True,503,492,491,True,True
815,LibriSpeech:test:Office_noise:20:1320-122617-0008,test-clean/1320/122617/1320-122617-0008.flac,1320,Office_noise,20,0.7837837837837838,"[0.75,1.00]",818,LibriSpeech:test:Office_noise:20:2300-131720-0008,test-clean/2300/131720/2300-131720-0008.flac,2300,Office_noise,20,0.7928436911487758,"[0.75,1.00]",True,True,True,0.00905990736499207,True,True,True,101,492,491,True,True
815,LibriSpeech:test:Office_noise:20:1320-122617-0008,test-clean/1320/122617/1320-122617-0008.flac,1320,Office_noise,20,0.7837837837837838,"[0.75,1.00]",818,LibriSpeech:test:Office_noise:20:2300-131720-0008,test-clean/2300/131720/2300-131720-0008.flac,2300,Office_noise,20,0.7928436911487758,"[0.75,1.00]",True,True,True,0.00905990736499207,True,True,True,211,492,491,True,True
815,LibriSpeech:test:Office_noise:20:1320-122617-0008,test-clean/1320/122617/1320-122617-0008.flac,1320,Office_noise,20,0.7837837837837838,"[0.75,1.00]",818,LibriSpeech:test:Office_noise:20:2300-131720-0008,test-clean/2300/131720/2300-131720-0008.flac,2300,Office_noise,20,0.7928436911487758,"[0.75,1.00]",True,True,True,0.00905990736499207,True,True,True,307,492,491,True,True
815,LibriSpeech:test:Office_noise:20:1320-122617-0008,test-clean/1320/122617/1320-122617-0008.flac,1320,Office_noise,20,0.7837837837837838,"[0.75,1.00]",818,LibriSpeech:test:Office_noise:20:2300-131720-0008,test-clean/2300/131720/2300-131720-0008.flac,2300,Office_noise,20,0.7928436911487758,"[0.75,1.00]",True,True,True,0.00905990736499207,True,True,True,401,492,491,True,True
815,LibriSpeech:test:Office_noise:20:1320-122617-0008,test-clean/1320/122617/1320-122617-0008.flac,1320,Office_noise,20,0.7837837837837838,"[0.75,1.00]",818,LibriSpeech:test:Office_noise:20:2300-131720-0008,test-clean/2300/131720/2300-131720-0008.flac,2300,Office_noise,20,0.7928436911487758,"[0.75,1.00]",True,True,True,0.00905990736499207,True,True,True,503,492,491,True,True
816,LibriSpeech:test:Office_noise:20:2094-142345-0049,test-clean/2094/142345/2094-142345-0049.flac,2094,Office_noise,20,0.7705627705627706,"[0.75,1.00]",815,LibriSpeech:test:Office_noise:20:1320-122617-0008,test-clean/1320/122617/1320-122617-0008.flac,1320,Office_noise,20,0.7837837837837838,"[0.75,1.00]",True,True,True,0.013221013221013211,True,True,True,101,492,491,True,True
816,LibriSpeech:test:Office_noise:20:2094-142345-0049,test-clean/2094/142345/2094-142345-0049.flac,2094,Office_noise,20,0.7705627705627706,"[0.75,1.00]",815,LibriSpeech:test:Office_noise:20:1320-122617-0008,test-clean/1320/122617/1320-122617-0008.flac,1320,Office_noise,20,0.7837837837837838,"[0.75,1.00]",True,True,True,0.013221013221013211,True,True,True,211,492,491,True,True
816,LibriSpeech:test:Office_noise:20:2094-142345-0049,test-clean/2094/142345/2094-142345-0049.flac,2094,Office_noise,20,0.7705627705627706,"[0.75,1.00]",815,LibriSpeech:test:Office_noise:20:1320-122617-0008,test-clean/1320/122617/1320-122617-0008.flac,1320,Office_noise,20,0.7837837837837838,"[0.75,1.00]",True,True,True,0.013221013221013211,True,True,True,307,492,491,True,True
816,LibriSpeech:test:Office_noise:20:2094-142345-0049,test-clean/2094/142345/2094-142345-0049.flac,2094,Office_noise,20,0.7705627705627706,"[0.75,1.00]",815,LibriSpeech:test:Office_noise:20:1320-122617-0008,test-clean/1320/122617/1320-122617-0008.flac,1320,Office_noise,20,0.7837837837837838,"[0.75,1.00]",True,True,True,0.013221013221013211,True,True,True,401,492,491,True,True
816,LibriSpeech:test:Office_noise:20:2094-142345-0049,test-clean/2094/142345/2094-142345-0049.flac,2094,Office_noise,20,0.7705627705627706,"[0.75,1.00]",815,LibriSpeech:test:Office_noise:20:1320-122617-0008,test-clean/1320/122617/1320-122617-0008.flac,1320,Office_noise,20,0.7837837837837838,"[0.75,1.00]",True,True,True,0.013221013221013211,True,True,True,503,492,491,True,True
817,LibriSpeech:test:Office_noise:20:2300-131720-0008,test-clean/2300/131720/2300-131720-0008.flac,2300,Clean,clean,0.7928436911487758,"[0.75,1.00]",535,LibriSpeech:test:Domestic_noise:20:2094-142345-0039,test-clean/2094/142345/2094-142345-0039.flac,2094,Clean,clean,0.7894736842105263,"[0.75,1.00]",True,True,True,0.0033700069382495146,True,True,True,101,492,491,True,True
817,LibriSpeech:test:Office_noise:20:2300-131720-0008,test-clean/2300/131720/2300-131720-0008.flac,2300,Clean,clean,0.7928436911487758,"[0.75,1.00]",535,LibriSpeech:test:Domestic_noise:20:2094-142345-0039,test-clean/2094/142345/2094-142345-0039.flac,2094,Clean,clean,0.7894736842105263,"[0.75,1.00]",True,True,True,0.0033700069382495146,True,True,True,211,492,491,True,True
817,LibriSpeech:test:Office_noise:20:2300-131720-0008,test-clean/2300/131720/2300-131720-0008.flac,2300,Clean,clean,0.7928436911487758,"[0.75,1.00]",535,LibriSpeech:test:Domestic_noise:20:2094-142345-0039,test-clean/2094/142345/2094-142345-0039.flac,2094,Clean,clean,0.7894736842105263,"[0.75,1.00]",True,True,True,0.0033700069382495146,True,True,True,307,492,491,True,True
817,LibriSpeech:test:Office_noise:20:2300-131720-0008,test-clean/2300/131720/2300-131720-0008.flac,2300,Clean,clean,0.7928436911487758,"[0.75,1.00]",535,LibriSpeech:test:Domestic_noise:20:2094-142345-0039,test-clean/2094/142345/2094-142345-0039.flac,2094,Clean,clean,0.7894736842105263,"[0.75,1.00]",True,True,True,0.0033700069382495146,True,True,True,401,492,491,True,True
817,LibriSpeech:test:Office_noise:20:2300-131720-0008,test-clean/2300/131720/2300-131720-0008.flac,2300,Clean,clean,0.7928436911487758,"[0.75,1.00]",535,LibriSpeech:test:Domestic_noise:20:2094-142345-0039,test-clean/2094/142345/2094-142345-0039.flac,2094,Clean,clean,0.7894736842105263,"[0.75,1.00]",True,True,True,0.0033700069382495146,True,True,True,503,492,491,True,True
818,LibriSpeech:test:Office_noise:20:2300-131720-0008,test-clean/2300/131720/2300-131720-0008.flac,2300,Office_noise,20,0.7928436911487758,"[0.75,1.00]",815,LibriSpeech:test:Office_noise:20:1320-122617-0008,test-clean/1320/122617/1320-122617-0008.flac,1320,Office_noise,20,0.7837837837837838,"[0.75,1.00]",True,True,True,0.00905990736499207,True,True,True,101,492,491,True,True
818,LibriSpeech:test:Office_noise:20:2300-131720-0008,test-clean/2300/131720/2300-131720-0008.flac,2300,Office_noise,20,0.7928436911487758,"[0.75,1.00]",815,LibriSpeech:test:Office_noise:20:1320-122617-0008,test-clean/1320/122617/1320-122617-0008.flac,1320,Office_noise,20,0.7837837837837838,"[0.75,1.00]",True,True,True,0.00905990736499207,True,True,True,211,492,491,True,True
818,LibriSpeech:test:Office_noise:20:2300-131720-0008,test-clean/2300/131720/2300-131720-0008.flac,2300,Office_noise,20,0.7928436911487758,"[0.75,1.00]",815,LibriSpeech:test:Office_noise:20:1320-122617-0008,test-clean/1320/122617/1320-122617-0008.flac,1320,Office_noise,20,0.7837837837837838,"[0.75,1.00]",True,True,True,0.00905990736499207,True,True,True,307,492,491,True,True
818,LibriSpeech:test:Office_noise:20:2300-131720-0008,test-clean/2300/131720/2300-131720-0008.flac,2300,Office_noise,20,0.7928436911487758,"[0.75,1.00]",815,LibriSpeech:test:Office_noise:20:1320-122617-0008,test-clean/1320/122617/1320-122617-0008.flac,1320,Office_noise,20,0.7837837837837838,"[0.75,1.00]",True,True,True,0.00905990736499207,True,True,True,401,492,491,True,True
818,LibriSpeech:test:Office_noise:20:2300-131720-0008,test-clean/2300/131720/2300-131720-0008.flac,2300,Office_noise,20,0.7928436911487758,"[0.75,1.00]",815,LibriSpeech:test:Office_noise:20:1320-122617-0008,test-clean/1320/122617/1320-122617-0008.flac,1320,Office_noise,20,0.7837837837837838,"[0.75,1.00]",True,True,True,0.00905990736499207,True,True,True,503,492,491,True,True
819,LibriSpeech:test:Office_noise:20:237-134493-0000,test-clean/237/134493/237-134493-0000.flac,237,Office_noise,20,0.1724137931034483,"[0,0.25)",824,LibriSpeech:test:Office_noise:20:5142-33396-0018,test-clean/5142/33396/5142-33396-0018.flac,5142,Office_noise,20,0.0,"[0,0.25)",True,True,True,0.1724137931034483,True,True,True,101,492,491,True,True
819,LibriSpeech:test:Office_noise:20:237-134493-0000,test-clean/237/134493/237-134493-0000.flac,237,Office_noise,20,0.1724137931034483,"[0,0.25)",824,LibriSpeech:test:Office_noise:20:5142-33396-0018,test-clean/5142/33396/5142-33396-0018.flac,5142,Office_noise,20,0.0,"[0,0.25)",True,True,True,0.1724137931034483,True,True,True,211,492,491,True,True
819,LibriSpeech:test:Office_noise:20:237-134493-0000,test-clean/237/134493/237-134493-0000.flac,237,Office_noise,20,0.1724137931034483,"[0,0.25)",824,LibriSpeech:test:Office_noise:20:5142-33396-0018,test-clean/5142/33396/5142-33396-0018.flac,5142,Office_noise,20,0.0,"[0,0.25)",True,True,True,0.1724137931034483,True,True,True,307,492,491,True,True
819,LibriSpeech:test:Office_noise:20:237-134493-0000,test-clean/237/134493/237-134493-0000.flac,237,Office_noise,20,0.1724137931034483,"[0,0.25)",824,LibriSpeech:test:Office_noise:20:5142-33396-0018,test-clean/5142/33396/5142-33396-0018.flac,5142,Office_noise,20,0.0,"[0,0.25)",True,True,True,0.1724137931034483,True,True,True,401,492,491,True,True
819,LibriSpeech:test:Office_noise:20:237-134493-0000,test-clean/237/134493/237-134493-0000.flac,237,Office_noise,20,0.1724137931034483,"[0,0.25)",824,LibriSpeech:test:Office_noise:20:5142-33396-0018,test-clean/5142/33396/5142-33396-0018.flac,5142,Office_noise,20,0.0,"[0,0.25)",True,True,True,0.1724137931034483,True,True,True,503,492,491,True,True
820,LibriSpeech:test:Office_noise:20:2961-960-0006,test-clean/2961/960/2961-960-0006.flac,2961,Office_noise,20,0.8656591099916037,"[0.75,1.00]",830,LibriSpeech:test:Office_noise:20:7729-102255-0017,test-clean/7729/102255/7729-102255-0017.flac,7729,Office_noise,20,0.8734513274336283,"[0.75,1.00]",True,True,True,0.007792217442024629,True,True,True,101,492,491,True,True
820,LibriSpeech:test:Office_noise:20:2961-960-0006,test-clean/2961/960/2961-960-0006.flac,2961,Office_noise,20,0.8656591099916037,"[0.75,1.00]",830,LibriSpeech:test:Office_noise:20:7729-102255-0017,test-clean/7729/102255/7729-102255-0017.flac,7729,Office_noise,20,0.8734513274336283,"[0.75,1.00]",True,True,True,0.007792217442024629,True,True,True,211,492,491,True,True
820,LibriSpeech:test:Office_noise:20:2961-960-0006,test-clean/2961/960/2961-960-0006.flac,2961,Office_noise,20,0.8656591099916037,"[0.75,1.00]",830,LibriSpeech:test:Office_noise:20:7729-102255-0017,test-clean/7729/102255/7729-102255-0017.flac,7729,Office_noise,20,0.8734513274336283,"[0.75,1.00]",True,True,True,0.007792217442024629,True,True,True,307,492,491,True,True
820,LibriSpeech:test:Office_noise:20:2961-960-0006,test-clean/2961/960/2961-960-0006.flac,2961,Office_noise,20,0.8656591099916037,"[0.75,1.00]",830,LibriSpeech:test:Office_noise:20:7729-102255-0017,test-clean/7729/102255/7729-102255-0017.flac,7729,Office_noise,20,0.8734513274336283,"[0.75,1.00]",True,True,True,0.007792217442024629,True,True,True,401,492,491,True,True
820,LibriSpeech:test:Office_noise:20:2961-960-0006,test-clean/2961/960/2961-960-0006.flac,2961,Office_noise,20,0.8656591099916037,"[0.75,1.00]",830,LibriSpeech:test:Office_noise:20:7729-102255-0017,test-clean/7729/102255/7729-102255-0017.flac,7729,Office_noise,20,0.8734513274336283,"[0.75,1.00]",True,True,True,0.007792217442024629,True,True,True,503,492,491,True,True
821,LibriSpeech:test:Office_noise:20:3729-6852-0023,test-clean/3729/6852/3729-6852-0023.flac,3729,Office_noise,20,0.8260869565217391,"[0.75,1.00]",818,LibriSpeech:test:Office_noise:20:2300-131720-0008,test-clean/2300/131720/2300-131720-0008.flac,2300,Office_noise,20,0.7928436911487758,"[0.75,1.00]",True,True,True,0.03324326537296329,True,True,True,101,492,491,True,True
821,LibriSpeech:test:Office_noise:20:3729-6852-0023,test-clean/3729/6852/3729-6852-0023.flac,3729,Office_noise,20,0.8260869565217391,"[0.75,1.00]",818,LibriSpeech:test:Office_noise:20:2300-131720-0008,test-clean/2300/131720/2300-131720-0008.flac,2300,Office_noise,20,0.7928436911487758,"[0.75,1.00]",True,True,True,0.03324326537296329,True,True,True,211,492,491,True,True
821,LibriSpeech:test:Office_noise:20:3729-6852-0023,test-clean/3729/6852/3729-6852-0023.flac,3729,Office_noise,20,0.8260869565217391,"[0.75,1.00]",818,LibriSpeech:test:Office_noise:20:2300-131720-0008,test-clean/2300/131720/2300-131720-0008.flac,2300,Office_noise,20,0.7928436911487758,"[0.75,1.00]",True,True,True,0.03324326537296329,True,True,True,307,492,491,True,True
821,LibriSpeech:test:Office_noise:20:3729-6852-0023,test-clean/3729/6852/3729-6852-0023.flac,3729,Office_noise,20,0.8260869565217391,"[0.75,1.00]",818,LibriSpeech:test:Office_noise:20:2300-131720-0008,test-clean/2300/131720/2300-131720-0008.flac,2300,Office_noise,20,0.7928436911487758,"[0.75,1.00]",True,True,True,0.03324326537296329,True,True,True,401,492,491,True,True
821,LibriSpeech:test:Office_noise:20:3729-6852-0023,test-clean/3729/6852/3729-6852-0023.flac,3729,Office_noise,20,0.8260869565217391,"[0.75,1.00]",818,LibriSpeech:test:Office_noise:20:2300-131720-0008,test-clean/2300/131720/2300-131720-0008.flac,2300,Office_noise,20,0.7928436911487758,"[0.75,1.00]",True,True,True,0.03324326537296329,True,True,True,503,492,491,True,True
824,LibriSpeech:test:Office_noise:20:5142-33396-0018,test-clean/5142/33396/5142-33396-0018.flac,5142,Office_noise,20,0.0,"[0,0.25)",819,LibriSpeech:test:Office_noise:20:237-134493-0000,test-clean/237/134493/237-134493-0000.flac,237,Office_noise,20,0.1724137931034483,"[0,0.25)",True,True,True,0.1724137931034483,True,True,True,101,492,491,True,True
824,LibriSpeech:test:Office_noise:20:5142-33396-0018,test-clean/5142/33396/5142-33396-0018.flac,5142,Office_noise,20,0.0,"[0,0.25)",819,LibriSpeech:test:Office_noise:20:237-134493-0000,test-clean/237/134493/237-134493-0000.flac,237,Office_noise,20,0.1724137931034483,"[0,0.25)",True,True,True,0.1724137931034483,True,True,True,211,492,491,True,True
824,LibriSpeech:test:Office_noise:20:5142-33396-0018,test-clean/5142/33396/5142-33396-0018.flac,5142,Office_noise,20,0.0,"[0,0.25)",819,LibriSpeech:test:Office_noise:20:237-134493-0000,test-clean/237/134493/237-134493-0000.flac,237,Office_noise,20,0.1724137931034483,"[0,0.25)",True,True,True,0.1724137931034483,True,True,True,307,492,491,True,True
824,LibriSpeech:test:Office_noise:20:5142-33396-0018,test-clean/5142/33396/5142-33396-0018.flac,5142,Office_noise,20,0.0,"[0,0.25)",819,LibriSpeech:test:Office_noise:20:237-134493-0000,test-clean/237/134493/237-134493-0000.flac,237,Office_noise,20,0.1724137931034483,"[0,0.25)",True,True,True,0.1724137931034483,True,True,True,401,492,491,True,True
824,LibriSpeech:test:Office_noise:20:5142-33396-0018,test-clean/5142/33396/5142-33396-0018.flac,5142,Office_noise,20,0.0,"[0,0.25)",819,LibriSpeech:test:Office_noise:20:237-134493-0000,test-clean/237/134493/237-134493-0000.flac,237,Office_noise,20,0.1724137931034483,"[0,0.25)",True,True,True,0.1724137931034483,True,True,True,503,492,491,True,True
830,LibriSpeech:test:Office_noise:20:7729-102255-0017,test-clean/7729/102255/7729-102255-0017.flac,7729,Office_noise,20,0.8734513274336283,"[0.75,1.00]",820,LibriSpeech:test:Office_noise:20:2961-960-0006,test-clean/2961/960/2961-960-0006.flac,2961,Office_noise,20,0.8656591099916037,"[0.75,1.00]",True,True,True,0.007792217442024629,True,True,True,101,492,491,True,True
830,LibriSpeech:test:Office_noise:20:7729-102255-0017,test-clean/7729/102255/7729-102255-0017.flac,7729,Office_noise,20,0.8734513274336283,"[0.75,1.00]",820,LibriSpeech:test:Office_noise:20:2961-960-0006,test-clean/2961/960/2961-960-0006.flac,2961,Office_noise,20,0.8656591099916037,"[0.75,1.00]",True,True,True,0.007792217442024629,True,True,True,211,492,491,True,True
830,LibriSpeech:test:Office_noise:20:7729-102255-0017,test-clean/7729/102255/7729-102255-0017.flac,7729,Office_noise,20,0.8734513274336283,"[0.75,1.00]",820,LibriSpeech:test:Office_noise:20:2961-960-0006,test-clean/2961/960/2961-960-0006.flac,2961,Office_noise,20,0.8656591099916037,"[0.75,1.00]",True,True,True,0.007792217442024629,True,True,True,307,492,491,True,True
830,LibriSpeech:test:Office_noise:20:7729-102255-0017,test-clean/7729/102255/7729-102255-0017.flac,7729,Office_noise,20,0.8734513274336283,"[0.75,1.00]",820,LibriSpeech:test:Office_noise:20:2961-960-0006,test-clean/2961/960/2961-960-0006.flac,2961,Office_noise,20,0.8656591099916037,"[0.75,1.00]",True,True,True,0.007792217442024629,True,True,True,401,492,491,True,True
830,LibriSpeech:test:Office_noise:20:7729-102255-0017,test-clean/7729/102255/7729-102255-0017.flac,7729,Office_noise,20,0.8734513274336283,"[0.75,1.00]",820,LibriSpeech:test:Office_noise:20:2961-960-0006,test-clean/2961/960/2961-960-0006.flac,2961,Office_noise,20,0.8656591099916037,"[0.75,1.00]",True,True,True,0.007792217442024629,True,True,True,503,492,491,True,True
831,LibriSpeech:test:Office_noise:20:8463-287645-0003,test-clean/8463/287645/8463-287645-0003.flac,8463,Office_noise,20,0.9486552567237164,"[0.75,1.00]",814,LibriSpeech:test:Office_noise:20:121-121726-0001,test-clean/121/121726/121-121726-0001.flac,121,Office_noise,20,0.8815165876777251,"[0.75,1.00]",True,True,True,0.0671386690459913,True,True,True,101,492,491,True,True
831,LibriSpeech:test:Office_noise:20:8463-287645-0003,test-clean/8463/287645/8463-287645-0003.flac,8463,Office_noise,20,0.9486552567237164,"[0.75,1.00]",814,LibriSpeech:test:Office_noise:20:121-121726-0001,test-clean/121/121726/121-121726-0001.flac,121,Office_noise,20,0.8815165876777251,"[0.75,1.00]",True,True,True,0.0671386690459913,True,True,True,211,492,491,True,True
831,LibriSpeech:test:Office_noise:20:8463-287645-0003,test-clean/8463/287645/8463-287645-0003.flac,8463,Office_noise,20,0.9486552567237164,"[0.75,1.00]",814,LibriSpeech:test:Office_noise:20:121-121726-0001,test-clean/121/121726/121-121726-0001.flac,121,Office_noise,20,0.8815165876777251,"[0.75,1.00]",True,True,True,0.0671386690459913,True,True,True,307,492,491,True,True
831,LibriSpeech:test:Office_noise:20:8463-287645-0003,test-clean/8463/287645/8463-287645-0003.flac,8463,Office_noise,20,0.9486552567237164,"[0.75,1.00]",814,LibriSpeech:test:Office_noise:20:121-121726-0001,test-clean/121/121726/121-121726-0001.flac,121,Office_noise,20,0.8815165876777251,"[0.75,1.00]",True,True,True,0.0671386690459913,True,True,True,401,492,491,True,True
831,LibriSpeech:test:Office_noise:20:8463-287645-0003,test-clean/8463/287645/8463-287645-0003.flac,8463,Office_noise,20,0.9486552567237164,"[0.75,1.00]",814,LibriSpeech:test:Office_noise:20:121-121726-0001,test-clean/121/121726/121-121726-0001.flac,121,Office_noise,20,0.8815165876777251,"[0.75,1.00]",True,True,True,0.0671386690459913,True,True,True,503,492,491,True,True
835,LibriSpeech:test:Public_noise:-5:1995-1826-0011,test-clean/1995/1826/1995-1826-0011.flac,1995,Public_noise,-5,0.8187134502923976,"[0.75,1.00]",836,LibriSpeech:test:Public_noise:-5:2300-131720-0028,test-clean/2300/131720/2300-131720-0028.flac,2300,Public_noise,-5,0.8590149118843199,"[0.75,1.00]",True,True,True,0.04030146159192227,True,True,True,101,492,491,True,True
835,LibriSpeech:test:Public_noise:-5:1995-1826-0011,test-clean/1995/1826/1995-1826-0011.flac,1995,Public_noise,-5,0.8187134502923976,"[0.75,1.00]",836,LibriSpeech:test:Public_noise:-5:2300-131720-0028,test-clean/2300/131720/2300-131720-0028.flac,2300,Public_noise,-5,0.8590149118843199,"[0.75,1.00]",True,True,True,0.04030146159192227,True,True,True,211,492,491,True,True
835,LibriSpeech:test:Public_noise:-5:1995-1826-0011,test-clean/1995/1826/1995-1826-0011.flac,1995,Public_noise,-5,0.8187134502923976,"[0.75,1.00]",836,LibriSpeech:test:Public_noise:-5:2300-131720-0028,test-clean/2300/131720/2300-131720-0028.flac,2300,Public_noise,-5,0.8590149118843199,"[0.75,1.00]",True,True,True,0.04030146159192227,True,True,True,307,492,491,True,True
835,LibriSpeech:test:Public_noise:-5:1995-1826-0011,test-clean/1995/1826/1995-1826-0011.flac,1995,Public_noise,-5,0.8187134502923976,"[0.75,1.00]",836,LibriSpeech:test:Public_noise:-5:2300-131720-0028,test-clean/2300/131720/2300-131720-0028.flac,2300,Public_noise,-5,0.8590149118843199,"[0.75,1.00]",True,True,True,0.04030146159192227,True,True,True,401,492,491,True,True
835,LibriSpeech:test:Public_noise:-5:1995-1826-0011,test-clean/1995/1826/1995-1826-0011.flac,1995,Public_noise,-5,0.8187134502923976,"[0.75,1.00]",836,LibriSpeech:test:Public_noise:-5:2300-131720-0028,test-clean/2300/131720/2300-131720-0028.flac,2300,Public_noise,-5,0.8590149118843199,"[0.75,1.00]",True,True,True,0.04030146159192227,True,True,True,503,492,491,True,True
836,LibriSpeech:test:Public_noise:-5:2300-131720-0028,test-clean/2300/131720/2300-131720-0028.flac,2300,Public_noise,-5,0.8590149118843199,"[0.75,1.00]",847,LibriSpeech:test:Public_noise:-5:7176-88083-0021,test-clean/7176/88083/7176-88083-0021.flac,7176,Public_noise,-5,0.8850967007963595,"[0.75,1.00]",True,True,True,0.026081788912039605,True,True,True,101,492,491,True,True
836,LibriSpeech:test:Public_noise:-5:2300-131720-0028,test-clean/2300/131720/2300-131720-0028.flac,2300,Public_noise,-5,0.8590149118843199,"[0.75,1.00]",847,LibriSpeech:test:Public_noise:-5:7176-88083-0021,test-clean/7176/88083/7176-88083-0021.flac,7176,Public_noise,-5,0.8850967007963595,"[0.75,1.00]",True,True,True,0.026081788912039605,True,True,True,211,492,491,True,True
836,LibriSpeech:test:Public_noise:-5:2300-131720-0028,test-clean/2300/131720/2300-131720-0028.flac,2300,Public_noise,-5,0.8590149118843199,"[0.75,1.00]",847,LibriSpeech:test:Public_noise:-5:7176-88083-0021,test-clean/7176/88083/7176-88083-0021.flac,7176,Public_noise,-5,0.8850967007963595,"[0.75,1.00]",True,True,True,0.026081788912039605,True,True,True,307,492,491,True,True
836,LibriSpeech:test:Public_noise:-5:2300-131720-0028,test-clean/2300/131720/2300-131720-0028.flac,2300,Public_noise,-5,0.8590149118843199,"[0.75,1.00]",847,LibriSpeech:test:Public_noise:-5:7176-88083-0021,test-clean/7176/88083/7176-88083-0021.flac,7176,Public_noise,-5,0.8850967007963595,"[0.75,1.00]",True,True,True,0.026081788912039605,True,True,True,401,492,491,True,True
836,LibriSpeech:test:Public_noise:-5:2300-131720-0028,test-clean/2300/131720/2300-131720-0028.flac,2300,Public_noise,-5,0.8590149118843199,"[0.75,1.00]",847,LibriSpeech:test:Public_noise:-5:7176-88083-0021,test-clean/7176/88083/7176-88083-0021.flac,7176,Public_noise,-5,0.8850967007963595,"[0.75,1.00]",True,True,True,0.026081788912039605,True,True,True,503,492,491,True,True
838,LibriSpeech:test:Public_noise:-5:2961-961-0013,test-clean/2961/961/2961-961-0013.flac,2961,Clean,clean,0.7557251908396947,"[0.75,1.00]",297,LibriSpeech:test:SSN_noise:5:5142-33396-0038,test-clean/5142/33396/5142-33396-0038.flac,5142,Clean,clean,0.7567567567567568,"[0.75,1.00]",True,True,True,0.001031565917062105,True,True,True,101,492,491,True,True
838,LibriSpeech:test:Public_noise:-5:2961-961-0013,test-clean/2961/961/2961-961-0013.flac,2961,Clean,clean,0.7557251908396947,"[0.75,1.00]",297,LibriSpeech:test:SSN_noise:5:5142-33396-0038,test-clean/5142/33396/5142-33396-0038.flac,5142,Clean,clean,0.7567567567567568,"[0.75,1.00]",True,True,True,0.001031565917062105,True,True,True,211,492,491,True,True
838,LibriSpeech:test:Public_noise:-5:2961-961-0013,test-clean/2961/961/2961-961-0013.flac,2961,Clean,clean,0.7557251908396947,"[0.75,1.00]",297,LibriSpeech:test:SSN_noise:5:5142-33396-0038,test-clean/5142/33396/5142-33396-0038.flac,5142,Clean,clean,0.7567567567567568,"[0.75,1.00]",True,True,True,0.001031565917062105,True,True,True,307,492,491,True,True
838,LibriSpeech:test:Public_noise:-5:2961-961-0013,test-clean/2961/961/2961-961-0013.flac,2961,Clean,clean,0.7557251908396947,"[0.75,1.00]",297,LibriSpeech:test:SSN_noise:5:5142-33396-0038,test-clean/5142/33396/5142-33396-0038.flac,5142,Clean,clean,0.7567567567567568,"[0.75,1.00]",True,True,True,0.001031565917062105,True,True,True,401,492,491,True,True
838,LibriSpeech:test:Public_noise:-5:2961-961-0013,test-clean/2961/961/2961-961-0013.flac,2961,Clean,clean,0.7557251908396947,"[0.75,1.00]",297,LibriSpeech:test:SSN_noise:5:5142-33396-0038,test-clean/5142/33396/5142-33396-0038.flac,5142,Clean,clean,0.7567567567567568,"[0.75,1.00]",True,True,True,0.001031565917062105,True,True,True,503,492,491,True,True
839,LibriSpeech:test:Public_noise:-5:2961-961-0013,test-clean/2961/961/2961-961-0013.flac,2961,Public_noise,-5,0.7557251908396947,"[0.75,1.00]",835,LibriSpeech:test:Public_noise:-5:1995-1826-0011,test-clean/1995/1826/1995-1826-0011.flac,1995,Public_noise,-5,0.8187134502923976,"[0.75,1.00]",True,True,True,0.06298825945270292,True,True,True,101,492,491,True,True
839,LibriSpeech:test:Public_noise:-5:2961-961-0013,test-clean/2961/961/2961-961-0013.flac,2961,Public_noise,-5,0.7557251908396947,"[0.75,1.00]",835,LibriSpeech:test:Public_noise:-5:1995-1826-0011,test-clean/1995/1826/1995-1826-0011.flac,1995,Public_noise,-5,0.8187134502923976,"[0.75,1.00]",True,True,True,0.06298825945270292,True,True,True,211,492,491,True,True
839,LibriSpeech:test:Public_noise:-5:2961-961-0013,test-clean/2961/961/2961-961-0013.flac,2961,Public_noise,-5,0.7557251908396947,"[0.75,1.00]",835,LibriSpeech:test:Public_noise:-5:1995-1826-0011,test-clean/1995/1826/1995-1826-0011.flac,1995,Public_noise,-5,0.8187134502923976,"[0.75,1.00]",True,True,True,0.06298825945270292,True,True,True,307,492,491,True,True
839,LibriSpeech:test:Public_noise:-5:2961-961-0013,test-clean/2961/961/2961-961-0013.flac,2961,Public_noise,-5,0.7557251908396947,"[0.75,1.00]",835,LibriSpeech:test:Public_noise:-5:1995-1826-0011,test-clean/1995/1826/1995-1826-0011.flac,1995,Public_noise,-5,0.8187134502923976,"[0.75,1.00]",True,True,True,0.06298825945270292,True,True,True,401,492,491,True,True
839,LibriSpeech:test:Public_noise:-5:2961-961-0013,test-clean/2961/961/2961-961-0013.flac,2961,Public_noise,-5,0.7557251908396947,"[0.75,1.00]",835,LibriSpeech:test:Public_noise:-5:1995-1826-0011,test-clean/1995/1826/1995-1826-0011.flac,1995,Public_noise,-5,0.8187134502923976,"[0.75,1.00]",True,True,True,0.06298825945270292,True,True,True,503,492,491,True,True
847,LibriSpeech:test:Public_noise:-5:7176-88083-0021,test-clean/7176/88083/7176-88083-0021.flac,7176,Public_noise,-5,0.8850967007963595,"[0.75,1.00]",836,LibriSpeech:test:Public_noise:-5:2300-131720-0028,test-clean/2300/131720/2300-131720-0028.flac,2300,Public_noise,-5,0.8590149118843199,"[0.75,1.00]",True,True,True,0.026081788912039605,True,True,True,101,492,491,True,True
847,LibriSpeech:test:Public_noise:-5:7176-88083-0021,test-clean/7176/88083/7176-88083-0021.flac,7176,Public_noise,-5,0.8850967007963595,"[0.75,1.00]",836,LibriSpeech:test:Public_noise:-5:2300-131720-0028,test-clean/2300/131720/2300-131720-0028.flac,2300,Public_noise,-5,0.8590149118843199,"[0.75,1.00]",True,True,True,0.026081788912039605,True,True,True,211,492,491,True,True
847,LibriSpeech:test:Public_noise:-5:7176-88083-0021,test-clean/7176/88083/7176-88083-0021.flac,7176,Public_noise,-5,0.8850967007963595,"[0.75,1.00]",836,LibriSpeech:test:Public_noise:-5:2300-131720-0028,test-clean/2300/131720/2300-131720-0028.flac,2300,Public_noise,-5,0.8590149118843199,"[0.75,1.00]",True,True,True,0.026081788912039605,True,True,True,307,492,491,True,True
847,LibriSpeech:test:Public_noise:-5:7176-88083-0021,test-clean/7176/88083/7176-88083-0021.flac,7176,Public_noise,-5,0.8850967007963595,"[0.75,1.00]",836,LibriSpeech:test:Public_noise:-5:2300-131720-0028,test-clean/2300/131720/2300-131720-0028.flac,2300,Public_noise,-5,0.8590149118843199,"[0.75,1.00]",True,True,True,0.026081788912039605,True,True,True,401,492,491,True,True
847,LibriSpeech:test:Public_noise:-5:7176-88083-0021,test-clean/7176/88083/7176-88083-0021.flac,7176,Public_noise,-5,0.8850967007963595,"[0.75,1.00]",836,LibriSpeech:test:Public_noise:-5:2300-131720-0028,test-clean/2300/131720/2300-131720-0028.flac,2300,Public_noise,-5,0.8590149118843199,"[0.75,1.00]",True,True,True,0.026081788912039605,True,True,True,503,492,491,True,True
849,LibriSpeech:test:Public_noise:-5:8230-279154-0028,test-clean/8230/279154/8230-279154-0028.flac,8230,Public_noise,-5,0.92,"[0.75,1.00]",847,LibriSpeech:test:Public_noise:-5:7176-88083-0021,test-clean/7176/88083/7176-88083-0021.flac,7176,Public_noise,-5,0.8850967007963595,"[0.75,1.00]",True,True,True,0.03490329920364055,True,True,True,101,492,491,True,True
849,LibriSpeech:test:Public_noise:-5:8230-279154-0028,test-clean/8230/279154/8230-279154-0028.flac,8230,Public_noise,-5,0.92,"[0.75,1.00]",847,LibriSpeech:test:Public_noise:-5:7176-88083-0021,test-clean/7176/88083/7176-88083-0021.flac,7176,Public_noise,-5,0.8850967007963595,"[0.75,1.00]",True,True,True,0.03490329920364055,True,True,True,211,492,491,True,True
849,LibriSpeech:test:Public_noise:-5:8230-279154-0028,test-clean/8230/279154/8230-279154-0028.flac,8230,Public_noise,-5,0.92,"[0.75,1.00]",847,LibriSpeech:test:Public_noise:-5:7176-88083-0021,test-clean/7176/88083/7176-88083-0021.flac,7176,Public_noise,-5,0.8850967007963595,"[0.75,1.00]",True,True,True,0.03490329920364055,True,True,True,307,492,491,True,True
849,LibriSpeech:test:Public_noise:-5:8230-279154-0028,test-clean/8230/279154/8230-279154-0028.flac,8230,Public_noise,-5,0.92,"[0.75,1.00]",847,LibriSpeech:test:Public_noise:-5:7176-88083-0021,test-clean/7176/88083/7176-88083-0021.flac,7176,Public_noise,-5,0.8850967007963595,"[0.75,1.00]",True,True,True,0.03490329920364055,True,True,True,401,492,491,True,True
849,LibriSpeech:test:Public_noise:-5:8230-279154-0028,test-clean/8230/279154/8230-279154-0028.flac,8230,Public_noise,-5,0.92,"[0.75,1.00]",847,LibriSpeech:test:Public_noise:-5:7176-88083-0021,test-clean/7176/88083/7176-88083-0021.flac,7176,Public_noise,-5,0.8850967007963595,"[0.75,1.00]",True,True,True,0.03490329920364055,True,True,True,503,492,491,True,True
853,LibriSpeech:test:Public_noise:0:121-127105-0006,test-clean/121/127105/121-127105-0006.flac,121,Public_noise,0,0.46153846153846156,"[0.25,0.50)",858,LibriSpeech:test:Public_noise:0:260-123288-0016,test-clean/260/123288/260-123288-0016.flac,260,Public_noise,0,0.5714285714285714,"[0.50,0.75)",True,True,False,0.10989010989010983,True,True,True,101,492,491,True,True
853,LibriSpeech:test:Public_noise:0:121-127105-0006,test-clean/121/127105/121-127105-0006.flac,121,Public_noise,0,0.46153846153846156,"[0.25,0.50)",858,LibriSpeech:test:Public_noise:0:260-123288-0016,test-clean/260/123288/260-123288-0016.flac,260,Public_noise,0,0.5714285714285714,"[0.50,0.75)",True,True,False,0.10989010989010983,True,True,True,211,492,491,True,True
853,LibriSpeech:test:Public_noise:0:121-127105-0006,test-clean/121/127105/121-127105-0006.flac,121,Public_noise,0,0.46153846153846156,"[0.25,0.50)",858,LibriSpeech:test:Public_noise:0:260-123288-0016,test-clean/260/123288/260-123288-0016.flac,260,Public_noise,0,0.5714285714285714,"[0.50,0.75)",True,True,False,0.10989010989010983,True,True,True,307,492,491,True,True
853,LibriSpeech:test:Public_noise:0:121-127105-0006,test-clean/121/127105/121-127105-0006.flac,121,Public_noise,0,0.46153846153846156,"[0.25,0.50)",858,LibriSpeech:test:Public_noise:0:260-123288-0016,test-clean/260/123288/260-123288-0016.flac,260,Public_noise,0,0.5714285714285714,"[0.50,0.75)",True,True,False,0.10989010989010983,True,True,True,401,492,491,True,True
853,LibriSpeech:test:Public_noise:0:121-127105-0006,test-clean/121/127105/121-127105-0006.flac,121,Public_noise,0,0.46153846153846156,"[0.25,0.50)",858,LibriSpeech:test:Public_noise:0:260-123288-0016,test-clean/260/123288/260-123288-0016.flac,260,Public_noise,0,0.5714285714285714,"[0.50,0.75)",True,True,False,0.10989010989010983,True,True,True,503,492,491,True,True
855,LibriSpeech:test:Public_noise:0:237-126133-0016,test-clean/237/126133/237-126133-0016.flac,237,Public_noise,0,0.0,"[0,0.25)",868,LibriSpeech:test:Public_noise:0:5142-33396-0018,test-clean/5142/33396/5142-33396-0018.flac,5142,Public_noise,0,0.0,"[0,0.25)",True,True,True,0.0,True,True,True,101,492,491,True,True
855,LibriSpeech:test:Public_noise:0:237-126133-0016,test-clean/237/126133/237-126133-0016.flac,237,Public_noise,0,0.0,"[0,0.25)",868,LibriSpeech:test:Public_noise:0:5142-33396-0018,test-clean/5142/33396/5142-33396-0018.flac,5142,Public_noise,0,0.0,"[0,0.25)",True,True,True,0.0,True,True,True,211,492,491,True,True
855,LibriSpeech:test:Public_noise:0:237-126133-0016,test-clean/237/126133/237-126133-0016.flac,237,Public_noise,0,0.0,"[0,0.25)",868,LibriSpeech:test:Public_noise:0:5142-33396-0018,test-clean/5142/33396/5142-33396-0018.flac,5142,Public_noise,0,0.0,"[0,0.25)",True,True,True,0.0,True,True,True,307,492,491,True,True
855,LibriSpeech:test:Public_noise:0:237-126133-0016,test-clean/237/126133/237-126133-0016.flac,237,Public_noise,0,0.0,"[0,0.25)",868,LibriSpeech:test:Public_noise:0:5142-33396-0018,test-clean/5142/33396/5142-33396-0018.flac,5142,Public_noise,0,0.0,"[0,0.25)",True,True,True,0.0,True,True,True,401,492,491,True,True
855,LibriSpeech:test:Public_noise:0:237-126133-0016,test-clean/237/126133/237-126133-0016.flac,237,Public_noise,0,0.0,"[0,0.25)",868,LibriSpeech:test:Public_noise:0:5142-33396-0018,test-clean/5142/33396/5142-33396-0018.flac,5142,Public_noise,0,0.0,"[0,0.25)",True,True,True,0.0,True,True,True,503,492,491,True,True
857,LibriSpeech:test:Public_noise:0:260-123288-0006,test-clean/260/123288/260-123288-0006.flac,260,Public_noise,0,0.7383177570093458,"[0.50,0.75)",874,LibriSpeech:test:Public_noise:0:908-31957-0016,test-clean/908/31957/908-31957-0016.flac,908,Public_noise,0,0.6217228464419475,"[0.50,0.75)",True,True,True,0.11659491056739824,True,True,True,101,492,491,True,True
857,LibriSpeech:test:Public_noise:0:260-123288-0006,test-clean/260/123288/260-123288-0006.flac,260,Public_noise,0,0.7383177570093458,"[0.50,0.75)",874,LibriSpeech:test:Public_noise:0:908-31957-0016,test-clean/908/31957/908-31957-0016.flac,908,Public_noise,0,0.6217228464419475,"[0.50,0.75)",True,True,True,0.11659491056739824,True,True,True,211,492,491,True,True
857,LibriSpeech:test:Public_noise:0:260-123288-0006,test-clean/260/123288/260-123288-0006.flac,260,Public_noise,0,0.7383177570093458,"[0.50,0.75)",874,LibriSpeech:test:Public_noise:0:908-31957-0016,test-clean/908/31957/908-31957-0016.flac,908,Public_noise,0,0.6217228464419475,"[0.50,0.75)",True,True,True,0.11659491056739824,True,True,True,307,492,491,True,True
857,LibriSpeech:test:Public_noise:0:260-123288-0006,test-clean/260/123288/260-123288-0006.flac,260,Public_noise,0,0.7383177570093458,"[0.50,0.75)",874,LibriSpeech:test:Public_noise:0:908-31957-0016,test-clean/908/31957/908-31957-0016.flac,908,Public_noise,0,0.6217228464419475,"[0.50,0.75)",True,True,True,0.11659491056739824,True,True,True,401,492,491,True,True
857,LibriSpeech:test:Public_noise:0:260-123288-0006,test-clean/260/123288/260-123288-0006.flac,260,Public_noise,0,0.7383177570093458,"[0.50,0.75)",874,LibriSpeech:test:Public_noise:0:908-31957-0016,test-clean/908/31957/908-31957-0016.flac,908,Public_noise,0,0.6217228464419475,"[0.50,0.75)",True,True,True,0.11659491056739824,True,True,True,503,492,491,True,True
858,LibriSpeech:test:Public_noise:0:260-123288-0016,test-clean/260/123288/260-123288-0016.flac,260,Public_noise,0,0.5714285714285714,"[0.50,0.75)",874,LibriSpeech:test:Public_noise:0:908-31957-0016,test-clean/908/31957/908-31957-0016.flac,908,Public_noise,0,0.6217228464419475,"[0.50,0.75)",True,True,True,0.05029427501337613,True,True,True,101,492,491,True,True
858,LibriSpeech:test:Public_noise:0:260-123288-0016,test-clean/260/123288/260-123288-0016.flac,260,Public_noise,0,0.5714285714285714,"[0.50,0.75)",874,LibriSpeech:test:Public_noise:0:908-31957-0016,test-clean/908/31957/908-31957-0016.flac,908,Public_noise,0,0.6217228464419475,"[0.50,0.75)",True,True,True,0.05029427501337613,True,True,True,211,492,491,True,True
858,LibriSpeech:test:Public_noise:0:260-123288-0016,test-clean/260/123288/260-123288-0016.flac,260,Public_noise,0,0.5714285714285714,"[0.50,0.75)",874,LibriSpeech:test:Public_noise:0:908-31957-0016,test-clean/908/31957/908-31957-0016.flac,908,Public_noise,0,0.6217228464419475,"[0.50,0.75)",True,True,True,0.05029427501337613,True,True,True,307,492,491,True,True
858,LibriSpeech:test:Public_noise:0:260-123288-0016,test-clean/260/123288/260-123288-0016.flac,260,Public_noise,0,0.5714285714285714,"[0.50,0.75)",874,LibriSpeech:test:Public_noise:0:908-31957-0016,test-clean/908/31957/908-31957-0016.flac,908,Public_noise,0,0.6217228464419475,"[0.50,0.75)",True,True,True,0.05029427501337613,True,True,True,401,492,491,True,True
858,LibriSpeech:test:Public_noise:0:260-123288-0016,test-clean/260/123288/260-123288-0016.flac,260,Public_noise,0,0.5714285714285714,"[0.50,0.75)",874,LibriSpeech:test:Public_noise:0:908-31957-0016,test-clean/908/31957/908-31957-0016.flac,908,Public_noise,0,0.6217228464419475,"[0.50,0.75)",True,True,True,0.05029427501337613,True,True,True,503,492,491,True,True
868,LibriSpeech:test:Public_noise:0:5142-33396-0018,test-clean/5142/33396/5142-33396-0018.flac,5142,Public_noise,0,0.0,"[0,0.25)",855,LibriSpeech:test:Public_noise:0:237-126133-0016,test-clean/237/126133/237-126133-0016.flac,237,Public_noise,0,0.0,"[0,0.25)",True,True,True,0.0,True,True,True,101,492,491,True,True
868,LibriSpeech:test:Public_noise:0:5142-33396-0018,test-clean/5142/33396/5142-33396-0018.flac,5142,Public_noise,0,0.0,"[0,0.25)",855,LibriSpeech:test:Public_noise:0:237-126133-0016,test-clean/237/126133/237-126133-0016.flac,237,Public_noise,0,0.0,"[0,0.25)",True,True,True,0.0,True,True,True,211,492,491,True,True
868,LibriSpeech:test:Public_noise:0:5142-33396-0018,test-clean/5142/33396/5142-33396-0018.flac,5142,Public_noise,0,0.0,"[0,0.25)",855,LibriSpeech:test:Public_noise:0:237-126133-0016,test-clean/237/126133/237-126133-0016.flac,237,Public_noise,0,0.0,"[0,0.25)",True,True,True,0.0,True,True,True,307,492,491,True,True
868,LibriSpeech:test:Public_noise:0:5142-33396-0018,test-clean/5142/33396/5142-33396-0018.flac,5142,Public_noise,0,0.0,"[0,0.25)",855,LibriSpeech:test:Public_noise:0:237-126133-0016,test-clean/237/126133/237-126133-0016.flac,237,Public_noise,0,0.0,"[0,0.25)",True,True,True,0.0,True,True,True,401,492,491,True,True
868,LibriSpeech:test:Public_noise:0:5142-33396-0018,test-clean/5142/33396/5142-33396-0018.flac,5142,Public_noise,0,0.0,"[0,0.25)",855,LibriSpeech:test:Public_noise:0:237-126133-0016,test-clean/237/126133/237-126133-0016.flac,237,Public_noise,0,0.0,"[0,0.25)",True,True,True,0.0,True,True,True,503,492,491,True,True
869,LibriSpeech:test:Public_noise:0:5142-36586-0003,test-clean/5142/36586/5142-36586-0003.flac,5142,Public_noise,0,0.8387096774193549,"[0.75,1.00]",872,LibriSpeech:test:Public_noise:0:7021-79740-0001,test-clean/7021/79740/7021-79740-0001.flac,7021,Public_noise,0,0.8577981651376146,"[0.75,1.00]",True,True,True,0.019088487718259772,True,True,True,101,492,491,True,True
869,LibriSpeech:test:Public_noise:0:5142-36586-0003,test-clean/5142/36586/5142-36586-0003.flac,5142,Public_noise,0,0.8387096774193549,"[0.75,1.00]",872,LibriSpeech:test:Public_noise:0:7021-79740-0001,test-clean/7021/79740/7021-79740-0001.flac,7021,Public_noise,0,0.8577981651376146,"[0.75,1.00]",True,True,True,0.019088487718259772,True,True,True,211,492,491,True,True
869,LibriSpeech:test:Public_noise:0:5142-36586-0003,test-clean/5142/36586/5142-36586-0003.flac,5142,Public_noise,0,0.8387096774193549,"[0.75,1.00]",872,LibriSpeech:test:Public_noise:0:7021-79740-0001,test-clean/7021/79740/7021-79740-0001.flac,7021,Public_noise,0,0.8577981651376146,"[0.75,1.00]",True,True,True,0.019088487718259772,True,True,True,307,492,491,True,True
869,LibriSpeech:test:Public_noise:0:5142-36586-0003,test-clean/5142/36586/5142-36586-0003.flac,5142,Public_noise,0,0.8387096774193549,"[0.75,1.00]",872,LibriSpeech:test:Public_noise:0:7021-79740-0001,test-clean/7021/79740/7021-79740-0001.flac,7021,Public_noise,0,0.8577981651376146,"[0.75,1.00]",True,True,True,0.019088487718259772,True,True,True,401,492,491,True,True
869,LibriSpeech:test:Public_noise:0:5142-36586-0003,test-clean/5142/36586/5142-36586-0003.flac,5142,Public_noise,0,0.8387096774193549,"[0.75,1.00]",872,LibriSpeech:test:Public_noise:0:7021-79740-0001,test-clean/7021/79740/7021-79740-0001.flac,7021,Public_noise,0,0.8577981651376146,"[0.75,1.00]",True,True,True,0.019088487718259772,True,True,True,503,492,491,True,True
872,LibriSpeech:test:Public_noise:0:7021-79740-0001,test-clean/7021/79740/7021-79740-0001.flac,7021,Public_noise,0,0.8577981651376146,"[0.75,1.00]",873,LibriSpeech:test:Public_noise:0:7729-102255-0017,test-clean/7729/102255/7729-102255-0017.flac,7729,Public_noise,0,0.8734513274336283,"[0.75,1.00]",True,True,True,0.015653162296013656,True,True,True,101,492,491,True,True
872,LibriSpeech:test:Public_noise:0:7021-79740-0001,test-clean/7021/79740/7021-79740-0001.flac,7021,Public_noise,0,0.8577981651376146,"[0.75,1.00]",873,LibriSpeech:test:Public_noise:0:7729-102255-0017,test-clean/7729/102255/7729-102255-0017.flac,7729,Public_noise,0,0.8734513274336283,"[0.75,1.00]",True,True,True,0.015653162296013656,True,True,True,211,492,491,True,True
872,LibriSpeech:test:Public_noise:0:7021-79740-0001,test-clean/7021/79740/7021-79740-0001.flac,7021,Public_noise,0,0.8577981651376146,"[0.75,1.00]",873,LibriSpeech:test:Public_noise:0:7729-102255-0017,test-clean/7729/102255/7729-102255-0017.flac,7729,Public_noise,0,0.8734513274336283,"[0.75,1.00]",True,True,True,0.015653162296013656,True,True,True,307,492,491,True,True
872,LibriSpeech:test:Public_noise:0:7021-79740-0001,test-clean/7021/79740/7021-79740-0001.flac,7021,Public_noise,0,0.8577981651376146,"[0.75,1.00]",873,LibriSpeech:test:Public_noise:0:7729-102255-0017,test-clean/7729/102255/7729-102255-0017.flac,7729,Public_noise,0,0.8734513274336283,"[0.75,1.00]",True,True,True,0.015653162296013656,True,True,True,401,492,491,True,True
872,LibriSpeech:test:Public_noise:0:7021-79740-0001,test-clean/7021/79740/7021-79740-0001.flac,7021,Public_noise,0,0.8577981651376146,"[0.75,1.00]",873,LibriSpeech:test:Public_noise:0:7729-102255-0017,test-clean/7729/102255/7729-102255-0017.flac,7729,Public_noise,0,0.8734513274336283,"[0.75,1.00]",True,True,True,0.015653162296013656,True,True,True,503,492,491,True,True
873,LibriSpeech:test:Public_noise:0:7729-102255-0017,test-clean/7729/102255/7729-102255-0017.flac,7729,Public_noise,0,0.8734513274336283,"[0.75,1.00]",872,LibriSpeech:test:Public_noise:0:7021-79740-0001,test-clean/7021/79740/7021-79740-0001.flac,7021,Public_noise,0,0.8577981651376146,"[0.75,1.00]",True,True,True,0.015653162296013656,True,True,True,101,492,491,True,True
873,LibriSpeech:test:Public_noise:0:7729-102255-0017,test-clean/7729/102255/7729-102255-0017.flac,7729,Public_noise,0,0.8734513274336283,"[0.75,1.00]",872,LibriSpeech:test:Public_noise:0:7021-79740-0001,test-clean/7021/79740/7021-79740-0001.flac,7021,Public_noise,0,0.8577981651376146,"[0.75,1.00]",True,True,True,0.015653162296013656,True,True,True,211,492,491,True,True
873,LibriSpeech:test:Public_noise:0:7729-102255-0017,test-clean/7729/102255/7729-102255-0017.flac,7729,Public_noise,0,0.8734513274336283,"[0.75,1.00]",872,LibriSpeech:test:Public_noise:0:7021-79740-0001,test-clean/7021/79740/7021-79740-0001.flac,7021,Public_noise,0,0.8577981651376146,"[0.75,1.00]",True,True,True,0.015653162296013656,True,True,True,307,492,491,True,True
873,LibriSpeech:test:Public_noise:0:7729-102255-0017,test-clean/7729/102255/7729-102255-0017.flac,7729,Public_noise,0,0.8734513274336283,"[0.75,1.00]",872,LibriSpeech:test:Public_noise:0:7021-79740-0001,test-clean/7021/79740/7021-79740-0001.flac,7021,Public_noise,0,0.8577981651376146,"[0.75,1.00]",True,True,True,0.015653162296013656,True,True,True,401,492,491,True,True
873,LibriSpeech:test:Public_noise:0:7729-102255-0017,test-clean/7729/102255/7729-102255-0017.flac,7729,Public_noise,0,0.8734513274336283,"[0.75,1.00]",872,LibriSpeech:test:Public_noise:0:7021-79740-0001,test-clean/7021/79740/7021-79740-0001.flac,7021,Public_noise,0,0.8577981651376146,"[0.75,1.00]",True,True,True,0.015653162296013656,True,True,True,503,492,491,True,True
874,LibriSpeech:test:Public_noise:0:908-31957-0016,test-clean/908/31957/908-31957-0016.flac,908,Public_noise,0,0.6217228464419475,"[0.50,0.75)",858,LibriSpeech:test:Public_noise:0:260-123288-0016,test-clean/260/123288/260-123288-0016.flac,260,Public_noise,0,0.5714285714285714,"[0.50,0.75)",True,True,True,0.05029427501337613,True,True,True,101,492,491,True,True
874,LibriSpeech:test:Public_noise:0:908-31957-0016,test-clean/908/31957/908-31957-0016.flac,908,Public_noise,0,0.6217228464419475,"[0.50,0.75)",858,LibriSpeech:test:Public_noise:0:260-123288-0016,test-clean/260/123288/260-123288-0016.flac,260,Public_noise,0,0.5714285714285714,"[0.50,0.75)",True,True,True,0.05029427501337613,True,True,True,211,492,491,True,True
874,LibriSpeech:test:Public_noise:0:908-31957-0016,test-clean/908/31957/908-31957-0016.flac,908,Public_noise,0,0.6217228464419475,"[0.50,0.75)",858,LibriSpeech:test:Public_noise:0:260-123288-0016,test-clean/260/123288/260-123288-0016.flac,260,Public_noise,0,0.5714285714285714,"[0.50,0.75)",True,True,True,0.05029427501337613,True,True,True,307,492,491,True,True
874,LibriSpeech:test:Public_noise:0:908-31957-0016,test-clean/908/31957/908-31957-0016.flac,908,Public_noise,0,0.6217228464419475,"[0.50,0.75)",858,LibriSpeech:test:Public_noise:0:260-123288-0016,test-clean/260/123288/260-123288-0016.flac,260,Public_noise,0,0.5714285714285714,"[0.50,0.75)",True,True,True,0.05029427501337613,True,True,True,401,492,491,True,True
874,LibriSpeech:test:Public_noise:0:908-31957-0016,test-clean/908/31957/908-31957-0016.flac,908,Public_noise,0,0.6217228464419475,"[0.50,0.75)",858,LibriSpeech:test:Public_noise:0:260-123288-0016,test-clean/260/123288/260-123288-0016.flac,260,Public_noise,0,0.5714285714285714,"[0.50,0.75)",True,True,True,0.05029427501337613,True,True,True,503,492,491,True,True
876,LibriSpeech:test:Public_noise:5:1188-133604-0036,test-clean/1188/133604/1188-133604-0036.flac,1188,Public_noise,5,0.8076923076923077,"[0.75,1.00]",877,LibriSpeech:test:Public_noise:5:1320-122612-0015,test-clean/1320/122612/1320-122612-0015.flac,1320,Public_noise,5,0.8132295719844358,"[0.75,1.00]",True,True,True,0.005537264292128086,True,True,True,101,492,491,True,True
876,LibriSpeech:test:Public_noise:5:1188-133604-0036,test-clean/1188/133604/1188-133604-0036.flac,1188,Public_noise,5,0.8076923076923077,"[0.75,1.00]",877,LibriSpeech:test:Public_noise:5:1320-122612-0015,test-clean/1320/122612/1320-122612-0015.flac,1320,Public_noise,5,0.8132295719844358,"[0.75,1.00]",True,True,True,0.005537264292128086,True,True,True,211,492,491,True,True
876,LibriSpeech:test:Public_noise:5:1188-133604-0036,test-clean/1188/133604/1188-133604-0036.flac,1188,Public_noise,5,0.8076923076923077,"[0.75,1.00]",877,LibriSpeech:test:Public_noise:5:1320-122612-0015,test-clean/1320/122612/1320-122612-0015.flac,1320,Public_noise,5,0.8132295719844358,"[0.75,1.00]",True,True,True,0.005537264292128086,True,True,True,307,492,491,True,True
876,LibriSpeech:test:Public_noise:5:1188-133604-0036,test-clean/1188/133604/1188-133604-0036.flac,1188,Public_noise,5,0.8076923076923077,"[0.75,1.00]",877,LibriSpeech:test:Public_noise:5:1320-122612-0015,test-clean/1320/122612/1320-122612-0015.flac,1320,Public_noise,5,0.8132295719844358,"[0.75,1.00]",True,True,True,0.005537264292128086,True,True,True,401,492,491,True,True
876,LibriSpeech:test:Public_noise:5:1188-133604-0036,test-clean/1188/133604/1188-133604-0036.flac,1188,Public_noise,5,0.8076923076923077,"[0.75,1.00]",877,LibriSpeech:test:Public_noise:5:1320-122612-0015,test-clean/1320/122612/1320-122612-0015.flac,1320,Public_noise,5,0.8132295719844358,"[0.75,1.00]",True,True,True,0.005537264292128086,True,True,True,503,492,491,True,True
877,LibriSpeech:test:Public_noise:5:1320-122612-0015,test-clean/1320/122612/1320-122612-0015.flac,1320,Public_noise,5,0.8132295719844358,"[0.75,1.00]",876,LibriSpeech:test:Public_noise:5:1188-133604-0036,test-clean/1188/133604/1188-133604-0036.flac,1188,Public_noise,5,0.8076923076923077,"[0.75,1.00]",True,True,True,0.005537264292128086,True,True,True,101,492,491,True,True
877,LibriSpeech:test:Public_noise:5:1320-122612-0015,test-clean/1320/122612/1320-122612-0015.flac,1320,Public_noise,5,0.8132295719844358,"[0.75,1.00]",876,LibriSpeech:test:Public_noise:5:1188-133604-0036,test-clean/1188/133604/1188-133604-0036.flac,1188,Public_noise,5,0.8076923076923077,"[0.75,1.00]",True,True,True,0.005537264292128086,True,True,True,211,492,491,True,True
877,LibriSpeech:test:Public_noise:5:1320-122612-0015,test-clean/1320/122612/1320-122612-0015.flac,1320,Public_noise,5,0.8132295719844358,"[0.75,1.00]",876,LibriSpeech:test:Public_noise:5:1188-133604-0036,test-clean/1188/133604/1188-133604-0036.flac,1188,Public_noise,5,0.8076923076923077,"[0.75,1.00]",True,True,True,0.005537264292128086,True,True,True,307,492,491,True,True
877,LibriSpeech:test:Public_noise:5:1320-122612-0015,test-clean/1320/122612/1320-122612-0015.flac,1320,Public_noise,5,0.8132295719844358,"[0.75,1.00]",876,LibriSpeech:test:Public_noise:5:1188-133604-0036,test-clean/1188/133604/1188-133604-0036.flac,1188,Public_noise,5,0.8076923076923077,"[0.75,1.00]",True,True,True,0.005537264292128086,True,True,True,401,492,491,True,True
877,LibriSpeech:test:Public_noise:5:1320-122612-0015,test-clean/1320/122612/1320-122612-0015.flac,1320,Public_noise,5,0.8132295719844358,"[0.75,1.00]",876,LibriSpeech:test:Public_noise:5:1188-133604-0036,test-clean/1188/133604/1188-133604-0036.flac,1188,Public_noise,5,0.8076923076923077,"[0.75,1.00]",True,True,True,0.005537264292128086,True,True,True,503,492,491,True,True
878,LibriSpeech:test:Public_noise:5:2094-142345-0039,test-clean/2094/142345/2094-142345-0039.flac,2094,Public_noise,5,0.7894736842105263,"[0.75,1.00]",879,LibriSpeech:test:Public_noise:5:2300-131720-0038,test-clean/2300/131720/2300-131720-0038.flac,2300,Public_noise,5,0.7722222222222223,"[0.75,1.00]",True,True,True,0.017251461988304073,True,True,True,101,492,491,True,True
878,LibriSpeech:test:Public_noise:5:2094-142345-0039,test-clean/2094/142345/2094-142345-0039.flac,2094,Public_noise,5,0.7894736842105263,"[0.75,1.00]",879,LibriSpeech:test:Public_noise:5:2300-131720-0038,test-clean/2300/131720/2300-131720-0038.flac,2300,Public_noise,5,0.7722222222222223,"[0.75,1.00]",True,True,True,0.017251461988304073,True,True,True,211,492,491,True,True
878,LibriSpeech:test:Public_noise:5:2094-142345-0039,test-clean/2094/142345/2094-142345-0039.flac,2094,Public_noise,5,0.7894736842105263,"[0.75,1.00]",879,LibriSpeech:test:Public_noise:5:2300-131720-0038,test-clean/2300/131720/2300-131720-0038.flac,2300,Public_noise,5,0.7722222222222223,"[0.75,1.00]",True,True,True,0.017251461988304073,True,True,True,307,492,491,True,True
878,LibriSpeech:test:Public_noise:5:2094-142345-0039,test-clean/2094/142345/2094-142345-0039.flac,2094,Public_noise,5,0.7894736842105263,"[0.75,1.00]",879,LibriSpeech:test:Public_noise:5:2300-131720-0038,test-clean/2300/131720/2300-131720-0038.flac,2300,Public_noise,5,0.7722222222222223,"[0.75,1.00]",True,True,True,0.017251461988304073,True,True,True,401,492,491,True,True
878,LibriSpeech:test:Public_noise:5:2094-142345-0039,test-clean/2094/142345/2094-142345-0039.flac,2094,Public_noise,5,0.7894736842105263,"[0.75,1.00]",879,LibriSpeech:test:Public_noise:5:2300-131720-0038,test-clean/2300/131720/2300-131720-0038.flac,2300,Public_noise,5,0.7722222222222223,"[0.75,1.00]",True,True,True,0.017251461988304073,True,True,True,503,492,491,True,True
879,LibriSpeech:test:Public_noise:5:2300-131720-0038,test-clean/2300/131720/2300-131720-0038.flac,2300,Public_noise,5,0.7722222222222223,"[0.75,1.00]",878,LibriSpeech:test:Public_noise:5:2094-142345-0039,test-clean/2094/142345/2094-142345-0039.flac,2094,Public_noise,5,0.7894736842105263,"[0.75,1.00]",True,True,True,0.017251461988304073,True,True,True,101,492,491,True,True
879,LibriSpeech:test:Public_noise:5:2300-131720-0038,test-clean/2300/131720/2300-131720-0038.flac,2300,Public_noise,5,0.7722222222222223,"[0.75,1.00]",878,LibriSpeech:test:Public_noise:5:2094-142345-0039,test-clean/2094/142345/2094-142345-0039.flac,2094,Public_noise,5,0.7894736842105263,"[0.75,1.00]",True,True,True,0.017251461988304073,True,True,True,211,492,491,True,True
879,LibriSpeech:test:Public_noise:5:2300-131720-0038,test-clean/2300/131720/2300-131720-0038.flac,2300,Public_noise,5,0.7722222222222223,"[0.75,1.00]",878,LibriSpeech:test:Public_noise:5:2094-142345-0039,test-clean/2094/142345/2094-142345-0039.flac,2094,Public_noise,5,0.7894736842105263,"[0.75,1.00]",True,True,True,0.017251461988304073,True,True,True,307,492,491,True,True
879,LibriSpeech:test:Public_noise:5:2300-131720-0038,test-clean/2300/131720/2300-131720-0038.flac,2300,Public_noise,5,0.7722222222222223,"[0.75,1.00]",878,LibriSpeech:test:Public_noise:5:2094-142345-0039,test-clean/2094/142345/2094-142345-0039.flac,2094,Public_noise,5,0.7894736842105263,"[0.75,1.00]",True,True,True,0.017251461988304073,True,True,True,401,492,491,True,True
879,LibriSpeech:test:Public_noise:5:2300-131720-0038,test-clean/2300/131720/2300-131720-0038.flac,2300,Public_noise,5,0.7722222222222223,"[0.75,1.00]",878,LibriSpeech:test:Public_noise:5:2094-142345-0039,test-clean/2094/142345/2094-142345-0039.flac,2094,Public_noise,5,0.7894736842105263,"[0.75,1.00]",True,True,True,0.017251461988304073,True,True,True,503,492,491,True,True
886,LibriSpeech:test:Public_noise:5:5142-36586-0003,test-clean/5142/36586/5142-36586-0003.flac,5142,Public_noise,5,0.8387096774193549,"[0.75,1.00]",894,LibriSpeech:test:Public_noise:5:7729-102255-0027,test-clean/7729/102255/7729-102255-0027.flac,7729,Public_noise,5,0.8564593301435407,"[0.75,1.00]",True,True,True,0.017749652724185827,True,True,True,101,492,491,True,True
886,LibriSpeech:test:Public_noise:5:5142-36586-0003,test-clean/5142/36586/5142-36586-0003.flac,5142,Public_noise,5,0.8387096774193549,"[0.75,1.00]",894,LibriSpeech:test:Public_noise:5:7729-102255-0027,test-clean/7729/102255/7729-102255-0027.flac,7729,Public_noise,5,0.8564593301435407,"[0.75,1.00]",True,True,True,0.017749652724185827,True,True,True,211,492,491,True,True
886,LibriSpeech:test:Public_noise:5:5142-36586-0003,test-clean/5142/36586/5142-36586-0003.flac,5142,Public_noise,5,0.8387096774193549,"[0.75,1.00]",894,LibriSpeech:test:Public_noise:5:7729-102255-0027,test-clean/7729/102255/7729-102255-0027.flac,7729,Public_noise,5,0.8564593301435407,"[0.75,1.00]",True,True,True,0.017749652724185827,True,True,True,307,492,491,True,True
886,LibriSpeech:test:Public_noise:5:5142-36586-0003,test-clean/5142/36586/5142-36586-0003.flac,5142,Public_noise,5,0.8387096774193549,"[0.75,1.00]",894,LibriSpeech:test:Public_noise:5:7729-102255-0027,test-clean/7729/102255/7729-102255-0027.flac,7729,Public_noise,5,0.8564593301435407,"[0.75,1.00]",True,True,True,0.017749652724185827,True,True,True,401,492,491,True,True
886,LibriSpeech:test:Public_noise:5:5142-36586-0003,test-clean/5142/36586/5142-36586-0003.flac,5142,Public_noise,5,0.8387096774193549,"[0.75,1.00]",894,LibriSpeech:test:Public_noise:5:7729-102255-0027,test-clean/7729/102255/7729-102255-0027.flac,7729,Public_noise,5,0.8564593301435407,"[0.75,1.00]",True,True,True,0.017749652724185827,True,True,True,503,492,491,True,True
893,LibriSpeech:test:Public_noise:5:7176-88083-0001,test-clean/7176/88083/7176-88083-0001.flac,7176,Public_noise,5,0.8667711598746082,"[0.75,1.00]",894,LibriSpeech:test:Public_noise:5:7729-102255-0027,test-clean/7729/102255/7729-102255-0027.flac,7729,Public_noise,5,0.8564593301435407,"[0.75,1.00]",True,True,True,0.010311829731067479,True,True,True,101,492,491,True,True
893,LibriSpeech:test:Public_noise:5:7176-88083-0001,test-clean/7176/88083/7176-88083-0001.flac,7176,Public_noise,5,0.8667711598746082,"[0.75,1.00]",894,LibriSpeech:test:Public_noise:5:7729-102255-0027,test-clean/7729/102255/7729-102255-0027.flac,7729,Public_noise,5,0.8564593301435407,"[0.75,1.00]",True,True,True,0.010311829731067479,True,True,True,211,492,491,True,True
893,LibriSpeech:test:Public_noise:5:7176-88083-0001,test-clean/7176/88083/7176-88083-0001.flac,7176,Public_noise,5,0.8667711598746082,"[0.75,1.00]",894,LibriSpeech:test:Public_noise:5:7729-102255-0027,test-clean/7729/102255/7729-102255-0027.flac,7729,Public_noise,5,0.8564593301435407,"[0.75,1.00]",True,True,True,0.010311829731067479,True,True,True,307,492,491,True,True
893,LibriSpeech:test:Public_noise:5:7176-88083-0001,test-clean/7176/88083/7176-88083-0001.flac,7176,Public_noise,5,0.8667711598746082,"[0.75,1.00]",894,LibriSpeech:test:Public_noise:5:7729-102255-0027,test-clean/7729/102255/7729-102255-0027.flac,7729,Public_noise,5,0.8564593301435407,"[0.75,1.00]",True,True,True,0.010311829731067479,True,True,True,401,492,491,True,True
893,LibriSpeech:test:Public_noise:5:7176-88083-0001,test-clean/7176/88083/7176-88083-0001.flac,7176,Public_noise,5,0.8667711598746082,"[0.75,1.00]",894,LibriSpeech:test:Public_noise:5:7729-102255-0027,test-clean/7729/102255/7729-102255-0027.flac,7729,Public_noise,5,0.8564593301435407,"[0.75,1.00]",True,True,True,0.010311829731067479,True,True,True,503,492,491,True,True
894,LibriSpeech:test:Public_noise:5:7729-102255-0027,test-clean/7729/102255/7729-102255-0027.flac,7729,Public_noise,5,0.8564593301435407,"[0.75,1.00]",893,LibriSpeech:test:Public_noise:5:7176-88083-0001,test-clean/7176/88083/7176-88083-0001.flac,7176,Public_noise,5,0.8667711598746082,"[0.75,1.00]",True,True,True,0.010311829731067479,True,True,True,101,492,491,True,True
894,LibriSpeech:test:Public_noise:5:7729-102255-0027,test-clean/7729/102255/7729-102255-0027.flac,7729,Public_noise,5,0.8564593301435407,"[0.75,1.00]",893,LibriSpeech:test:Public_noise:5:7176-88083-0001,test-clean/7176/88083/7176-88083-0001.flac,7176,Public_noise,5,0.8667711598746082,"[0.75,1.00]",True,True,True,0.010311829731067479,True,True,True,211,492,491,True,True
894,LibriSpeech:test:Public_noise:5:7729-102255-0027,test-clean/7729/102255/7729-102255-0027.flac,7729,Public_noise,5,0.8564593301435407,"[0.75,1.00]",893,LibriSpeech:test:Public_noise:5:7176-88083-0001,test-clean/7176/88083/7176-88083-0001.flac,7176,Public_noise,5,0.8667711598746082,"[0.75,1.00]",True,True,True,0.010311829731067479,True,True,True,307,492,491,True,True
894,LibriSpeech:test:Public_noise:5:7729-102255-0027,test-clean/7729/102255/7729-102255-0027.flac,7729,Public_noise,5,0.8564593301435407,"[0.75,1.00]",893,LibriSpeech:test:Public_noise:5:7176-88083-0001,test-clean/7176/88083/7176-88083-0001.flac,7176,Public_noise,5,0.8667711598746082,"[0.75,1.00]",True,True,True,0.010311829731067479,True,True,True,401,492,491,True,True
894,LibriSpeech:test:Public_noise:5:7729-102255-0027,test-clean/7729/102255/7729-102255-0027.flac,7729,Public_noise,5,0.8564593301435407,"[0.75,1.00]",893,LibriSpeech:test:Public_noise:5:7176-88083-0001,test-clean/7176/88083/7176-88083-0001.flac,7176,Public_noise,5,0.8667711598746082,"[0.75,1.00]",True,True,True,0.010311829731067479,True,True,True,503,492,491,True,True
896,LibriSpeech:test:Public_noise:10:121-127105-0026,test-clean/121/127105/121-127105-0026.flac,121,Public_noise,10,0.8494623655913979,"[0.75,1.00]",914,LibriSpeech:test:Public_noise:10:8224-274381-0010,test-clean/8224/274381/8224-274381-0010.flac,8224,Public_noise,10,0.854230377166157,"[0.75,1.00]",True,True,True,0.004768011574759146,True,True,True,101,492,491,True,True
896,LibriSpeech:test:Public_noise:10:121-127105-0026,test-clean/121/127105/121-127105-0026.flac,121,Public_noise,10,0.8494623655913979,"[0.75,1.00]",914,LibriSpeech:test:Public_noise:10:8224-274381-0010,test-clean/8224/274381/8224-274381-0010.flac,8224,Public_noise,10,0.854230377166157,"[0.75,1.00]",True,True,True,0.004768011574759146,True,True,True,211,492,491,True,True
896,LibriSpeech:test:Public_noise:10:121-127105-0026,test-clean/121/127105/121-127105-0026.flac,121,Public_noise,10,0.8494623655913979,"[0.75,1.00]",914,LibriSpeech:test:Public_noise:10:8224-274381-0010,test-clean/8224/274381/8224-274381-0010.flac,8224,Public_noise,10,0.854230377166157,"[0.75,1.00]",True,True,True,0.004768011574759146,True,True,True,307,492,491,True,True
896,LibriSpeech:test:Public_noise:10:121-127105-0026,test-clean/121/127105/121-127105-0026.flac,121,Public_noise,10,0.8494623655913979,"[0.75,1.00]",914,LibriSpeech:test:Public_noise:10:8224-274381-0010,test-clean/8224/274381/8224-274381-0010.flac,8224,Public_noise,10,0.854230377166157,"[0.75,1.00]",True,True,True,0.004768011574759146,True,True,True,401,492,491,True,True
896,LibriSpeech:test:Public_noise:10:121-127105-0026,test-clean/121/127105/121-127105-0026.flac,121,Public_noise,10,0.8494623655913979,"[0.75,1.00]",914,LibriSpeech:test:Public_noise:10:8224-274381-0010,test-clean/8224/274381/8224-274381-0010.flac,8224,Public_noise,10,0.854230377166157,"[0.75,1.00]",True,True,True,0.004768011574759146,True,True,True,503,492,491,True,True
897,LibriSpeech:test:Public_noise:10:121-127105-0036,test-clean/121/127105/121-127105-0036.flac,121,Public_noise,10,0.0,"[0,0.25)",904,LibriSpeech:test:Public_noise:10:2830-3980-0073,test-clean/2830/3980/2830-3980-0073.flac,2830,Public_noise,10,0.84,"[0.75,1.00]",True,True,False,0.84,True,True,True,101,492,491,True,True
897,LibriSpeech:test:Public_noise:10:121-127105-0036,test-clean/121/127105/121-127105-0036.flac,121,Public_noise,10,0.0,"[0,0.25)",904,LibriSpeech:test:Public_noise:10:2830-3980-0073,test-clean/2830/3980/2830-3980-0073.flac,2830,Public_noise,10,0.84,"[0.75,1.00]",True,True,False,0.84,True,True,True,211,492,491,True,True
897,LibriSpeech:test:Public_noise:10:121-127105-0036,test-clean/121/127105/121-127105-0036.flac,121,Public_noise,10,0.0,"[0,0.25)",904,LibriSpeech:test:Public_noise:10:2830-3980-0073,test-clean/2830/3980/2830-3980-0073.flac,2830,Public_noise,10,0.84,"[0.75,1.00]",True,True,False,0.84,True,True,True,307,492,491,True,True
897,LibriSpeech:test:Public_noise:10:121-127105-0036,test-clean/121/127105/121-127105-0036.flac,121,Public_noise,10,0.0,"[0,0.25)",904,LibriSpeech:test:Public_noise:10:2830-3980-0073,test-clean/2830/3980/2830-3980-0073.flac,2830,Public_noise,10,0.84,"[0.75,1.00]",True,True,False,0.84,True,True,True,401,492,491,True,True
897,LibriSpeech:test:Public_noise:10:121-127105-0036,test-clean/121/127105/121-127105-0036.flac,121,Public_noise,10,0.0,"[0,0.25)",904,LibriSpeech:test:Public_noise:10:2830-3980-0073,test-clean/2830/3980/2830-3980-0073.flac,2830,Public_noise,10,0.84,"[0.75,1.00]",True,True,False,0.84,True,True,True,503,492,491,True,True
902,LibriSpeech:test:Public_noise:10:260-123288-0026,test-clean/260/123288/260-123288-0026.flac,260,Public_noise,10,0.9043336058871627,"[0.75,1.00]",911,LibriSpeech:test:Public_noise:10:6930-76324-0008,test-clean/6930/76324/6930-76324-0008.flac,6930,Public_noise,10,0.9124087591240876,"[0.75,1.00]",True,True,True,0.00807515323692487,True,True,True,101,492,491,True,True
902,LibriSpeech:test:Public_noise:10:260-123288-0026,test-clean/260/123288/260-123288-0026.flac,260,Public_noise,10,0.9043336058871627,"[0.75,1.00]",911,LibriSpeech:test:Public_noise:10:6930-76324-0008,test-clean/6930/76324/6930-76324-0008.flac,6930,Public_noise,10,0.9124087591240876,"[0.75,1.00]",True,True,True,0.00807515323692487,True,True,True,211,492,491,True,True
902,LibriSpeech:test:Public_noise:10:260-123288-0026,test-clean/260/123288/260-123288-0026.flac,260,Public_noise,10,0.9043336058871627,"[0.75,1.00]",911,LibriSpeech:test:Public_noise:10:6930-76324-0008,test-clean/6930/76324/6930-76324-0008.flac,6930,Public_noise,10,0.9124087591240876,"[0.75,1.00]",True,True,True,0.00807515323692487,True,True,True,307,492,491,True,True
902,LibriSpeech:test:Public_noise:10:260-123288-0026,test-clean/260/123288/260-123288-0026.flac,260,Public_noise,10,0.9043336058871627,"[0.75,1.00]",911,LibriSpeech:test:Public_noise:10:6930-76324-0008,test-clean/6930/76324/6930-76324-0008.flac,6930,Public_noise,10,0.9124087591240876,"[0.75,1.00]",True,True,True,0.00807515323692487,True,True,True,401,492,491,True,True
902,LibriSpeech:test:Public_noise:10:260-123288-0026,test-clean/260/123288/260-123288-0026.flac,260,Public_noise,10,0.9043336058871627,"[0.75,1.00]",911,LibriSpeech:test:Public_noise:10:6930-76324-0008,test-clean/6930/76324/6930-76324-0008.flac,6930,Public_noise,10,0.9124087591240876,"[0.75,1.00]",True,True,True,0.00807515323692487,True,True,True,503,492,491,True,True
904,LibriSpeech:test:Public_noise:10:2830-3980-0073,test-clean/2830/3980/2830-3980-0073.flac,2830,Public_noise,10,0.84,"[0.75,1.00]",896,LibriSpeech:test:Public_noise:10:121-127105-0026,test-clean/121/127105/121-127105-0026.flac,121,Public_noise,10,0.8494623655913979,"[0.75,1.00]",True,True,True,0.009462365591397903,True,True,True,101,492,491,True,True
904,LibriSpeech:test:Public_noise:10:2830-3980-0073,test-clean/2830/3980/2830-3980-0073.flac,2830,Public_noise,10,0.84,"[0.75,1.00]",896,LibriSpeech:test:Public_noise:10:121-127105-0026,test-clean/121/127105/121-127105-0026.flac,121,Public_noise,10,0.8494623655913979,"[0.75,1.00]",True,True,True,0.009462365591397903,True,True,True,211,492,491,True,True
904,LibriSpeech:test:Public_noise:10:2830-3980-0073,test-clean/2830/3980/2830-3980-0073.flac,2830,Public_noise,10,0.84,"[0.75,1.00]",896,LibriSpeech:test:Public_noise:10:121-127105-0026,test-clean/121/127105/121-127105-0026.flac,121,Public_noise,10,0.8494623655913979,"[0.75,1.00]",True,True,True,0.009462365591397903,True,True,True,307,492,491,True,True
904,LibriSpeech:test:Public_noise:10:2830-3980-0073,test-clean/2830/3980/2830-3980-0073.flac,2830,Public_noise,10,0.84,"[0.75,1.00]",896,LibriSpeech:test:Public_noise:10:121-127105-0026,test-clean/121/127105/121-127105-0026.flac,121,Public_noise,10,0.8494623655913979,"[0.75,1.00]",True,True,True,0.009462365591397903,True,True,True,401,492,491,True,True
904,LibriSpeech:test:Public_noise:10:2830-3980-0073,test-clean/2830/3980/2830-3980-0073.flac,2830,Public_noise,10,0.84,"[0.75,1.00]",896,LibriSpeech:test:Public_noise:10:121-127105-0026,test-clean/121/127105/121-127105-0026.flac,121,Public_noise,10,0.8494623655913979,"[0.75,1.00]",True,True,True,0.009462365591397903,True,True,True,503,492,491,True,True
911,LibriSpeech:test:Public_noise:10:6930-76324-0008,test-clean/6930/76324/6930-76324-0008.flac,6930,Public_noise,10,0.9124087591240876,"[0.75,1.00]",902,LibriSpeech:test:Public_noise:10:260-123288-0026,test-clean/260/123288/260-123288-0026.flac,260,Public_noise,10,0.9043336058871627,"[0.75,1.00]",True,True,True,0.00807515323692487,True,True,True,101,492,491,True,True
911,LibriSpeech:test:Public_noise:10:6930-76324-0008,test-clean/6930/76324/6930-76324-0008.flac,6930,Public_noise,10,0.9124087591240876,"[0.75,1.00]",902,LibriSpeech:test:Public_noise:10:260-123288-0026,test-clean/260/123288/260-123288-0026.flac,260,Public_noise,10,0.9043336058871627,"[0.75,1.00]",True,True,True,0.00807515323692487,True,True,True,211,492,491,True,True
911,LibriSpeech:test:Public_noise:10:6930-76324-0008,test-clean/6930/76324/6930-76324-0008.flac,6930,Public_noise,10,0.9124087591240876,"[0.75,1.00]",902,LibriSpeech:test:Public_noise:10:260-123288-0026,test-clean/260/123288/260-123288-0026.flac,260,Public_noise,10,0.9043336058871627,"[0.75,1.00]",True,True,True,0.00807515323692487,True,True,True,307,492,491,True,True
911,LibriSpeech:test:Public_noise:10:6930-76324-0008,test-clean/6930/76324/6930-76324-0008.flac,6930,Public_noise,10,0.9124087591240876,"[0.75,1.00]",902,LibriSpeech:test:Public_noise:10:260-123288-0026,test-clean/260/123288/260-123288-0026.flac,260,Public_noise,10,0.9043336058871627,"[0.75,1.00]",True,True,True,0.00807515323692487,True,True,True,401,492,491,True,True
911,LibriSpeech:test:Public_noise:10:6930-76324-0008,test-clean/6930/76324/6930-76324-0008.flac,6930,Public_noise,10,0.9124087591240876,"[0.75,1.00]",902,LibriSpeech:test:Public_noise:10:260-123288-0026,test-clean/260/123288/260-123288-0026.flac,260,Public_noise,10,0.9043336058871627,"[0.75,1.00]",True,True,True,0.00807515323692487,True,True,True,503,492,491,True,True
913,LibriSpeech:test:Public_noise:10:7729-102255-0037,test-clean/7729/102255/7729-102255-0037.flac,7729,Public_noise,10,0.8682385575589459,"[0.75,1.00]",914,LibriSpeech:test:Public_noise:10:8224-274381-0010,test-clean/8224/274381/8224-274381-0010.flac,8224,Public_noise,10,0.854230377166157,"[0.75,1.00]",True,True,True,0.014008180392788838,True,True,True,101,492,491,True,True
913,LibriSpeech:test:Public_noise:10:7729-102255-0037,test-clean/7729/102255/7729-102255-0037.flac,7729,Public_noise,10,0.8682385575589459,"[0.75,1.00]",914,LibriSpeech:test:Public_noise:10:8224-274381-0010,test-clean/8224/274381/8224-274381-0010.flac,8224,Public_noise,10,0.854230377166157,"[0.75,1.00]",True,True,True,0.014008180392788838,True,True,True,211,492,491,True,True
913,LibriSpeech:test:Public_noise:10:7729-102255-0037,test-clean/7729/102255/7729-102255-0037.flac,7729,Public_noise,10,0.8682385575589459,"[0.75,1.00]",914,LibriSpeech:test:Public_noise:10:8224-274381-0010,test-clean/8224/274381/8224-274381-0010.flac,8224,Public_noise,10,0.854230377166157,"[0.75,1.00]",True,True,True,0.014008180392788838,True,True,True,307,492,491,True,True
913,LibriSpeech:test:Public_noise:10:7729-102255-0037,test-clean/7729/102255/7729-102255-0037.flac,7729,Public_noise,10,0.8682385575589459,"[0.75,1.00]",914,LibriSpeech:test:Public_noise:10:8224-274381-0010,test-clean/8224/274381/8224-274381-0010.flac,8224,Public_noise,10,0.854230377166157,"[0.75,1.00]",True,True,True,0.014008180392788838,True,True,True,401,492,491,True,True
913,LibriSpeech:test:Public_noise:10:7729-102255-0037,test-clean/7729/102255/7729-102255-0037.flac,7729,Public_noise,10,0.8682385575589459,"[0.75,1.00]",914,LibriSpeech:test:Public_noise:10:8224-274381-0010,test-clean/8224/274381/8224-274381-0010.flac,8224,Public_noise,10,0.854230377166157,"[0.75,1.00]",True,True,True,0.014008180392788838,True,True,True,503,492,491,True,True
914,LibriSpeech:test:Public_noise:10:8224-274381-0010,test-clean/8224/274381/8224-274381-0010.flac,8224,Public_noise,10,0.854230377166157,"[0.75,1.00]",896,LibriSpeech:test:Public_noise:10:121-127105-0026,test-clean/121/127105/121-127105-0026.flac,121,Public_noise,10,0.8494623655913979,"[0.75,1.00]",True,True,True,0.004768011574759146,True,True,True,101,492,491,True,True
914,LibriSpeech:test:Public_noise:10:8224-274381-0010,test-clean/8224/274381/8224-274381-0010.flac,8224,Public_noise,10,0.854230377166157,"[0.75,1.00]",896,LibriSpeech:test:Public_noise:10:121-127105-0026,test-clean/121/127105/121-127105-0026.flac,121,Public_noise,10,0.8494623655913979,"[0.75,1.00]",True,True,True,0.004768011574759146,True,True,True,211,492,491,True,True
914,LibriSpeech:test:Public_noise:10:8224-274381-0010,test-clean/8224/274381/8224-274381-0010.flac,8224,Public_noise,10,0.854230377166157,"[0.75,1.00]",896,LibriSpeech:test:Public_noise:10:121-127105-0026,test-clean/121/127105/121-127105-0026.flac,121,Public_noise,10,0.8494623655913979,"[0.75,1.00]",True,True,True,0.004768011574759146,True,True,True,307,492,491,True,True
914,LibriSpeech:test:Public_noise:10:8224-274381-0010,test-clean/8224/274381/8224-274381-0010.flac,8224,Public_noise,10,0.854230377166157,"[0.75,1.00]",896,LibriSpeech:test:Public_noise:10:121-127105-0026,test-clean/121/127105/121-127105-0026.flac,121,Public_noise,10,0.8494623655913979,"[0.75,1.00]",True,True,True,0.004768011574759146,True,True,True,401,492,491,True,True
914,LibriSpeech:test:Public_noise:10:8224-274381-0010,test-clean/8224/274381/8224-274381-0010.flac,8224,Public_noise,10,0.854230377166157,"[0.75,1.00]",896,LibriSpeech:test:Public_noise:10:121-127105-0026,test-clean/121/127105/121-127105-0026.flac,121,Public_noise,10,0.8494623655913979,"[0.75,1.00]",True,True,True,0.004768011574759146,True,True,True,503,492,491,True,True
917,LibriSpeech:test:Public_noise:15:1995-1826-0021,test-clean/1995/1826/1995-1826-0021.flac,1995,Public_noise,15,0.825,"[0.75,1.00]",927,LibriSpeech:test:Public_noise:15:5142-36586-0003,test-clean/5142/36586/5142-36586-0003.flac,5142,Public_noise,15,0.8387096774193549,"[0.75,1.00]",True,True,True,0.013709677419354915,True,True,True,101,492,491,True,True
917,LibriSpeech:test:Public_noise:15:1995-1826-0021,test-clean/1995/1826/1995-1826-0021.flac,1995,Public_noise,15,0.825,"[0.75,1.00]",927,LibriSpeech:test:Public_noise:15:5142-36586-0003,test-clean/5142/36586/5142-36586-0003.flac,5142,Public_noise,15,0.8387096774193549,"[0.75,1.00]",True,True,True,0.013709677419354915,True,True,True,211,492,491,True,True
917,LibriSpeech:test:Public_noise:15:1995-1826-0021,test-clean/1995/1826/1995-1826-0021.flac,1995,Public_noise,15,0.825,"[0.75,1.00]",927,LibriSpeech:test:Public_noise:15:5142-36586-0003,test-clean/5142/36586/5142-36586-0003.flac,5142,Public_noise,15,0.8387096774193549,"[0.75,1.00]",True,True,True,0.013709677419354915,True,True,True,307,492,491,True,True
917,LibriSpeech:test:Public_noise:15:1995-1826-0021,test-clean/1995/1826/1995-1826-0021.flac,1995,Public_noise,15,0.825,"[0.75,1.00]",927,LibriSpeech:test:Public_noise:15:5142-36586-0003,test-clean/5142/36586/5142-36586-0003.flac,5142,Public_noise,15,0.8387096774193549,"[0.75,1.00]",True,True,True,0.013709677419354915,True,True,True,401,492,491,True,True
917,LibriSpeech:test:Public_noise:15:1995-1826-0021,test-clean/1995/1826/1995-1826-0021.flac,1995,Public_noise,15,0.825,"[0.75,1.00]",927,LibriSpeech:test:Public_noise:15:5142-36586-0003,test-clean/5142/36586/5142-36586-0003.flac,5142,Public_noise,15,0.8387096774193549,"[0.75,1.00]",True,True,True,0.013709677419354915,True,True,True,503,492,491,True,True
919,LibriSpeech:test:Public_noise:15:2094-142345-0029,test-clean/2094/142345/2094-142345-0029.flac,2094,Public_noise,15,0.7494692144373672,"[0.50,0.75)",921,LibriSpeech:test:Public_noise:15:260-123288-0016,test-clean/260/123288/260-123288-0016.flac,260,Public_noise,15,0.5714285714285714,"[0.50,0.75)",True,True,True,0.17804064300879585,True,True,True,101,492,491,True,True
919,LibriSpeech:test:Public_noise:15:2094-142345-0029,test-clean/2094/142345/2094-142345-0029.flac,2094,Public_noise,15,0.7494692144373672,"[0.50,0.75)",921,LibriSpeech:test:Public_noise:15:260-123288-0016,test-clean/260/123288/260-123288-0016.flac,260,Public_noise,15,0.5714285714285714,"[0.50,0.75)",True,True,True,0.17804064300879585,True,True,True,211,492,491,True,True
919,LibriSpeech:test:Public_noise:15:2094-142345-0029,test-clean/2094/142345/2094-142345-0029.flac,2094,Public_noise,15,0.7494692144373672,"[0.50,0.75)",921,LibriSpeech:test:Public_noise:15:260-123288-0016,test-clean/260/123288/260-123288-0016.flac,260,Public_noise,15,0.5714285714285714,"[0.50,0.75)",True,True,True,0.17804064300879585,True,True,True,307,492,491,True,True
919,LibriSpeech:test:Public_noise:15:2094-142345-0029,test-clean/2094/142345/2094-142345-0029.flac,2094,Public_noise,15,0.7494692144373672,"[0.50,0.75)",921,LibriSpeech:test:Public_noise:15:260-123288-0016,test-clean/260/123288/260-123288-0016.flac,260,Public_noise,15,0.5714285714285714,"[0.50,0.75)",True,True,True,0.17804064300879585,True,True,True,401,492,491,True,True
919,LibriSpeech:test:Public_noise:15:2094-142345-0029,test-clean/2094/142345/2094-142345-0029.flac,2094,Public_noise,15,0.7494692144373672,"[0.50,0.75)",921,LibriSpeech:test:Public_noise:15:260-123288-0016,test-clean/260/123288/260-123288-0016.flac,260,Public_noise,15,0.5714285714285714,"[0.50,0.75)",True,True,True,0.17804064300879585,True,True,True,503,492,491,True,True
920,LibriSpeech:test:Public_noise:15:2300-131720-0038,test-clean/2300/131720/2300-131720-0038.flac,2300,Public_noise,15,0.7722222222222223,"[0.75,1.00]",924,LibriSpeech:test:Public_noise:15:2961-960-0016,test-clean/2961/960/2961-960-0016.flac,2961,Public_noise,15,0.7721518987341772,"[0.75,1.00]",True,True,True,7.032348804503208e-05,True,True,True,101,492,491,True,True
920,LibriSpeech:test:Public_noise:15:2300-131720-0038,test-clean/2300/131720/2300-131720-0038.flac,2300,Public_noise,15,0.7722222222222223,"[0.75,1.00]",924,LibriSpeech:test:Public_noise:15:2961-960-0016,test-clean/2961/960/2961-960-0016.flac,2961,Public_noise,15,0.7721518987341772,"[0.75,1.00]",True,True,True,7.032348804503208e-05,True,True,True,211,492,491,True,True
920,LibriSpeech:test:Public_noise:15:2300-131720-0038,test-clean/2300/131720/2300-131720-0038.flac,2300,Public_noise,15,0.7722222222222223,"[0.75,1.00]",924,LibriSpeech:test:Public_noise:15:2961-960-0016,test-clean/2961/960/2961-960-0016.flac,2961,Public_noise,15,0.7721518987341772,"[0.75,1.00]",True,True,True,7.032348804503208e-05,True,True,True,307,492,491,True,True
920,LibriSpeech:test:Public_noise:15:2300-131720-0038,test-clean/2300/131720/2300-131720-0038.flac,2300,Public_noise,15,0.7722222222222223,"[0.75,1.00]",924,LibriSpeech:test:Public_noise:15:2961-960-0016,test-clean/2961/960/2961-960-0016.flac,2961,Public_noise,15,0.7721518987341772,"[0.75,1.00]",True,True,True,7.032348804503208e-05,True,True,True,401,492,491,True,True
920,LibriSpeech:test:Public_noise:15:2300-131720-0038,test-clean/2300/131720/2300-131720-0038.flac,2300,Public_noise,15,0.7722222222222223,"[0.75,1.00]",924,LibriSpeech:test:Public_noise:15:2961-960-0016,test-clean/2961/960/2961-960-0016.flac,2961,Public_noise,15,0.7721518987341772,"[0.75,1.00]",True,True,True,7.032348804503208e-05,True,True,True,503,492,491,True,True
921,LibriSpeech:test:Public_noise:15:260-123288-0016,test-clean/260/123288/260-123288-0016.flac,260,Public_noise,15,0.5714285714285714,"[0.50,0.75)",919,LibriSpeech:test:Public_noise:15:2094-142345-0029,test-clean/2094/142345/2094-142345-0029.flac,2094,Public_noise,15,0.7494692144373672,"[0.50,0.75)",True,True,True,0.17804064300879585,True,True,True,101,492,491,True,True
921,LibriSpeech:test:Public_noise:15:260-123288-0016,test-clean/260/123288/260-123288-0016.flac,260,Public_noise,15,0.5714285714285714,"[0.50,0.75)",919,LibriSpeech:test:Public_noise:15:2094-142345-0029,test-clean/2094/142345/2094-142345-0029.flac,2094,Public_noise,15,0.7494692144373672,"[0.50,0.75)",True,True,True,0.17804064300879585,True,True,True,211,492,491,True,True
921,LibriSpeech:test:Public_noise:15:260-123288-0016,test-clean/260/123288/260-123288-0016.flac,260,Public_noise,15,0.5714285714285714,"[0.50,0.75)",919,LibriSpeech:test:Public_noise:15:2094-142345-0029,test-clean/2094/142345/2094-142345-0029.flac,2094,Public_noise,15,0.7494692144373672,"[0.50,0.75)",True,True,True,0.17804064300879585,True,True,True,307,492,491,True,True
921,LibriSpeech:test:Public_noise:15:260-123288-0016,test-clean/260/123288/260-123288-0016.flac,260,Public_noise,15,0.5714285714285714,"[0.50,0.75)",919,LibriSpeech:test:Public_noise:15:2094-142345-0029,test-clean/2094/142345/2094-142345-0029.flac,2094,Public_noise,15,0.7494692144373672,"[0.50,0.75)",True,True,True,0.17804064300879585,True,True,True,401,492,491,True,True
921,LibriSpeech:test:Public_noise:15:260-123288-0016,test-clean/260/123288/260-123288-0016.flac,260,Public_noise,15,0.5714285714285714,"[0.50,0.75)",919,LibriSpeech:test:Public_noise:15:2094-142345-0029,test-clean/2094/142345/2094-142345-0029.flac,2094,Public_noise,15,0.7494692144373672,"[0.50,0.75)",True,True,True,0.17804064300879585,True,True,True,503,492,491,True,True
922,LibriSpeech:test:Public_noise:15:260-123288-0026,test-clean/260/123288/260-123288-0026.flac,260,Public_noise,15,0.9043336058871627,"[0.75,1.00]",934,LibriSpeech:test:Public_noise:15:7729-102255-0027,test-clean/7729/102255/7729-102255-0027.flac,7729,Public_noise,15,0.8564593301435407,"[0.75,1.00]",True,True,True,0.04787427574362202,True,True,True,101,492,491,True,True
922,LibriSpeech:test:Public_noise:15:260-123288-0026,test-clean/260/123288/260-123288-0026.flac,260,Public_noise,15,0.9043336058871627,"[0.75,1.00]",934,LibriSpeech:test:Public_noise:15:7729-102255-0027,test-clean/7729/102255/7729-102255-0027.flac,7729,Public_noise,15,0.8564593301435407,"[0.75,1.00]",True,True,True,0.04787427574362202,True,True,True,211,492,491,True,True
922,LibriSpeech:test:Public_noise:15:260-123288-0026,test-clean/260/123288/260-123288-0026.flac,260,Public_noise,15,0.9043336058871627,"[0.75,1.00]",934,LibriSpeech:test:Public_noise:15:7729-102255-0027,test-clean/7729/102255/7729-102255-0027.flac,7729,Public_noise,15,0.8564593301435407,"[0.75,1.00]",True,True,True,0.04787427574362202,True,True,True,307,492,491,True,True
922,LibriSpeech:test:Public_noise:15:260-123288-0026,test-clean/260/123288/260-123288-0026.flac,260,Public_noise,15,0.9043336058871627,"[0.75,1.00]",934,LibriSpeech:test:Public_noise:15:7729-102255-0027,test-clean/7729/102255/7729-102255-0027.flac,7729,Public_noise,15,0.8564593301435407,"[0.75,1.00]",True,True,True,0.04787427574362202,True,True,True,401,492,491,True,True
922,LibriSpeech:test:Public_noise:15:260-123288-0026,test-clean/260/123288/260-123288-0026.flac,260,Public_noise,15,0.9043336058871627,"[0.75,1.00]",934,LibriSpeech:test:Public_noise:15:7729-102255-0027,test-clean/7729/102255/7729-102255-0027.flac,7729,Public_noise,15,0.8564593301435407,"[0.75,1.00]",True,True,True,0.04787427574362202,True,True,True,503,492,491,True,True
923,LibriSpeech:test:Public_noise:15:2830-3980-0073,test-clean/2830/3980/2830-3980-0073.flac,2830,Public_noise,15,0.84,"[0.75,1.00]",927,LibriSpeech:test:Public_noise:15:5142-36586-0003,test-clean/5142/36586/5142-36586-0003.flac,5142,Public_noise,15,0.8387096774193549,"[0.75,1.00]",True,True,True,0.001290322580645098,True,True,True,101,492,491,True,True
923,LibriSpeech:test:Public_noise:15:2830-3980-0073,test-clean/2830/3980/2830-3980-0073.flac,2830,Public_noise,15,0.84,"[0.75,1.00]",927,LibriSpeech:test:Public_noise:15:5142-36586-0003,test-clean/5142/36586/5142-36586-0003.flac,5142,Public_noise,15,0.8387096774193549,"[0.75,1.00]",True,True,True,0.001290322580645098,True,True,True,211,492,491,True,True
923,LibriSpeech:test:Public_noise:15:2830-3980-0073,test-clean/2830/3980/2830-3980-0073.flac,2830,Public_noise,15,0.84,"[0.75,1.00]",927,LibriSpeech:test:Public_noise:15:5142-36586-0003,test-clean/5142/36586/5142-36586-0003.flac,5142,Public_noise,15,0.8387096774193549,"[0.75,1.00]",True,True,True,0.001290322580645098,True,True,True,307,492,491,True,True
923,LibriSpeech:test:Public_noise:15:2830-3980-0073,test-clean/2830/3980/2830-3980-0073.flac,2830,Public_noise,15,0.84,"[0.75,1.00]",927,LibriSpeech:test:Public_noise:15:5142-36586-0003,test-clean/5142/36586/5142-36586-0003.flac,5142,Public_noise,15,0.8387096774193549,"[0.75,1.00]",True,True,True,0.001290322580645098,True,True,True,401,492,491,True,True
923,LibriSpeech:test:Public_noise:15:2830-3980-0073,test-clean/2830/3980/2830-3980-0073.flac,2830,Public_noise,15,0.84,"[0.75,1.00]",927,LibriSpeech:test:Public_noise:15:5142-36586-0003,test-clean/5142/36586/5142-36586-0003.flac,5142,Public_noise,15,0.8387096774193549,"[0.75,1.00]",True,True,True,0.001290322580645098,True,True,True,503,492,491,True,True
924,LibriSpeech:test:Public_noise:15:2961-960-0016,test-clean/2961/960/2961-960-0016.flac,2961,Public_noise,15,0.7721518987341772,"[0.75,1.00]",920,LibriSpeech:test:Public_noise:15:2300-131720-0038,test-clean/2300/131720/2300-131720-0038.flac,2300,Public_noise,15,0.7722222222222223,"[0.75,1.00]",True,True,True,7.032348804503208e-05,True,True,True,101,492,491,True,True
924,LibriSpeech:test:Public_noise:15:2961-960-0016,test-clean/2961/960/2961-960-0016.flac,2961,Public_noise,15,0.7721518987341772,"[0.75,1.00]",920,LibriSpeech:test:Public_noise:15:2300-131720-0038,test-clean/2300/131720/2300-131720-0038.flac,2300,Public_noise,15,0.7722222222222223,"[0.75,1.00]",True,True,True,7.032348804503208e-05,True,True,True,211,492,491,True,True
924,LibriSpeech:test:Public_noise:15:2961-960-0016,test-clean/2961/960/2961-960-0016.flac,2961,Public_noise,15,0.7721518987341772,"[0.75,1.00]",920,LibriSpeech:test:Public_noise:15:2300-131720-0038,test-clean/2300/131720/2300-131720-0038.flac,2300,Public_noise,15,0.7722222222222223,"[0.75,1.00]",True,True,True,7.032348804503208e-05,True,True,True,307,492,491,True,True
924,LibriSpeech:test:Public_noise:15:2961-960-0016,test-clean/2961/960/2961-960-0016.flac,2961,Public_noise,15,0.7721518987341772,"[0.75,1.00]",920,LibriSpeech:test:Public_noise:15:2300-131720-0038,test-clean/2300/131720/2300-131720-0038.flac,2300,Public_noise,15,0.7722222222222223,"[0.75,1.00]",True,True,True,7.032348804503208e-05,True,True,True,401,492,491,True,True
924,LibriSpeech:test:Public_noise:15:2961-960-0016,test-clean/2961/960/2961-960-0016.flac,2961,Public_noise,15,0.7721518987341772,"[0.75,1.00]",920,LibriSpeech:test:Public_noise:15:2300-131720-0038,test-clean/2300/131720/2300-131720-0038.flac,2300,Public_noise,15,0.7722222222222223,"[0.75,1.00]",True,True,True,7.032348804503208e-05,True,True,True,503,492,491,True,True
925,LibriSpeech:test:Public_noise:15:3729-6852-0003,test-clean/3729/6852/3729-6852-0003.flac,3729,Public_noise,15,0.8455008488964346,"[0.75,1.00]",923,LibriSpeech:test:Public_noise:15:2830-3980-0073,test-clean/2830/3980/2830-3980-0073.flac,2830,Public_noise,15,0.84,"[0.75,1.00]",True,True,True,0.005500848896434651,True,True,True,101,492,491,True,True
925,LibriSpeech:test:Public_noise:15:3729-6852-0003,test-clean/3729/6852/3729-6852-0003.flac,3729,Public_noise,15,0.8455008488964346,"[0.75,1.00]",923,LibriSpeech:test:Public_noise:15:2830-3980-0073,test-clean/2830/3980/2830-3980-0073.flac,2830,Public_noise,15,0.84,"[0.75,1.00]",True,True,True,0.005500848896434651,True,True,True,211,492,491,True,True
925,LibriSpeech:test:Public_noise:15:3729-6852-0003,test-clean/3729/6852/3729-6852-0003.flac,3729,Public_noise,15,0.8455008488964346,"[0.75,1.00]",923,LibriSpeech:test:Public_noise:15:2830-3980-0073,test-clean/2830/3980/2830-3980-0073.flac,2830,Public_noise,15,0.84,"[0.75,1.00]",True,True,True,0.005500848896434651,True,True,True,307,492,491,True,True
925,LibriSpeech:test:Public_noise:15:3729-6852-0003,test-clean/3729/6852/3729-6852-0003.flac,3729,Public_noise,15,0.8455008488964346,"[0.75,1.00]",923,LibriSpeech:test:Public_noise:15:2830-3980-0073,test-clean/2830/3980/2830-3980-0073.flac,2830,Public_noise,15,0.84,"[0.75,1.00]",True,True,True,0.005500848896434651,True,True,True,401,492,491,True,True
925,LibriSpeech:test:Public_noise:15:3729-6852-0003,test-clean/3729/6852/3729-6852-0003.flac,3729,Public_noise,15,0.8455008488964346,"[0.75,1.00]",923,LibriSpeech:test:Public_noise:15:2830-3980-0073,test-clean/2830/3980/2830-3980-0073.flac,2830,Public_noise,15,0.84,"[0.75,1.00]",True,True,True,0.005500848896434651,True,True,True,503,492,491,True,True
927,LibriSpeech:test:Public_noise:15:5142-36586-0003,test-clean/5142/36586/5142-36586-0003.flac,5142,Public_noise,15,0.8387096774193549,"[0.75,1.00]",923,LibriSpeech:test:Public_noise:15:2830-3980-0073,test-clean/2830/3980/2830-3980-0073.flac,2830,Public_noise,15,0.84,"[0.75,1.00]",True,True,True,0.001290322580645098,True,True,True,101,492,491,True,True
927,LibriSpeech:test:Public_noise:15:5142-36586-0003,test-clean/5142/36586/5142-36586-0003.flac,5142,Public_noise,15,0.8387096774193549,"[0.75,1.00]",923,LibriSpeech:test:Public_noise:15:2830-3980-0073,test-clean/2830/3980/2830-3980-0073.flac,2830,Public_noise,15,0.84,"[0.75,1.00]",True,True,True,0.001290322580645098,True,True,True,211,492,491,True,True
927,LibriSpeech:test:Public_noise:15:5142-36586-0003,test-clean/5142/36586/5142-36586-0003.flac,5142,Public_noise,15,0.8387096774193549,"[0.75,1.00]",923,LibriSpeech:test:Public_noise:15:2830-3980-0073,test-clean/2830/3980/2830-3980-0073.flac,2830,Public_noise,15,0.84,"[0.75,1.00]",True,True,True,0.001290322580645098,True,True,True,307,492,491,True,True
927,LibriSpeech:test:Public_noise:15:5142-36586-0003,test-clean/5142/36586/5142-36586-0003.flac,5142,Public_noise,15,0.8387096774193549,"[0.75,1.00]",923,LibriSpeech:test:Public_noise:15:2830-3980-0073,test-clean/2830/3980/2830-3980-0073.flac,2830,Public_noise,15,0.84,"[0.75,1.00]",True,True,True,0.001290322580645098,True,True,True,401,492,491,True,True
927,LibriSpeech:test:Public_noise:15:5142-36586-0003,test-clean/5142/36586/5142-36586-0003.flac,5142,Public_noise,15,0.8387096774193549,"[0.75,1.00]",923,LibriSpeech:test:Public_noise:15:2830-3980-0073,test-clean/2830/3980/2830-3980-0073.flac,2830,Public_noise,15,0.84,"[0.75,1.00]",True,True,True,0.001290322580645098,True,True,True,503,492,491,True,True
934,LibriSpeech:test:Public_noise:15:7729-102255-0027,test-clean/7729/102255/7729-102255-0027.flac,7729,Public_noise,15,0.8564593301435407,"[0.75,1.00]",925,LibriSpeech:test:Public_noise:15:3729-6852-0003,test-clean/3729/6852/3729-6852-0003.flac,3729,Public_noise,15,0.8455008488964346,"[0.75,1.00]",True,True,True,0.010958481247106078,True,True,True,101,492,491,True,True
934,LibriSpeech:test:Public_noise:15:7729-102255-0027,test-clean/7729/102255/7729-102255-0027.flac,7729,Public_noise,15,0.8564593301435407,"[0.75,1.00]",925,LibriSpeech:test:Public_noise:15:3729-6852-0003,test-clean/3729/6852/3729-6852-0003.flac,3729,Public_noise,15,0.8455008488964346,"[0.75,1.00]",True,True,True,0.010958481247106078,True,True,True,211,492,491,True,True
934,LibriSpeech:test:Public_noise:15:7729-102255-0027,test-clean/7729/102255/7729-102255-0027.flac,7729,Public_noise,15,0.8564593301435407,"[0.75,1.00]",925,LibriSpeech:test:Public_noise:15:3729-6852-0003,test-clean/3729/6852/3729-6852-0003.flac,3729,Public_noise,15,0.8455008488964346,"[0.75,1.00]",True,True,True,0.010958481247106078,True,True,True,307,492,491,True,True
934,LibriSpeech:test:Public_noise:15:7729-102255-0027,test-clean/7729/102255/7729-102255-0027.flac,7729,Public_noise,15,0.8564593301435407,"[0.75,1.00]",925,LibriSpeech:test:Public_noise:15:3729-6852-0003,test-clean/3729/6852/3729-6852-0003.flac,3729,Public_noise,15,0.8455008488964346,"[0.75,1.00]",True,True,True,0.010958481247106078,True,True,True,401,492,491,True,True
934,LibriSpeech:test:Public_noise:15:7729-102255-0027,test-clean/7729/102255/7729-102255-0027.flac,7729,Public_noise,15,0.8564593301435407,"[0.75,1.00]",925,LibriSpeech:test:Public_noise:15:3729-6852-0003,test-clean/3729/6852/3729-6852-0003.flac,3729,Public_noise,15,0.8455008488964346,"[0.75,1.00]",True,True,True,0.010958481247106078,True,True,True,503,492,491,True,True
937,LibriSpeech:test:Public_noise:20:1188-133604-0026,test-clean/1188/133604/1188-133604-0026.flac,1188,Public_noise,20,0.7706928264868179,"[0.75,1.00]",944,LibriSpeech:test:Public_noise:20:2094-142345-0049,test-clean/2094/142345/2094-142345-0049.flac,2094,Public_noise,20,0.7705627705627706,"[0.75,1.00]",True,True,True,0.00013005592404735644,True,True,True,101,492,491,True,True
937,LibriSpeech:test:Public_noise:20:1188-133604-0026,test-clean/1188/133604/1188-133604-0026.flac,1188,Public_noise,20,0.7706928264868179,"[0.75,1.00]",944,LibriSpeech:test:Public_noise:20:2094-142345-0049,test-clean/2094/142345/2094-142345-0049.flac,2094,Public_noise,20,0.7705627705627706,"[0.75,1.00]",True,True,True,0.00013005592404735644,True,True,True,211,492,491,True,True
937,LibriSpeech:test:Public_noise:20:1188-133604-0026,test-clean/1188/133604/1188-133604-0026.flac,1188,Public_noise,20,0.7706928264868179,"[0.75,1.00]",944,LibriSpeech:test:Public_noise:20:2094-142345-0049,test-clean/2094/142345/2094-142345-0049.flac,2094,Public_noise,20,0.7705627705627706,"[0.75,1.00]",True,True,True,0.00013005592404735644,True,True,True,307,492,491,True,True
937,LibriSpeech:test:Public_noise:20:1188-133604-0026,test-clean/1188/133604/1188-133604-0026.flac,1188,Public_noise,20,0.7706928264868179,"[0.75,1.00]",944,LibriSpeech:test:Public_noise:20:2094-142345-0049,test-clean/2094/142345/2094-142345-0049.flac,2094,Public_noise,20,0.7705627705627706,"[0.75,1.00]",True,True,True,0.00013005592404735644,True,True,True,401,492,491,True,True
937,LibriSpeech:test:Public_noise:20:1188-133604-0026,test-clean/1188/133604/1188-133604-0026.flac,1188,Public_noise,20,0.7706928264868179,"[0.75,1.00]",944,LibriSpeech:test:Public_noise:20:2094-142345-0049,test-clean/2094/142345/2094-142345-0049.flac,2094,Public_noise,20,0.7705627705627706,"[0.75,1.00]",True,True,True,0.00013005592404735644,True,True,True,503,492,491,True,True
938,LibriSpeech:test:Public_noise:20:121-127105-0036,test-clean/121/127105/121-127105-0036.flac,121,Public_noise,20,0.0,"[0,0.25)",955,LibriSpeech:test:Public_noise:20:8463-294825-0008,test-clean/8463/294825/8463-294825-0008.flac,8463,Public_noise,20,0.11764705882352941,"[0,0.25)",True,True,True,0.11764705882352941,True,True,True,101,492,491,True,True
938,LibriSpeech:test:Public_noise:20:121-127105-0036,test-clean/121/127105/121-127105-0036.flac,121,Public_noise,20,0.0,"[0,0.25)",955,LibriSpeech:test:Public_noise:20:8463-294825-0008,test-clean/8463/294825/8463-294825-0008.flac,8463,Public_noise,20,0.11764705882352941,"[0,0.25)",True,True,True,0.11764705882352941,True,True,True,211,492,491,True,True
938,LibriSpeech:test:Public_noise:20:121-127105-0036,test-clean/121/127105/121-127105-0036.flac,121,Public_noise,20,0.0,"[0,0.25)",955,LibriSpeech:test:Public_noise:20:8463-294825-0008,test-clean/8463/294825/8463-294825-0008.flac,8463,Public_noise,20,0.11764705882352941,"[0,0.25)",True,True,True,0.11764705882352941,True,True,True,307,492,491,True,True
938,LibriSpeech:test:Public_noise:20:121-127105-0036,test-clean/121/127105/121-127105-0036.flac,121,Public_noise,20,0.0,"[0,0.25)",955,LibriSpeech:test:Public_noise:20:8463-294825-0008,test-clean/8463/294825/8463-294825-0008.flac,8463,Public_noise,20,0.11764705882352941,"[0,0.25)",True,True,True,0.11764705882352941,True,True,True,401,492,491,True,True
938,LibriSpeech:test:Public_noise:20:121-127105-0036,test-clean/121/127105/121-127105-0036.flac,121,Public_noise,20,0.0,"[0,0.25)",955,LibriSpeech:test:Public_noise:20:8463-294825-0008,test-clean/8463/294825/8463-294825-0008.flac,8463,Public_noise,20,0.11764705882352941,"[0,0.25)",True,True,True,0.11764705882352941,True,True,True,503,492,491,True,True
943,LibriSpeech:test:Public_noise:20:1995-1836-0004,test-clean/1995/1836/1995-1836-0004.flac,1995,Public_noise,20,0.8877076411960133,"[0.75,1.00]",948,LibriSpeech:test:Public_noise:20:3729-6852-0023,test-clean/3729/6852/3729-6852-0023.flac,3729,Public_noise,20,0.8260869565217391,"[0.75,1.00]",True,True,True,0.06162068467427417,True,True,True,101,492,491,True,True
943,LibriSpeech:test:Public_noise:20:1995-1836-0004,test-clean/1995/1836/1995-1836-0004.flac,1995,Public_noise,20,0.8877076411960133,"[0.75,1.00]",948,LibriSpeech:test:Public_noise:20:3729-6852-0023,test-clean/3729/6852/3729-6852-0023.flac,3729,Public_noise,20,0.8260869565217391,"[0.75,1.00]",True,True,True,0.06162068467427417,True,True,True,211,492,491,True,True
943,LibriSpeech:test:Public_noise:20:1995-1836-0004,test-clean/1995/1836/1995-1836-0004.flac,1995,Public_noise,20,0.8877076411960133,"[0.75,1.00]",948,LibriSpeech:test:Public_noise:20:3729-6852-0023,test-clean/3729/6852/3729-6852-0023.flac,3729,Public_noise,20,0.8260869565217391,"[0.75,1.00]",True,True,True,0.06162068467427417,True,True,True,307,492,491,True,True
943,LibriSpeech:test:Public_noise:20:1995-1836-0004,test-clean/1995/1836/1995-1836-0004.flac,1995,Public_noise,20,0.8877076411960133,"[0.75,1.00]",948,LibriSpeech:test:Public_noise:20:3729-6852-0023,test-clean/3729/6852/3729-6852-0023.flac,3729,Public_noise,20,0.8260869565217391,"[0.75,1.00]",True,True,True,0.06162068467427417,True,True,True,401,492,491,True,True
943,LibriSpeech:test:Public_noise:20:1995-1836-0004,test-clean/1995/1836/1995-1836-0004.flac,1995,Public_noise,20,0.8877076411960133,"[0.75,1.00]",948,LibriSpeech:test:Public_noise:20:3729-6852-0023,test-clean/3729/6852/3729-6852-0023.flac,3729,Public_noise,20,0.8260869565217391,"[0.75,1.00]",True,True,True,0.06162068467427417,True,True,True,503,492,491,True,True
944,LibriSpeech:test:Public_noise:20:2094-142345-0049,test-clean/2094/142345/2094-142345-0049.flac,2094,Public_noise,20,0.7705627705627706,"[0.75,1.00]",937,LibriSpeech:test:Public_noise:20:1188-133604-0026,test-clean/1188/133604/1188-133604-0026.flac,1188,Public_noise,20,0.7706928264868179,"[0.75,1.00]",True,True,True,0.00013005592404735644,True,True,True,101,492,491,True,True
944,LibriSpeech:test:Public_noise:20:2094-142345-0049,test-clean/2094/142345/2094-142345-0049.flac,2094,Public_noise,20,0.7705627705627706,"[0.75,1.00]",937,LibriSpeech:test:Public_noise:20:1188-133604-0026,test-clean/1188/133604/1188-133604-0026.flac,1188,Public_noise,20,0.7706928264868179,"[0.75,1.00]",True,True,True,0.00013005592404735644,True,True,True,211,492,491,True,True
944,LibriSpeech:test:Public_noise:20:2094-142345-0049,test-clean/2094/142345/2094-142345-0049.flac,2094,Public_noise,20,0.7705627705627706,"[0.75,1.00]",937,LibriSpeech:test:Public_noise:20:1188-133604-0026,test-clean/1188/133604/1188-133604-0026.flac,1188,Public_noise,20,0.7706928264868179,"[0.75,1.00]",True,True,True,0.00013005592404735644,True,True,True,307,492,491,True,True
944,LibriSpeech:test:Public_noise:20:2094-142345-0049,test-clean/2094/142345/2094-142345-0049.flac,2094,Public_noise,20,0.7705627705627706,"[0.75,1.00]",937,LibriSpeech:test:Public_noise:20:1188-133604-0026,test-clean/1188/133604/1188-133604-0026.flac,1188,Public_noise,20,0.7706928264868179,"[0.75,1.00]",True,True,True,0.00013005592404735644,True,True,True,401,492,491,True,True
944,LibriSpeech:test:Public_noise:20:2094-142345-0049,test-clean/2094/142345/2094-142345-0049.flac,2094,Public_noise,20,0.7705627705627706,"[0.75,1.00]",937,LibriSpeech:test:Public_noise:20:1188-133604-0026,test-clean/1188/133604/1188-133604-0026.flac,1188,Public_noise,20,0.7706928264868179,"[0.75,1.00]",True,True,True,0.00013005592404735644,True,True,True,503,492,491,True,True
948,LibriSpeech:test:Public_noise:20:3729-6852-0023,test-clean/3729/6852/3729-6852-0023.flac,3729,Public_noise,20,0.8260869565217391,"[0.75,1.00]",937,LibriSpeech:test:Public_noise:20:1188-133604-0026,test-clean/1188/133604/1188-133604-0026.flac,1188,Public_noise,20,0.7706928264868179,"[0.75,1.00]",True,True,True,0.05539413003492122,True,True,True,101,492,491,True,True
948,LibriSpeech:test:Public_noise:20:3729-6852-0023,test-clean/3729/6852/3729-6852-0023.flac,3729,Public_noise,20,0.8260869565217391,"[0.75,1.00]",937,LibriSpeech:test:Public_noise:20:1188-133604-0026,test-clean/1188/133604/1188-133604-0026.flac,1188,Public_noise,20,0.7706928264868179,"[0.75,1.00]",True,True,True,0.05539413003492122,True,True,True,211,492,491,True,True
948,LibriSpeech:test:Public_noise:20:3729-6852-0023,test-clean/3729/6852/3729-6852-0023.flac,3729,Public_noise,20,0.8260869565217391,"[0.75,1.00]",937,LibriSpeech:test:Public_noise:20:1188-133604-0026,test-clean/1188/133604/1188-133604-0026.flac,1188,Public_noise,20,0.7706928264868179,"[0.75,1.00]",True,True,True,0.05539413003492122,True,True,True,307,492,491,True,True
948,LibriSpeech:test:Public_noise:20:3729-6852-0023,test-clean/3729/6852/3729-6852-0023.flac,3729,Public_noise,20,0.8260869565217391,"[0.75,1.00]",937,LibriSpeech:test:Public_noise:20:1188-133604-0026,test-clean/1188/133604/1188-133604-0026.flac,1188,Public_noise,20,0.7706928264868179,"[0.75,1.00]",True,True,True,0.05539413003492122,True,True,True,401,492,491,True,True
948,LibriSpeech:test:Public_noise:20:3729-6852-0023,test-clean/3729/6852/3729-6852-0023.flac,3729,Public_noise,20,0.8260869565217391,"[0.75,1.00]",937,LibriSpeech:test:Public_noise:20:1188-133604-0026,test-clean/1188/133604/1188-133604-0026.flac,1188,Public_noise,20,0.7706928264868179,"[0.75,1.00]",True,True,True,0.05539413003492122,True,True,True,503,492,491,True,True
955,LibriSpeech:test:Public_noise:20:8463-294825-0008,test-clean/8463/294825/8463-294825-0008.flac,8463,Public_noise,20,0.11764705882352941,"[0,0.25)",938,LibriSpeech:test:Public_noise:20:121-127105-0036,test-clean/121/127105/121-127105-0036.flac,121,Public_noise,20,0.0,"[0,0.25)",True,True,True,0.11764705882352941,True,True,True,101,492,491,True,True
955,LibriSpeech:test:Public_noise:20:8463-294825-0008,test-clean/8463/294825/8463-294825-0008.flac,8463,Public_noise,20,0.11764705882352941,"[0,0.25)",938,LibriSpeech:test:Public_noise:20:121-127105-0036,test-clean/121/127105/121-127105-0036.flac,121,Public_noise,20,0.0,"[0,0.25)",True,True,True,0.11764705882352941,True,True,True,211,492,491,True,True
955,LibriSpeech:test:Public_noise:20:8463-294825-0008,test-clean/8463/294825/8463-294825-0008.flac,8463,Public_noise,20,0.11764705882352941,"[0,0.25)",938,LibriSpeech:test:Public_noise:20:121-127105-0036,test-clean/121/127105/121-127105-0036.flac,121,Public_noise,20,0.0,"[0,0.25)",True,True,True,0.11764705882352941,True,True,True,307,492,491,True,True
955,LibriSpeech:test:Public_noise:20:8463-294825-0008,test-clean/8463/294825/8463-294825-0008.flac,8463,Public_noise,20,0.11764705882352941,"[0,0.25)",938,LibriSpeech:test:Public_noise:20:121-127105-0036,test-clean/121/127105/121-127105-0036.flac,121,Public_noise,20,0.0,"[0,0.25)",True,True,True,0.11764705882352941,True,True,True,401,492,491,True,True
955,LibriSpeech:test:Public_noise:20:8463-294825-0008,test-clean/8463/294825/8463-294825-0008.flac,8463,Public_noise,20,0.11764705882352941,"[0,0.25)",938,LibriSpeech:test:Public_noise:20:121-127105-0036,test-clean/121/127105/121-127105-0036.flac,121,Public_noise,20,0.0,"[0,0.25)",True,True,True,0.11764705882352941,True,True,True,503,492,491,True,True
958,LibriSpeech:test:Street_noise:-5:1188-133604-0026,test-clean/1188/133604/1188-133604-0026.flac,1188,Street_noise,-5,0.7706928264868179,"[0.75,1.00]",964,LibriSpeech:test:Street_noise:-5:2961-961-0013,test-clean/2961/961/2961-961-0013.flac,2961,Street_noise,-5,0.7557251908396947,"[0.75,1.00]",True,True,True,0.014967635647123223,True,True,True,101,492,491,True,True
958,LibriSpeech:test:Street_noise:-5:1188-133604-0026,test-clean/1188/133604/1188-133604-0026.flac,1188,Street_noise,-5,0.7706928264868179,"[0.75,1.00]",964,LibriSpeech:test:Street_noise:-5:2961-961-0013,test-clean/2961/961/2961-961-0013.flac,2961,Street_noise,-5,0.7557251908396947,"[0.75,1.00]",True,True,True,0.014967635647123223,True,True,True,211,492,491,True,True
958,LibriSpeech:test:Street_noise:-5:1188-133604-0026,test-clean/1188/133604/1188-133604-0026.flac,1188,Street_noise,-5,0.7706928264868179,"[0.75,1.00]",964,LibriSpeech:test:Street_noise:-5:2961-961-0013,test-clean/2961/961/2961-961-0013.flac,2961,Street_noise,-5,0.7557251908396947,"[0.75,1.00]",True,True,True,0.014967635647123223,True,True,True,307,492,491,True,True
958,LibriSpeech:test:Street_noise:-5:1188-133604-0026,test-clean/1188/133604/1188-133604-0026.flac,1188,Street_noise,-5,0.7706928264868179,"[0.75,1.00]",964,LibriSpeech:test:Street_noise:-5:2961-961-0013,test-clean/2961/961/2961-961-0013.flac,2961,Street_noise,-5,0.7557251908396947,"[0.75,1.00]",True,True,True,0.014967635647123223,True,True,True,401,492,491,True,True
958,LibriSpeech:test:Street_noise:-5:1188-133604-0026,test-clean/1188/133604/1188-133604-0026.flac,1188,Street_noise,-5,0.7706928264868179,"[0.75,1.00]",964,LibriSpeech:test:Street_noise:-5:2961-961-0013,test-clean/2961/961/2961-961-0013.flac,2961,Street_noise,-5,0.7557251908396947,"[0.75,1.00]",True,True,True,0.014967635647123223,True,True,True,503,492,491,True,True
961,LibriSpeech:test:Street_noise:-5:260-123286-0028,test-clean/260/123286/260-123286-0028.flac,260,Street_noise,-5,0.8684931506849315,"[0.75,1.00]",965,LibriSpeech:test:Street_noise:-5:3729-6852-0003,test-clean/3729/6852/3729-6852-0003.flac,3729,Street_noise,-5,0.8455008488964346,"[0.75,1.00]",True,True,True,0.02299230178849687,True,True,True,101,492,491,True,True
961,LibriSpeech:test:Street_noise:-5:260-123286-0028,test-clean/260/123286/260-123286-0028.flac,260,Street_noise,-5,0.8684931506849315,"[0.75,1.00]",965,LibriSpeech:test:Street_noise:-5:3729-6852-0003,test-clean/3729/6852/3729-6852-0003.flac,3729,Street_noise,-5,0.8455008488964346,"[0.75,1.00]",True,True,True,0.02299230178849687,True,True,True,211,492,491,True,True
961,LibriSpeech:test:Street_noise:-5:260-123286-0028,test-clean/260/123286/260-123286-0028.flac,260,Street_noise,-5,0.8684931506849315,"[0.75,1.00]",965,LibriSpeech:test:Street_noise:-5:3729-6852-0003,test-clean/3729/6852/3729-6852-0003.flac,3729,Street_noise,-5,0.8455008488964346,"[0.75,1.00]",True,True,True,0.02299230178849687,True,True,True,307,492,491,True,True
961,LibriSpeech:test:Street_noise:-5:260-123286-0028,test-clean/260/123286/260-123286-0028.flac,260,Street_noise,-5,0.8684931506849315,"[0.75,1.00]",965,LibriSpeech:test:Street_noise:-5:3729-6852-0003,test-clean/3729/6852/3729-6852-0003.flac,3729,Street_noise,-5,0.8455008488964346,"[0.75,1.00]",True,True,True,0.02299230178849687,True,True,True,401,492,491,True,True
961,LibriSpeech:test:Street_noise:-5:260-123286-0028,test-clean/260/123286/260-123286-0028.flac,260,Street_noise,-5,0.8684931506849315,"[0.75,1.00]",965,LibriSpeech:test:Street_noise:-5:3729-6852-0003,test-clean/3729/6852/3729-6852-0003.flac,3729,Street_noise,-5,0.8455008488964346,"[0.75,1.00]",True,True,True,0.02299230178849687,True,True,True,503,492,491,True,True
962,LibriSpeech:test:Street_noise:-5:2830-3980-0023,test-clean/2830/3980/2830-3980-0023.flac,2830,Street_noise,-5,0.6723404255319149,"[0.50,0.75)",964,LibriSpeech:test:Street_noise:-5:2961-961-0013,test-clean/2961/961/2961-961-0013.flac,2961,Street_noise,-5,0.7557251908396947,"[0.75,1.00]",True,True,False,0.08338476530777983,True,True,True,101,492,491,True,True
962,LibriSpeech:test:Street_noise:-5:2830-3980-0023,test-clean/2830/3980/2830-3980-0023.flac,2830,Street_noise,-5,0.6723404255319149,"[0.50,0.75)",964,LibriSpeech:test:Street_noise:-5:2961-961-0013,test-clean/2961/961/2961-961-0013.flac,2961,Street_noise,-5,0.7557251908396947,"[0.75,1.00]",True,True,False,0.08338476530777983,True,True,True,211,492,491,True,True
962,LibriSpeech:test:Street_noise:-5:2830-3980-0023,test-clean/2830/3980/2830-3980-0023.flac,2830,Street_noise,-5,0.6723404255319149,"[0.50,0.75)",964,LibriSpeech:test:Street_noise:-5:2961-961-0013,test-clean/2961/961/2961-961-0013.flac,2961,Street_noise,-5,0.7557251908396947,"[0.75,1.00]",True,True,False,0.08338476530777983,True,True,True,307,492,491,True,True
962,LibriSpeech:test:Street_noise:-5:2830-3980-0023,test-clean/2830/3980/2830-3980-0023.flac,2830,Street_noise,-5,0.6723404255319149,"[0.50,0.75)",964,LibriSpeech:test:Street_noise:-5:2961-961-0013,test-clean/2961/961/2961-961-0013.flac,2961,Street_noise,-5,0.7557251908396947,"[0.75,1.00]",True,True,False,0.08338476530777983,True,True,True,401,492,491,True,True
962,LibriSpeech:test:Street_noise:-5:2830-3980-0023,test-clean/2830/3980/2830-3980-0023.flac,2830,Street_noise,-5,0.6723404255319149,"[0.50,0.75)",964,LibriSpeech:test:Street_noise:-5:2961-961-0013,test-clean/2961/961/2961-961-0013.flac,2961,Street_noise,-5,0.7557251908396947,"[0.75,1.00]",True,True,False,0.08338476530777983,True,True,True,503,492,491,True,True
964,LibriSpeech:test:Street_noise:-5:2961-961-0013,test-clean/2961/961/2961-961-0013.flac,2961,Street_noise,-5,0.7557251908396947,"[0.75,1.00]",958,LibriSpeech:test:Street_noise:-5:1188-133604-0026,test-clean/1188/133604/1188-133604-0026.flac,1188,Street_noise,-5,0.7706928264868179,"[0.75,1.00]",True,True,True,0.014967635647123223,True,True,True,101,492,491,True,True
964,LibriSpeech:test:Street_noise:-5:2961-961-0013,test-clean/2961/961/2961-961-0013.flac,2961,Street_noise,-5,0.7557251908396947,"[0.75,1.00]",958,LibriSpeech:test:Street_noise:-5:1188-133604-0026,test-clean/1188/133604/1188-133604-0026.flac,1188,Street_noise,-5,0.7706928264868179,"[0.75,1.00]",True,True,True,0.014967635647123223,True,True,True,211,492,491,True,True
964,LibriSpeech:test:Street_noise:-5:2961-961-0013,test-clean/2961/961/2961-961-0013.flac,2961,Street_noise,-5,0.7557251908396947,"[0.75,1.00]",958,LibriSpeech:test:Street_noise:-5:1188-133604-0026,test-clean/1188/133604/1188-133604-0026.flac,1188,Street_noise,-5,0.7706928264868179,"[0.75,1.00]",True,True,True,0.014967635647123223,True,True,True,307,492,491,True,True
964,LibriSpeech:test:Street_noise:-5:2961-961-0013,test-clean/2961/961/2961-961-0013.flac,2961,Street_noise,-5,0.7557251908396947,"[0.75,1.00]",958,LibriSpeech:test:Street_noise:-5:1188-133604-0026,test-clean/1188/133604/1188-133604-0026.flac,1188,Street_noise,-5,0.7706928264868179,"[0.75,1.00]",True,True,True,0.014967635647123223,True,True,True,401,492,491,True,True
964,LibriSpeech:test:Street_noise:-5:2961-961-0013,test-clean/2961/961/2961-961-0013.flac,2961,Street_noise,-5,0.7557251908396947,"[0.75,1.00]",958,LibriSpeech:test:Street_noise:-5:1188-133604-0026,test-clean/1188/133604/1188-133604-0026.flac,1188,Street_noise,-5,0.7706928264868179,"[0.75,1.00]",True,True,True,0.014967635647123223,True,True,True,503,492,491,True,True
965,LibriSpeech:test:Street_noise:-5:3729-6852-0003,test-clean/3729/6852/3729-6852-0003.flac,3729,Street_noise,-5,0.8455008488964346,"[0.75,1.00]",961,LibriSpeech:test:Street_noise:-5:260-123286-0028,test-clean/260/123286/260-123286-0028.flac,260,Street_noise,-5,0.8684931506849315,"[0.75,1.00]",True,True,True,0.02299230178849687,True,True,True,101,492,491,True,True
965,LibriSpeech:test:Street_noise:-5:3729-6852-0003,test-clean/3729/6852/3729-6852-0003.flac,3729,Street_noise,-5,0.8455008488964346,"[0.75,1.00]",961,LibriSpeech:test:Street_noise:-5:260-123286-0028,test-clean/260/123286/260-123286-0028.flac,260,Street_noise,-5,0.8684931506849315,"[0.75,1.00]",True,True,True,0.02299230178849687,True,True,True,211,492,491,True,True
965,LibriSpeech:test:Street_noise:-5:3729-6852-0003,test-clean/3729/6852/3729-6852-0003.flac,3729,Street_noise,-5,0.8455008488964346,"[0.75,1.00]",961,LibriSpeech:test:Street_noise:-5:260-123286-0028,test-clean/260/123286/260-123286-0028.flac,260,Street_noise,-5,0.8684931506849315,"[0.75,1.00]",True,True,True,0.02299230178849687,True,True,True,307,492,491,True,True
965,LibriSpeech:test:Street_noise:-5:3729-6852-0003,test-clean/3729/6852/3729-6852-0003.flac,3729,Street_noise,-5,0.8455008488964346,"[0.75,1.00]",961,LibriSpeech:test:Street_noise:-5:260-123286-0028,test-clean/260/123286/260-123286-0028.flac,260,Street_noise,-5,0.8684931506849315,"[0.75,1.00]",True,True,True,0.02299230178849687,True,True,True,401,492,491,True,True
965,LibriSpeech:test:Street_noise:-5:3729-6852-0003,test-clean/3729/6852/3729-6852-0003.flac,3729,Street_noise,-5,0.8455008488964346,"[0.75,1.00]",961,LibriSpeech:test:Street_noise:-5:260-123286-0028,test-clean/260/123286/260-123286-0028.flac,260,Street_noise,-5,0.8684931506849315,"[0.75,1.00]",True,True,True,0.02299230178849687,True,True,True,503,492,491,True,True
966,LibriSpeech:test:Street_noise:-5:3729-6852-0033,test-clean/3729/6852/3729-6852-0033.flac,3729,Street_noise,-5,0.8073505654281099,"[0.75,1.00]",958,LibriSpeech:test:Street_noise:-5:1188-133604-0026,test-clean/1188/133604/1188-133604-0026.flac,1188,Street_noise,-5,0.7706928264868179,"[0.75,1.00]",True,True,True,0.036657738941291984,True,True,True,101,492,491,True,True
966,LibriSpeech:test:Street_noise:-5:3729-6852-0033,test-clean/3729/6852/3729-6852-0033.flac,3729,Street_noise,-5,0.8073505654281099,"[0.75,1.00]",958,LibriSpeech:test:Street_noise:-5:1188-133604-0026,test-clean/1188/133604/1188-133604-0026.flac,1188,Street_noise,-5,0.7706928264868179,"[0.75,1.00]",True,True,True,0.036657738941291984,True,True,True,211,492,491,True,True
966,LibriSpeech:test:Street_noise:-5:3729-6852-0033,test-clean/3729/6852/3729-6852-0033.flac,3729,Street_noise,-5,0.8073505654281099,"[0.75,1.00]",958,LibriSpeech:test:Street_noise:-5:1188-133604-0026,test-clean/1188/133604/1188-133604-0026.flac,1188,Street_noise,-5,0.7706928264868179,"[0.75,1.00]",True,True,True,0.036657738941291984,True,True,True,307,492,491,True,True
966,LibriSpeech:test:Street_noise:-5:3729-6852-0033,test-clean/3729/6852/3729-6852-0033.flac,3729,Street_noise,-5,0.8073505654281099,"[0.75,1.00]",958,LibriSpeech:test:Street_noise:-5:1188-133604-0026,test-clean/1188/133604/1188-133604-0026.flac,1188,Street_noise,-5,0.7706928264868179,"[0.75,1.00]",True,True,True,0.036657738941291984,True,True,True,401,492,491,True,True
966,LibriSpeech:test:Street_noise:-5:3729-6852-0033,test-clean/3729/6852/3729-6852-0033.flac,3729,Street_noise,-5,0.8073505654281099,"[0.75,1.00]",958,LibriSpeech:test:Street_noise:-5:1188-133604-0026,test-clean/1188/133604/1188-133604-0026.flac,1188,Street_noise,-5,0.7706928264868179,"[0.75,1.00]",True,True,True,0.036657738941291984,True,True,True,503,492,491,True,True
977,LibriSpeech:test:Street_noise:-5:7176-92135-0003,test-clean/7176/92135/7176-92135-0003.flac,7176,Street_noise,-5,0.0,"[0,0.25)",962,LibriSpeech:test:Street_noise:-5:2830-3980-0023,test-clean/2830/3980/2830-3980-0023.flac,2830,Street_noise,-5,0.6723404255319149,"[0.50,0.75)",True,True,False,0.6723404255319149,True,True,True,101,492,491,True,True
977,LibriSpeech:test:Street_noise:-5:7176-92135-0003,test-clean/7176/92135/7176-92135-0003.flac,7176,Street_noise,-5,0.0,"[0,0.25)",962,LibriSpeech:test:Street_noise:-5:2830-3980-0023,test-clean/2830/3980/2830-3980-0023.flac,2830,Street_noise,-5,0.6723404255319149,"[0.50,0.75)",True,True,False,0.6723404255319149,True,True,True,211,492,491,True,True
977,LibriSpeech:test:Street_noise:-5:7176-92135-0003,test-clean/7176/92135/7176-92135-0003.flac,7176,Street_noise,-5,0.0,"[0,0.25)",962,LibriSpeech:test:Street_noise:-5:2830-3980-0023,test-clean/2830/3980/2830-3980-0023.flac,2830,Street_noise,-5,0.6723404255319149,"[0.50,0.75)",True,True,False,0.6723404255319149,True,True,True,307,492,491,True,True
977,LibriSpeech:test:Street_noise:-5:7176-92135-0003,test-clean/7176/92135/7176-92135-0003.flac,7176,Street_noise,-5,0.0,"[0,0.25)",962,LibriSpeech:test:Street_noise:-5:2830-3980-0023,test-clean/2830/3980/2830-3980-0023.flac,2830,Street_noise,-5,0.6723404255319149,"[0.50,0.75)",True,True,False,0.6723404255319149,True,True,True,401,492,491,True,True
977,LibriSpeech:test:Street_noise:-5:7176-92135-0003,test-clean/7176/92135/7176-92135-0003.flac,7176,Street_noise,-5,0.0,"[0,0.25)",962,LibriSpeech:test:Street_noise:-5:2830-3980-0023,test-clean/2830/3980/2830-3980-0023.flac,2830,Street_noise,-5,0.6723404255319149,"[0.50,0.75)",True,True,False,0.6723404255319149,True,True,True,503,492,491,True,True
978,LibriSpeech:test:Street_noise:0:1188-133604-0026,test-clean/1188/133604/1188-133604-0026.flac,1188,Street_noise,0,0.7706928264868179,"[0.75,1.00]",982,LibriSpeech:test:Street_noise:0:2094-142345-0059,test-clean/2094/142345/2094-142345-0059.flac,2094,Street_noise,0,0.8032258064516129,"[0.75,1.00]",True,True,True,0.032532979964794984,True,True,True,101,492,491,True,True
978,LibriSpeech:test:Street_noise:0:1188-133604-0026,test-clean/1188/133604/1188-133604-0026.flac,1188,Street_noise,0,0.7706928264868179,"[0.75,1.00]",982,LibriSpeech:test:Street_noise:0:2094-142345-0059,test-clean/2094/142345/2094-142345-0059.flac,2094,Street_noise,0,0.8032258064516129,"[0.75,1.00]",True,True,True,0.032532979964794984,True,True,True,211,492,491,True,True
978,LibriSpeech:test:Street_noise:0:1188-133604-0026,test-clean/1188/133604/1188-133604-0026.flac,1188,Street_noise,0,0.7706928264868179,"[0.75,1.00]",982,LibriSpeech:test:Street_noise:0:2094-142345-0059,test-clean/2094/142345/2094-142345-0059.flac,2094,Street_noise,0,0.8032258064516129,"[0.75,1.00]",True,True,True,0.032532979964794984,True,True,True,307,492,491,True,True
978,LibriSpeech:test:Street_noise:0:1188-133604-0026,test-clean/1188/133604/1188-133604-0026.flac,1188,Street_noise,0,0.7706928264868179,"[0.75,1.00]",982,LibriSpeech:test:Street_noise:0:2094-142345-0059,test-clean/2094/142345/2094-142345-0059.flac,2094,Street_noise,0,0.8032258064516129,"[0.75,1.00]",True,True,True,0.032532979964794984,True,True,True,401,492,491,True,True
978,LibriSpeech:test:Street_noise:0:1188-133604-0026,test-clean/1188/133604/1188-133604-0026.flac,1188,Street_noise,0,0.7706928264868179,"[0.75,1.00]",982,LibriSpeech:test:Street_noise:0:2094-142345-0059,test-clean/2094/142345/2094-142345-0059.flac,2094,Street_noise,0,0.8032258064516129,"[0.75,1.00]",True,True,True,0.032532979964794984,True,True,True,503,492,491,True,True
980,LibriSpeech:test:Street_noise:0:1320-122617-0028,test-clean/1320/122617/1320-122617-0028.flac,1320,Street_noise,0,0.90311986863711,"[0.75,1.00]",994,LibriSpeech:test:Street_noise:0:7729-102255-0037,test-clean/7729/102255/7729-102255-0037.flac,7729,Street_noise,0,0.8682385575589459,"[0.75,1.00]",True,True,True,0.03488131107816417,True,True,True,101,492,491,True,True
980,LibriSpeech:test:Street_noise:0:1320-122617-0028,test-clean/1320/122617/1320-122617-0028.flac,1320,Street_noise,0,0.90311986863711,"[0.75,1.00]",994,LibriSpeech:test:Street_noise:0:7729-102255-0037,test-clean/7729/102255/7729-102255-0037.flac,7729,Street_noise,0,0.8682385575589459,"[0.75,1.00]",True,True,True,0.03488131107816417,True,True,True,211,492,491,True,True
980,LibriSpeech:test:Street_noise:0:1320-122617-0028,test-clean/1320/122617/1320-122617-0028.flac,1320,Street_noise,0,0.90311986863711,"[0.75,1.00]",994,LibriSpeech:test:Street_noise:0:7729-102255-0037,test-clean/7729/102255/7729-102255-0037.flac,7729,Street_noise,0,0.8682385575589459,"[0.75,1.00]",True,True,True,0.03488131107816417,True,True,True,307,492,491,True,True
980,LibriSpeech:test:Street_noise:0:1320-122617-0028,test-clean/1320/122617/1320-122617-0028.flac,1320,Street_noise,0,0.90311986863711,"[0.75,1.00]",994,LibriSpeech:test:Street_noise:0:7729-102255-0037,test-clean/7729/102255/7729-102255-0037.flac,7729,Street_noise,0,0.8682385575589459,"[0.75,1.00]",True,True,True,0.03488131107816417,True,True,True,401,492,491,True,True
980,LibriSpeech:test:Street_noise:0:1320-122617-0028,test-clean/1320/122617/1320-122617-0028.flac,1320,Street_noise,0,0.90311986863711,"[0.75,1.00]",994,LibriSpeech:test:Street_noise:0:7729-102255-0037,test-clean/7729/102255/7729-102255-0037.flac,7729,Street_noise,0,0.8682385575589459,"[0.75,1.00]",True,True,True,0.03488131107816417,True,True,True,503,492,491,True,True
982,LibriSpeech:test:Street_noise:0:2094-142345-0059,test-clean/2094/142345/2094-142345-0059.flac,2094,Street_noise,0,0.8032258064516129,"[0.75,1.00]",978,LibriSpeech:test:Street_noise:0:1188-133604-0026,test-clean/1188/133604/1188-133604-0026.flac,1188,Street_noise,0,0.7706928264868179,"[0.75,1.00]",True,True,True,0.032532979964794984,True,True,True,101,492,491,True,True
982,LibriSpeech:test:Street_noise:0:2094-142345-0059,test-clean/2094/142345/2094-142345-0059.flac,2094,Street_noise,0,0.8032258064516129,"[0.75,1.00]",978,LibriSpeech:test:Street_noise:0:1188-133604-0026,test-clean/1188/133604/1188-133604-0026.flac,1188,Street_noise,0,0.7706928264868179,"[0.75,1.00]",True,True,True,0.032532979964794984,True,True,True,211,492,491,True,True
982,LibriSpeech:test:Street_noise:0:2094-142345-0059,test-clean/2094/142345/2094-142345-0059.flac,2094,Street_noise,0,0.8032258064516129,"[0.75,1.00]",978,LibriSpeech:test:Street_noise:0:1188-133604-0026,test-clean/1188/133604/1188-133604-0026.flac,1188,Street_noise,0,0.7706928264868179,"[0.75,1.00]",True,True,True,0.032532979964794984,True,True,True,307,492,491,True,True
982,LibriSpeech:test:Street_noise:0:2094-142345-0059,test-clean/2094/142345/2094-142345-0059.flac,2094,Street_noise,0,0.8032258064516129,"[0.75,1.00]",978,LibriSpeech:test:Street_noise:0:1188-133604-0026,test-clean/1188/133604/1188-133604-0026.flac,1188,Street_noise,0,0.7706928264868179,"[0.75,1.00]",True,True,True,0.032532979964794984,True,True,True,401,492,491,True,True
982,LibriSpeech:test:Street_noise:0:2094-142345-0059,test-clean/2094/142345/2094-142345-0059.flac,2094,Street_noise,0,0.8032258064516129,"[0.75,1.00]",978,LibriSpeech:test:Street_noise:0:1188-133604-0026,test-clean/1188/133604/1188-133604-0026.flac,1188,Street_noise,0,0.7706928264868179,"[0.75,1.00]",True,True,True,0.032532979964794984,True,True,True,503,492,491,True,True
983,LibriSpeech:test:Street_noise:0:237-126133-0016,test-clean/237/126133/237-126133-0016.flac,237,Street_noise,0,0.0,"[0,0.25)",998,LibriSpeech:test:Street_noise:0:908-157963-0027,test-clean/908/157963/908-157963-0027.flac,908,Street_noise,0,0.7163120567375887,"[0.50,0.75)",True,True,False,0.7163120567375887,True,True,True,101,492,491,True,True
983,LibriSpeech:test:Street_noise:0:237-126133-0016,test-clean/237/126133/237-126133-0016.flac,237,Street_noise,0,0.0,"[0,0.25)",998,LibriSpeech:test:Street_noise:0:908-157963-0027,test-clean/908/157963/908-157963-0027.flac,908,Street_noise,0,0.7163120567375887,"[0.50,0.75)",True,True,False,0.7163120567375887,True,True,True,211,492,491,True,True
983,LibriSpeech:test:Street_noise:0:237-126133-0016,test-clean/237/126133/237-126133-0016.flac,237,Street_noise,0,0.0,"[0,0.25)",998,LibriSpeech:test:Street_noise:0:908-157963-0027,test-clean/908/157963/908-157963-0027.flac,908,Street_noise,0,0.7163120567375887,"[0.50,0.75)",True,True,False,0.7163120567375887,True,True,True,307,492,491,True,True
983,LibriSpeech:test:Street_noise:0:237-126133-0016,test-clean/237/126133/237-126133-0016.flac,237,Street_noise,0,0.0,"[0,0.25)",998,LibriSpeech:test:Street_noise:0:908-157963-0027,test-clean/908/157963/908-157963-0027.flac,908,Street_noise,0,0.7163120567375887,"[0.50,0.75)",True,True,False,0.7163120567375887,True,True,True,401,492,491,True,True
983,LibriSpeech:test:Street_noise:0:237-126133-0016,test-clean/237/126133/237-126133-0016.flac,237,Street_noise,0,0.0,"[0,0.25)",998,LibriSpeech:test:Street_noise:0:908-157963-0027,test-clean/908/157963/908-157963-0027.flac,908,Street_noise,0,0.7163120567375887,"[0.50,0.75)",True,True,False,0.7163120567375887,True,True,True,503,492,491,True,True
994,LibriSpeech:test:Street_noise:0:7729-102255-0037,test-clean/7729/102255/7729-102255-0037.flac,7729,Street_noise,0,0.8682385575589459,"[0.75,1.00]",980,LibriSpeech:test:Street_noise:0:1320-122617-0028,test-clean/1320/122617/1320-122617-0028.flac,1320,Street_noise,0,0.90311986863711,"[0.75,1.00]",True,True,True,0.03488131107816417,True,True,True,101,492,491,True,True
994,LibriSpeech:test:Street_noise:0:7729-102255-0037,test-clean/7729/102255/7729-102255-0037.flac,7729,Street_noise,0,0.8682385575589459,"[0.75,1.00]",980,LibriSpeech:test:Street_noise:0:1320-122617-0028,test-clean/1320/122617/1320-122617-0028.flac,1320,Street_noise,0,0.90311986863711,"[0.75,1.00]",True,True,True,0.03488131107816417,True,True,True,211,492,491,True,True
994,LibriSpeech:test:Street_noise:0:7729-102255-0037,test-clean/7729/102255/7729-102255-0037.flac,7729,Street_noise,0,0.8682385575589459,"[0.75,1.00]",980,LibriSpeech:test:Street_noise:0:1320-122617-0028,test-clean/1320/122617/1320-122617-0028.flac,1320,Street_noise,0,0.90311986863711,"[0.75,1.00]",True,True,True,0.03488131107816417,True,True,True,307,492,491,True,True
994,LibriSpeech:test:Street_noise:0:7729-102255-0037,test-clean/7729/102255/7729-102255-0037.flac,7729,Street_noise,0,0.8682385575589459,"[0.75,1.00]",980,LibriSpeech:test:Street_noise:0:1320-122617-0028,test-clean/1320/122617/1320-122617-0028.flac,1320,Street_noise,0,0.90311986863711,"[0.75,1.00]",True,True,True,0.03488131107816417,True,True,True,401,492,491,True,True
994,LibriSpeech:test:Street_noise:0:7729-102255-0037,test-clean/7729/102255/7729-102255-0037.flac,7729,Street_noise,0,0.8682385575589459,"[0.75,1.00]",980,LibriSpeech:test:Street_noise:0:1320-122617-0028,test-clean/1320/122617/1320-122617-0028.flac,1320,Street_noise,0,0.90311986863711,"[0.75,1.00]",True,True,True,0.03488131107816417,True,True,True,503,492,491,True,True
997,LibriSpeech:test:Street_noise:0:908-157963-0027,test-clean/908/157963/908-157963-0027.flac,908,Clean,clean,0.7163120567375887,"[0.50,0.75)",40,LibriSpeech:test:Babble_noise:0:1188-133604-0016,test-clean/1188/133604/1188-133604-0016.flac,1188,Clean,clean,0.7323943661971831,"[0.50,0.75)",True,True,True,0.016082309459594435,True,True,True,101,492,491,True,True
997,LibriSpeech:test:Street_noise:0:908-157963-0027,test-clean/908/157963/908-157963-0027.flac,908,Clean,clean,0.7163120567375887,"[0.50,0.75)",40,LibriSpeech:test:Babble_noise:0:1188-133604-0016,test-clean/1188/133604/1188-133604-0016.flac,1188,Clean,clean,0.7323943661971831,"[0.50,0.75)",True,True,True,0.016082309459594435,True,True,True,211,492,491,True,True
997,LibriSpeech:test:Street_noise:0:908-157963-0027,test-clean/908/157963/908-157963-0027.flac,908,Clean,clean,0.7163120567375887,"[0.50,0.75)",40,LibriSpeech:test:Babble_noise:0:1188-133604-0016,test-clean/1188/133604/1188-133604-0016.flac,1188,Clean,clean,0.7323943661971831,"[0.50,0.75)",True,True,True,0.016082309459594435,True,True,True,307,492,491,True,True
997,LibriSpeech:test:Street_noise:0:908-157963-0027,test-clean/908/157963/908-157963-0027.flac,908,Clean,clean,0.7163120567375887,"[0.50,0.75)",40,LibriSpeech:test:Babble_noise:0:1188-133604-0016,test-clean/1188/133604/1188-133604-0016.flac,1188,Clean,clean,0.7323943661971831,"[0.50,0.75)",True,True,True,0.016082309459594435,True,True,True,401,492,491,True,True
997,LibriSpeech:test:Street_noise:0:908-157963-0027,test-clean/908/157963/908-157963-0027.flac,908,Clean,clean,0.7163120567375887,"[0.50,0.75)",40,LibriSpeech:test:Babble_noise:0:1188-133604-0016,test-clean/1188/133604/1188-133604-0016.flac,1188,Clean,clean,0.7323943661971831,"[0.50,0.75)",True,True,True,0.016082309459594435,True,True,True,503,492,491,True,True
998,LibriSpeech:test:Street_noise:0:908-157963-0027,test-clean/908/157963/908-157963-0027.flac,908,Street_noise,0,0.7163120567375887,"[0.50,0.75)",978,LibriSpeech:test:Street_noise:0:1188-133604-0026,test-clean/1188/133604/1188-133604-0026.flac,1188,Street_noise,0,0.7706928264868179,"[0.75,1.00]",True,True,False,0.05438076974922923,True,True,True,101,492,491,True,True
998,LibriSpeech:test:Street_noise:0:908-157963-0027,test-clean/908/157963/908-157963-0027.flac,908,Street_noise,0,0.7163120567375887,"[0.50,0.75)",978,LibriSpeech:test:Street_noise:0:1188-133604-0026,test-clean/1188/133604/1188-133604-0026.flac,1188,Street_noise,0,0.7706928264868179,"[0.75,1.00]",True,True,False,0.05438076974922923,True,True,True,211,492,491,True,True
998,LibriSpeech:test:Street_noise:0:908-157963-0027,test-clean/908/157963/908-157963-0027.flac,908,Street_noise,0,0.7163120567375887,"[0.50,0.75)",978,LibriSpeech:test:Street_noise:0:1188-133604-0026,test-clean/1188/133604/1188-133604-0026.flac,1188,Street_noise,0,0.7706928264868179,"[0.75,1.00]",True,True,False,0.05438076974922923,True,True,True,307,492,491,True,True
998,LibriSpeech:test:Street_noise:0:908-157963-0027,test-clean/908/157963/908-157963-0027.flac,908,Street_noise,0,0.7163120567375887,"[0.50,0.75)",978,LibriSpeech:test:Street_noise:0:1188-133604-0026,test-clean/1188/133604/1188-133604-0026.flac,1188,Street_noise,0,0.7706928264868179,"[0.75,1.00]",True,True,False,0.05438076974922923,True,True,True,401,492,491,True,True
998,LibriSpeech:test:Street_noise:0:908-157963-0027,test-clean/908/157963/908-157963-0027.flac,908,Street_noise,0,0.7163120567375887,"[0.50,0.75)",978,LibriSpeech:test:Street_noise:0:1188-133604-0026,test-clean/1188/133604/1188-133604-0026.flac,1188,Street_noise,0,0.7706928264868179,"[0.75,1.00]",True,True,False,0.05438076974922923,True,True,True,503,492,491,True,True
1001,LibriSpeech:test:Street_noise:5:121-121726-0011,test-clean/121/121726/121-121726-0011.flac,121,Street_noise,5,0.13636363636363635,"[0,0.25)",1005,LibriSpeech:test:Street_noise:5:237-134500-0041,test-clean/237/134500/237-134500-0041.flac,237,Street_noise,5,0.7573385518590998,"[0.75,1.00]",True,True,False,0.6209749154954635,True,True,True,101,492,491,True,True
1001,LibriSpeech:test:Street_noise:5:121-121726-0011,test-clean/121/121726/121-121726-0011.flac,121,Street_noise,5,0.13636363636363635,"[0,0.25)",1005,LibriSpeech:test:Street_noise:5:237-134500-0041,test-clean/237/134500/237-134500-0041.flac,237,Street_noise,5,0.7573385518590998,"[0.75,1.00]",True,True,False,0.6209749154954635,True,True,True,211,492,491,True,True
1001,LibriSpeech:test:Street_noise:5:121-121726-0011,test-clean/121/121726/121-121726-0011.flac,121,Street_noise,5,0.13636363636363635,"[0,0.25)",1005,LibriSpeech:test:Street_noise:5:237-134500-0041,test-clean/237/134500/237-134500-0041.flac,237,Street_noise,5,0.7573385518590998,"[0.75,1.00]",True,True,False,0.6209749154954635,True,True,True,307,492,491,True,True
1001,LibriSpeech:test:Street_noise:5:121-121726-0011,test-clean/121/121726/121-121726-0011.flac,121,Street_noise,5,0.13636363636363635,"[0,0.25)",1005,LibriSpeech:test:Street_noise:5:237-134500-0041,test-clean/237/134500/237-134500-0041.flac,237,Street_noise,5,0.7573385518590998,"[0.75,1.00]",True,True,False,0.6209749154954635,True,True,True,401,492,491,True,True
1001,LibriSpeech:test:Street_noise:5:121-121726-0011,test-clean/121/121726/121-121726-0011.flac,121,Street_noise,5,0.13636363636363635,"[0,0.25)",1005,LibriSpeech:test:Street_noise:5:237-134500-0041,test-clean/237/134500/237-134500-0041.flac,237,Street_noise,5,0.7573385518590998,"[0.75,1.00]",True,True,False,0.6209749154954635,True,True,True,503,492,491,True,True
1002,LibriSpeech:test:Street_noise:5:1995-1837-0029,test-clean/1995/1837/1995-1837-0029.flac,1995,Street_noise,5,0.9265536723163842,"[0.75,1.00]",1016,LibriSpeech:test:Street_noise:5:5142-36377-0009,test-clean/5142/36377/5142-36377-0009.flac,5142,Street_noise,5,0.8646616541353384,"[0.75,1.00]",True,True,True,0.06189201818104584,True,True,True,101,492,491,True,True
1002,LibriSpeech:test:Street_noise:5:1995-1837-0029,test-clean/1995/1837/1995-1837-0029.flac,1995,Street_noise,5,0.9265536723163842,"[0.75,1.00]",1016,LibriSpeech:test:Street_noise:5:5142-36377-0009,test-clean/5142/36377/5142-36377-0009.flac,5142,Street_noise,5,0.8646616541353384,"[0.75,1.00]",True,True,True,0.06189201818104584,True,True,True,211,492,491,True,True
1002,LibriSpeech:test:Street_noise:5:1995-1837-0029,test-clean/1995/1837/1995-1837-0029.flac,1995,Street_noise,5,0.9265536723163842,"[0.75,1.00]",1016,LibriSpeech:test:Street_noise:5:5142-36377-0009,test-clean/5142/36377/5142-36377-0009.flac,5142,Street_noise,5,0.8646616541353384,"[0.75,1.00]",True,True,True,0.06189201818104584,True,True,True,307,492,491,True,True
1002,LibriSpeech:test:Street_noise:5:1995-1837-0029,test-clean/1995/1837/1995-1837-0029.flac,1995,Street_noise,5,0.9265536723163842,"[0.75,1.00]",1016,LibriSpeech:test:Street_noise:5:5142-36377-0009,test-clean/5142/36377/5142-36377-0009.flac,5142,Street_noise,5,0.8646616541353384,"[0.75,1.00]",True,True,True,0.06189201818104584,True,True,True,401,492,491,True,True
1002,LibriSpeech:test:Street_noise:5:1995-1837-0029,test-clean/1995/1837/1995-1837-0029.flac,1995,Street_noise,5,0.9265536723163842,"[0.75,1.00]",1016,LibriSpeech:test:Street_noise:5:5142-36377-0009,test-clean/5142/36377/5142-36377-0009.flac,5142,Street_noise,5,0.8646616541353384,"[0.75,1.00]",True,True,True,0.06189201818104584,True,True,True,503,492,491,True,True
1003,LibriSpeech:test:Street_noise:5:2094-142345-0039,test-clean/2094/142345/2094-142345-0039.flac,2094,Street_noise,5,0.7894736842105263,"[0.75,1.00]",1005,LibriSpeech:test:Street_noise:5:237-134500-0041,test-clean/237/134500/237-134500-0041.flac,237,Street_noise,5,0.7573385518590998,"[0.75,1.00]",True,True,True,0.03213513235142651,True,True,True,101,492,491,True,True
1003,LibriSpeech:test:Street_noise:5:2094-142345-0039,test-clean/2094/142345/2094-142345-0039.flac,2094,Street_noise,5,0.7894736842105263,"[0.75,1.00]",1005,LibriSpeech:test:Street_noise:5:237-134500-0041,test-clean/237/134500/237-134500-0041.flac,237,Street_noise,5,0.7573385518590998,"[0.75,1.00]",True,True,True,0.03213513235142651,True,True,True,211,492,491,True,True
1003,LibriSpeech:test:Street_noise:5:2094-142345-0039,test-clean/2094/142345/2094-142345-0039.flac,2094,Street_noise,5,0.7894736842105263,"[0.75,1.00]",1005,LibriSpeech:test:Street_noise:5:237-134500-0041,test-clean/237/134500/237-134500-0041.flac,237,Street_noise,5,0.7573385518590998,"[0.75,1.00]",True,True,True,0.03213513235142651,True,True,True,307,492,491,True,True
1003,LibriSpeech:test:Street_noise:5:2094-142345-0039,test-clean/2094/142345/2094-142345-0039.flac,2094,Street_noise,5,0.7894736842105263,"[0.75,1.00]",1005,LibriSpeech:test:Street_noise:5:237-134500-0041,test-clean/237/134500/237-134500-0041.flac,237,Street_noise,5,0.7573385518590998,"[0.75,1.00]",True,True,True,0.03213513235142651,True,True,True,401,492,491,True,True
1003,LibriSpeech:test:Street_noise:5:2094-142345-0039,test-clean/2094/142345/2094-142345-0039.flac,2094,Street_noise,5,0.7894736842105263,"[0.75,1.00]",1005,LibriSpeech:test:Street_noise:5:237-134500-0041,test-clean/237/134500/237-134500-0041.flac,237,Street_noise,5,0.7573385518590998,"[0.75,1.00]",True,True,True,0.03213513235142651,True,True,True,503,492,491,True,True
1004,LibriSpeech:test:Street_noise:5:2300-131720-0028,test-clean/2300/131720/2300-131720-0028.flac,2300,Street_noise,5,0.8590149118843199,"[0.75,1.00]",1019,LibriSpeech:test:Street_noise:5:7021-79740-0001,test-clean/7021/79740/7021-79740-0001.flac,7021,Street_noise,5,0.8577981651376146,"[0.75,1.00]",True,True,True,0.001216746746705244,True,True,True,101,492,491,True,True
1004,LibriSpeech:test:Street_noise:5:2300-131720-0028,test-clean/2300/131720/2300-131720-0028.flac,2300,Street_noise,5,0.8590149118843199,"[0.75,1.00]",1019,LibriSpeech:test:Street_noise:5:7021-79740-0001,test-clean/7021/79740/7021-79740-0001.flac,7021,Street_noise,5,0.8577981651376146,"[0.75,1.00]",True,True,True,0.001216746746705244,True,True,True,211,492,491,True,True
1004,LibriSpeech:test:Street_noise:5:2300-131720-0028,test-clean/2300/131720/2300-131720-0028.flac,2300,Street_noise,5,0.8590149118843199,"[0.75,1.00]",1019,LibriSpeech:test:Street_noise:5:7021-79740-0001,test-clean/7021/79740/7021-79740-0001.flac,7021,Street_noise,5,0.8577981651376146,"[0.75,1.00]",True,True,True,0.001216746746705244,True,True,True,307,492,491,True,True
1004,LibriSpeech:test:Street_noise:5:2300-131720-0028,test-clean/2300/131720/2300-131720-0028.flac,2300,Street_noise,5,0.8590149118843199,"[0.75,1.00]",1019,LibriSpeech:test:Street_noise:5:7021-79740-0001,test-clean/7021/79740/7021-79740-0001.flac,7021,Street_noise,5,0.8577981651376146,"[0.75,1.00]",True,True,True,0.001216746746705244,True,True,True,401,492,491,True,True
1004,LibriSpeech:test:Street_noise:5:2300-131720-0028,test-clean/2300/131720/2300-131720-0028.flac,2300,Street_noise,5,0.8590149118843199,"[0.75,1.00]",1019,LibriSpeech:test:Street_noise:5:7021-79740-0001,test-clean/7021/79740/7021-79740-0001.flac,7021,Street_noise,5,0.8577981651376146,"[0.75,1.00]",True,True,True,0.001216746746705244,True,True,True,503,492,491,True,True
1005,LibriSpeech:test:Street_noise:5:237-134500-0041,test-clean/237/134500/237-134500-0041.flac,237,Street_noise,5,0.7573385518590998,"[0.75,1.00]",1003,LibriSpeech:test:Street_noise:5:2094-142345-0039,test-clean/2094/142345/2094-142345-0039.flac,2094,Street_noise,5,0.7894736842105263,"[0.75,1.00]",True,True,True,0.03213513235142651,True,True,True,101,492,491,True,True
1005,LibriSpeech:test:Street_noise:5:237-134500-0041,test-clean/237/134500/237-134500-0041.flac,237,Street_noise,5,0.7573385518590998,"[0.75,1.00]",1003,LibriSpeech:test:Street_noise:5:2094-142345-0039,test-clean/2094/142345/2094-142345-0039.flac,2094,Street_noise,5,0.7894736842105263,"[0.75,1.00]",True,True,True,0.03213513235142651,True,True,True,211,492,491,True,True
1005,LibriSpeech:test:Street_noise:5:237-134500-0041,test-clean/237/134500/237-134500-0041.flac,237,Street_noise,5,0.7573385518590998,"[0.75,1.00]",1003,LibriSpeech:test:Street_noise:5:2094-142345-0039,test-clean/2094/142345/2094-142345-0039.flac,2094,Street_noise,5,0.7894736842105263,"[0.75,1.00]",True,True,True,0.03213513235142651,True,True,True,307,492,491,True,True
1005,LibriSpeech:test:Street_noise:5:237-134500-0041,test-clean/237/134500/237-134500-0041.flac,237,Street_noise,5,0.7573385518590998,"[0.75,1.00]",1003,LibriSpeech:test:Street_noise:5:2094-142345-0039,test-clean/2094/142345/2094-142345-0039.flac,2094,Street_noise,5,0.7894736842105263,"[0.75,1.00]",True,True,True,0.03213513235142651,True,True,True,401,492,491,True,True
1005,LibriSpeech:test:Street_noise:5:237-134500-0041,test-clean/237/134500/237-134500-0041.flac,237,Street_noise,5,0.7573385518590998,"[0.75,1.00]",1003,LibriSpeech:test:Street_noise:5:2094-142345-0039,test-clean/2094/142345/2094-142345-0039.flac,2094,Street_noise,5,0.7894736842105263,"[0.75,1.00]",True,True,True,0.03213513235142651,True,True,True,503,492,491,True,True
1015,LibriSpeech:test:Street_noise:5:5142-36377-0009,test-clean/5142/36377/5142-36377-0009.flac,5142,Clean,clean,0.8646616541353384,"[0.75,1.00]",377,LibriSpeech:test:SSN_noise:20:2961-960-0006,test-clean/2961/960/2961-960-0006.flac,2961,Clean,clean,0.8656591099916037,"[0.75,1.00]",True,True,True,0.0009974558562653169,True,True,True,101,492,491,True,True
1015,LibriSpeech:test:Street_noise:5:5142-36377-0009,test-clean/5142/36377/5142-36377-0009.flac,5142,Clean,clean,0.8646616541353384,"[0.75,1.00]",377,LibriSpeech:test:SSN_noise:20:2961-960-0006,test-clean/2961/960/2961-960-0006.flac,2961,Clean,clean,0.8656591099916037,"[0.75,1.00]",True,True,True,0.0009974558562653169,True,True,True,211,492,491,True,True
1015,LibriSpeech:test:Street_noise:5:5142-36377-0009,test-clean/5142/36377/5142-36377-0009.flac,5142,Clean,clean,0.8646616541353384,"[0.75,1.00]",377,LibriSpeech:test:SSN_noise:20:2961-960-0006,test-clean/2961/960/2961-960-0006.flac,2961,Clean,clean,0.8656591099916037,"[0.75,1.00]",True,True,True,0.0009974558562653169,True,True,True,307,492,491,True,True
1015,LibriSpeech:test:Street_noise:5:5142-36377-0009,test-clean/5142/36377/5142-36377-0009.flac,5142,Clean,clean,0.8646616541353384,"[0.75,1.00]",377,LibriSpeech:test:SSN_noise:20:2961-960-0006,test-clean/2961/960/2961-960-0006.flac,2961,Clean,clean,0.8656591099916037,"[0.75,1.00]",True,True,True,0.0009974558562653169,True,True,True,401,492,491,True,True
1015,LibriSpeech:test:Street_noise:5:5142-36377-0009,test-clean/5142/36377/5142-36377-0009.flac,5142,Clean,clean,0.8646616541353384,"[0.75,1.00]",377,LibriSpeech:test:SSN_noise:20:2961-960-0006,test-clean/2961/960/2961-960-0006.flac,2961,Clean,clean,0.8656591099916037,"[0.75,1.00]",True,True,True,0.0009974558562653169,True,True,True,503,492,491,True,True
1016,LibriSpeech:test:Street_noise:5:5142-36377-0009,test-clean/5142/36377/5142-36377-0009.flac,5142,Street_noise,5,0.8646616541353384,"[0.75,1.00]",1004,LibriSpeech:test:Street_noise:5:2300-131720-0028,test-clean/2300/131720/2300-131720-0028.flac,2300,Street_noise,5,0.8590149118843199,"[0.75,1.00]",True,True,True,0.005646742251018466,True,True,True,101,492,491,True,True
1016,LibriSpeech:test:Street_noise:5:5142-36377-0009,test-clean/5142/36377/5142-36377-0009.flac,5142,Street_noise,5,0.8646616541353384,"[0.75,1.00]",1004,LibriSpeech:test:Street_noise:5:2300-131720-0028,test-clean/2300/131720/2300-131720-0028.flac,2300,Street_noise,5,0.8590149118843199,"[0.75,1.00]",True,True,True,0.005646742251018466,True,True,True,211,492,491,True,True
1016,LibriSpeech:test:Street_noise:5:5142-36377-0009,test-clean/5142/36377/5142-36377-0009.flac,5142,Street_noise,5,0.8646616541353384,"[0.75,1.00]",1004,LibriSpeech:test:Street_noise:5:2300-131720-0028,test-clean/2300/131720/2300-131720-0028.flac,2300,Street_noise,5,0.8590149118843199,"[0.75,1.00]",True,True,True,0.005646742251018466,True,True,True,307,492,491,True,True
1016,LibriSpeech:test:Street_noise:5:5142-36377-0009,test-clean/5142/36377/5142-36377-0009.flac,5142,Street_noise,5,0.8646616541353384,"[0.75,1.00]",1004,LibriSpeech:test:Street_noise:5:2300-131720-0028,test-clean/2300/131720/2300-131720-0028.flac,2300,Street_noise,5,0.8590149118843199,"[0.75,1.00]",True,True,True,0.005646742251018466,True,True,True,401,492,491,True,True
1016,LibriSpeech:test:Street_noise:5:5142-36377-0009,test-clean/5142/36377/5142-36377-0009.flac,5142,Street_noise,5,0.8646616541353384,"[0.75,1.00]",1004,LibriSpeech:test:Street_noise:5:2300-131720-0028,test-clean/2300/131720/2300-131720-0028.flac,2300,Street_noise,5,0.8590149118843199,"[0.75,1.00]",True,True,True,0.005646742251018466,True,True,True,503,492,491,True,True
1019,LibriSpeech:test:Street_noise:5:7021-79740-0001,test-clean/7021/79740/7021-79740-0001.flac,7021,Street_noise,5,0.8577981651376146,"[0.75,1.00]",1004,LibriSpeech:test:Street_noise:5:2300-131720-0028,test-clean/2300/131720/2300-131720-0028.flac,2300,Street_noise,5,0.8590149118843199,"[0.75,1.00]",True,True,True,0.001216746746705244,True,True,True,101,492,491,True,True
1019,LibriSpeech:test:Street_noise:5:7021-79740-0001,test-clean/7021/79740/7021-79740-0001.flac,7021,Street_noise,5,0.8577981651376146,"[0.75,1.00]",1004,LibriSpeech:test:Street_noise:5:2300-131720-0028,test-clean/2300/131720/2300-131720-0028.flac,2300,Street_noise,5,0.8590149118843199,"[0.75,1.00]",True,True,True,0.001216746746705244,True,True,True,211,492,491,True,True
1019,LibriSpeech:test:Street_noise:5:7021-79740-0001,test-clean/7021/79740/7021-79740-0001.flac,7021,Street_noise,5,0.8577981651376146,"[0.75,1.00]",1004,LibriSpeech:test:Street_noise:5:2300-131720-0028,test-clean/2300/131720/2300-131720-0028.flac,2300,Street_noise,5,0.8590149118843199,"[0.75,1.00]",True,True,True,0.001216746746705244,True,True,True,307,492,491,True,True
1019,LibriSpeech:test:Street_noise:5:7021-79740-0001,test-clean/7021/79740/7021-79740-0001.flac,7021,Street_noise,5,0.8577981651376146,"[0.75,1.00]",1004,LibriSpeech:test:Street_noise:5:2300-131720-0028,test-clean/2300/131720/2300-131720-0028.flac,2300,Street_noise,5,0.8590149118843199,"[0.75,1.00]",True,True,True,0.001216746746705244,True,True,True,401,492,491,True,True
1019,LibriSpeech:test:Street_noise:5:7021-79740-0001,test-clean/7021/79740/7021-79740-0001.flac,7021,Street_noise,5,0.8577981651376146,"[0.75,1.00]",1004,LibriSpeech:test:Street_noise:5:2300-131720-0028,test-clean/2300/131720/2300-131720-0028.flac,2300,Street_noise,5,0.8590149118843199,"[0.75,1.00]",True,True,True,0.001216746746705244,True,True,True,503,492,491,True,True
1023,LibriSpeech:test:Street_noise:10:121-121726-0001,test-clean/121/121726/121-121726-0001.flac,121,Street_noise,10,0.8815165876777251,"[0.75,1.00]",1027,LibriSpeech:test:Street_noise:10:1995-1826-0001,test-clean/1995/1826/1995-1826-0001.flac,1995,Street_noise,10,0.9009433962264151,"[0.75,1.00]",True,True,True,0.019426808548689944,True,True,True,101,492,491,True,True
1023,LibriSpeech:test:Street_noise:10:121-121726-0001,test-clean/121/121726/121-121726-0001.flac,121,Street_noise,10,0.8815165876777251,"[0.75,1.00]",1027,LibriSpeech:test:Street_noise:10:1995-1826-0001,test-clean/1995/1826/1995-1826-0001.flac,1995,Street_noise,10,0.9009433962264151,"[0.75,1.00]",True,True,True,0.019426808548689944,True,True,True,211,492,491,True,True
1023,LibriSpeech:test:Street_noise:10:121-121726-0001,test-clean/121/121726/121-121726-0001.flac,121,Street_noise,10,0.8815165876777251,"[0.75,1.00]",1027,LibriSpeech:test:Street_noise:10:1995-1826-0001,test-clean/1995/1826/1995-1826-0001.flac,1995,Street_noise,10,0.9009433962264151,"[0.75,1.00]",True,True,True,0.019426808548689944,True,True,True,307,492,491,True,True
1023,LibriSpeech:test:Street_noise:10:121-121726-0001,test-clean/121/121726/121-121726-0001.flac,121,Street_noise,10,0.8815165876777251,"[0.75,1.00]",1027,LibriSpeech:test:Street_noise:10:1995-1826-0001,test-clean/1995/1826/1995-1826-0001.flac,1995,Street_noise,10,0.9009433962264151,"[0.75,1.00]",True,True,True,0.019426808548689944,True,True,True,401,492,491,True,True
1023,LibriSpeech:test:Street_noise:10:121-121726-0001,test-clean/121/121726/121-121726-0001.flac,121,Street_noise,10,0.8815165876777251,"[0.75,1.00]",1027,LibriSpeech:test:Street_noise:10:1995-1826-0001,test-clean/1995/1826/1995-1826-0001.flac,1995,Street_noise,10,0.9009433962264151,"[0.75,1.00]",True,True,True,0.019426808548689944,True,True,True,503,492,491,True,True
1027,LibriSpeech:test:Street_noise:10:1995-1826-0001,test-clean/1995/1826/1995-1826-0001.flac,1995,Street_noise,10,0.9009433962264151,"[0.75,1.00]",1023,LibriSpeech:test:Street_noise:10:121-121726-0001,test-clean/121/121726/121-121726-0001.flac,121,Street_noise,10,0.8815165876777251,"[0.75,1.00]",True,True,True,0.019426808548689944,True,True,True,101,492,491,True,True
1027,LibriSpeech:test:Street_noise:10:1995-1826-0001,test-clean/1995/1826/1995-1826-0001.flac,1995,Street_noise,10,0.9009433962264151,"[0.75,1.00]",1023,LibriSpeech:test:Street_noise:10:121-121726-0001,test-clean/121/121726/121-121726-0001.flac,121,Street_noise,10,0.8815165876777251,"[0.75,1.00]",True,True,True,0.019426808548689944,True,True,True,211,492,491,True,True
1027,LibriSpeech:test:Street_noise:10:1995-1826-0001,test-clean/1995/1826/1995-1826-0001.flac,1995,Street_noise,10,0.9009433962264151,"[0.75,1.00]",1023,LibriSpeech:test:Street_noise:10:121-121726-0001,test-clean/121/121726/121-121726-0001.flac,121,Street_noise,10,0.8815165876777251,"[0.75,1.00]",True,True,True,0.019426808548689944,True,True,True,307,492,491,True,True
1027,LibriSpeech:test:Street_noise:10:1995-1826-0001,test-clean/1995/1826/1995-1826-0001.flac,1995,Street_noise,10,0.9009433962264151,"[0.75,1.00]",1023,LibriSpeech:test:Street_noise:10:121-121726-0001,test-clean/121/121726/121-121726-0001.flac,121,Street_noise,10,0.8815165876777251,"[0.75,1.00]",True,True,True,0.019426808548689944,True,True,True,401,492,491,True,True
1027,LibriSpeech:test:Street_noise:10:1995-1826-0001,test-clean/1995/1826/1995-1826-0001.flac,1995,Street_noise,10,0.9009433962264151,"[0.75,1.00]",1023,LibriSpeech:test:Street_noise:10:121-121726-0001,test-clean/121/121726/121-121726-0001.flac,121,Street_noise,10,0.8815165876777251,"[0.75,1.00]",True,True,True,0.019426808548689944,True,True,True,503,492,491,True,True
1029,LibriSpeech:test:Street_noise:10:1995-1837-0029,test-clean/1995/1837/1995-1837-0029.flac,1995,Street_noise,10,0.9265536723163842,"[0.75,1.00]",1027,LibriSpeech:test:Street_noise:10:1995-1826-0001,test-clean/1995/1826/1995-1826-0001.flac,1995,Street_noise,10,0.9009433962264151,"[0.75,1.00]",True,True,True,0.02561027608996913,True,False,True,101,492,491,True,True
1029,LibriSpeech:test:Street_noise:10:1995-1837-0029,test-clean/1995/1837/1995-1837-0029.flac,1995,Street_noise,10,0.9265536723163842,"[0.75,1.00]",1027,LibriSpeech:test:Street_noise:10:1995-1826-0001,test-clean/1995/1826/1995-1826-0001.flac,1995,Street_noise,10,0.9009433962264151,"[0.75,1.00]",True,True,True,0.02561027608996913,True,False,True,211,492,491,True,True
1029,LibriSpeech:test:Street_noise:10:1995-1837-0029,test-clean/1995/1837/1995-1837-0029.flac,1995,Street_noise,10,0.9265536723163842,"[0.75,1.00]",1027,LibriSpeech:test:Street_noise:10:1995-1826-0001,test-clean/1995/1826/1995-1826-0001.flac,1995,Street_noise,10,0.9009433962264151,"[0.75,1.00]",True,True,True,0.02561027608996913,True,False,True,307,492,491,True,True
1029,LibriSpeech:test:Street_noise:10:1995-1837-0029,test-clean/1995/1837/1995-1837-0029.flac,1995,Street_noise,10,0.9265536723163842,"[0.75,1.00]",1027,LibriSpeech:test:Street_noise:10:1995-1826-0001,test-clean/1995/1826/1995-1826-0001.flac,1995,Street_noise,10,0.9009433962264151,"[0.75,1.00]",True,True,True,0.02561027608996913,True,False,True,401,492,491,True,True
1029,LibriSpeech:test:Street_noise:10:1995-1837-0029,test-clean/1995/1837/1995-1837-0029.flac,1995,Street_noise,10,0.9265536723163842,"[0.75,1.00]",1027,LibriSpeech:test:Street_noise:10:1995-1826-0001,test-clean/1995/1826/1995-1826-0001.flac,1995,Street_noise,10,0.9009433962264151,"[0.75,1.00]",True,True,True,0.02561027608996913,True,False,True,503,492,491,True,True
1030,LibriSpeech:test:Street_noise:10:2300-131720-0028,test-clean/2300/131720/2300-131720-0028.flac,2300,Street_noise,10,0.8590149118843199,"[0.75,1.00]",1023,LibriSpeech:test:Street_noise:10:121-121726-0001,test-clean/121/121726/121-121726-0001.flac,121,Street_noise,10,0.8815165876777251,"[0.75,1.00]",True,True,True,0.02250167579340523,True,True,True,101,492,491,True,True
1030,LibriSpeech:test:Street_noise:10:2300-131720-0028,test-clean/2300/131720/2300-131720-0028.flac,2300,Street_noise,10,0.8590149118843199,"[0.75,1.00]",1023,LibriSpeech:test:Street_noise:10:121-121726-0001,test-clean/121/121726/121-121726-0001.flac,121,Street_noise,10,0.8815165876777251,"[0.75,1.00]",True,True,True,0.02250167579340523,True,True,True,211,492,491,True,True
1030,LibriSpeech:test:Street_noise:10:2300-131720-0028,test-clean/2300/131720/2300-131720-0028.flac,2300,Street_noise,10,0.8590149118843199,"[0.75,1.00]",1023,LibriSpeech:test:Street_noise:10:121-121726-0001,test-clean/121/121726/121-121726-0001.flac,121,Street_noise,10,0.8815165876777251,"[0.75,1.00]",True,True,True,0.02250167579340523,True,True,True,307,492,491,True,True
1030,LibriSpeech:test:Street_noise:10:2300-131720-0028,test-clean/2300/131720/2300-131720-0028.flac,2300,Street_noise,10,0.8590149118843199,"[0.75,1.00]",1023,LibriSpeech:test:Street_noise:10:121-121726-0001,test-clean/121/121726/121-121726-0001.flac,121,Street_noise,10,0.8815165876777251,"[0.75,1.00]",True,True,True,0.02250167579340523,True,True,True,401,492,491,True,True
1030,LibriSpeech:test:Street_noise:10:2300-131720-0028,test-clean/2300/131720/2300-131720-0028.flac,2300,Street_noise,10,0.8590149118843199,"[0.75,1.00]",1023,LibriSpeech:test:Street_noise:10:121-121726-0001,test-clean/121/121726/121-121726-0001.flac,121,Street_noise,10,0.8815165876777251,"[0.75,1.00]",True,True,True,0.02250167579340523,True,True,True,503,492,491,True,True
1031,LibriSpeech:test:Street_noise:10:260-123288-0016,test-clean/260/123288/260-123288-0016.flac,260,Street_noise,10,0.5714285714285714,"[0.50,0.75)",1030,LibriSpeech:test:Street_noise:10:2300-131720-0028,test-clean/2300/131720/2300-131720-0028.flac,2300,Street_noise,10,0.8590149118843199,"[0.75,1.00]",True,True,False,0.2875863404557485,True,True,True,101,492,491,True,True
1031,LibriSpeech:test:Street_noise:10:260-123288-0016,test-clean/260/123288/260-123288-0016.flac,260,Street_noise,10,0.5714285714285714,"[0.50,0.75)",1030,LibriSpeech:test:Street_noise:10:2300-131720-0028,test-clean/2300/131720/2300-131720-0028.flac,2300,Street_noise,10,0.8590149118843199,"[0.75,1.00]",True,True,False,0.2875863404557485,True,True,True,211,492,491,True,True
1031,LibriSpeech:test:Street_noise:10:260-123288-0016,test-clean/260/123288/260-123288-0016.flac,260,Street_noise,10,0.5714285714285714,"[0.50,0.75)",1030,LibriSpeech:test:Street_noise:10:2300-131720-0028,test-clean/2300/131720/2300-131720-0028.flac,2300,Street_noise,10,0.8590149118843199,"[0.75,1.00]",True,True,False,0.2875863404557485,True,True,True,307,492,491,True,True
1031,LibriSpeech:test:Street_noise:10:260-123288-0016,test-clean/260/123288/260-123288-0016.flac,260,Street_noise,10,0.5714285714285714,"[0.50,0.75)",1030,LibriSpeech:test:Street_noise:10:2300-131720-0028,test-clean/2300/131720/2300-131720-0028.flac,2300,Street_noise,10,0.8590149118843199,"[0.75,1.00]",True,True,False,0.2875863404557485,True,True,True,401,492,491,True,True
1031,LibriSpeech:test:Street_noise:10:260-123288-0016,test-clean/260/123288/260-123288-0016.flac,260,Street_noise,10,0.5714285714285714,"[0.50,0.75)",1030,LibriSpeech:test:Street_noise:10:2300-131720-0028,test-clean/2300/131720/2300-131720-0028.flac,2300,Street_noise,10,0.8590149118843199,"[0.75,1.00]",True,True,False,0.2875863404557485,True,True,True,503,492,491,True,True
1042,LibriSpeech:test:Street_noise:15:1188-133604-0016,test-clean/1188/133604/1188-133604-0016.flac,1188,Street_noise,15,0.7323943661971831,"[0.50,0.75)",1048,LibriSpeech:test:Street_noise:15:2830-3980-0023,test-clean/2830/3980/2830-3980-0023.flac,2830,Street_noise,15,0.6723404255319149,"[0.50,0.75)",True,True,True,0.06005394066526826,True,True,True,101,492,491,True,True
1042,LibriSpeech:test:Street_noise:15:1188-133604-0016,test-clean/1188/133604/1188-133604-0016.flac,1188,Street_noise,15,0.7323943661971831,"[0.50,0.75)",1048,LibriSpeech:test:Street_noise:15:2830-3980-0023,test-clean/2830/3980/2830-3980-0023.flac,2830,Street_noise,15,0.6723404255319149,"[0.50,0.75)",True,True,True,0.06005394066526826,True,True,True,211,492,491,True,True
1042,LibriSpeech:test:Street_noise:15:1188-133604-0016,test-clean/1188/133604/1188-133604-0016.flac,1188,Street_noise,15,0.7323943661971831,"[0.50,0.75)",1048,LibriSpeech:test:Street_noise:15:2830-3980-0023,test-clean/2830/3980/2830-3980-0023.flac,2830,Street_noise,15,0.6723404255319149,"[0.50,0.75)",True,True,True,0.06005394066526826,True,True,True,307,492,491,True,True
1042,LibriSpeech:test:Street_noise:15:1188-133604-0016,test-clean/1188/133604/1188-133604-0016.flac,1188,Street_noise,15,0.7323943661971831,"[0.50,0.75)",1048,LibriSpeech:test:Street_noise:15:2830-3980-0023,test-clean/2830/3980/2830-3980-0023.flac,2830,Street_noise,15,0.6723404255319149,"[0.50,0.75)",True,True,True,0.06005394066526826,True,True,True,401,492,491,True,True
1042,LibriSpeech:test:Street_noise:15:1188-133604-0016,test-clean/1188/133604/1188-133604-0016.flac,1188,Street_noise,15,0.7323943661971831,"[0.50,0.75)",1048,LibriSpeech:test:Street_noise:15:2830-3980-0023,test-clean/2830/3980/2830-3980-0023.flac,2830,Street_noise,15,0.6723404255319149,"[0.50,0.75)",True,True,True,0.06005394066526826,True,True,True,503,492,491,True,True
1043,LibriSpeech:test:Street_noise:15:237-126133-0006,test-clean/237/126133/237-126133-0006.flac,237,Clean,clean,0.6153846153846154,"[0.50,0.75)",38,LibriSpeech:test:Babble_noise:-5:908-31957-0016,test-clean/908/31957/908-31957-0016.flac,908,Clean,clean,0.6217228464419475,"[0.50,0.75)",True,True,True,0.006338231057332111,True,True,True,101,492,491,True,True
1043,LibriSpeech:test:Street_noise:15:237-126133-0006,test-clean/237/126133/237-126133-0006.flac,237,Clean,clean,0.6153846153846154,"[0.50,0.75)",38,LibriSpeech:test:Babble_noise:-5:908-31957-0016,test-clean/908/31957/908-31957-0016.flac,908,Clean,clean,0.6217228464419475,"[0.50,0.75)",True,True,True,0.006338231057332111,True,True,True,211,492,491,True,True
1043,LibriSpeech:test:Street_noise:15:237-126133-0006,test-clean/237/126133/237-126133-0006.flac,237,Clean,clean,0.6153846153846154,"[0.50,0.75)",38,LibriSpeech:test:Babble_noise:-5:908-31957-0016,test-clean/908/31957/908-31957-0016.flac,908,Clean,clean,0.6217228464419475,"[0.50,0.75)",True,True,True,0.006338231057332111,True,True,True,307,492,491,True,True
1043,LibriSpeech:test:Street_noise:15:237-126133-0006,test-clean/237/126133/237-126133-0006.flac,237,Clean,clean,0.6153846153846154,"[0.50,0.75)",38,LibriSpeech:test:Babble_noise:-5:908-31957-0016,test-clean/908/31957/908-31957-0016.flac,908,Clean,clean,0.6217228464419475,"[0.50,0.75)",True,True,True,0.006338231057332111,True,True,True,401,492,491,True,True
1043,LibriSpeech:test:Street_noise:15:237-126133-0006,test-clean/237/126133/237-126133-0006.flac,237,Clean,clean,0.6153846153846154,"[0.50,0.75)",38,LibriSpeech:test:Babble_noise:-5:908-31957-0016,test-clean/908/31957/908-31957-0016.flac,908,Clean,clean,0.6217228464419475,"[0.50,0.75)",True,True,True,0.006338231057332111,True,True,True,503,492,491,True,True
1044,LibriSpeech:test:Street_noise:15:237-126133-0006,test-clean/237/126133/237-126133-0006.flac,237,Street_noise,15,0.6153846153846154,"[0.50,0.75)",1065,LibriSpeech:test:Street_noise:15:908-31957-0016,test-clean/908/31957/908-31957-0016.flac,908,Street_noise,15,0.6217228464419475,"[0.50,0.75)",True,True,True,0.006338231057332111,True,True,True,101,492,491,True,True
1044,LibriSpeech:test:Street_noise:15:237-126133-0006,test-clean/237/126133/237-126133-0006.flac,237,Street_noise,15,0.6153846153846154,"[0.50,0.75)",1065,LibriSpeech:test:Street_noise:15:908-31957-0016,test-clean/908/31957/908-31957-0016.flac,908,Street_noise,15,0.6217228464419475,"[0.50,0.75)",True,True,True,0.006338231057332111,True,True,True,211,492,491,True,True
1044,LibriSpeech:test:Street_noise:15:237-126133-0006,test-clean/237/126133/237-126133-0006.flac,237,Street_noise,15,0.6153846153846154,"[0.50,0.75)",1065,LibriSpeech:test:Street_noise:15:908-31957-0016,test-clean/908/31957/908-31957-0016.flac,908,Street_noise,15,0.6217228464419475,"[0.50,0.75)",True,True,True,0.006338231057332111,True,True,True,307,492,491,True,True
1044,LibriSpeech:test:Street_noise:15:237-126133-0006,test-clean/237/126133/237-126133-0006.flac,237,Street_noise,15,0.6153846153846154,"[0.50,0.75)",1065,LibriSpeech:test:Street_noise:15:908-31957-0016,test-clean/908/31957/908-31957-0016.flac,908,Street_noise,15,0.6217228464419475,"[0.50,0.75)",True,True,True,0.006338231057332111,True,True,True,401,492,491,True,True
1044,LibriSpeech:test:Street_noise:15:237-126133-0006,test-clean/237/126133/237-126133-0006.flac,237,Street_noise,15,0.6153846153846154,"[0.50,0.75)",1065,LibriSpeech:test:Street_noise:15:908-31957-0016,test-clean/908/31957/908-31957-0016.flac,908,Street_noise,15,0.6217228464419475,"[0.50,0.75)",True,True,True,0.006338231057332111,True,True,True,503,492,491,True,True
1045,LibriSpeech:test:Street_noise:15:237-134493-0000,test-clean/237/134493/237-134493-0000.flac,237,Street_noise,15,0.1724137931034483,"[0,0.25)",1044,LibriSpeech:test:Street_noise:15:237-126133-0006,test-clean/237/126133/237-126133-0006.flac,237,Street_noise,15,0.6153846153846154,"[0.50,0.75)",True,True,False,0.44297082228116713,True,False,True,101,492,491,True,True
1045,LibriSpeech:test:Street_noise:15:237-134493-0000,test-clean/237/134493/237-134493-0000.flac,237,Street_noise,15,0.1724137931034483,"[0,0.25)",1044,LibriSpeech:test:Street_noise:15:237-126133-0006,test-clean/237/126133/237-126133-0006.flac,237,Street_noise,15,0.6153846153846154,"[0.50,0.75)",True,True,False,0.44297082228116713,True,False,True,211,492,491,True,True
1045,LibriSpeech:test:Street_noise:15:237-134493-0000,test-clean/237/134493/237-134493-0000.flac,237,Street_noise,15,0.1724137931034483,"[0,0.25)",1044,LibriSpeech:test:Street_noise:15:237-126133-0006,test-clean/237/126133/237-126133-0006.flac,237,Street_noise,15,0.6153846153846154,"[0.50,0.75)",True,True,False,0.44297082228116713,True,False,True,307,492,491,True,True
1045,LibriSpeech:test:Street_noise:15:237-134493-0000,test-clean/237/134493/237-134493-0000.flac,237,Street_noise,15,0.1724137931034483,"[0,0.25)",1044,LibriSpeech:test:Street_noise:15:237-126133-0006,test-clean/237/126133/237-126133-0006.flac,237,Street_noise,15,0.6153846153846154,"[0.50,0.75)",True,True,False,0.44297082228116713,True,False,True,401,492,491,True,True
1045,LibriSpeech:test:Street_noise:15:237-134493-0000,test-clean/237/134493/237-134493-0000.flac,237,Street_noise,15,0.1724137931034483,"[0,0.25)",1044,LibriSpeech:test:Street_noise:15:237-126133-0006,test-clean/237/126133/237-126133-0006.flac,237,Street_noise,15,0.6153846153846154,"[0.50,0.75)",True,True,False,0.44297082228116713,True,False,True,503,492,491,True,True
1048,LibriSpeech:test:Street_noise:15:2830-3980-0023,test-clean/2830/3980/2830-3980-0023.flac,2830,Street_noise,15,0.6723404255319149,"[0.50,0.75)",1065,LibriSpeech:test:Street_noise:15:908-31957-0016,test-clean/908/31957/908-31957-0016.flac,908,Street_noise,15,0.6217228464419475,"[0.50,0.75)",True,True,True,0.050617579089967335,True,True,True,101,492,491,True,True
1048,LibriSpeech:test:Street_noise:15:2830-3980-0023,test-clean/2830/3980/2830-3980-0023.flac,2830,Street_noise,15,0.6723404255319149,"[0.50,0.75)",1065,LibriSpeech:test:Street_noise:15:908-31957-0016,test-clean/908/31957/908-31957-0016.flac,908,Street_noise,15,0.6217228464419475,"[0.50,0.75)",True,True,True,0.050617579089967335,True,True,True,211,492,491,True,True
1048,LibriSpeech:test:Street_noise:15:2830-3980-0023,test-clean/2830/3980/2830-3980-0023.flac,2830,Street_noise,15,0.6723404255319149,"[0.50,0.75)",1065,LibriSpeech:test:Street_noise:15:908-31957-0016,test-clean/908/31957/908-31957-0016.flac,908,Street_noise,15,0.6217228464419475,"[0.50,0.75)",True,True,True,0.050617579089967335,True,True,True,307,492,491,True,True
1048,LibriSpeech:test:Street_noise:15:2830-3980-0023,test-clean/2830/3980/2830-3980-0023.flac,2830,Street_noise,15,0.6723404255319149,"[0.50,0.75)",1065,LibriSpeech:test:Street_noise:15:908-31957-0016,test-clean/908/31957/908-31957-0016.flac,908,Street_noise,15,0.6217228464419475,"[0.50,0.75)",True,True,True,0.050617579089967335,True,True,True,401,492,491,True,True
1048,LibriSpeech:test:Street_noise:15:2830-3980-0023,test-clean/2830/3980/2830-3980-0023.flac,2830,Street_noise,15,0.6723404255319149,"[0.50,0.75)",1065,LibriSpeech:test:Street_noise:15:908-31957-0016,test-clean/908/31957/908-31957-0016.flac,908,Street_noise,15,0.6217228464419475,"[0.50,0.75)",True,True,True,0.050617579089967335,True,True,True,503,492,491,True,True
1049,LibriSpeech:test:Street_noise:15:2961-960-0016,test-clean/2961/960/2961-960-0016.flac,2961,Street_noise,15,0.7721518987341772,"[0.75,1.00]",1055,LibriSpeech:test:Street_noise:15:5142-36586-0003,test-clean/5142/36586/5142-36586-0003.flac,5142,Street_noise,15,0.8387096774193549,"[0.75,1.00]",True,True,True,0.06655777868517765,True,True,True,101,492,491,True,True
1049,LibriSpeech:test:Street_noise:15:2961-960-0016,test-clean/2961/960/2961-960-0016.flac,2961,Street_noise,15,0.7721518987341772,"[0.75,1.00]",1055,LibriSpeech:test:Street_noise:15:5142-36586-0003,test-clean/5142/36586/5142-36586-0003.flac,5142,Street_noise,15,0.8387096774193549,"[0.75,1.00]",True,True,True,0.06655777868517765,True,True,True,211,492,491,True,True
1049,LibriSpeech:test:Street_noise:15:2961-960-0016,test-clean/2961/960/2961-960-0016.flac,2961,Street_noise,15,0.7721518987341772,"[0.75,1.00]",1055,LibriSpeech:test:Street_noise:15:5142-36586-0003,test-clean/5142/36586/5142-36586-0003.flac,5142,Street_noise,15,0.8387096774193549,"[0.75,1.00]",True,True,True,0.06655777868517765,True,True,True,307,492,491,True,True
1049,LibriSpeech:test:Street_noise:15:2961-960-0016,test-clean/2961/960/2961-960-0016.flac,2961,Street_noise,15,0.7721518987341772,"[0.75,1.00]",1055,LibriSpeech:test:Street_noise:15:5142-36586-0003,test-clean/5142/36586/5142-36586-0003.flac,5142,Street_noise,15,0.8387096774193549,"[0.75,1.00]",True,True,True,0.06655777868517765,True,True,True,401,492,491,True,True
1049,LibriSpeech:test:Street_noise:15:2961-960-0016,test-clean/2961/960/2961-960-0016.flac,2961,Street_noise,15,0.7721518987341772,"[0.75,1.00]",1055,LibriSpeech:test:Street_noise:15:5142-36586-0003,test-clean/5142/36586/5142-36586-0003.flac,5142,Street_noise,15,0.8387096774193549,"[0.75,1.00]",True,True,True,0.06655777868517765,True,True,True,503,492,491,True,True
1055,LibriSpeech:test:Street_noise:15:5142-36586-0003,test-clean/5142/36586/5142-36586-0003.flac,5142,Street_noise,15,0.8387096774193549,"[0.75,1.00]",1059,LibriSpeech:test:Street_noise:15:6930-76324-0028,test-clean/6930/76324/6930-76324-0028.flac,6930,Street_noise,15,0.8663366336633663,"[0.75,1.00]",True,True,True,0.027626956244011458,True,True,True,101,492,491,True,True
1055,LibriSpeech:test:Street_noise:15:5142-36586-0003,test-clean/5142/36586/5142-36586-0003.flac,5142,Street_noise,15,0.8387096774193549,"[0.75,1.00]",1059,LibriSpeech:test:Street_noise:15:6930-76324-0028,test-clean/6930/76324/6930-76324-0028.flac,6930,Street_noise,15,0.8663366336633663,"[0.75,1.00]",True,True,True,0.027626956244011458,True,True,True,211,492,491,True,True
1055,LibriSpeech:test:Street_noise:15:5142-36586-0003,test-clean/5142/36586/5142-36586-0003.flac,5142,Street_noise,15,0.8387096774193549,"[0.75,1.00]",1059,LibriSpeech:test:Street_noise:15:6930-76324-0028,test-clean/6930/76324/6930-76324-0028.flac,6930,Street_noise,15,0.8663366336633663,"[0.75,1.00]",True,True,True,0.027626956244011458,True,True,True,307,492,491,True,True
1055,LibriSpeech:test:Street_noise:15:5142-36586-0003,test-clean/5142/36586/5142-36586-0003.flac,5142,Street_noise,15,0.8387096774193549,"[0.75,1.00]",1059,LibriSpeech:test:Street_noise:15:6930-76324-0028,test-clean/6930/76324/6930-76324-0028.flac,6930,Street_noise,15,0.8663366336633663,"[0.75,1.00]",True,True,True,0.027626956244011458,True,True,True,401,492,491,True,True
1055,LibriSpeech:test:Street_noise:15:5142-36586-0003,test-clean/5142/36586/5142-36586-0003.flac,5142,Street_noise,15,0.8387096774193549,"[0.75,1.00]",1059,LibriSpeech:test:Street_noise:15:6930-76324-0028,test-clean/6930/76324/6930-76324-0028.flac,6930,Street_noise,15,0.8663366336633663,"[0.75,1.00]",True,True,True,0.027626956244011458,True,True,True,503,492,491,True,True
1059,LibriSpeech:test:Street_noise:15:6930-76324-0028,test-clean/6930/76324/6930-76324-0028.flac,6930,Street_noise,15,0.8663366336633663,"[0.75,1.00]",1062,LibriSpeech:test:Street_noise:15:7176-88083-0001,test-clean/7176/88083/7176-88083-0001.flac,7176,Street_noise,15,0.8667711598746082,"[0.75,1.00]",True,True,True,0.000434526211241848,True,True,True,101,492,491,True,True
1059,LibriSpeech:test:Street_noise:15:6930-76324-0028,test-clean/6930/76324/6930-76324-0028.flac,6930,Street_noise,15,0.8663366336633663,"[0.75,1.00]",1062,LibriSpeech:test:Street_noise:15:7176-88083-0001,test-clean/7176/88083/7176-88083-0001.flac,7176,Street_noise,15,0.8667711598746082,"[0.75,1.00]",True,True,True,0.000434526211241848,True,True,True,211,492,491,True,True
1059,LibriSpeech:test:Street_noise:15:6930-76324-0028,test-clean/6930/76324/6930-76324-0028.flac,6930,Street_noise,15,0.8663366336633663,"[0.75,1.00]",1062,LibriSpeech:test:Street_noise:15:7176-88083-0001,test-clean/7176/88083/7176-88083-0001.flac,7176,Street_noise,15,0.8667711598746082,"[0.75,1.00]",True,True,True,0.000434526211241848,True,True,True,307,492,491,True,True
1059,LibriSpeech:test:Street_noise:15:6930-76324-0028,test-clean/6930/76324/6930-76324-0028.flac,6930,Street_noise,15,0.8663366336633663,"[0.75,1.00]",1062,LibriSpeech:test:Street_noise:15:7176-88083-0001,test-clean/7176/88083/7176-88083-0001.flac,7176,Street_noise,15,0.8667711598746082,"[0.75,1.00]",True,True,True,0.000434526211241848,True,True,True,401,492,491,True,True
1059,LibriSpeech:test:Street_noise:15:6930-76324-0028,test-clean/6930/76324/6930-76324-0028.flac,6930,Street_noise,15,0.8663366336633663,"[0.75,1.00]",1062,LibriSpeech:test:Street_noise:15:7176-88083-0001,test-clean/7176/88083/7176-88083-0001.flac,7176,Street_noise,15,0.8667711598746082,"[0.75,1.00]",True,True,True,0.000434526211241848,True,True,True,503,492,491,True,True
1062,LibriSpeech:test:Street_noise:15:7176-88083-0001,test-clean/7176/88083/7176-88083-0001.flac,7176,Street_noise,15,0.8667711598746082,"[0.75,1.00]",1059,LibriSpeech:test:Street_noise:15:6930-76324-0028,test-clean/6930/76324/6930-76324-0028.flac,6930,Street_noise,15,0.8663366336633663,"[0.75,1.00]",True,True,True,0.000434526211241848,True,True,True,101,492,491,True,True
1062,LibriSpeech:test:Street_noise:15:7176-88083-0001,test-clean/7176/88083/7176-88083-0001.flac,7176,Street_noise,15,0.8667711598746082,"[0.75,1.00]",1059,LibriSpeech:test:Street_noise:15:6930-76324-0028,test-clean/6930/76324/6930-76324-0028.flac,6930,Street_noise,15,0.8663366336633663,"[0.75,1.00]",True,True,True,0.000434526211241848,True,True,True,211,492,491,True,True
1062,LibriSpeech:test:Street_noise:15:7176-88083-0001,test-clean/7176/88083/7176-88083-0001.flac,7176,Street_noise,15,0.8667711598746082,"[0.75,1.00]",1059,LibriSpeech:test:Street_noise:15:6930-76324-0028,test-clean/6930/76324/6930-76324-0028.flac,6930,Street_noise,15,0.8663366336633663,"[0.75,1.00]",True,True,True,0.000434526211241848,True,True,True,307,492,491,True,True
1062,LibriSpeech:test:Street_noise:15:7176-88083-0001,test-clean/7176/88083/7176-88083-0001.flac,7176,Street_noise,15,0.8667711598746082,"[0.75,1.00]",1059,LibriSpeech:test:Street_noise:15:6930-76324-0028,test-clean/6930/76324/6930-76324-0028.flac,6930,Street_noise,15,0.8663366336633663,"[0.75,1.00]",True,True,True,0.000434526211241848,True,True,True,401,492,491,True,True
1062,LibriSpeech:test:Street_noise:15:7176-88083-0001,test-clean/7176/88083/7176-88083-0001.flac,7176,Street_noise,15,0.8667711598746082,"[0.75,1.00]",1059,LibriSpeech:test:Street_noise:15:6930-76324-0028,test-clean/6930/76324/6930-76324-0028.flac,6930,Street_noise,15,0.8663366336633663,"[0.75,1.00]",True,True,True,0.000434526211241848,True,True,True,503,492,491,True,True
1063,LibriSpeech:test:Street_noise:15:7729-102255-0037,test-clean/7729/102255/7729-102255-0037.flac,7729,Street_noise,15,0.8682385575589459,"[0.75,1.00]",1062,LibriSpeech:test:Street_noise:15:7176-88083-0001,test-clean/7176/88083/7176-88083-0001.flac,7176,Street_noise,15,0.8667711598746082,"[0.75,1.00]",True,True,True,0.001467397684337679,True,True,True,101,492,491,True,True
1063,LibriSpeech:test:Street_noise:15:7729-102255-0037,test-clean/7729/102255/7729-102255-0037.flac,7729,Street_noise,15,0.8682385575589459,"[0.75,1.00]",1062,LibriSpeech:test:Street_noise:15:7176-88083-0001,test-clean/7176/88083/7176-88083-0001.flac,7176,Street_noise,15,0.8667711598746082,"[0.75,1.00]",True,True,True,0.001467397684337679,True,True,True,211,492,491,True,True
1063,LibriSpeech:test:Street_noise:15:7729-102255-0037,test-clean/7729/102255/7729-102255-0037.flac,7729,Street_noise,15,0.8682385575589459,"[0.75,1.00]",1062,LibriSpeech:test:Street_noise:15:7176-88083-0001,test-clean/7176/88083/7176-88083-0001.flac,7176,Street_noise,15,0.8667711598746082,"[0.75,1.00]",True,True,True,0.001467397684337679,True,True,True,307,492,491,True,True
1063,LibriSpeech:test:Street_noise:15:7729-102255-0037,test-clean/7729/102255/7729-102255-0037.flac,7729,Street_noise,15,0.8682385575589459,"[0.75,1.00]",1062,LibriSpeech:test:Street_noise:15:7176-88083-0001,test-clean/7176/88083/7176-88083-0001.flac,7176,Street_noise,15,0.8667711598746082,"[0.75,1.00]",True,True,True,0.001467397684337679,True,True,True,401,492,491,True,True
1063,LibriSpeech:test:Street_noise:15:7729-102255-0037,test-clean/7729/102255/7729-102255-0037.flac,7729,Street_noise,15,0.8682385575589459,"[0.75,1.00]",1062,LibriSpeech:test:Street_noise:15:7176-88083-0001,test-clean/7176/88083/7176-88083-0001.flac,7176,Street_noise,15,0.8667711598746082,"[0.75,1.00]",True,True,True,0.001467397684337679,True,True,True,503,492,491,True,True
1065,LibriSpeech:test:Street_noise:15:908-31957-0016,test-clean/908/31957/908-31957-0016.flac,908,Street_noise,15,0.6217228464419475,"[0.50,0.75)",1044,LibriSpeech:test:Street_noise:15:237-126133-0006,test-clean/237/126133/237-126133-0006.flac,237,Street_noise,15,0.6153846153846154,"[0.50,0.75)",True,True,True,0.006338231057332111,True,True,True,101,492,491,True,True
1065,LibriSpeech:test:Street_noise:15:908-31957-0016,test-clean/908/31957/908-31957-0016.flac,908,Street_noise,15,0.6217228464419475,"[0.50,0.75)",1044,LibriSpeech:test:Street_noise:15:237-126133-0006,test-clean/237/126133/237-126133-0006.flac,237,Street_noise,15,0.6153846153846154,"[0.50,0.75)",True,True,True,0.006338231057332111,True,True,True,211,492,491,True,True
1065,LibriSpeech:test:Street_noise:15:908-31957-0016,test-clean/908/31957/908-31957-0016.flac,908,Street_noise,15,0.6217228464419475,"[0.50,0.75)",1044,LibriSpeech:test:Street_noise:15:237-126133-0006,test-clean/237/126133/237-126133-0006.flac,237,Street_noise,15,0.6153846153846154,"[0.50,0.75)",True,True,True,0.006338231057332111,True,True,True,307,492,491,True,True
1065,LibriSpeech:test:Street_noise:15:908-31957-0016,test-clean/908/31957/908-31957-0016.flac,908,Street_noise,15,0.6217228464419475,"[0.50,0.75)",1044,LibriSpeech:test:Street_noise:15:237-126133-0006,test-clean/237/126133/237-126133-0006.flac,237,Street_noise,15,0.6153846153846154,"[0.50,0.75)",True,True,True,0.006338231057332111,True,True,True,401,492,491,True,True
1065,LibriSpeech:test:Street_noise:15:908-31957-0016,test-clean/908/31957/908-31957-0016.flac,908,Street_noise,15,0.6217228464419475,"[0.50,0.75)",1044,LibriSpeech:test:Street_noise:15:237-126133-0006,test-clean/237/126133/237-126133-0006.flac,237,Street_noise,15,0.6153846153846154,"[0.50,0.75)",True,True,True,0.006338231057332111,True,True,True,503,492,491,True,True
1066,LibriSpeech:test:Street_noise:20:121-121726-0011,test-clean/121/121726/121-121726-0011.flac,121,Street_noise,20,0.13636363636363635,"[0,0.25)",1075,LibriSpeech:test:Street_noise:20:260-123288-0016,test-clean/260/123288/260-123288-0016.flac,260,Street_noise,20,0.5714285714285714,"[0.50,0.75)",True,True,False,0.43506493506493504,True,True,True,101,492,491,True,True
1066,LibriSpeech:test:Street_noise:20:121-121726-0011,test-clean/121/121726/121-121726-0011.flac,121,Street_noise,20,0.13636363636363635,"[0,0.25)",1075,LibriSpeech:test:Street_noise:20:260-123288-0016,test-clean/260/123288/260-123288-0016.flac,260,Street_noise,20,0.5714285714285714,"[0.50,0.75)",True,True,False,0.43506493506493504,True,True,True,211,492,491,True,True
1066,LibriSpeech:test:Street_noise:20:121-121726-0011,test-clean/121/121726/121-121726-0011.flac,121,Street_noise,20,0.13636363636363635,"[0,0.25)",1075,LibriSpeech:test:Street_noise:20:260-123288-0016,test-clean/260/123288/260-123288-0016.flac,260,Street_noise,20,0.5714285714285714,"[0.50,0.75)",True,True,False,0.43506493506493504,True,True,True,307,492,491,True,True
1066,LibriSpeech:test:Street_noise:20:121-121726-0011,test-clean/121/121726/121-121726-0011.flac,121,Street_noise,20,0.13636363636363635,"[0,0.25)",1075,LibriSpeech:test:Street_noise:20:260-123288-0016,test-clean/260/123288/260-123288-0016.flac,260,Street_noise,20,0.5714285714285714,"[0.50,0.75)",True,True,False,0.43506493506493504,True,True,True,401,492,491,True,True
1066,LibriSpeech:test:Street_noise:20:121-121726-0011,test-clean/121/121726/121-121726-0011.flac,121,Street_noise,20,0.13636363636363635,"[0,0.25)",1075,LibriSpeech:test:Street_noise:20:260-123288-0016,test-clean/260/123288/260-123288-0016.flac,260,Street_noise,20,0.5714285714285714,"[0.50,0.75)",True,True,False,0.43506493506493504,True,True,True,503,492,491,True,True
1068,LibriSpeech:test:Street_noise:20:1320-122612-0015,test-clean/1320/122612/1320-122612-0015.flac,1320,Street_noise,20,0.8132295719844358,"[0.75,1.00]",1073,LibriSpeech:test:Street_noise:20:237-134500-0021,test-clean/237/134500/237-134500-0021.flac,237,Street_noise,20,0.816793893129771,"[0.75,1.00]",True,True,True,0.0035643211453352253,True,True,True,101,492,491,True,True
1068,LibriSpeech:test:Street_noise:20:1320-122612-0015,test-clean/1320/122612/1320-122612-0015.flac,1320,Street_noise,20,0.8132295719844358,"[0.75,1.00]",1073,LibriSpeech:test:Street_noise:20:237-134500-0021,test-clean/237/134500/237-134500-0021.flac,237,Street_noise,20,0.816793893129771,"[0.75,1.00]",True,True,True,0.0035643211453352253,True,True,True,211,492,491,True,True
1068,LibriSpeech:test:Street_noise:20:1320-122612-0015,test-clean/1320/122612/1320-122612-0015.flac,1320,Street_noise,20,0.8132295719844358,"[0.75,1.00]",1073,LibriSpeech:test:Street_noise:20:237-134500-0021,test-clean/237/134500/237-134500-0021.flac,237,Street_noise,20,0.816793893129771,"[0.75,1.00]",True,True,True,0.0035643211453352253,True,True,True,307,492,491,True,True
1068,LibriSpeech:test:Street_noise:20:1320-122612-0015,test-clean/1320/122612/1320-122612-0015.flac,1320,Street_noise,20,0.8132295719844358,"[0.75,1.00]",1073,LibriSpeech:test:Street_noise:20:237-134500-0021,test-clean/237/134500/237-134500-0021.flac,237,Street_noise,20,0.816793893129771,"[0.75,1.00]",True,True,True,0.0035643211453352253,True,True,True,401,492,491,True,True
1068,LibriSpeech:test:Street_noise:20:1320-122612-0015,test-clean/1320/122612/1320-122612-0015.flac,1320,Street_noise,20,0.8132295719844358,"[0.75,1.00]",1073,LibriSpeech:test:Street_noise:20:237-134500-0021,test-clean/237/134500/237-134500-0021.flac,237,Street_noise,20,0.816793893129771,"[0.75,1.00]",True,True,True,0.0035643211453352253,True,True,True,503,492,491,True,True
1073,LibriSpeech:test:Street_noise:20:237-134500-0021,test-clean/237/134500/237-134500-0021.flac,237,Street_noise,20,0.816793893129771,"[0.75,1.00]",1068,LibriSpeech:test:Street_noise:20:1320-122612-0015,test-clean/1320/122612/1320-122612-0015.flac,1320,Street_noise,20,0.8132295719844358,"[0.75,1.00]",True,True,True,0.0035643211453352253,True,True,True,101,492,491,True,True
1073,LibriSpeech:test:Street_noise:20:237-134500-0021,test-clean/237/134500/237-134500-0021.flac,237,Street_noise,20,0.816793893129771,"[0.75,1.00]",1068,LibriSpeech:test:Street_noise:20:1320-122612-0015,test-clean/1320/122612/1320-122612-0015.flac,1320,Street_noise,20,0.8132295719844358,"[0.75,1.00]",True,True,True,0.0035643211453352253,True,True,True,211,492,491,True,True
1073,LibriSpeech:test:Street_noise:20:237-134500-0021,test-clean/237/134500/237-134500-0021.flac,237,Street_noise,20,0.816793893129771,"[0.75,1.00]",1068,LibriSpeech:test:Street_noise:20:1320-122612-0015,test-clean/1320/122612/1320-122612-0015.flac,1320,Street_noise,20,0.8132295719844358,"[0.75,1.00]",True,True,True,0.0035643211453352253,True,True,True,307,492,491,True,True
1073,LibriSpeech:test:Street_noise:20:237-134500-0021,test-clean/237/134500/237-134500-0021.flac,237,Street_noise,20,0.816793893129771,"[0.75,1.00]",1068,LibriSpeech:test:Street_noise:20:1320-122612-0015,test-clean/1320/122612/1320-122612-0015.flac,1320,Street_noise,20,0.8132295719844358,"[0.75,1.00]",True,True,True,0.0035643211453352253,True,True,True,401,492,491,True,True
1073,LibriSpeech:test:Street_noise:20:237-134500-0021,test-clean/237/134500/237-134500-0021.flac,237,Street_noise,20,0.816793893129771,"[0.75,1.00]",1068,LibriSpeech:test:Street_noise:20:1320-122612-0015,test-clean/1320/122612/1320-122612-0015.flac,1320,Street_noise,20,0.8132295719844358,"[0.75,1.00]",True,True,True,0.0035643211453352253,True,True,True,503,492,491,True,True
1074,LibriSpeech:test:Street_noise:20:260-123288-0006,test-clean/260/123288/260-123288-0006.flac,260,Street_noise,20,0.7383177570093458,"[0.50,0.75)",1075,LibriSpeech:test:Street_noise:20:260-123288-0016,test-clean/260/123288/260-123288-0016.flac,260,Street_noise,20,0.5714285714285714,"[0.50,0.75)",True,True,True,0.16688918558077437,True,False,True,101,492,491,True,True
1074,LibriSpeech:test:Street_noise:20:260-123288-0006,test-clean/260/123288/260-123288-0006.flac,260,Street_noise,20,0.7383177570093458,"[0.50,0.75)",1075,LibriSpeech:test:Street_noise:20:260-123288-0016,test-clean/260/123288/260-123288-0016.flac,260,Street_noise,20,0.5714285714285714,"[0.50,0.75)",True,True,True,0.16688918558077437,True,False,True,211,492,491,True,True
1074,LibriSpeech:test:Street_noise:20:260-123288-0006,test-clean/260/123288/260-123288-0006.flac,260,Street_noise,20,0.7383177570093458,"[0.50,0.75)",1075,LibriSpeech:test:Street_noise:20:260-123288-0016,test-clean/260/123288/260-123288-0016.flac,260,Street_noise,20,0.5714285714285714,"[0.50,0.75)",True,True,True,0.16688918558077437,True,False,True,307,492,491,True,True
1074,LibriSpeech:test:Street_noise:20:260-123288-0006,test-clean/260/123288/260-123288-0006.flac,260,Street_noise,20,0.7383177570093458,"[0.50,0.75)",1075,LibriSpeech:test:Street_noise:20:260-123288-0016,test-clean/260/123288/260-123288-0016.flac,260,Street_noise,20,0.5714285714285714,"[0.50,0.75)",True,True,True,0.16688918558077437,True,False,True,401,492,491,True,True
1074,LibriSpeech:test:Street_noise:20:260-123288-0006,test-clean/260/123288/260-123288-0006.flac,260,Street_noise,20,0.7383177570093458,"[0.50,0.75)",1075,LibriSpeech:test:Street_noise:20:260-123288-0016,test-clean/260/123288/260-123288-0016.flac,260,Street_noise,20,0.5714285714285714,"[0.50,0.75)",True,True,True,0.16688918558077437,True,False,True,503,492,491,True,True
1075,LibriSpeech:test:Street_noise:20:260-123288-0016,test-clean/260/123288/260-123288-0016.flac,260,Street_noise,20,0.5714285714285714,"[0.50,0.75)",1074,LibriSpeech:test:Street_noise:20:260-123288-0006,test-clean/260/123288/260-123288-0006.flac,260,Street_noise,20,0.7383177570093458,"[0.50,0.75)",True,True,True,0.16688918558077437,True,False,True,101,492,491,True,True
1075,LibriSpeech:test:Street_noise:20:260-123288-0016,test-clean/260/123288/260-123288-0016.flac,260,Street_noise,20,0.5714285714285714,"[0.50,0.75)",1074,LibriSpeech:test:Street_noise:20:260-123288-0006,test-clean/260/123288/260-123288-0006.flac,260,Street_noise,20,0.7383177570093458,"[0.50,0.75)",True,True,True,0.16688918558077437,True,False,True,211,492,491,True,True
1075,LibriSpeech:test:Street_noise:20:260-123288-0016,test-clean/260/123288/260-123288-0016.flac,260,Street_noise,20,0.5714285714285714,"[0.50,0.75)",1074,LibriSpeech:test:Street_noise:20:260-123288-0006,test-clean/260/123288/260-123288-0006.flac,260,Street_noise,20,0.7383177570093458,"[0.50,0.75)",True,True,True,0.16688918558077437,True,False,True,307,492,491,True,True
1075,LibriSpeech:test:Street_noise:20:260-123288-0016,test-clean/260/123288/260-123288-0016.flac,260,Street_noise,20,0.5714285714285714,"[0.50,0.75)",1074,LibriSpeech:test:Street_noise:20:260-123288-0006,test-clean/260/123288/260-123288-0006.flac,260,Street_noise,20,0.7383177570093458,"[0.50,0.75)",True,True,True,0.16688918558077437,True,False,True,401,492,491,True,True
1075,LibriSpeech:test:Street_noise:20:260-123288-0016,test-clean/260/123288/260-123288-0016.flac,260,Street_noise,20,0.5714285714285714,"[0.50,0.75)",1074,LibriSpeech:test:Street_noise:20:260-123288-0006,test-clean/260/123288/260-123288-0006.flac,260,Street_noise,20,0.7383177570093458,"[0.50,0.75)",True,True,True,0.16688918558077437,True,False,True,503,492,491,True,True
1076,LibriSpeech:test:Street_noise:20:260-123288-0026,test-clean/260/123288/260-123288-0026.flac,260,Street_noise,20,0.9043336058871627,"[0.75,1.00]",1084,LibriSpeech:test:Street_noise:20:8463-294828-0028,test-clean/8463/294828/8463-294828-0028.flac,8463,Street_noise,20,0.8658536585365854,"[0.75,1.00]",True,True,True,0.03847994735057736,True,True,True,101,492,491,True,True
1076,LibriSpeech:test:Street_noise:20:260-123288-0026,test-clean/260/123288/260-123288-0026.flac,260,Street_noise,20,0.9043336058871627,"[0.75,1.00]",1084,LibriSpeech:test:Street_noise:20:8463-294828-0028,test-clean/8463/294828/8463-294828-0028.flac,8463,Street_noise,20,0.8658536585365854,"[0.75,1.00]",True,True,True,0.03847994735057736,True,True,True,211,492,491,True,True
1076,LibriSpeech:test:Street_noise:20:260-123288-0026,test-clean/260/123288/260-123288-0026.flac,260,Street_noise,20,0.9043336058871627,"[0.75,1.00]",1084,LibriSpeech:test:Street_noise:20:8463-294828-0028,test-clean/8463/294828/8463-294828-0028.flac,8463,Street_noise,20,0.8658536585365854,"[0.75,1.00]",True,True,True,0.03847994735057736,True,True,True,307,492,491,True,True
1076,LibriSpeech:test:Street_noise:20:260-123288-0026,test-clean/260/123288/260-123288-0026.flac,260,Street_noise,20,0.9043336058871627,"[0.75,1.00]",1084,LibriSpeech:test:Street_noise:20:8463-294828-0028,test-clean/8463/294828/8463-294828-0028.flac,8463,Street_noise,20,0.8658536585365854,"[0.75,1.00]",True,True,True,0.03847994735057736,True,True,True,401,492,491,True,True
1076,LibriSpeech:test:Street_noise:20:260-123288-0026,test-clean/260/123288/260-123288-0026.flac,260,Street_noise,20,0.9043336058871627,"[0.75,1.00]",1084,LibriSpeech:test:Street_noise:20:8463-294828-0028,test-clean/8463/294828/8463-294828-0028.flac,8463,Street_noise,20,0.8658536585365854,"[0.75,1.00]",True,True,True,0.03847994735057736,True,True,True,503,492,491,True,True
1083,LibriSpeech:test:Street_noise:20:8224-274381-0010,test-clean/8224/274381/8224-274381-0010.flac,8224,Street_noise,20,0.854230377166157,"[0.75,1.00]",1084,LibriSpeech:test:Street_noise:20:8463-294828-0028,test-clean/8463/294828/8463-294828-0028.flac,8463,Street_noise,20,0.8658536585365854,"[0.75,1.00]",True,True,True,0.01162328137042834,True,True,True,101,492,491,True,True
1083,LibriSpeech:test:Street_noise:20:8224-274381-0010,test-clean/8224/274381/8224-274381-0010.flac,8224,Street_noise,20,0.854230377166157,"[0.75,1.00]",1084,LibriSpeech:test:Street_noise:20:8463-294828-0028,test-clean/8463/294828/8463-294828-0028.flac,8463,Street_noise,20,0.8658536585365854,"[0.75,1.00]",True,True,True,0.01162328137042834,True,True,True,211,492,491,True,True
1083,LibriSpeech:test:Street_noise:20:8224-274381-0010,test-clean/8224/274381/8224-274381-0010.flac,8224,Street_noise,20,0.854230377166157,"[0.75,1.00]",1084,LibriSpeech:test:Street_noise:20:8463-294828-0028,test-clean/8463/294828/8463-294828-0028.flac,8463,Street_noise,20,0.8658536585365854,"[0.75,1.00]",True,True,True,0.01162328137042834,True,True,True,307,492,491,True,True
1083,LibriSpeech:test:Street_noise:20:8224-274381-0010,test-clean/8224/274381/8224-274381-0010.flac,8224,Street_noise,20,0.854230377166157,"[0.75,1.00]",1084,LibriSpeech:test:Street_noise:20:8463-294828-0028,test-clean/8463/294828/8463-294828-0028.flac,8463,Street_noise,20,0.8658536585365854,"[0.75,1.00]",True,True,True,0.01162328137042834,True,True,True,401,492,491,True,True
1083,LibriSpeech:test:Street_noise:20:8224-274381-0010,test-clean/8224/274381/8224-274381-0010.flac,8224,Street_noise,20,0.854230377166157,"[0.75,1.00]",1084,LibriSpeech:test:Street_noise:20:8463-294828-0028,test-clean/8463/294828/8463-294828-0028.flac,8463,Street_noise,20,0.8658536585365854,"[0.75,1.00]",True,True,True,0.01162328137042834,True,True,True,503,492,491,True,True
1084,LibriSpeech:test:Street_noise:20:8463-294828-0028,test-clean/8463/294828/8463-294828-0028.flac,8463,Street_noise,20,0.8658536585365854,"[0.75,1.00]",1083,LibriSpeech:test:Street_noise:20:8224-274381-0010,test-clean/8224/274381/8224-274381-0010.flac,8224,Street_noise,20,0.854230377166157,"[0.75,1.00]",True,True,True,0.01162328137042834,True,True,True,101,492,491,True,True
1084,LibriSpeech:test:Street_noise:20:8463-294828-0028,test-clean/8463/294828/8463-294828-0028.flac,8463,Street_noise,20,0.8658536585365854,"[0.75,1.00]",1083,LibriSpeech:test:Street_noise:20:8224-274381-0010,test-clean/8224/274381/8224-274381-0010.flac,8224,Street_noise,20,0.854230377166157,"[0.75,1.00]",True,True,True,0.01162328137042834,True,True,True,211,492,491,True,True
1084,LibriSpeech:test:Street_noise:20:8463-294828-0028,test-clean/8463/294828/8463-294828-0028.flac,8463,Street_noise,20,0.8658536585365854,"[0.75,1.00]",1083,LibriSpeech:test:Street_noise:20:8224-274381-0010,test-clean/8224/274381/8224-274381-0010.flac,8224,Street_noise,20,0.854230377166157,"[0.75,1.00]",True,True,True,0.01162328137042834,True,True,True,307,492,491,True,True
1084,LibriSpeech:test:Street_noise:20:8463-294828-0028,test-clean/8463/294828/8463-294828-0028.flac,8463,Street_noise,20,0.8658536585365854,"[0.75,1.00]",1083,LibriSpeech:test:Street_noise:20:8224-274381-0010,test-clean/8224/274381/8224-274381-0010.flac,8224,Street_noise,20,0.854230377166157,"[0.75,1.00]",True,True,True,0.01162328137042834,True,True,True,401,492,491,True,True
1084,LibriSpeech:test:Street_noise:20:8463-294828-0028,test-clean/8463/294828/8463-294828-0028.flac,8463,Street_noise,20,0.8658536585365854,"[0.75,1.00]",1083,LibriSpeech:test:Street_noise:20:8224-274381-0010,test-clean/8224/274381/8224-274381-0010.flac,8224,Street_noise,20,0.854230377166157,"[0.75,1.00]",True,True,True,0.01162328137042834,True,True,True,503,492,491,True,True
1091,LibriSpeech:test:Transport_noise:-5:2094-142345-0039,test-clean/2094/142345/2094-142345-0039.flac,2094,Transport_noise,-5,0.7894736842105263,"[0.75,1.00]",1099,LibriSpeech:test:Transport_noise:-5:7021-79740-0001,test-clean/7021/79740/7021-79740-0001.flac,7021,Transport_noise,-5,0.8577981651376146,"[0.75,1.00]",True,True,True,0.06832448092708832,True,True,True,101,492,491,True,True
1091,LibriSpeech:test:Transport_noise:-5:2094-142345-0039,test-clean/2094/142345/2094-142345-0039.flac,2094,Transport_noise,-5,0.7894736842105263,"[0.75,1.00]",1099,LibriSpeech:test:Transport_noise:-5:7021-79740-0001,test-clean/7021/79740/7021-79740-0001.flac,7021,Transport_noise,-5,0.8577981651376146,"[0.75,1.00]",True,True,True,0.06832448092708832,True,True,True,211,492,491,True,True
1091,LibriSpeech:test:Transport_noise:-5:2094-142345-0039,test-clean/2094/142345/2094-142345-0039.flac,2094,Transport_noise,-5,0.7894736842105263,"[0.75,1.00]",1099,LibriSpeech:test:Transport_noise:-5:7021-79740-0001,test-clean/7021/79740/7021-79740-0001.flac,7021,Transport_noise,-5,0.8577981651376146,"[0.75,1.00]",True,True,True,0.06832448092708832,True,True,True,307,492,491,True,True
1091,LibriSpeech:test:Transport_noise:-5:2094-142345-0039,test-clean/2094/142345/2094-142345-0039.flac,2094,Transport_noise,-5,0.7894736842105263,"[0.75,1.00]",1099,LibriSpeech:test:Transport_noise:-5:7021-79740-0001,test-clean/7021/79740/7021-79740-0001.flac,7021,Transport_noise,-5,0.8577981651376146,"[0.75,1.00]",True,True,True,0.06832448092708832,True,True,True,401,492,491,True,True
1091,LibriSpeech:test:Transport_noise:-5:2094-142345-0039,test-clean/2094/142345/2094-142345-0039.flac,2094,Transport_noise,-5,0.7894736842105263,"[0.75,1.00]",1099,LibriSpeech:test:Transport_noise:-5:7021-79740-0001,test-clean/7021/79740/7021-79740-0001.flac,7021,Transport_noise,-5,0.8577981651376146,"[0.75,1.00]",True,True,True,0.06832448092708832,True,True,True,503,492,491,True,True
1098,LibriSpeech:test:Transport_noise:-5:7021-79730-0001,test-clean/7021/79730/7021-79730-0001.flac,7021,Transport_noise,-5,0.9140625,"[0.75,1.00]",1102,LibriSpeech:test:Transport_noise:-5:8224-274384-0002,test-clean/8224/274384/8224-274384-0002.flac,8224,Transport_noise,-5,0.8916666666666667,"[0.75,1.00]",True,True,True,0.02239583333333328,True,True,True,101,492,491,True,True
1098,LibriSpeech:test:Transport_noise:-5:7021-79730-0001,test-clean/7021/79730/7021-79730-0001.flac,7021,Transport_noise,-5,0.9140625,"[0.75,1.00]",1102,LibriSpeech:test:Transport_noise:-5:8224-274384-0002,test-clean/8224/274384/8224-274384-0002.flac,8224,Transport_noise,-5,0.8916666666666667,"[0.75,1.00]",True,True,True,0.02239583333333328,True,True,True,211,492,491,True,True
1098,LibriSpeech:test:Transport_noise:-5:7021-79730-0001,test-clean/7021/79730/7021-79730-0001.flac,7021,Transport_noise,-5,0.9140625,"[0.75,1.00]",1102,LibriSpeech:test:Transport_noise:-5:8224-274384-0002,test-clean/8224/274384/8224-274384-0002.flac,8224,Transport_noise,-5,0.8916666666666667,"[0.75,1.00]",True,True,True,0.02239583333333328,True,True,True,307,492,491,True,True
1098,LibriSpeech:test:Transport_noise:-5:7021-79730-0001,test-clean/7021/79730/7021-79730-0001.flac,7021,Transport_noise,-5,0.9140625,"[0.75,1.00]",1102,LibriSpeech:test:Transport_noise:-5:8224-274384-0002,test-clean/8224/274384/8224-274384-0002.flac,8224,Transport_noise,-5,0.8916666666666667,"[0.75,1.00]",True,True,True,0.02239583333333328,True,True,True,401,492,491,True,True
1098,LibriSpeech:test:Transport_noise:-5:7021-79730-0001,test-clean/7021/79730/7021-79730-0001.flac,7021,Transport_noise,-5,0.9140625,"[0.75,1.00]",1102,LibriSpeech:test:Transport_noise:-5:8224-274384-0002,test-clean/8224/274384/8224-274384-0002.flac,8224,Transport_noise,-5,0.8916666666666667,"[0.75,1.00]",True,True,True,0.02239583333333328,True,True,True,503,492,491,True,True
1099,LibriSpeech:test:Transport_noise:-5:7021-79740-0001,test-clean/7021/79740/7021-79740-0001.flac,7021,Transport_noise,-5,0.8577981651376146,"[0.75,1.00]",1102,LibriSpeech:test:Transport_noise:-5:8224-274384-0002,test-clean/8224/274384/8224-274384-0002.flac,8224,Transport_noise,-5,0.8916666666666667,"[0.75,1.00]",True,True,True,0.033868501529052075,True,True,True,101,492,491,True,True
1099,LibriSpeech:test:Transport_noise:-5:7021-79740-0001,test-clean/7021/79740/7021-79740-0001.flac,7021,Transport_noise,-5,0.8577981651376146,"[0.75,1.00]",1102,LibriSpeech:test:Transport_noise:-5:8224-274384-0002,test-clean/8224/274384/8224-274384-0002.flac,8224,Transport_noise,-5,0.8916666666666667,"[0.75,1.00]",True,True,True,0.033868501529052075,True,True,True,211,492,491,True,True
1099,LibriSpeech:test:Transport_noise:-5:7021-79740-0001,test-clean/7021/79740/7021-79740-0001.flac,7021,Transport_noise,-5,0.8577981651376146,"[0.75,1.00]",1102,LibriSpeech:test:Transport_noise:-5:8224-274384-0002,test-clean/8224/274384/8224-274384-0002.flac,8224,Transport_noise,-5,0.8916666666666667,"[0.75,1.00]",True,True,True,0.033868501529052075,True,True,True,307,492,491,True,True
1099,LibriSpeech:test:Transport_noise:-5:7021-79740-0001,test-clean/7021/79740/7021-79740-0001.flac,7021,Transport_noise,-5,0.8577981651376146,"[0.75,1.00]",1102,LibriSpeech:test:Transport_noise:-5:8224-274384-0002,test-clean/8224/274384/8224-274384-0002.flac,8224,Transport_noise,-5,0.8916666666666667,"[0.75,1.00]",True,True,True,0.033868501529052075,True,True,True,401,492,491,True,True
1099,LibriSpeech:test:Transport_noise:-5:7021-79740-0001,test-clean/7021/79740/7021-79740-0001.flac,7021,Transport_noise,-5,0.8577981651376146,"[0.75,1.00]",1102,LibriSpeech:test:Transport_noise:-5:8224-274384-0002,test-clean/8224/274384/8224-274384-0002.flac,8224,Transport_noise,-5,0.8916666666666667,"[0.75,1.00]",True,True,True,0.033868501529052075,True,True,True,503,492,491,True,True
1101,LibriSpeech:test:Transport_noise:-5:8224-274384-0002,test-clean/8224/274384/8224-274384-0002.flac,8224,Clean,clean,0.8916666666666667,"[0.75,1.00]",390,LibriSpeech:test:SSN_noise:20:7021-85628-0010,test-clean/7021/85628/7021-85628-0010.flac,7021,Clean,clean,0.888095238095238,"[0.75,1.00]",True,True,True,0.0035714285714286698,True,True,True,101,492,491,True,True
1101,LibriSpeech:test:Transport_noise:-5:8224-274384-0002,test-clean/8224/274384/8224-274384-0002.flac,8224,Clean,clean,0.8916666666666667,"[0.75,1.00]",390,LibriSpeech:test:SSN_noise:20:7021-85628-0010,test-clean/7021/85628/7021-85628-0010.flac,7021,Clean,clean,0.888095238095238,"[0.75,1.00]",True,True,True,0.0035714285714286698,True,True,True,211,492,491,True,True
1101,LibriSpeech:test:Transport_noise:-5:8224-274384-0002,test-clean/8224/274384/8224-274384-0002.flac,8224,Clean,clean,0.8916666666666667,"[0.75,1.00]",390,LibriSpeech:test:SSN_noise:20:7021-85628-0010,test-clean/7021/85628/7021-85628-0010.flac,7021,Clean,clean,0.888095238095238,"[0.75,1.00]",True,True,True,0.0035714285714286698,True,True,True,307,492,491,True,True
1101,LibriSpeech:test:Transport_noise:-5:8224-274384-0002,test-clean/8224/274384/8224-274384-0002.flac,8224,Clean,clean,0.8916666666666667,"[0.75,1.00]",390,LibriSpeech:test:SSN_noise:20:7021-85628-0010,test-clean/7021/85628/7021-85628-0010.flac,7021,Clean,clean,0.888095238095238,"[0.75,1.00]",True,True,True,0.0035714285714286698,True,True,True,401,492,491,True,True
1101,LibriSpeech:test:Transport_noise:-5:8224-274384-0002,test-clean/8224/274384/8224-274384-0002.flac,8224,Clean,clean,0.8916666666666667,"[0.75,1.00]",390,LibriSpeech:test:SSN_noise:20:7021-85628-0010,test-clean/7021/85628/7021-85628-0010.flac,7021,Clean,clean,0.888095238095238,"[0.75,1.00]",True,True,True,0.0035714285714286698,True,True,True,503,492,491,True,True
1102,LibriSpeech:test:Transport_noise:-5:8224-274384-0002,test-clean/8224/274384/8224-274384-0002.flac,8224,Transport_noise,-5,0.8916666666666667,"[0.75,1.00]",1098,LibriSpeech:test:Transport_noise:-5:7021-79730-0001,test-clean/7021/79730/7021-79730-0001.flac,7021,Transport_noise,-5,0.9140625,"[0.75,1.00]",True,True,True,0.02239583333333328,True,True,True,101,492,491,True,True
1102,LibriSpeech:test:Transport_noise:-5:8224-274384-0002,test-clean/8224/274384/8224-274384-0002.flac,8224,Transport_noise,-5,0.8916666666666667,"[0.75,1.00]",1098,LibriSpeech:test:Transport_noise:-5:7021-79730-0001,test-clean/7021/79730/7021-79730-0001.flac,7021,Transport_noise,-5,0.9140625,"[0.75,1.00]",True,True,True,0.02239583333333328,True,True,True,211,492,491,True,True
1102,LibriSpeech:test:Transport_noise:-5:8224-274384-0002,test-clean/8224/274384/8224-274384-0002.flac,8224,Transport_noise,-5,0.8916666666666667,"[0.75,1.00]",1098,LibriSpeech:test:Transport_noise:-5:7021-79730-0001,test-clean/7021/79730/7021-79730-0001.flac,7021,Transport_noise,-5,0.9140625,"[0.75,1.00]",True,True,True,0.02239583333333328,True,True,True,307,492,491,True,True
1102,LibriSpeech:test:Transport_noise:-5:8224-274384-0002,test-clean/8224/274384/8224-274384-0002.flac,8224,Transport_noise,-5,0.8916666666666667,"[0.75,1.00]",1098,LibriSpeech:test:Transport_noise:-5:7021-79730-0001,test-clean/7021/79730/7021-79730-0001.flac,7021,Transport_noise,-5,0.9140625,"[0.75,1.00]",True,True,True,0.02239583333333328,True,True,True,401,492,491,True,True
1102,LibriSpeech:test:Transport_noise:-5:8224-274384-0002,test-clean/8224/274384/8224-274384-0002.flac,8224,Transport_noise,-5,0.8916666666666667,"[0.75,1.00]",1098,LibriSpeech:test:Transport_noise:-5:7021-79730-0001,test-clean/7021/79730/7021-79730-0001.flac,7021,Transport_noise,-5,0.9140625,"[0.75,1.00]",True,True,True,0.02239583333333328,True,True,True,503,492,491,True,True
1108,LibriSpeech:test:Transport_noise:0:121-121726-0001,test-clean/121/121726/121-121726-0001.flac,121,Transport_noise,0,0.8815165876777251,"[0.75,1.00]",1124,LibriSpeech:test:Transport_noise:0:7021-85628-0010,test-clean/7021/85628/7021-85628-0010.flac,7021,Transport_noise,0,0.888095238095238,"[0.75,1.00]",True,True,True,0.006578650417512932,True,True,True,101,492,491,True,True
1108,LibriSpeech:test:Transport_noise:0:121-121726-0001,test-clean/121/121726/121-121726-0001.flac,121,Transport_noise,0,0.8815165876777251,"[0.75,1.00]",1124,LibriSpeech:test:Transport_noise:0:7021-85628-0010,test-clean/7021/85628/7021-85628-0010.flac,7021,Transport_noise,0,0.888095238095238,"[0.75,1.00]",True,True,True,0.006578650417512932,True,True,True,211,492,491,True,True
1108,LibriSpeech:test:Transport_noise:0:121-121726-0001,test-clean/121/121726/121-121726-0001.flac,121,Transport_noise,0,0.8815165876777251,"[0.75,1.00]",1124,LibriSpeech:test:Transport_noise:0:7021-85628-0010,test-clean/7021/85628/7021-85628-0010.flac,7021,Transport_noise,0,0.888095238095238,"[0.75,1.00]",True,True,True,0.006578650417512932,True,True,True,307,492,491,True,True
1108,LibriSpeech:test:Transport_noise:0:121-121726-0001,test-clean/121/121726/121-121726-0001.flac,121,Transport_noise,0,0.8815165876777251,"[0.75,1.00]",1124,LibriSpeech:test:Transport_noise:0:7021-85628-0010,test-clean/7021/85628/7021-85628-0010.flac,7021,Transport_noise,0,0.888095238095238,"[0.75,1.00]",True,True,True,0.006578650417512932,True,True,True,401,492,491,True,True
1108,LibriSpeech:test:Transport_noise:0:121-121726-0001,test-clean/121/121726/121-121726-0001.flac,121,Transport_noise,0,0.8815165876777251,"[0.75,1.00]",1124,LibriSpeech:test:Transport_noise:0:7021-85628-0010,test-clean/7021/85628/7021-85628-0010.flac,7021,Transport_noise,0,0.888095238095238,"[0.75,1.00]",True,True,True,0.006578650417512932,True,True,True,503,492,491,True,True
1109,LibriSpeech:test:Transport_noise:0:121-127105-0026,test-clean/121/127105/121-127105-0026.flac,121,Transport_noise,0,0.8494623655913979,"[0.75,1.00]",1108,LibriSpeech:test:Transport_noise:0:121-121726-0001,test-clean/121/121726/121-121726-0001.flac,121,Transport_noise,0,0.8815165876777251,"[0.75,1.00]",True,True,True,0.032054222086327244,True,False,True,101,492,491,True,True
1109,LibriSpeech:test:Transport_noise:0:121-127105-0026,test-clean/121/127105/121-127105-0026.flac,121,Transport_noise,0,0.8494623655913979,"[0.75,1.00]",1108,LibriSpeech:test:Transport_noise:0:121-121726-0001,test-clean/121/121726/121-121726-0001.flac,121,Transport_noise,0,0.8815165876777251,"[0.75,1.00]",True,True,True,0.032054222086327244,True,False,True,211,492,491,True,True
1109,LibriSpeech:test:Transport_noise:0:121-127105-0026,test-clean/121/127105/121-127105-0026.flac,121,Transport_noise,0,0.8494623655913979,"[0.75,1.00]",1108,LibriSpeech:test:Transport_noise:0:121-121726-0001,test-clean/121/121726/121-121726-0001.flac,121,Transport_noise,0,0.8815165876777251,"[0.75,1.00]",True,True,True,0.032054222086327244,True,False,True,307,492,491,True,True
1109,LibriSpeech:test:Transport_noise:0:121-127105-0026,test-clean/121/127105/121-127105-0026.flac,121,Transport_noise,0,0.8494623655913979,"[0.75,1.00]",1108,LibriSpeech:test:Transport_noise:0:121-121726-0001,test-clean/121/121726/121-121726-0001.flac,121,Transport_noise,0,0.8815165876777251,"[0.75,1.00]",True,True,True,0.032054222086327244,True,False,True,401,492,491,True,True
1109,LibriSpeech:test:Transport_noise:0:121-127105-0026,test-clean/121/127105/121-127105-0026.flac,121,Transport_noise,0,0.8494623655913979,"[0.75,1.00]",1108,LibriSpeech:test:Transport_noise:0:121-121726-0001,test-clean/121/121726/121-121726-0001.flac,121,Transport_noise,0,0.8815165876777251,"[0.75,1.00]",True,True,True,0.032054222086327244,True,False,True,503,492,491,True,True
1110,LibriSpeech:test:Transport_noise:0:1320-122617-0028,test-clean/1320/122617/1320-122617-0028.flac,1320,Transport_noise,0,0.90311986863711,"[0.75,1.00]",1123,LibriSpeech:test:Transport_noise:0:6930-81414-0009,test-clean/6930/81414/6930-81414-0009.flac,6930,Transport_noise,0,0.8963414634146342,"[0.75,1.00]",True,True,True,0.006778405222475858,True,True,True,101,492,491,True,True
1110,LibriSpeech:test:Transport_noise:0:1320-122617-0028,test-clean/1320/122617/1320-122617-0028.flac,1320,Transport_noise,0,0.90311986863711,"[0.75,1.00]",1123,LibriSpeech:test:Transport_noise:0:6930-81414-0009,test-clean/6930/81414/6930-81414-0009.flac,6930,Transport_noise,0,0.8963414634146342,"[0.75,1.00]",True,True,True,0.006778405222475858,True,True,True,211,492,491,True,True
1110,LibriSpeech:test:Transport_noise:0:1320-122617-0028,test-clean/1320/122617/1320-122617-0028.flac,1320,Transport_noise,0,0.90311986863711,"[0.75,1.00]",1123,LibriSpeech:test:Transport_noise:0:6930-81414-0009,test-clean/6930/81414/6930-81414-0009.flac,6930,Transport_noise,0,0.8963414634146342,"[0.75,1.00]",True,True,True,0.006778405222475858,True,True,True,307,492,491,True,True
1110,LibriSpeech:test:Transport_noise:0:1320-122617-0028,test-clean/1320/122617/1320-122617-0028.flac,1320,Transport_noise,0,0.90311986863711,"[0.75,1.00]",1123,LibriSpeech:test:Transport_noise:0:6930-81414-0009,test-clean/6930/81414/6930-81414-0009.flac,6930,Transport_noise,0,0.8963414634146342,"[0.75,1.00]",True,True,True,0.006778405222475858,True,True,True,401,492,491,True,True
1110,LibriSpeech:test:Transport_noise:0:1320-122617-0028,test-clean/1320/122617/1320-122617-0028.flac,1320,Transport_noise,0,0.90311986863711,"[0.75,1.00]",1123,LibriSpeech:test:Transport_noise:0:6930-81414-0009,test-clean/6930/81414/6930-81414-0009.flac,6930,Transport_noise,0,0.8963414634146342,"[0.75,1.00]",True,True,True,0.006778405222475858,True,True,True,503,492,491,True,True
1112,LibriSpeech:test:Transport_noise:0:1995-1837-0029,test-clean/1995/1837/1995-1837-0029.flac,1995,Transport_noise,0,0.9265536723163842,"[0.75,1.00]",1127,LibriSpeech:test:Transport_noise:0:8230-279154-0028,test-clean/8230/279154/8230-279154-0028.flac,8230,Transport_noise,0,0.92,"[0.75,1.00]",True,True,True,0.0065536723163841515,True,True,True,101,492,491,True,True
1112,LibriSpeech:test:Transport_noise:0:1995-1837-0029,test-clean/1995/1837/1995-1837-0029.flac,1995,Transport_noise,0,0.9265536723163842,"[0.75,1.00]",1127,LibriSpeech:test:Transport_noise:0:8230-279154-0028,test-clean/8230/279154/8230-279154-0028.flac,8230,Transport_noise,0,0.92,"[0.75,1.00]",True,True,True,0.0065536723163841515,True,True,True,211,492,491,True,True
1112,LibriSpeech:test:Transport_noise:0:1995-1837-0029,test-clean/1995/1837/1995-1837-0029.flac,1995,Transport_noise,0,0.9265536723163842,"[0.75,1.00]",1127,LibriSpeech:test:Transport_noise:0:8230-279154-0028,test-clean/8230/279154/8230-279154-0028.flac,8230,Transport_noise,0,0.92,"[0.75,1.00]",True,True,True,0.0065536723163841515,True,True,True,307,492,491,True,True
1112,LibriSpeech:test:Transport_noise:0:1995-1837-0029,test-clean/1995/1837/1995-1837-0029.flac,1995,Transport_noise,0,0.9265536723163842,"[0.75,1.00]",1127,LibriSpeech:test:Transport_noise:0:8230-279154-0028,test-clean/8230/279154/8230-279154-0028.flac,8230,Transport_noise,0,0.92,"[0.75,1.00]",True,True,True,0.0065536723163841515,True,True,True,401,492,491,True,True
1112,LibriSpeech:test:Transport_noise:0:1995-1837-0029,test-clean/1995/1837/1995-1837-0029.flac,1995,Transport_noise,0,0.9265536723163842,"[0.75,1.00]",1127,LibriSpeech:test:Transport_noise:0:8230-279154-0028,test-clean/8230/279154/8230-279154-0028.flac,8230,Transport_noise,0,0.92,"[0.75,1.00]",True,True,True,0.0065536723163841515,True,True,True,503,492,491,True,True
1113,LibriSpeech:test:Transport_noise:0:2094-142345-0059,test-clean/2094/142345/2094-142345-0059.flac,2094,Transport_noise,0,0.8032258064516129,"[0.75,1.00]",1109,LibriSpeech:test:Transport_noise:0:121-127105-0026,test-clean/121/127105/121-127105-0026.flac,121,Transport_noise,0,0.8494623655913979,"[0.75,1.00]",True,True,True,0.04623655913978497,True,True,True,101,492,491,True,True
1113,LibriSpeech:test:Transport_noise:0:2094-142345-0059,test-clean/2094/142345/2094-142345-0059.flac,2094,Transport_noise,0,0.8032258064516129,"[0.75,1.00]",1109,LibriSpeech:test:Transport_noise:0:121-127105-0026,test-clean/121/127105/121-127105-0026.flac,121,Transport_noise,0,0.8494623655913979,"[0.75,1.00]",True,True,True,0.04623655913978497,True,True,True,211,492,491,True,True
1113,LibriSpeech:test:Transport_noise:0:2094-142345-0059,test-clean/2094/142345/2094-142345-0059.flac,2094,Transport_noise,0,0.8032258064516129,"[0.75,1.00]",1109,LibriSpeech:test:Transport_noise:0:121-127105-0026,test-clean/121/127105/121-127105-0026.flac,121,Transport_noise,0,0.8494623655913979,"[0.75,1.00]",True,True,True,0.04623655913978497,True,True,True,307,492,491,True,True
1113,LibriSpeech:test:Transport_noise:0:2094-142345-0059,test-clean/2094/142345/2094-142345-0059.flac,2094,Transport_noise,0,0.8032258064516129,"[0.75,1.00]",1109,LibriSpeech:test:Transport_noise:0:121-127105-0026,test-clean/121/127105/121-127105-0026.flac,121,Transport_noise,0,0.8494623655913979,"[0.75,1.00]",True,True,True,0.04623655913978497,True,True,True,401,492,491,True,True
1113,LibriSpeech:test:Transport_noise:0:2094-142345-0059,test-clean/2094/142345/2094-142345-0059.flac,2094,Transport_noise,0,0.8032258064516129,"[0.75,1.00]",1109,LibriSpeech:test:Transport_noise:0:121-127105-0026,test-clean/121/127105/121-127105-0026.flac,121,Transport_noise,0,0.8494623655913979,"[0.75,1.00]",True,True,True,0.04623655913978497,True,True,True,503,492,491,True,True
1123,LibriSpeech:test:Transport_noise:0:6930-81414-0009,test-clean/6930/81414/6930-81414-0009.flac,6930,Transport_noise,0,0.8963414634146342,"[0.75,1.00]",1110,LibriSpeech:test:Transport_noise:0:1320-122617-0028,test-clean/1320/122617/1320-122617-0028.flac,1320,Transport_noise,0,0.90311986863711,"[0.75,1.00]",True,True,True,0.006778405222475858,True,True,True,101,492,491,True,True
1123,LibriSpeech:test:Transport_noise:0:6930-81414-0009,test-clean/6930/81414/6930-81414-0009.flac,6930,Transport_noise,0,0.8963414634146342,"[0.75,1.00]",1110,LibriSpeech:test:Transport_noise:0:1320-122617-0028,test-clean/1320/122617/1320-122617-0028.flac,1320,Transport_noise,0,0.90311986863711,"[0.75,1.00]",True,True,True,0.006778405222475858,True,True,True,211,492,491,True,True
1123,LibriSpeech:test:Transport_noise:0:6930-81414-0009,test-clean/6930/81414/6930-81414-0009.flac,6930,Transport_noise,0,0.8963414634146342,"[0.75,1.00]",1110,LibriSpeech:test:Transport_noise:0:1320-122617-0028,test-clean/1320/122617/1320-122617-0028.flac,1320,Transport_noise,0,0.90311986863711,"[0.75,1.00]",True,True,True,0.006778405222475858,True,True,True,307,492,491,True,True
1123,LibriSpeech:test:Transport_noise:0:6930-81414-0009,test-clean/6930/81414/6930-81414-0009.flac,6930,Transport_noise,0,0.8963414634146342,"[0.75,1.00]",1110,LibriSpeech:test:Transport_noise:0:1320-122617-0028,test-clean/1320/122617/1320-122617-0028.flac,1320,Transport_noise,0,0.90311986863711,"[0.75,1.00]",True,True,True,0.006778405222475858,True,True,True,401,492,491,True,True
1123,LibriSpeech:test:Transport_noise:0:6930-81414-0009,test-clean/6930/81414/6930-81414-0009.flac,6930,Transport_noise,0,0.8963414634146342,"[0.75,1.00]",1110,LibriSpeech:test:Transport_noise:0:1320-122617-0028,test-clean/1320/122617/1320-122617-0028.flac,1320,Transport_noise,0,0.90311986863711,"[0.75,1.00]",True,True,True,0.006778405222475858,True,True,True,503,492,491,True,True
1124,LibriSpeech:test:Transport_noise:0:7021-85628-0010,test-clean/7021/85628/7021-85628-0010.flac,7021,Transport_noise,0,0.888095238095238,"[0.75,1.00]",1108,LibriSpeech:test:Transport_noise:0:121-121726-0001,test-clean/121/121726/121-121726-0001.flac,121,Transport_noise,0,0.8815165876777251,"[0.75,1.00]",True,True,True,0.006578650417512932,True,True,True,101,492,491,True,True
1124,LibriSpeech:test:Transport_noise:0:7021-85628-0010,test-clean/7021/85628/7021-85628-0010.flac,7021,Transport_noise,0,0.888095238095238,"[0.75,1.00]",1108,LibriSpeech:test:Transport_noise:0:121-121726-0001,test-clean/121/121726/121-121726-0001.flac,121,Transport_noise,0,0.8815165876777251,"[0.75,1.00]",True,True,True,0.006578650417512932,True,True,True,211,492,491,True,True
1124,LibriSpeech:test:Transport_noise:0:7021-85628-0010,test-clean/7021/85628/7021-85628-0010.flac,7021,Transport_noise,0,0.888095238095238,"[0.75,1.00]",1108,LibriSpeech:test:Transport_noise:0:121-121726-0001,test-clean/121/121726/121-121726-0001.flac,121,Transport_noise,0,0.8815165876777251,"[0.75,1.00]",True,True,True,0.006578650417512932,True,True,True,307,492,491,True,True
1124,LibriSpeech:test:Transport_noise:0:7021-85628-0010,test-clean/7021/85628/7021-85628-0010.flac,7021,Transport_noise,0,0.888095238095238,"[0.75,1.00]",1108,LibriSpeech:test:Transport_noise:0:121-121726-0001,test-clean/121/121726/121-121726-0001.flac,121,Transport_noise,0,0.8815165876777251,"[0.75,1.00]",True,True,True,0.006578650417512932,True,True,True,401,492,491,True,True
1124,LibriSpeech:test:Transport_noise:0:7021-85628-0010,test-clean/7021/85628/7021-85628-0010.flac,7021,Transport_noise,0,0.888095238095238,"[0.75,1.00]",1108,LibriSpeech:test:Transport_noise:0:121-121726-0001,test-clean/121/121726/121-121726-0001.flac,121,Transport_noise,0,0.8815165876777251,"[0.75,1.00]",True,True,True,0.006578650417512932,True,True,True,503,492,491,True,True
1127,LibriSpeech:test:Transport_noise:0:8230-279154-0028,test-clean/8230/279154/8230-279154-0028.flac,8230,Transport_noise,0,0.92,"[0.75,1.00]",1112,LibriSpeech:test:Transport_noise:0:1995-1837-0029,test-clean/1995/1837/1995-1837-0029.flac,1995,Transport_noise,0,0.9265536723163842,"[0.75,1.00]",True,True,True,0.0065536723163841515,True,True,True,101,492,491,True,True
1127,LibriSpeech:test:Transport_noise:0:8230-279154-0028,test-clean/8230/279154/8230-279154-0028.flac,8230,Transport_noise,0,0.92,"[0.75,1.00]",1112,LibriSpeech:test:Transport_noise:0:1995-1837-0029,test-clean/1995/1837/1995-1837-0029.flac,1995,Transport_noise,0,0.9265536723163842,"[0.75,1.00]",True,True,True,0.0065536723163841515,True,True,True,211,492,491,True,True
1127,LibriSpeech:test:Transport_noise:0:8230-279154-0028,test-clean/8230/279154/8230-279154-0028.flac,8230,Transport_noise,0,0.92,"[0.75,1.00]",1112,LibriSpeech:test:Transport_noise:0:1995-1837-0029,test-clean/1995/1837/1995-1837-0029.flac,1995,Transport_noise,0,0.9265536723163842,"[0.75,1.00]",True,True,True,0.0065536723163841515,True,True,True,307,492,491,True,True
1127,LibriSpeech:test:Transport_noise:0:8230-279154-0028,test-clean/8230/279154/8230-279154-0028.flac,8230,Transport_noise,0,0.92,"[0.75,1.00]",1112,LibriSpeech:test:Transport_noise:0:1995-1837-0029,test-clean/1995/1837/1995-1837-0029.flac,1995,Transport_noise,0,0.9265536723163842,"[0.75,1.00]",True,True,True,0.0065536723163841515,True,True,True,401,492,491,True,True
1127,LibriSpeech:test:Transport_noise:0:8230-279154-0028,test-clean/8230/279154/8230-279154-0028.flac,8230,Transport_noise,0,0.92,"[0.75,1.00]",1112,LibriSpeech:test:Transport_noise:0:1995-1837-0029,test-clean/1995/1837/1995-1837-0029.flac,1995,Transport_noise,0,0.9265536723163842,"[0.75,1.00]",True,True,True,0.0065536723163841515,True,True,True,503,492,491,True,True
1128,LibriSpeech:test:Transport_noise:0:908-157963-0027,test-clean/908/157963/908-157963-0027.flac,908,Transport_noise,0,0.7163120567375887,"[0.50,0.75)",1113,LibriSpeech:test:Transport_noise:0:2094-142345-0059,test-clean/2094/142345/2094-142345-0059.flac,2094,Transport_noise,0,0.8032258064516129,"[0.75,1.00]",True,True,False,0.08691374971402421,True,True,True,101,492,491,True,True
1128,LibriSpeech:test:Transport_noise:0:908-157963-0027,test-clean/908/157963/908-157963-0027.flac,908,Transport_noise,0,0.7163120567375887,"[0.50,0.75)",1113,LibriSpeech:test:Transport_noise:0:2094-142345-0059,test-clean/2094/142345/2094-142345-0059.flac,2094,Transport_noise,0,0.8032258064516129,"[0.75,1.00]",True,True,False,0.08691374971402421,True,True,True,211,492,491,True,True
1128,LibriSpeech:test:Transport_noise:0:908-157963-0027,test-clean/908/157963/908-157963-0027.flac,908,Transport_noise,0,0.7163120567375887,"[0.50,0.75)",1113,LibriSpeech:test:Transport_noise:0:2094-142345-0059,test-clean/2094/142345/2094-142345-0059.flac,2094,Transport_noise,0,0.8032258064516129,"[0.75,1.00]",True,True,False,0.08691374971402421,True,True,True,307,492,491,True,True
1128,LibriSpeech:test:Transport_noise:0:908-157963-0027,test-clean/908/157963/908-157963-0027.flac,908,Transport_noise,0,0.7163120567375887,"[0.50,0.75)",1113,LibriSpeech:test:Transport_noise:0:2094-142345-0059,test-clean/2094/142345/2094-142345-0059.flac,2094,Transport_noise,0,0.8032258064516129,"[0.75,1.00]",True,True,False,0.08691374971402421,True,True,True,401,492,491,True,True
1128,LibriSpeech:test:Transport_noise:0:908-157963-0027,test-clean/908/157963/908-157963-0027.flac,908,Transport_noise,0,0.7163120567375887,"[0.50,0.75)",1113,LibriSpeech:test:Transport_noise:0:2094-142345-0059,test-clean/2094/142345/2094-142345-0059.flac,2094,Transport_noise,0,0.8032258064516129,"[0.75,1.00]",True,True,False,0.08691374971402421,True,True,True,503,492,491,True,True
1129,LibriSpeech:test:Transport_noise:5:121-127105-0006,test-clean/121/127105/121-127105-0006.flac,121,Transport_noise,5,0.46153846153846156,"[0.25,0.50)",1133,LibriSpeech:test:Transport_noise:5:2094-142345-0029,test-clean/2094/142345/2094-142345-0029.flac,2094,Transport_noise,5,0.7494692144373672,"[0.50,0.75)",True,True,False,0.2879307528989057,True,True,True,101,492,491,True,True
1129,LibriSpeech:test:Transport_noise:5:121-127105-0006,test-clean/121/127105/121-127105-0006.flac,121,Transport_noise,5,0.46153846153846156,"[0.25,0.50)",1133,LibriSpeech:test:Transport_noise:5:2094-142345-0029,test-clean/2094/142345/2094-142345-0029.flac,2094,Transport_noise,5,0.7494692144373672,"[0.50,0.75)",True,True,False,0.2879307528989057,True,True,True,211,492,491,True,True
1129,LibriSpeech:test:Transport_noise:5:121-127105-0006,test-clean/121/127105/121-127105-0006.flac,121,Transport_noise,5,0.46153846153846156,"[0.25,0.50)",1133,LibriSpeech:test:Transport_noise:5:2094-142345-0029,test-clean/2094/142345/2094-142345-0029.flac,2094,Transport_noise,5,0.7494692144373672,"[0.50,0.75)",True,True,False,0.2879307528989057,True,True,True,307,492,491,True,True
1129,LibriSpeech:test:Transport_noise:5:121-127105-0006,test-clean/121/127105/121-127105-0006.flac,121,Transport_noise,5,0.46153846153846156,"[0.25,0.50)",1133,LibriSpeech:test:Transport_noise:5:2094-142345-0029,test-clean/2094/142345/2094-142345-0029.flac,2094,Transport_noise,5,0.7494692144373672,"[0.50,0.75)",True,True,False,0.2879307528989057,True,True,True,401,492,491,True,True
1129,LibriSpeech:test:Transport_noise:5:121-127105-0006,test-clean/121/127105/121-127105-0006.flac,121,Transport_noise,5,0.46153846153846156,"[0.25,0.50)",1133,LibriSpeech:test:Transport_noise:5:2094-142345-0029,test-clean/2094/142345/2094-142345-0029.flac,2094,Transport_noise,5,0.7494692144373672,"[0.50,0.75)",True,True,False,0.2879307528989057,True,True,True,503,492,491,True,True
1130,LibriSpeech:test:Transport_noise:5:1320-122612-0005,test-clean/1320/122612/1320-122612-0005.flac,1320,Transport_noise,5,0.9142857142857143,"[0.75,1.00]",1150,LibriSpeech:test:Transport_noise:5:8463-294828-0038,test-clean/8463/294828/8463-294828-0038.flac,8463,Transport_noise,5,0.9142550911039657,"[0.75,1.00]",True,True,True,3.062318174851253e-05,True,True,True,101,492,491,True,True
1130,LibriSpeech:test:Transport_noise:5:1320-122612-0005,test-clean/1320/122612/1320-122612-0005.flac,1320,Transport_noise,5,0.9142857142857143,"[0.75,1.00]",1150,LibriSpeech:test:Transport_noise:5:8463-294828-0038,test-clean/8463/294828/8463-294828-0038.flac,8463,Transport_noise,5,0.9142550911039657,"[0.75,1.00]",True,True,True,3.062318174851253e-05,True,True,True,211,492,491,True,True
1130,LibriSpeech:test:Transport_noise:5:1320-122612-0005,test-clean/1320/122612/1320-122612-0005.flac,1320,Transport_noise,5,0.9142857142857143,"[0.75,1.00]",1150,LibriSpeech:test:Transport_noise:5:8463-294828-0038,test-clean/8463/294828/8463-294828-0038.flac,8463,Transport_noise,5,0.9142550911039657,"[0.75,1.00]",True,True,True,3.062318174851253e-05,True,True,True,307,492,491,True,True
1130,LibriSpeech:test:Transport_noise:5:1320-122612-0005,test-clean/1320/122612/1320-122612-0005.flac,1320,Transport_noise,5,0.9142857142857143,"[0.75,1.00]",1150,LibriSpeech:test:Transport_noise:5:8463-294828-0038,test-clean/8463/294828/8463-294828-0038.flac,8463,Transport_noise,5,0.9142550911039657,"[0.75,1.00]",True,True,True,3.062318174851253e-05,True,True,True,401,492,491,True,True
1130,LibriSpeech:test:Transport_noise:5:1320-122612-0005,test-clean/1320/122612/1320-122612-0005.flac,1320,Transport_noise,5,0.9142857142857143,"[0.75,1.00]",1150,LibriSpeech:test:Transport_noise:5:8463-294828-0038,test-clean/8463/294828/8463-294828-0038.flac,8463,Transport_noise,5,0.9142550911039657,"[0.75,1.00]",True,True,True,3.062318174851253e-05,True,True,True,503,492,491,True,True
1132,LibriSpeech:test:Transport_noise:5:2094-142345-0009,test-clean/2094/142345/2094-142345-0009.flac,2094,Transport_noise,5,0.8092540132200189,"[0.75,1.00]",1134,LibriSpeech:test:Transport_noise:5:2094-142345-0059,test-clean/2094/142345/2094-142345-0059.flac,2094,Transport_noise,5,0.8032258064516129,"[0.75,1.00]",True,True,True,0.006028206768405986,True,False,True,101,492,491,True,True
1132,LibriSpeech:test:Transport_noise:5:2094-142345-0009,test-clean/2094/142345/2094-142345-0009.flac,2094,Transport_noise,5,0.8092540132200189,"[0.75,1.00]",1134,LibriSpeech:test:Transport_noise:5:2094-142345-0059,test-clean/2094/142345/2094-142345-0059.flac,2094,Transport_noise,5,0.8032258064516129,"[0.75,1.00]",True,True,True,0.006028206768405986,True,False,True,211,492,491,True,True
1132,LibriSpeech:test:Transport_noise:5:2094-142345-0009,test-clean/2094/142345/2094-142345-0009.flac,2094,Transport_noise,5,0.8092540132200189,"[0.75,1.00]",1134,LibriSpeech:test:Transport_noise:5:2094-142345-0059,test-clean/2094/142345/2094-142345-0059.flac,2094,Transport_noise,5,0.8032258064516129,"[0.75,1.00]",True,True,True,0.006028206768405986,True,False,True,307,492,491,True,True
1132,LibriSpeech:test:Transport_noise:5:2094-142345-0009,test-clean/2094/142345/2094-142345-0009.flac,2094,Transport_noise,5,0.8092540132200189,"[0.75,1.00]",1134,LibriSpeech:test:Transport_noise:5:2094-142345-0059,test-clean/2094/142345/2094-142345-0059.flac,2094,Transport_noise,5,0.8032258064516129,"[0.75,1.00]",True,True,True,0.006028206768405986,True,False,True,401,492,491,True,True
1132,LibriSpeech:test:Transport_noise:5:2094-142345-0009,test-clean/2094/142345/2094-142345-0009.flac,2094,Transport_noise,5,0.8092540132200189,"[0.75,1.00]",1134,LibriSpeech:test:Transport_noise:5:2094-142345-0059,test-clean/2094/142345/2094-142345-0059.flac,2094,Transport_noise,5,0.8032258064516129,"[0.75,1.00]",True,True,True,0.006028206768405986,True,False,True,503,492,491,True,True
1133,LibriSpeech:test:Transport_noise:5:2094-142345-0029,test-clean/2094/142345/2094-142345-0029.flac,2094,Transport_noise,5,0.7494692144373672,"[0.50,0.75)",1134,LibriSpeech:test:Transport_noise:5:2094-142345-0059,test-clean/2094/142345/2094-142345-0059.flac,2094,Transport_noise,5,0.8032258064516129,"[0.75,1.00]",True,True,False,0.05375659201424565,True,False,True,101,492,491,True,True
1133,LibriSpeech:test:Transport_noise:5:2094-142345-0029,test-clean/2094/142345/2094-142345-0029.flac,2094,Transport_noise,5,0.7494692144373672,"[0.50,0.75)",1134,LibriSpeech:test:Transport_noise:5:2094-142345-0059,test-clean/2094/142345/2094-142345-0059.flac,2094,Transport_noise,5,0.8032258064516129,"[0.75,1.00]",True,True,False,0.05375659201424565,True,False,True,211,492,491,True,True
1133,LibriSpeech:test:Transport_noise:5:2094-142345-0029,test-clean/2094/142345/2094-142345-0029.flac,2094,Transport_noise,5,0.7494692144373672,"[0.50,0.75)",1134,LibriSpeech:test:Transport_noise:5:2094-142345-0059,test-clean/2094/142345/2094-142345-0059.flac,2094,Transport_noise,5,0.8032258064516129,"[0.75,1.00]",True,True,False,0.05375659201424565,True,False,True,307,492,491,True,True
1133,LibriSpeech:test:Transport_noise:5:2094-142345-0029,test-clean/2094/142345/2094-142345-0029.flac,2094,Transport_noise,5,0.7494692144373672,"[0.50,0.75)",1134,LibriSpeech:test:Transport_noise:5:2094-142345-0059,test-clean/2094/142345/2094-142345-0059.flac,2094,Transport_noise,5,0.8032258064516129,"[0.75,1.00]",True,True,False,0.05375659201424565,True,False,True,401,492,491,True,True
1133,LibriSpeech:test:Transport_noise:5:2094-142345-0029,test-clean/2094/142345/2094-142345-0029.flac,2094,Transport_noise,5,0.7494692144373672,"[0.50,0.75)",1134,LibriSpeech:test:Transport_noise:5:2094-142345-0059,test-clean/2094/142345/2094-142345-0059.flac,2094,Transport_noise,5,0.8032258064516129,"[0.75,1.00]",True,True,False,0.05375659201424565,True,False,True,503,492,491,True,True
1134,LibriSpeech:test:Transport_noise:5:2094-142345-0059,test-clean/2094/142345/2094-142345-0059.flac,2094,Transport_noise,5,0.8032258064516129,"[0.75,1.00]",1132,LibriSpeech:test:Transport_noise:5:2094-142345-0009,test-clean/2094/142345/2094-142345-0009.flac,2094,Transport_noise,5,0.8092540132200189,"[0.75,1.00]",True,True,True,0.006028206768405986,True,False,True,101,492,491,True,True
1134,LibriSpeech:test:Transport_noise:5:2094-142345-0059,test-clean/2094/142345/2094-142345-0059.flac,2094,Transport_noise,5,0.8032258064516129,"[0.75,1.00]",1132,LibriSpeech:test:Transport_noise:5:2094-142345-0009,test-clean/2094/142345/2094-142345-0009.flac,2094,Transport_noise,5,0.8092540132200189,"[0.75,1.00]",True,True,True,0.006028206768405986,True,False,True,211,492,491,True,True
1134,LibriSpeech:test:Transport_noise:5:2094-142345-0059,test-clean/2094/142345/2094-142345-0059.flac,2094,Transport_noise,5,0.8032258064516129,"[0.75,1.00]",1132,LibriSpeech:test:Transport_noise:5:2094-142345-0009,test-clean/2094/142345/2094-142345-0009.flac,2094,Transport_noise,5,0.8092540132200189,"[0.75,1.00]",True,True,True,0.006028206768405986,True,False,True,307,492,491,True,True
1134,LibriSpeech:test:Transport_noise:5:2094-142345-0059,test-clean/2094/142345/2094-142345-0059.flac,2094,Transport_noise,5,0.8032258064516129,"[0.75,1.00]",1132,LibriSpeech:test:Transport_noise:5:2094-142345-0009,test-clean/2094/142345/2094-142345-0009.flac,2094,Transport_noise,5,0.8092540132200189,"[0.75,1.00]",True,True,True,0.006028206768405986,True,False,True,401,492,491,True,True
1134,LibriSpeech:test:Transport_noise:5:2094-142345-0059,test-clean/2094/142345/2094-142345-0059.flac,2094,Transport_noise,5,0.8032258064516129,"[0.75,1.00]",1132,LibriSpeech:test:Transport_noise:5:2094-142345-0009,test-clean/2094/142345/2094-142345-0009.flac,2094,Transport_noise,5,0.8092540132200189,"[0.75,1.00]",True,True,True,0.006028206768405986,True,False,True,503,492,491,True,True
1139,LibriSpeech:test:Transport_noise:5:5142-33396-0048,test-clean/5142/33396/5142-33396-0048.flac,5142,Transport_noise,5,0.13333333333333333,"[0,0.25)",1129,LibriSpeech:test:Transport_noise:5:121-127105-0006,test-clean/121/127105/121-127105-0006.flac,121,Transport_noise,5,0.46153846153846156,"[0.25,0.50)",True,True,False,0.32820512820512826,True,True,True,101,492,491,True,True
1139,LibriSpeech:test:Transport_noise:5:5142-33396-0048,test-clean/5142/33396/5142-33396-0048.flac,5142,Transport_noise,5,0.13333333333333333,"[0,0.25)",1129,LibriSpeech:test:Transport_noise:5:121-127105-0006,test-clean/121/127105/121-127105-0006.flac,121,Transport_noise,5,0.46153846153846156,"[0.25,0.50)",True,True,False,0.32820512820512826,True,True,True,211,492,491,True,True
1139,LibriSpeech:test:Transport_noise:5:5142-33396-0048,test-clean/5142/33396/5142-33396-0048.flac,5142,Transport_noise,5,0.13333333333333333,"[0,0.25)",1129,LibriSpeech:test:Transport_noise:5:121-127105-0006,test-clean/121/127105/121-127105-0006.flac,121,Transport_noise,5,0.46153846153846156,"[0.25,0.50)",True,True,False,0.32820512820512826,True,True,True,307,492,491,True,True
1139,LibriSpeech:test:Transport_noise:5:5142-33396-0048,test-clean/5142/33396/5142-33396-0048.flac,5142,Transport_noise,5,0.13333333333333333,"[0,0.25)",1129,LibriSpeech:test:Transport_noise:5:121-127105-0006,test-clean/121/127105/121-127105-0006.flac,121,Transport_noise,5,0.46153846153846156,"[0.25,0.50)",True,True,False,0.32820512820512826,True,True,True,401,492,491,True,True
1139,LibriSpeech:test:Transport_noise:5:5142-33396-0048,test-clean/5142/33396/5142-33396-0048.flac,5142,Transport_noise,5,0.13333333333333333,"[0,0.25)",1129,LibriSpeech:test:Transport_noise:5:121-127105-0006,test-clean/121/127105/121-127105-0006.flac,121,Transport_noise,5,0.46153846153846156,"[0.25,0.50)",True,True,False,0.32820512820512826,True,True,True,503,492,491,True,True
1148,LibriSpeech:test:Transport_noise:5:8463-287645-0013,test-clean/8463/287645/8463-287645-0013.flac,8463,Transport_noise,5,0.9368421052631579,"[0.75,1.00]",1130,LibriSpeech:test:Transport_noise:5:1320-122612-0005,test-clean/1320/122612/1320-122612-0005.flac,1320,Transport_noise,5,0.9142857142857143,"[0.75,1.00]",True,True,True,0.022556390977443663,True,True,True,101,492,491,True,True
1148,LibriSpeech:test:Transport_noise:5:8463-287645-0013,test-clean/8463/287645/8463-287645-0013.flac,8463,Transport_noise,5,0.9368421052631579,"[0.75,1.00]",1130,LibriSpeech:test:Transport_noise:5:1320-122612-0005,test-clean/1320/122612/1320-122612-0005.flac,1320,Transport_noise,5,0.9142857142857143,"[0.75,1.00]",True,True,True,0.022556390977443663,True,True,True,211,492,491,True,True
1148,LibriSpeech:test:Transport_noise:5:8463-287645-0013,test-clean/8463/287645/8463-287645-0013.flac,8463,Transport_noise,5,0.9368421052631579,"[0.75,1.00]",1130,LibriSpeech:test:Transport_noise:5:1320-122612-0005,test-clean/1320/122612/1320-122612-0005.flac,1320,Transport_noise,5,0.9142857142857143,"[0.75,1.00]",True,True,True,0.022556390977443663,True,True,True,307,492,491,True,True
1148,LibriSpeech:test:Transport_noise:5:8463-287645-0013,test-clean/8463/287645/8463-287645-0013.flac,8463,Transport_noise,5,0.9368421052631579,"[0.75,1.00]",1130,LibriSpeech:test:Transport_noise:5:1320-122612-0005,test-clean/1320/122612/1320-122612-0005.flac,1320,Transport_noise,5,0.9142857142857143,"[0.75,1.00]",True,True,True,0.022556390977443663,True,True,True,401,492,491,True,True
1148,LibriSpeech:test:Transport_noise:5:8463-287645-0013,test-clean/8463/287645/8463-287645-0013.flac,8463,Transport_noise,5,0.9368421052631579,"[0.75,1.00]",1130,LibriSpeech:test:Transport_noise:5:1320-122612-0005,test-clean/1320/122612/1320-122612-0005.flac,1320,Transport_noise,5,0.9142857142857143,"[0.75,1.00]",True,True,True,0.022556390977443663,True,True,True,503,492,491,True,True
1149,LibriSpeech:test:Transport_noise:5:8463-294828-0028,test-clean/8463/294828/8463-294828-0028.flac,8463,Transport_noise,5,0.8658536585365854,"[0.75,1.00]",1150,LibriSpeech:test:Transport_noise:5:8463-294828-0038,test-clean/8463/294828/8463-294828-0038.flac,8463,Transport_noise,5,0.9142550911039657,"[0.75,1.00]",True,True,True,0.04840143256738039,True,False,True,101,492,491,True,True
1149,LibriSpeech:test:Transport_noise:5:8463-294828-0028,test-clean/8463/294828/8463-294828-0028.flac,8463,Transport_noise,5,0.8658536585365854,"[0.75,1.00]",1150,LibriSpeech:test:Transport_noise:5:8463-294828-0038,test-clean/8463/294828/8463-294828-0038.flac,8463,Transport_noise,5,0.9142550911039657,"[0.75,1.00]",True,True,True,0.04840143256738039,True,False,True,211,492,491,True,True
1149,LibriSpeech:test:Transport_noise:5:8463-294828-0028,test-clean/8463/294828/8463-294828-0028.flac,8463,Transport_noise,5,0.8658536585365854,"[0.75,1.00]",1150,LibriSpeech:test:Transport_noise:5:8463-294828-0038,test-clean/8463/294828/8463-294828-0038.flac,8463,Transport_noise,5,0.9142550911039657,"[0.75,1.00]",True,True,True,0.04840143256738039,True,False,True,307,492,491,True,True
1149,LibriSpeech:test:Transport_noise:5:8463-294828-0028,test-clean/8463/294828/8463-294828-0028.flac,8463,Transport_noise,5,0.8658536585365854,"[0.75,1.00]",1150,LibriSpeech:test:Transport_noise:5:8463-294828-0038,test-clean/8463/294828/8463-294828-0038.flac,8463,Transport_noise,5,0.9142550911039657,"[0.75,1.00]",True,True,True,0.04840143256738039,True,False,True,401,492,491,True,True
1149,LibriSpeech:test:Transport_noise:5:8463-294828-0028,test-clean/8463/294828/8463-294828-0028.flac,8463,Transport_noise,5,0.8658536585365854,"[0.75,1.00]",1150,LibriSpeech:test:Transport_noise:5:8463-294828-0038,test-clean/8463/294828/8463-294828-0038.flac,8463,Transport_noise,5,0.9142550911039657,"[0.75,1.00]",True,True,True,0.04840143256738039,True,False,True,503,492,491,True,True
1150,LibriSpeech:test:Transport_noise:5:8463-294828-0038,test-clean/8463/294828/8463-294828-0038.flac,8463,Transport_noise,5,0.9142550911039657,"[0.75,1.00]",1130,LibriSpeech:test:Transport_noise:5:1320-122612-0005,test-clean/1320/122612/1320-122612-0005.flac,1320,Transport_noise,5,0.9142857142857143,"[0.75,1.00]",True,True,True,3.062318174851253e-05,True,True,True,101,492,491,True,True
1150,LibriSpeech:test:Transport_noise:5:8463-294828-0038,test-clean/8463/294828/8463-294828-0038.flac,8463,Transport_noise,5,0.9142550911039657,"[0.75,1.00]",1130,LibriSpeech:test:Transport_noise:5:1320-122612-0005,test-clean/1320/122612/1320-122612-0005.flac,1320,Transport_noise,5,0.9142857142857143,"[0.75,1.00]",True,True,True,3.062318174851253e-05,True,True,True,211,492,491,True,True
1150,LibriSpeech:test:Transport_noise:5:8463-294828-0038,test-clean/8463/294828/8463-294828-0038.flac,8463,Transport_noise,5,0.9142550911039657,"[0.75,1.00]",1130,LibriSpeech:test:Transport_noise:5:1320-122612-0005,test-clean/1320/122612/1320-122612-0005.flac,1320,Transport_noise,5,0.9142857142857143,"[0.75,1.00]",True,True,True,3.062318174851253e-05,True,True,True,307,492,491,True,True
1150,LibriSpeech:test:Transport_noise:5:8463-294828-0038,test-clean/8463/294828/8463-294828-0038.flac,8463,Transport_noise,5,0.9142550911039657,"[0.75,1.00]",1130,LibriSpeech:test:Transport_noise:5:1320-122612-0005,test-clean/1320/122612/1320-122612-0005.flac,1320,Transport_noise,5,0.9142857142857143,"[0.75,1.00]",True,True,True,3.062318174851253e-05,True,True,True,401,492,491,True,True
1150,LibriSpeech:test:Transport_noise:5:8463-294828-0038,test-clean/8463/294828/8463-294828-0038.flac,8463,Transport_noise,5,0.9142550911039657,"[0.75,1.00]",1130,LibriSpeech:test:Transport_noise:5:1320-122612-0005,test-clean/1320/122612/1320-122612-0005.flac,1320,Transport_noise,5,0.9142857142857143,"[0.75,1.00]",True,True,True,3.062318174851253e-05,True,True,True,503,492,491,True,True
1153,LibriSpeech:test:Transport_noise:10:121-121726-0011,test-clean/121/121726/121-121726-0011.flac,121,Transport_noise,10,0.13636363636363635,"[0,0.25)",1154,LibriSpeech:test:Transport_noise:10:121-127105-0006,test-clean/121/127105/121-127105-0006.flac,121,Transport_noise,10,0.46153846153846156,"[0.25,0.50)",True,True,False,0.3251748251748252,True,False,True,101,492,491,True,True
1153,LibriSpeech:test:Transport_noise:10:121-121726-0011,test-clean/121/121726/121-121726-0011.flac,121,Transport_noise,10,0.13636363636363635,"[0,0.25)",1154,LibriSpeech:test:Transport_noise:10:121-127105-0006,test-clean/121/127105/121-127105-0006.flac,121,Transport_noise,10,0.46153846153846156,"[0.25,0.50)",True,True,False,0.3251748251748252,True,False,True,211,492,491,True,True
1153,LibriSpeech:test:Transport_noise:10:121-121726-0011,test-clean/121/121726/121-121726-0011.flac,121,Transport_noise,10,0.13636363636363635,"[0,0.25)",1154,LibriSpeech:test:Transport_noise:10:121-127105-0006,test-clean/121/127105/121-127105-0006.flac,121,Transport_noise,10,0.46153846153846156,"[0.25,0.50)",True,True,False,0.3251748251748252,True,False,True,307,492,491,True,True
1153,LibriSpeech:test:Transport_noise:10:121-121726-0011,test-clean/121/121726/121-121726-0011.flac,121,Transport_noise,10,0.13636363636363635,"[0,0.25)",1154,LibriSpeech:test:Transport_noise:10:121-127105-0006,test-clean/121/127105/121-127105-0006.flac,121,Transport_noise,10,0.46153846153846156,"[0.25,0.50)",True,True,False,0.3251748251748252,True,False,True,401,492,491,True,True
1153,LibriSpeech:test:Transport_noise:10:121-121726-0011,test-clean/121/121726/121-121726-0011.flac,121,Transport_noise,10,0.13636363636363635,"[0,0.25)",1154,LibriSpeech:test:Transport_noise:10:121-127105-0006,test-clean/121/127105/121-127105-0006.flac,121,Transport_noise,10,0.46153846153846156,"[0.25,0.50)",True,True,False,0.3251748251748252,True,False,True,503,492,491,True,True
1154,LibriSpeech:test:Transport_noise:10:121-127105-0006,test-clean/121/127105/121-127105-0006.flac,121,Transport_noise,10,0.46153846153846156,"[0.25,0.50)",1172,LibriSpeech:test:Transport_noise:10:908-157963-0017,test-clean/908/157963/908-157963-0017.flac,908,Transport_noise,10,0.6578947368421053,"[0.50,0.75)",True,True,False,0.19635627530364375,True,True,True,101,492,491,True,True
1154,LibriSpeech:test:Transport_noise:10:121-127105-0006,test-clean/121/127105/121-127105-0006.flac,121,Transport_noise,10,0.46153846153846156,"[0.25,0.50)",1172,LibriSpeech:test:Transport_noise:10:908-157963-0017,test-clean/908/157963/908-157963-0017.flac,908,Transport_noise,10,0.6578947368421053,"[0.50,0.75)",True,True,False,0.19635627530364375,True,True,True,211,492,491,True,True
1154,LibriSpeech:test:Transport_noise:10:121-127105-0006,test-clean/121/127105/121-127105-0006.flac,121,Transport_noise,10,0.46153846153846156,"[0.25,0.50)",1172,LibriSpeech:test:Transport_noise:10:908-157963-0017,test-clean/908/157963/908-157963-0017.flac,908,Transport_noise,10,0.6578947368421053,"[0.50,0.75)",True,True,False,0.19635627530364375,True,True,True,307,492,491,True,True
1154,LibriSpeech:test:Transport_noise:10:121-127105-0006,test-clean/121/127105/121-127105-0006.flac,121,Transport_noise,10,0.46153846153846156,"[0.25,0.50)",1172,LibriSpeech:test:Transport_noise:10:908-157963-0017,test-clean/908/157963/908-157963-0017.flac,908,Transport_noise,10,0.6578947368421053,"[0.50,0.75)",True,True,False,0.19635627530364375,True,True,True,401,492,491,True,True
1154,LibriSpeech:test:Transport_noise:10:121-127105-0006,test-clean/121/127105/121-127105-0006.flac,121,Transport_noise,10,0.46153846153846156,"[0.25,0.50)",1172,LibriSpeech:test:Transport_noise:10:908-157963-0017,test-clean/908/157963/908-157963-0017.flac,908,Transport_noise,10,0.6578947368421053,"[0.50,0.75)",True,True,False,0.19635627530364375,True,True,True,503,492,491,True,True
1157,LibriSpeech:test:Transport_noise:10:2094-142345-0059,test-clean/2094/142345/2094-142345-0059.flac,2094,Transport_noise,10,0.8032258064516129,"[0.75,1.00]",1158,LibriSpeech:test:Transport_noise:10:237-134500-0021,test-clean/237/134500/237-134500-0021.flac,237,Transport_noise,10,0.816793893129771,"[0.75,1.00]",True,True,True,0.01356808667815812,True,True,True,101,492,491,True,True
1157,LibriSpeech:test:Transport_noise:10:2094-142345-0059,test-clean/2094/142345/2094-142345-0059.flac,2094,Transport_noise,10,0.8032258064516129,"[0.75,1.00]",1158,LibriSpeech:test:Transport_noise:10:237-134500-0021,test-clean/237/134500/237-134500-0021.flac,237,Transport_noise,10,0.816793893129771,"[0.75,1.00]",True,True,True,0.01356808667815812,True,True,True,211,492,491,True,True
1157,LibriSpeech:test:Transport_noise:10:2094-142345-0059,test-clean/2094/142345/2094-142345-0059.flac,2094,Transport_noise,10,0.8032258064516129,"[0.75,1.00]",1158,LibriSpeech:test:Transport_noise:10:237-134500-0021,test-clean/237/134500/237-134500-0021.flac,237,Transport_noise,10,0.816793893129771,"[0.75,1.00]",True,True,True,0.01356808667815812,True,True,True,307,492,491,True,True
1157,LibriSpeech:test:Transport_noise:10:2094-142345-0059,test-clean/2094/142345/2094-142345-0059.flac,2094,Transport_noise,10,0.8032258064516129,"[0.75,1.00]",1158,LibriSpeech:test:Transport_noise:10:237-134500-0021,test-clean/237/134500/237-134500-0021.flac,237,Transport_noise,10,0.816793893129771,"[0.75,1.00]",True,True,True,0.01356808667815812,True,True,True,401,492,491,True,True
1157,LibriSpeech:test:Transport_noise:10:2094-142345-0059,test-clean/2094/142345/2094-142345-0059.flac,2094,Transport_noise,10,0.8032258064516129,"[0.75,1.00]",1158,LibriSpeech:test:Transport_noise:10:237-134500-0021,test-clean/237/134500/237-134500-0021.flac,237,Transport_noise,10,0.816793893129771,"[0.75,1.00]",True,True,True,0.01356808667815812,True,True,True,503,492,491,True,True
1158,LibriSpeech:test:Transport_noise:10:237-134500-0021,test-clean/237/134500/237-134500-0021.flac,237,Transport_noise,10,0.816793893129771,"[0.75,1.00]",1157,LibriSpeech:test:Transport_noise:10:2094-142345-0059,test-clean/2094/142345/2094-142345-0059.flac,2094,Transport_noise,10,0.8032258064516129,"[0.75,1.00]",True,True,True,0.01356808667815812,True,True,True,101,492,491,True,True
1158,LibriSpeech:test:Transport_noise:10:237-134500-0021,test-clean/237/134500/237-134500-0021.flac,237,Transport_noise,10,0.816793893129771,"[0.75,1.00]",1157,LibriSpeech:test:Transport_noise:10:2094-142345-0059,test-clean/2094/142345/2094-142345-0059.flac,2094,Transport_noise,10,0.8032258064516129,"[0.75,1.00]",True,True,True,0.01356808667815812,True,True,True,211,492,491,True,True
1158,LibriSpeech:test:Transport_noise:10:237-134500-0021,test-clean/237/134500/237-134500-0021.flac,237,Transport_noise,10,0.816793893129771,"[0.75,1.00]",1157,LibriSpeech:test:Transport_noise:10:2094-142345-0059,test-clean/2094/142345/2094-142345-0059.flac,2094,Transport_noise,10,0.8032258064516129,"[0.75,1.00]",True,True,True,0.01356808667815812,True,True,True,307,492,491,True,True
1158,LibriSpeech:test:Transport_noise:10:237-134500-0021,test-clean/237/134500/237-134500-0021.flac,237,Transport_noise,10,0.816793893129771,"[0.75,1.00]",1157,LibriSpeech:test:Transport_noise:10:2094-142345-0059,test-clean/2094/142345/2094-142345-0059.flac,2094,Transport_noise,10,0.8032258064516129,"[0.75,1.00]",True,True,True,0.01356808667815812,True,True,True,401,492,491,True,True
1158,LibriSpeech:test:Transport_noise:10:237-134500-0021,test-clean/237/134500/237-134500-0021.flac,237,Transport_noise,10,0.816793893129771,"[0.75,1.00]",1157,LibriSpeech:test:Transport_noise:10:2094-142345-0059,test-clean/2094/142345/2094-142345-0059.flac,2094,Transport_noise,10,0.8032258064516129,"[0.75,1.00]",True,True,True,0.01356808667815812,True,True,True,503,492,491,True,True
1164,LibriSpeech:test:Transport_noise:10:5142-36377-0009,test-clean/5142/36377/5142-36377-0009.flac,5142,Transport_noise,10,0.8646616541353384,"[0.75,1.00]",1169,LibriSpeech:test:Transport_noise:10:7021-79740-0001,test-clean/7021/79740/7021-79740-0001.flac,7021,Transport_noise,10,0.8577981651376146,"[0.75,1.00]",True,True,True,0.00686348899772371,True,True,True,101,492,491,True,True
1164,LibriSpeech:test:Transport_noise:10:5142-36377-0009,test-clean/5142/36377/5142-36377-0009.flac,5142,Transport_noise,10,0.8646616541353384,"[0.75,1.00]",1169,LibriSpeech:test:Transport_noise:10:7021-79740-0001,test-clean/7021/79740/7021-79740-0001.flac,7021,Transport_noise,10,0.8577981651376146,"[0.75,1.00]",True,True,True,0.00686348899772371,True,True,True,211,492,491,True,True
1164,LibriSpeech:test:Transport_noise:10:5142-36377-0009,test-clean/5142/36377/5142-36377-0009.flac,5142,Transport_noise,10,0.8646616541353384,"[0.75,1.00]",1169,LibriSpeech:test:Transport_noise:10:7021-79740-0001,test-clean/7021/79740/7021-79740-0001.flac,7021,Transport_noise,10,0.8577981651376146,"[0.75,1.00]",True,True,True,0.00686348899772371,True,True,True,307,492,491,True,True
1164,LibriSpeech:test:Transport_noise:10:5142-36377-0009,test-clean/5142/36377/5142-36377-0009.flac,5142,Transport_noise,10,0.8646616541353384,"[0.75,1.00]",1169,LibriSpeech:test:Transport_noise:10:7021-79740-0001,test-clean/7021/79740/7021-79740-0001.flac,7021,Transport_noise,10,0.8577981651376146,"[0.75,1.00]",True,True,True,0.00686348899772371,True,True,True,401,492,491,True,True
1164,LibriSpeech:test:Transport_noise:10:5142-36377-0009,test-clean/5142/36377/5142-36377-0009.flac,5142,Transport_noise,10,0.8646616541353384,"[0.75,1.00]",1169,LibriSpeech:test:Transport_noise:10:7021-79740-0001,test-clean/7021/79740/7021-79740-0001.flac,7021,Transport_noise,10,0.8577981651376146,"[0.75,1.00]",True,True,True,0.00686348899772371,True,True,True,503,492,491,True,True
1169,LibriSpeech:test:Transport_noise:10:7021-79740-0001,test-clean/7021/79740/7021-79740-0001.flac,7021,Transport_noise,10,0.8577981651376146,"[0.75,1.00]",1164,LibriSpeech:test:Transport_noise:10:5142-36377-0009,test-clean/5142/36377/5142-36377-0009.flac,5142,Transport_noise,10,0.8646616541353384,"[0.75,1.00]",True,True,True,0.00686348899772371,True,True,True,101,492,491,True,True
1169,LibriSpeech:test:Transport_noise:10:7021-79740-0001,test-clean/7021/79740/7021-79740-0001.flac,7021,Transport_noise,10,0.8577981651376146,"[0.75,1.00]",1164,LibriSpeech:test:Transport_noise:10:5142-36377-0009,test-clean/5142/36377/5142-36377-0009.flac,5142,Transport_noise,10,0.8646616541353384,"[0.75,1.00]",True,True,True,0.00686348899772371,True,True,True,211,492,491,True,True
1169,LibriSpeech:test:Transport_noise:10:7021-79740-0001,test-clean/7021/79740/7021-79740-0001.flac,7021,Transport_noise,10,0.8577981651376146,"[0.75,1.00]",1164,LibriSpeech:test:Transport_noise:10:5142-36377-0009,test-clean/5142/36377/5142-36377-0009.flac,5142,Transport_noise,10,0.8646616541353384,"[0.75,1.00]",True,True,True,0.00686348899772371,True,True,True,307,492,491,True,True
1169,LibriSpeech:test:Transport_noise:10:7021-79740-0001,test-clean/7021/79740/7021-79740-0001.flac,7021,Transport_noise,10,0.8577981651376146,"[0.75,1.00]",1164,LibriSpeech:test:Transport_noise:10:5142-36377-0009,test-clean/5142/36377/5142-36377-0009.flac,5142,Transport_noise,10,0.8646616541353384,"[0.75,1.00]",True,True,True,0.00686348899772371,True,True,True,401,492,491,True,True
1169,LibriSpeech:test:Transport_noise:10:7021-79740-0001,test-clean/7021/79740/7021-79740-0001.flac,7021,Transport_noise,10,0.8577981651376146,"[0.75,1.00]",1164,LibriSpeech:test:Transport_noise:10:5142-36377-0009,test-clean/5142/36377/5142-36377-0009.flac,5142,Transport_noise,10,0.8646616541353384,"[0.75,1.00]",True,True,True,0.00686348899772371,True,True,True,503,492,491,True,True
1172,LibriSpeech:test:Transport_noise:10:908-157963-0017,test-clean/908/157963/908-157963-0017.flac,908,Transport_noise,10,0.6578947368421053,"[0.50,0.75)",1157,LibriSpeech:test:Transport_noise:10:2094-142345-0059,test-clean/2094/142345/2094-142345-0059.flac,2094,Transport_noise,10,0.8032258064516129,"[0.75,1.00]",True,True,False,0.1453310696095076,True,True,True,101,492,491,True,True
1172,LibriSpeech:test:Transport_noise:10:908-157963-0017,test-clean/908/157963/908-157963-0017.flac,908,Transport_noise,10,0.6578947368421053,"[0.50,0.75)",1157,LibriSpeech:test:Transport_noise:10:2094-142345-0059,test-clean/2094/142345/2094-142345-0059.flac,2094,Transport_noise,10,0.8032258064516129,"[0.75,1.00]",True,True,False,0.1453310696095076,True,True,True,211,492,491,True,True
1172,LibriSpeech:test:Transport_noise:10:908-157963-0017,test-clean/908/157963/908-157963-0017.flac,908,Transport_noise,10,0.6578947368421053,"[0.50,0.75)",1157,LibriSpeech:test:Transport_noise:10:2094-142345-0059,test-clean/2094/142345/2094-142345-0059.flac,2094,Transport_noise,10,0.8032258064516129,"[0.75,1.00]",True,True,False,0.1453310696095076,True,True,True,307,492,491,True,True
1172,LibriSpeech:test:Transport_noise:10:908-157963-0017,test-clean/908/157963/908-157963-0017.flac,908,Transport_noise,10,0.6578947368421053,"[0.50,0.75)",1157,LibriSpeech:test:Transport_noise:10:2094-142345-0059,test-clean/2094/142345/2094-142345-0059.flac,2094,Transport_noise,10,0.8032258064516129,"[0.75,1.00]",True,True,False,0.1453310696095076,True,True,True,401,492,491,True,True
1172,LibriSpeech:test:Transport_noise:10:908-157963-0017,test-clean/908/157963/908-157963-0017.flac,908,Transport_noise,10,0.6578947368421053,"[0.50,0.75)",1157,LibriSpeech:test:Transport_noise:10:2094-142345-0059,test-clean/2094/142345/2094-142345-0059.flac,2094,Transport_noise,10,0.8032258064516129,"[0.75,1.00]",True,True,False,0.1453310696095076,True,True,True,503,492,491,True,True
1175,LibriSpeech:test:Transport_noise:15:1320-122617-0018,test-clean/1320/122617/1320-122617-0018.flac,1320,Transport_noise,15,0.8809523809523809,"[0.75,1.00]",1189,LibriSpeech:test:Transport_noise:15:7021-85628-0010,test-clean/7021/85628/7021-85628-0010.flac,7021,Transport_noise,15,0.888095238095238,"[0.75,1.00]",True,True,True,0.0071428571428571175,True,True,True,101,492,491,True,True
1175,LibriSpeech:test:Transport_noise:15:1320-122617-0018,test-clean/1320/122617/1320-122617-0018.flac,1320,Transport_noise,15,0.8809523809523809,"[0.75,1.00]",1189,LibriSpeech:test:Transport_noise:15:7021-85628-0010,test-clean/7021/85628/7021-85628-0010.flac,7021,Transport_noise,15,0.888095238095238,"[0.75,1.00]",True,True,True,0.0071428571428571175,True,True,True,211,492,491,True,True
1175,LibriSpeech:test:Transport_noise:15:1320-122617-0018,test-clean/1320/122617/1320-122617-0018.flac,1320,Transport_noise,15,0.8809523809523809,"[0.75,1.00]",1189,LibriSpeech:test:Transport_noise:15:7021-85628-0010,test-clean/7021/85628/7021-85628-0010.flac,7021,Transport_noise,15,0.888095238095238,"[0.75,1.00]",True,True,True,0.0071428571428571175,True,True,True,307,492,491,True,True
1175,LibriSpeech:test:Transport_noise:15:1320-122617-0018,test-clean/1320/122617/1320-122617-0018.flac,1320,Transport_noise,15,0.8809523809523809,"[0.75,1.00]",1189,LibriSpeech:test:Transport_noise:15:7021-85628-0010,test-clean/7021/85628/7021-85628-0010.flac,7021,Transport_noise,15,0.888095238095238,"[0.75,1.00]",True,True,True,0.0071428571428571175,True,True,True,401,492,491,True,True
1175,LibriSpeech:test:Transport_noise:15:1320-122617-0018,test-clean/1320/122617/1320-122617-0018.flac,1320,Transport_noise,15,0.8809523809523809,"[0.75,1.00]",1189,LibriSpeech:test:Transport_noise:15:7021-85628-0010,test-clean/7021/85628/7021-85628-0010.flac,7021,Transport_noise,15,0.888095238095238,"[0.75,1.00]",True,True,True,0.0071428571428571175,True,True,True,503,492,491,True,True
1178,LibriSpeech:test:Transport_noise:15:1995-1826-0001,test-clean/1995/1826/1995-1826-0001.flac,1995,Transport_noise,15,0.9009433962264151,"[0.75,1.00]",1189,LibriSpeech:test:Transport_noise:15:7021-85628-0010,test-clean/7021/85628/7021-85628-0010.flac,7021,Transport_noise,15,0.888095238095238,"[0.75,1.00]",True,True,True,0.012848158131177012,True,True,True,101,492,491,True,True
1178,LibriSpeech:test:Transport_noise:15:1995-1826-0001,test-clean/1995/1826/1995-1826-0001.flac,1995,Transport_noise,15,0.9009433962264151,"[0.75,1.00]",1189,LibriSpeech:test:Transport_noise:15:7021-85628-0010,test-clean/7021/85628/7021-85628-0010.flac,7021,Transport_noise,15,0.888095238095238,"[0.75,1.00]",True,True,True,0.012848158131177012,True,True,True,211,492,491,True,True
1178,LibriSpeech:test:Transport_noise:15:1995-1826-0001,test-clean/1995/1826/1995-1826-0001.flac,1995,Transport_noise,15,0.9009433962264151,"[0.75,1.00]",1189,LibriSpeech:test:Transport_noise:15:7021-85628-0010,test-clean/7021/85628/7021-85628-0010.flac,7021,Transport_noise,15,0.888095238095238,"[0.75,1.00]",True,True,True,0.012848158131177012,True,True,True,307,492,491,True,True
1178,LibriSpeech:test:Transport_noise:15:1995-1826-0001,test-clean/1995/1826/1995-1826-0001.flac,1995,Transport_noise,15,0.9009433962264151,"[0.75,1.00]",1189,LibriSpeech:test:Transport_noise:15:7021-85628-0010,test-clean/7021/85628/7021-85628-0010.flac,7021,Transport_noise,15,0.888095238095238,"[0.75,1.00]",True,True,True,0.012848158131177012,True,True,True,401,492,491,True,True
1178,LibriSpeech:test:Transport_noise:15:1995-1826-0001,test-clean/1995/1826/1995-1826-0001.flac,1995,Transport_noise,15,0.9009433962264151,"[0.75,1.00]",1189,LibriSpeech:test:Transport_noise:15:7021-85628-0010,test-clean/7021/85628/7021-85628-0010.flac,7021,Transport_noise,15,0.888095238095238,"[0.75,1.00]",True,True,True,0.012848158131177012,True,True,True,503,492,491,True,True
1180,LibriSpeech:test:Transport_noise:15:2830-3980-0053,test-clean/2830/3980/2830-3980-0053.flac,2830,Transport_noise,15,0.6583333333333333,"[0.50,0.75)",1190,LibriSpeech:test:Transport_noise:15:7176-92135-0043,test-clean/7176/92135/7176-92135-0043.flac,7176,Transport_noise,15,0.8542766631467793,"[0.75,1.00]",True,True,False,0.19594332981344598,True,True,True,101,492,491,True,True
1180,LibriSpeech:test:Transport_noise:15:2830-3980-0053,test-clean/2830/3980/2830-3980-0053.flac,2830,Transport_noise,15,0.6583333333333333,"[0.50,0.75)",1190,LibriSpeech:test:Transport_noise:15:7176-92135-0043,test-clean/7176/92135/7176-92135-0043.flac,7176,Transport_noise,15,0.8542766631467793,"[0.75,1.00]",True,True,False,0.19594332981344598,True,True,True,211,492,491,True,True
1180,LibriSpeech:test:Transport_noise:15:2830-3980-0053,test-clean/2830/3980/2830-3980-0053.flac,2830,Transport_noise,15,0.6583333333333333,"[0.50,0.75)",1190,LibriSpeech:test:Transport_noise:15:7176-92135-0043,test-clean/7176/92135/7176-92135-0043.flac,7176,Transport_noise,15,0.8542766631467793,"[0.75,1.00]",True,True,False,0.19594332981344598,True,True,True,307,492,491,True,True
1180,LibriSpeech:test:Transport_noise:15:2830-3980-0053,test-clean/2830/3980/2830-3980-0053.flac,2830,Transport_noise,15,0.6583333333333333,"[0.50,0.75)",1190,LibriSpeech:test:Transport_noise:15:7176-92135-0043,test-clean/7176/92135/7176-92135-0043.flac,7176,Transport_noise,15,0.8542766631467793,"[0.75,1.00]",True,True,False,0.19594332981344598,True,True,True,401,492,491,True,True
1180,LibriSpeech:test:Transport_noise:15:2830-3980-0053,test-clean/2830/3980/2830-3980-0053.flac,2830,Transport_noise,15,0.6583333333333333,"[0.50,0.75)",1190,LibriSpeech:test:Transport_noise:15:7176-92135-0043,test-clean/7176/92135/7176-92135-0043.flac,7176,Transport_noise,15,0.8542766631467793,"[0.75,1.00]",True,True,False,0.19594332981344598,True,True,True,503,492,491,True,True
1181,LibriSpeech:test:Transport_noise:15:2961-960-0006,test-clean/2961/960/2961-960-0006.flac,2961,Transport_noise,15,0.8656591099916037,"[0.75,1.00]",1191,LibriSpeech:test:Transport_noise:15:7729-102255-0037,test-clean/7729/102255/7729-102255-0037.flac,7729,Transport_noise,15,0.8682385575589459,"[0.75,1.00]",True,True,True,0.0025794475673421857,True,True,True,101,492,491,True,True
1181,LibriSpeech:test:Transport_noise:15:2961-960-0006,test-clean/2961/960/2961-960-0006.flac,2961,Transport_noise,15,0.8656591099916037,"[0.75,1.00]",1191,LibriSpeech:test:Transport_noise:15:7729-102255-0037,test-clean/7729/102255/7729-102255-0037.flac,7729,Transport_noise,15,0.8682385575589459,"[0.75,1.00]",True,True,True,0.0025794475673421857,True,True,True,211,492,491,True,True
1181,LibriSpeech:test:Transport_noise:15:2961-960-0006,test-clean/2961/960/2961-960-0006.flac,2961,Transport_noise,15,0.8656591099916037,"[0.75,1.00]",1191,LibriSpeech:test:Transport_noise:15:7729-102255-0037,test-clean/7729/102255/7729-102255-0037.flac,7729,Transport_noise,15,0.8682385575589459,"[0.75,1.00]",True,True,True,0.0025794475673421857,True,True,True,307,492,491,True,True
1181,LibriSpeech:test:Transport_noise:15:2961-960-0006,test-clean/2961/960/2961-960-0006.flac,2961,Transport_noise,15,0.8656591099916037,"[0.75,1.00]",1191,LibriSpeech:test:Transport_noise:15:7729-102255-0037,test-clean/7729/102255/7729-102255-0037.flac,7729,Transport_noise,15,0.8682385575589459,"[0.75,1.00]",True,True,True,0.0025794475673421857,True,True,True,401,492,491,True,True
1181,LibriSpeech:test:Transport_noise:15:2961-960-0006,test-clean/2961/960/2961-960-0006.flac,2961,Transport_noise,15,0.8656591099916037,"[0.75,1.00]",1191,LibriSpeech:test:Transport_noise:15:7729-102255-0037,test-clean/7729/102255/7729-102255-0037.flac,7729,Transport_noise,15,0.8682385575589459,"[0.75,1.00]",True,True,True,0.0025794475673421857,True,True,True,503,492,491,True,True
1189,LibriSpeech:test:Transport_noise:15:7021-85628-0010,test-clean/7021/85628/7021-85628-0010.flac,7021,Transport_noise,15,0.888095238095238,"[0.75,1.00]",1175,LibriSpeech:test:Transport_noise:15:1320-122617-0018,test-clean/1320/122617/1320-122617-0018.flac,1320,Transport_noise,15,0.8809523809523809,"[0.75,1.00]",True,True,True,0.0071428571428571175,True,True,True,101,492,491,True,True
1189,LibriSpeech:test:Transport_noise:15:7021-85628-0010,test-clean/7021/85628/7021-85628-0010.flac,7021,Transport_noise,15,0.888095238095238,"[0.75,1.00]",1175,LibriSpeech:test:Transport_noise:15:1320-122617-0018,test-clean/1320/122617/1320-122617-0018.flac,1320,Transport_noise,15,0.8809523809523809,"[0.75,1.00]",True,True,True,0.0071428571428571175,True,True,True,211,492,491,True,True
1189,LibriSpeech:test:Transport_noise:15:7021-85628-0010,test-clean/7021/85628/7021-85628-0010.flac,7021,Transport_noise,15,0.888095238095238,"[0.75,1.00]",1175,LibriSpeech:test:Transport_noise:15:1320-122617-0018,test-clean/1320/122617/1320-122617-0018.flac,1320,Transport_noise,15,0.8809523809523809,"[0.75,1.00]",True,True,True,0.0071428571428571175,True,True,True,307,492,491,True,True
1189,LibriSpeech:test:Transport_noise:15:7021-85628-0010,test-clean/7021/85628/7021-85628-0010.flac,7021,Transport_noise,15,0.888095238095238,"[0.75,1.00]",1175,LibriSpeech:test:Transport_noise:15:1320-122617-0018,test-clean/1320/122617/1320-122617-0018.flac,1320,Transport_noise,15,0.8809523809523809,"[0.75,1.00]",True,True,True,0.0071428571428571175,True,True,True,401,492,491,True,True
1189,LibriSpeech:test:Transport_noise:15:7021-85628-0010,test-clean/7021/85628/7021-85628-0010.flac,7021,Transport_noise,15,0.888095238095238,"[0.75,1.00]",1175,LibriSpeech:test:Transport_noise:15:1320-122617-0018,test-clean/1320/122617/1320-122617-0018.flac,1320,Transport_noise,15,0.8809523809523809,"[0.75,1.00]",True,True,True,0.0071428571428571175,True,True,True,503,492,491,True,True
1190,LibriSpeech:test:Transport_noise:15:7176-92135-0043,test-clean/7176/92135/7176-92135-0043.flac,7176,Transport_noise,15,0.8542766631467793,"[0.75,1.00]",1181,LibriSpeech:test:Transport_noise:15:2961-960-0006,test-clean/2961/960/2961-960-0006.flac,2961,Transport_noise,15,0.8656591099916037,"[0.75,1.00]",True,True,True,0.011382446844824368,True,True,True,101,492,491,True,True
1190,LibriSpeech:test:Transport_noise:15:7176-92135-0043,test-clean/7176/92135/7176-92135-0043.flac,7176,Transport_noise,15,0.8542766631467793,"[0.75,1.00]",1181,LibriSpeech:test:Transport_noise:15:2961-960-0006,test-clean/2961/960/2961-960-0006.flac,2961,Transport_noise,15,0.8656591099916037,"[0.75,1.00]",True,True,True,0.011382446844824368,True,True,True,211,492,491,True,True
1190,LibriSpeech:test:Transport_noise:15:7176-92135-0043,test-clean/7176/92135/7176-92135-0043.flac,7176,Transport_noise,15,0.8542766631467793,"[0.75,1.00]",1181,LibriSpeech:test:Transport_noise:15:2961-960-0006,test-clean/2961/960/2961-960-0006.flac,2961,Transport_noise,15,0.8656591099916037,"[0.75,1.00]",True,True,True,0.011382446844824368,True,True,True,307,492,491,True,True
1190,LibriSpeech:test:Transport_noise:15:7176-92135-0043,test-clean/7176/92135/7176-92135-0043.flac,7176,Transport_noise,15,0.8542766631467793,"[0.75,1.00]",1181,LibriSpeech:test:Transport_noise:15:2961-960-0006,test-clean/2961/960/2961-960-0006.flac,2961,Transport_noise,15,0.8656591099916037,"[0.75,1.00]",True,True,True,0.011382446844824368,True,True,True,401,492,491,True,True
1190,LibriSpeech:test:Transport_noise:15:7176-92135-0043,test-clean/7176/92135/7176-92135-0043.flac,7176,Transport_noise,15,0.8542766631467793,"[0.75,1.00]",1181,LibriSpeech:test:Transport_noise:15:2961-960-0006,test-clean/2961/960/2961-960-0006.flac,2961,Transport_noise,15,0.8656591099916037,"[0.75,1.00]",True,True,True,0.011382446844824368,True,True,True,503,492,491,True,True
1191,LibriSpeech:test:Transport_noise:15:7729-102255-0037,test-clean/7729/102255/7729-102255-0037.flac,7729,Transport_noise,15,0.8682385575589459,"[0.75,1.00]",1181,LibriSpeech:test:Transport_noise:15:2961-960-0006,test-clean/2961/960/2961-960-0006.flac,2961,Transport_noise,15,0.8656591099916037,"[0.75,1.00]",True,True,True,0.0025794475673421857,True,True,True,101,492,491,True,True
1191,LibriSpeech:test:Transport_noise:15:7729-102255-0037,test-clean/7729/102255/7729-102255-0037.flac,7729,Transport_noise,15,0.8682385575589459,"[0.75,1.00]",1181,LibriSpeech:test:Transport_noise:15:2961-960-0006,test-clean/2961/960/2961-960-0006.flac,2961,Transport_noise,15,0.8656591099916037,"[0.75,1.00]",True,True,True,0.0025794475673421857,True,True,True,211,492,491,True,True
1191,LibriSpeech:test:Transport_noise:15:7729-102255-0037,test-clean/7729/102255/7729-102255-0037.flac,7729,Transport_noise,15,0.8682385575589459,"[0.75,1.00]",1181,LibriSpeech:test:Transport_noise:15:2961-960-0006,test-clean/2961/960/2961-960-0006.flac,2961,Transport_noise,15,0.8656591099916037,"[0.75,1.00]",True,True,True,0.0025794475673421857,True,True,True,307,492,491,True,True
1191,LibriSpeech:test:Transport_noise:15:7729-102255-0037,test-clean/7729/102255/7729-102255-0037.flac,7729,Transport_noise,15,0.8682385575589459,"[0.75,1.00]",1181,LibriSpeech:test:Transport_noise:15:2961-960-0006,test-clean/2961/960/2961-960-0006.flac,2961,Transport_noise,15,0.8656591099916037,"[0.75,1.00]",True,True,True,0.0025794475673421857,True,True,True,401,492,491,True,True
1191,LibriSpeech:test:Transport_noise:15:7729-102255-0037,test-clean/7729/102255/7729-102255-0037.flac,7729,Transport_noise,15,0.8682385575589459,"[0.75,1.00]",1181,LibriSpeech:test:Transport_noise:15:2961-960-0006,test-clean/2961/960/2961-960-0006.flac,2961,Transport_noise,15,0.8656591099916037,"[0.75,1.00]",True,True,True,0.0025794475673421857,True,True,True,503,492,491,True,True
1193,LibriSpeech:test:Transport_noise:20:121-121726-0001,test-clean/121/121726/121-121726-0001.flac,121,Transport_noise,20,0.8815165876777251,"[0.75,1.00]",1210,LibriSpeech:test:Transport_noise:20:6930-76324-0028,test-clean/6930/76324/6930-76324-0028.flac,6930,Transport_noise,20,0.8663366336633663,"[0.75,1.00]",True,True,True,0.015179954014358787,True,True,True,101,492,491,True,True
1193,LibriSpeech:test:Transport_noise:20:121-121726-0001,test-clean/121/121726/121-121726-0001.flac,121,Transport_noise,20,0.8815165876777251,"[0.75,1.00]",1210,LibriSpeech:test:Transport_noise:20:6930-76324-0028,test-clean/6930/76324/6930-76324-0028.flac,6930,Transport_noise,20,0.8663366336633663,"[0.75,1.00]",True,True,True,0.015179954014358787,True,True,True,211,492,491,True,True
1193,LibriSpeech:test:Transport_noise:20:121-121726-0001,test-clean/121/121726/121-121726-0001.flac,121,Transport_noise,20,0.8815165876777251,"[0.75,1.00]",1210,LibriSpeech:test:Transport_noise:20:6930-76324-0028,test-clean/6930/76324/6930-76324-0028.flac,6930,Transport_noise,20,0.8663366336633663,"[0.75,1.00]",True,True,True,0.015179954014358787,True,True,True,307,492,491,True,True
1193,LibriSpeech:test:Transport_noise:20:121-121726-0001,test-clean/121/121726/121-121726-0001.flac,121,Transport_noise,20,0.8815165876777251,"[0.75,1.00]",1210,LibriSpeech:test:Transport_noise:20:6930-76324-0028,test-clean/6930/76324/6930-76324-0028.flac,6930,Transport_noise,20,0.8663366336633663,"[0.75,1.00]",True,True,True,0.015179954014358787,True,True,True,401,492,491,True,True
1193,LibriSpeech:test:Transport_noise:20:121-121726-0001,test-clean/121/121726/121-121726-0001.flac,121,Transport_noise,20,0.8815165876777251,"[0.75,1.00]",1210,LibriSpeech:test:Transport_noise:20:6930-76324-0028,test-clean/6930/76324/6930-76324-0028.flac,6930,Transport_noise,20,0.8663366336633663,"[0.75,1.00]",True,True,True,0.015179954014358787,True,True,True,503,492,491,True,True
1196,LibriSpeech:test:Transport_noise:20:237-134500-0031,test-clean/237/134500/237-134500-0031.flac,237,Transport_noise,20,0.8426470588235294,"[0.75,1.00]",1210,LibriSpeech:test:Transport_noise:20:6930-76324-0028,test-clean/6930/76324/6930-76324-0028.flac,6930,Transport_noise,20,0.8663366336633663,"[0.75,1.00]",True,True,True,0.023689574839836913,True,True,True,101,492,491,True,True
1196,LibriSpeech:test:Transport_noise:20:237-134500-0031,test-clean/237/134500/237-134500-0031.flac,237,Transport_noise,20,0.8426470588235294,"[0.75,1.00]",1210,LibriSpeech:test:Transport_noise:20:6930-76324-0028,test-clean/6930/76324/6930-76324-0028.flac,6930,Transport_noise,20,0.8663366336633663,"[0.75,1.00]",True,True,True,0.023689574839836913,True,True,True,211,492,491,True,True
1196,LibriSpeech:test:Transport_noise:20:237-134500-0031,test-clean/237/134500/237-134500-0031.flac,237,Transport_noise,20,0.8426470588235294,"[0.75,1.00]",1210,LibriSpeech:test:Transport_noise:20:6930-76324-0028,test-clean/6930/76324/6930-76324-0028.flac,6930,Transport_noise,20,0.8663366336633663,"[0.75,1.00]",True,True,True,0.023689574839836913,True,True,True,307,492,491,True,True
1196,LibriSpeech:test:Transport_noise:20:237-134500-0031,test-clean/237/134500/237-134500-0031.flac,237,Transport_noise,20,0.8426470588235294,"[0.75,1.00]",1210,LibriSpeech:test:Transport_noise:20:6930-76324-0028,test-clean/6930/76324/6930-76324-0028.flac,6930,Transport_noise,20,0.8663366336633663,"[0.75,1.00]",True,True,True,0.023689574839836913,True,True,True,401,492,491,True,True
1196,LibriSpeech:test:Transport_noise:20:237-134500-0031,test-clean/237/134500/237-134500-0031.flac,237,Transport_noise,20,0.8426470588235294,"[0.75,1.00]",1210,LibriSpeech:test:Transport_noise:20:6930-76324-0028,test-clean/6930/76324/6930-76324-0028.flac,6930,Transport_noise,20,0.8663366336633663,"[0.75,1.00]",True,True,True,0.023689574839836913,True,True,True,503,492,491,True,True
1210,LibriSpeech:test:Transport_noise:20:6930-76324-0028,test-clean/6930/76324/6930-76324-0028.flac,6930,Transport_noise,20,0.8663366336633663,"[0.75,1.00]",1193,LibriSpeech:test:Transport_noise:20:121-121726-0001,test-clean/121/121726/121-121726-0001.flac,121,Transport_noise,20,0.8815165876777251,"[0.75,1.00]",True,True,True,0.015179954014358787,True,True,True,101,492,491,True,True
1210,LibriSpeech:test:Transport_noise:20:6930-76324-0028,test-clean/6930/76324/6930-76324-0028.flac,6930,Transport_noise,20,0.8663366336633663,"[0.75,1.00]",1193,LibriSpeech:test:Transport_noise:20:121-121726-0001,test-clean/121/121726/121-121726-0001.flac,121,Transport_noise,20,0.8815165876777251,"[0.75,1.00]",True,True,True,0.015179954014358787,True,True,True,211,492,491,True,True
1210,LibriSpeech:test:Transport_noise:20:6930-76324-0028,test-clean/6930/76324/6930-76324-0028.flac,6930,Transport_noise,20,0.8663366336633663,"[0.75,1.00]",1193,LibriSpeech:test:Transport_noise:20:121-121726-0001,test-clean/121/121726/121-121726-0001.flac,121,Transport_noise,20,0.8815165876777251,"[0.75,1.00]",True,True,True,0.015179954014358787,True,True,True,307,492,491,True,True
1210,LibriSpeech:test:Transport_noise:20:6930-76324-0028,test-clean/6930/76324/6930-76324-0028.flac,6930,Transport_noise,20,0.8663366336633663,"[0.75,1.00]",1193,LibriSpeech:test:Transport_noise:20:121-121726-0001,test-clean/121/121726/121-121726-0001.flac,121,Transport_noise,20,0.8815165876777251,"[0.75,1.00]",True,True,True,0.015179954014358787,True,True,True,401,492,491,True,True
1210,LibriSpeech:test:Transport_noise:20:6930-76324-0028,test-clean/6930/76324/6930-76324-0028.flac,6930,Transport_noise,20,0.8663366336633663,"[0.75,1.00]",1193,LibriSpeech:test:Transport_noise:20:121-121726-0001,test-clean/121/121726/121-121726-0001.flac,121,Transport_noise,20,0.8815165876777251,"[0.75,1.00]",True,True,True,0.015179954014358787,True,True,True,503,492,491,True,True
1212,LibriSpeech:test:Transport_noise:20:8463-287645-0003,test-clean/8463/287645/8463-287645-0003.flac,8463,Transport_noise,20,0.9486552567237164,"[0.75,1.00]",1193,LibriSpeech:test:Transport_noise:20:121-121726-0001,test-clean/121/121726/121-121726-0001.flac,121,Transport_noise,20,0.8815165876777251,"[0.75,1.00]",True,True,True,0.0671386690459913,True,True,True,101,492,491,True,True
1212,LibriSpeech:test:Transport_noise:20:8463-287645-0003,test-clean/8463/287645/8463-287645-0003.flac,8463,Transport_noise,20,0.9486552567237164,"[0.75,1.00]",1193,LibriSpeech:test:Transport_noise:20:121-121726-0001,test-clean/121/121726/121-121726-0001.flac,121,Transport_noise,20,0.8815165876777251,"[0.75,1.00]",True,True,True,0.0671386690459913,True,True,True,211,492,491,True,True
1212,LibriSpeech:test:Transport_noise:20:8463-287645-0003,test-clean/8463/287645/8463-287645-0003.flac,8463,Transport_noise,20,0.9486552567237164,"[0.75,1.00]",1193,LibriSpeech:test:Transport_noise:20:121-121726-0001,test-clean/121/121726/121-121726-0001.flac,121,Transport_noise,20,0.8815165876777251,"[0.75,1.00]",True,True,True,0.0671386690459913,True,True,True,307,492,491,True,True
1212,LibriSpeech:test:Transport_noise:20:8463-287645-0003,test-clean/8463/287645/8463-287645-0003.flac,8463,Transport_noise,20,0.9486552567237164,"[0.75,1.00]",1193,LibriSpeech:test:Transport_noise:20:121-121726-0001,test-clean/121/121726/121-121726-0001.flac,121,Transport_noise,20,0.8815165876777251,"[0.75,1.00]",True,True,True,0.0671386690459913,True,True,True,401,492,491,True,True
1212,LibriSpeech:test:Transport_noise:20:8463-287645-0003,test-clean/8463/287645/8463-287645-0003.flac,8463,Transport_noise,20,0.9486552567237164,"[0.75,1.00]",1193,LibriSpeech:test:Transport_noise:20:121-121726-0001,test-clean/121/121726/121-121726-0001.flac,121,Transport_noise,20,0.8815165876777251,"[0.75,1.00]",True,True,True,0.0671386690459913,True,True,True,503,492,491,True,True
1213,LibriSpeech:test:Transport_noise:20:908-157963-0017,test-clean/908/157963/908-157963-0017.flac,908,Transport_noise,20,0.6578947368421053,"[0.50,0.75)",1196,LibriSpeech:test:Transport_noise:20:237-134500-0031,test-clean/237/134500/237-134500-0031.flac,237,Transport_noise,20,0.8426470588235294,"[0.75,1.00]",True,True,False,0.1847523219814241,True,True,True,101,492,491,True,True
1213,LibriSpeech:test:Transport_noise:20:908-157963-0017,test-clean/908/157963/908-157963-0017.flac,908,Transport_noise,20,0.6578947368421053,"[0.50,0.75)",1196,LibriSpeech:test:Transport_noise:20:237-134500-0031,test-clean/237/134500/237-134500-0031.flac,237,Transport_noise,20,0.8426470588235294,"[0.75,1.00]",True,True,False,0.1847523219814241,True,True,True,211,492,491,True,True
1213,LibriSpeech:test:Transport_noise:20:908-157963-0017,test-clean/908/157963/908-157963-0017.flac,908,Transport_noise,20,0.6578947368421053,"[0.50,0.75)",1196,LibriSpeech:test:Transport_noise:20:237-134500-0031,test-clean/237/134500/237-134500-0031.flac,237,Transport_noise,20,0.8426470588235294,"[0.75,1.00]",True,True,False,0.1847523219814241,True,True,True,307,492,491,True,True
1213,LibriSpeech:test:Transport_noise:20:908-157963-0017,test-clean/908/157963/908-157963-0017.flac,908,Transport_noise,20,0.6578947368421053,"[0.50,0.75)",1196,LibriSpeech:test:Transport_noise:20:237-134500-0031,test-clean/237/134500/237-134500-0031.flac,237,Transport_noise,20,0.8426470588235294,"[0.75,1.00]",True,True,False,0.1847523219814241,True,True,True,401,492,491,True,True
1213,LibriSpeech:test:Transport_noise:20:908-157963-0017,test-clean/908/157963/908-157963-0017.flac,908,Transport_noise,20,0.6578947368421053,"[0.50,0.75)",1196,LibriSpeech:test:Transport_noise:20:237-134500-0031,test-clean/237/134500/237-134500-0031.flac,237,Transport_noise,20,0.8426470588235294,"[0.75,1.00]",True,True,False,0.1847523219814241,True,True,True,503,492,491,True,True
1216,LibriSpeech:test:City_noise:-5:1320-122612-0015,test-clean/1320/122612/1320-122612-0015.flac,1320,City_noise,-5,0.8132295719844358,"[0.75,1.00]",1218,LibriSpeech:test:City_noise:-5:1995-1826-0021,test-clean/1995/1826/1995-1826-0021.flac,1995,City_noise,-5,0.825,"[0.75,1.00]",True,True,True,0.01177042801556416,True,True,True,101,492,491,True,True
1216,LibriSpeech:test:City_noise:-5:1320-122612-0015,test-clean/1320/122612/1320-122612-0015.flac,1320,City_noise,-5,0.8132295719844358,"[0.75,1.00]",1218,LibriSpeech:test:City_noise:-5:1995-1826-0021,test-clean/1995/1826/1995-1826-0021.flac,1995,City_noise,-5,0.825,"[0.75,1.00]",True,True,True,0.01177042801556416,True,True,True,211,492,491,True,True
1216,LibriSpeech:test:City_noise:-5:1320-122612-0015,test-clean/1320/122612/1320-122612-0015.flac,1320,City_noise,-5,0.8132295719844358,"[0.75,1.00]",1218,LibriSpeech:test:City_noise:-5:1995-1826-0021,test-clean/1995/1826/1995-1826-0021.flac,1995,City_noise,-5,0.825,"[0.75,1.00]",True,True,True,0.01177042801556416,True,True,True,307,492,491,True,True
1216,LibriSpeech:test:City_noise:-5:1320-122612-0015,test-clean/1320/122612/1320-122612-0015.flac,1320,City_noise,-5,0.8132295719844358,"[0.75,1.00]",1218,LibriSpeech:test:City_noise:-5:1995-1826-0021,test-clean/1995/1826/1995-1826-0021.flac,1995,City_noise,-5,0.825,"[0.75,1.00]",True,True,True,0.01177042801556416,True,True,True,401,492,491,True,True
1216,LibriSpeech:test:City_noise:-5:1320-122612-0015,test-clean/1320/122612/1320-122612-0015.flac,1320,City_noise,-5,0.8132295719844358,"[0.75,1.00]",1218,LibriSpeech:test:City_noise:-5:1995-1826-0021,test-clean/1995/1826/1995-1826-0021.flac,1995,City_noise,-5,0.825,"[0.75,1.00]",True,True,True,0.01177042801556416,True,True,True,503,492,491,True,True
1218,LibriSpeech:test:City_noise:-5:1995-1826-0021,test-clean/1995/1826/1995-1826-0021.flac,1995,City_noise,-5,0.825,"[0.75,1.00]",1216,LibriSpeech:test:City_noise:-5:1320-122612-0015,test-clean/1320/122612/1320-122612-0015.flac,1320,City_noise,-5,0.8132295719844358,"[0.75,1.00]",True,True,True,0.01177042801556416,True,True,True,101,492,491,True,True
1218,LibriSpeech:test:City_noise:-5:1995-1826-0021,test-clean/1995/1826/1995-1826-0021.flac,1995,City_noise,-5,0.825,"[0.75,1.00]",1216,LibriSpeech:test:City_noise:-5:1320-122612-0015,test-clean/1320/122612/1320-122612-0015.flac,1320,City_noise,-5,0.8132295719844358,"[0.75,1.00]",True,True,True,0.01177042801556416,True,True,True,211,492,491,True,True
1218,LibriSpeech:test:City_noise:-5:1995-1826-0021,test-clean/1995/1826/1995-1826-0021.flac,1995,City_noise,-5,0.825,"[0.75,1.00]",1216,LibriSpeech:test:City_noise:-5:1320-122612-0015,test-clean/1320/122612/1320-122612-0015.flac,1320,City_noise,-5,0.8132295719844358,"[0.75,1.00]",True,True,True,0.01177042801556416,True,True,True,307,492,491,True,True
1218,LibriSpeech:test:City_noise:-5:1995-1826-0021,test-clean/1995/1826/1995-1826-0021.flac,1995,City_noise,-5,0.825,"[0.75,1.00]",1216,LibriSpeech:test:City_noise:-5:1320-122612-0015,test-clean/1320/122612/1320-122612-0015.flac,1320,City_noise,-5,0.8132295719844358,"[0.75,1.00]",True,True,True,0.01177042801556416,True,True,True,401,492,491,True,True
1218,LibriSpeech:test:City_noise:-5:1995-1826-0021,test-clean/1995/1826/1995-1826-0021.flac,1995,City_noise,-5,0.825,"[0.75,1.00]",1216,LibriSpeech:test:City_noise:-5:1320-122612-0015,test-clean/1320/122612/1320-122612-0015.flac,1320,City_noise,-5,0.8132295719844358,"[0.75,1.00]",True,True,True,0.01177042801556416,True,True,True,503,492,491,True,True
1231,LibriSpeech:test:City_noise:-5:8230-279154-0028,test-clean/8230/279154/8230-279154-0028.flac,8230,City_noise,-5,0.92,"[0.75,1.00]",1218,LibriSpeech:test:City_noise:-5:1995-1826-0021,test-clean/1995/1826/1995-1826-0021.flac,1995,City_noise,-5,0.825,"[0.75,1.00]",True,True,True,0.09500000000000008,True,True,True,101,492,491,True,True
1231,LibriSpeech:test:City_noise:-5:8230-279154-0028,test-clean/8230/279154/8230-279154-0028.flac,8230,City_noise,-5,0.92,"[0.75,1.00]",1218,LibriSpeech:test:City_noise:-5:1995-1826-0021,test-clean/1995/1826/1995-1826-0021.flac,1995,City_noise,-5,0.825,"[0.75,1.00]",True,True,True,0.09500000000000008,True,True,True,211,492,491,True,True
1231,LibriSpeech:test:City_noise:-5:8230-279154-0028,test-clean/8230/279154/8230-279154-0028.flac,8230,City_noise,-5,0.92,"[0.75,1.00]",1218,LibriSpeech:test:City_noise:-5:1995-1826-0021,test-clean/1995/1826/1995-1826-0021.flac,1995,City_noise,-5,0.825,"[0.75,1.00]",True,True,True,0.09500000000000008,True,True,True,307,492,491,True,True
1231,LibriSpeech:test:City_noise:-5:8230-279154-0028,test-clean/8230/279154/8230-279154-0028.flac,8230,City_noise,-5,0.92,"[0.75,1.00]",1218,LibriSpeech:test:City_noise:-5:1995-1826-0021,test-clean/1995/1826/1995-1826-0021.flac,1995,City_noise,-5,0.825,"[0.75,1.00]",True,True,True,0.09500000000000008,True,True,True,401,492,491,True,True
1231,LibriSpeech:test:City_noise:-5:8230-279154-0028,test-clean/8230/279154/8230-279154-0028.flac,8230,City_noise,-5,0.92,"[0.75,1.00]",1218,LibriSpeech:test:City_noise:-5:1995-1826-0021,test-clean/1995/1826/1995-1826-0021.flac,1995,City_noise,-5,0.825,"[0.75,1.00]",True,True,True,0.09500000000000008,True,True,True,503,492,491,True,True
1235,LibriSpeech:test:City_noise:0:260-123286-0028,test-clean/260/123286/260-123286-0028.flac,260,City_noise,0,0.8684931506849315,"[0.75,1.00]",1243,LibriSpeech:test:City_noise:0:5142-36377-0009,test-clean/5142/36377/5142-36377-0009.flac,5142,City_noise,0,0.8646616541353384,"[0.75,1.00]",True,True,True,0.0038314965495931386,True,True,True,101,492,491,True,True
1235,LibriSpeech:test:City_noise:0:260-123286-0028,test-clean/260/123286/260-123286-0028.flac,260,City_noise,0,0.8684931506849315,"[0.75,1.00]",1243,LibriSpeech:test:City_noise:0:5142-36377-0009,test-clean/5142/36377/5142-36377-0009.flac,5142,City_noise,0,0.8646616541353384,"[0.75,1.00]",True,True,True,0.0038314965495931386,True,True,True,211,492,491,True,True
1235,LibriSpeech:test:City_noise:0:260-123286-0028,test-clean/260/123286/260-123286-0028.flac,260,City_noise,0,0.8684931506849315,"[0.75,1.00]",1243,LibriSpeech:test:City_noise:0:5142-36377-0009,test-clean/5142/36377/5142-36377-0009.flac,5142,City_noise,0,0.8646616541353384,"[0.75,1.00]",True,True,True,0.0038314965495931386,True,True,True,307,492,491,True,True
1235,LibriSpeech:test:City_noise:0:260-123286-0028,test-clean/260/123286/260-123286-0028.flac,260,City_noise,0,0.8684931506849315,"[0.75,1.00]",1243,LibriSpeech:test:City_noise:0:5142-36377-0009,test-clean/5142/36377/5142-36377-0009.flac,5142,City_noise,0,0.8646616541353384,"[0.75,1.00]",True,True,True,0.0038314965495931386,True,True,True,401,492,491,True,True
1235,LibriSpeech:test:City_noise:0:260-123286-0028,test-clean/260/123286/260-123286-0028.flac,260,City_noise,0,0.8684931506849315,"[0.75,1.00]",1243,LibriSpeech:test:City_noise:0:5142-36377-0009,test-clean/5142/36377/5142-36377-0009.flac,5142,City_noise,0,0.8646616541353384,"[0.75,1.00]",True,True,True,0.0038314965495931386,True,True,True,503,492,491,True,True
1236,LibriSpeech:test:City_noise:0:260-123288-0026,test-clean/260/123288/260-123288-0026.flac,260,City_noise,0,0.9043336058871627,"[0.75,1.00]",1252,LibriSpeech:test:City_noise:0:7176-92135-0023,test-clean/7176/92135/7176-92135-0023.flac,7176,City_noise,0,0.9125,"[0.75,1.00]",True,True,True,0.00816639411283726,True,True,True,101,492,491,True,True
1236,LibriSpeech:test:City_noise:0:260-123288-0026,test-clean/260/123288/260-123288-0026.flac,260,City_noise,0,0.9043336058871627,"[0.75,1.00]",1252,LibriSpeech:test:City_noise:0:7176-92135-0023,test-clean/7176/92135/7176-92135-0023.flac,7176,City_noise,0,0.9125,"[0.75,1.00]",True,True,True,0.00816639411283726,True,True,True,211,492,491,True,True
1236,LibriSpeech:test:City_noise:0:260-123288-0026,test-clean/260/123288/260-123288-0026.flac,260,City_noise,0,0.9043336058871627,"[0.75,1.00]",1252,LibriSpeech:test:City_noise:0:7176-92135-0023,test-clean/7176/92135/7176-92135-0023.flac,7176,City_noise,0,0.9125,"[0.75,1.00]",True,True,True,0.00816639411283726,True,True,True,307,492,491,True,True
1236,LibriSpeech:test:City_noise:0:260-123288-0026,test-clean/260/123288/260-123288-0026.flac,260,City_noise,0,0.9043336058871627,"[0.75,1.00]",1252,LibriSpeech:test:City_noise:0:7176-92135-0023,test-clean/7176/92135/7176-92135-0023.flac,7176,City_noise,0,0.9125,"[0.75,1.00]",True,True,True,0.00816639411283726,True,True,True,401,492,491,True,True
1236,LibriSpeech:test:City_noise:0:260-123288-0026,test-clean/260/123288/260-123288-0026.flac,260,City_noise,0,0.9043336058871627,"[0.75,1.00]",1252,LibriSpeech:test:City_noise:0:7176-92135-0023,test-clean/7176/92135/7176-92135-0023.flac,7176,City_noise,0,0.9125,"[0.75,1.00]",True,True,True,0.00816639411283726,True,True,True,503,492,491,True,True
1237,LibriSpeech:test:City_noise:0:2830-3980-0063,test-clean/2830/3980/2830-3980-0063.flac,2830,City_noise,0,0.7,"[0.50,0.75)",1243,LibriSpeech:test:City_noise:0:5142-36377-0009,test-clean/5142/36377/5142-36377-0009.flac,5142,City_noise,0,0.8646616541353384,"[0.75,1.00]",True,True,False,0.1646616541353384,True,True,True,101,492,491,True,True
1237,LibriSpeech:test:City_noise:0:2830-3980-0063,test-clean/2830/3980/2830-3980-0063.flac,2830,City_noise,0,0.7,"[0.50,0.75)",1243,LibriSpeech:test:City_noise:0:5142-36377-0009,test-clean/5142/36377/5142-36377-0009.flac,5142,City_noise,0,0.8646616541353384,"[0.75,1.00]",True,True,False,0.1646616541353384,True,True,True,211,492,491,True,True
1237,LibriSpeech:test:City_noise:0:2830-3980-0063,test-clean/2830/3980/2830-3980-0063.flac,2830,City_noise,0,0.7,"[0.50,0.75)",1243,LibriSpeech:test:City_noise:0:5142-36377-0009,test-clean/5142/36377/5142-36377-0009.flac,5142,City_noise,0,0.8646616541353384,"[0.75,1.00]",True,True,False,0.1646616541353384,True,True,True,307,492,491,True,True
1237,LibriSpeech:test:City_noise:0:2830-3980-0063,test-clean/2830/3980/2830-3980-0063.flac,2830,City_noise,0,0.7,"[0.50,0.75)",1243,LibriSpeech:test:City_noise:0:5142-36377-0009,test-clean/5142/36377/5142-36377-0009.flac,5142,City_noise,0,0.8646616541353384,"[0.75,1.00]",True,True,False,0.1646616541353384,True,True,True,401,492,491,True,True
1237,LibriSpeech:test:City_noise:0:2830-3980-0063,test-clean/2830/3980/2830-3980-0063.flac,2830,City_noise,0,0.7,"[0.50,0.75)",1243,LibriSpeech:test:City_noise:0:5142-36377-0009,test-clean/5142/36377/5142-36377-0009.flac,5142,City_noise,0,0.8646616541353384,"[0.75,1.00]",True,True,False,0.1646616541353384,True,True,True,503,492,491,True,True
1243,LibriSpeech:test:City_noise:0:5142-36377-0009,test-clean/5142/36377/5142-36377-0009.flac,5142,City_noise,0,0.8646616541353384,"[0.75,1.00]",1235,LibriSpeech:test:City_noise:0:260-123286-0028,test-clean/260/123286/260-123286-0028.flac,260,City_noise,0,0.8684931506849315,"[0.75,1.00]",True,True,True,0.0038314965495931386,True,True,True,101,492,491,True,True
1243,LibriSpeech:test:City_noise:0:5142-36377-0009,test-clean/5142/36377/5142-36377-0009.flac,5142,City_noise,0,0.8646616541353384,"[0.75,1.00]",1235,LibriSpeech:test:City_noise:0:260-123286-0028,test-clean/260/123286/260-123286-0028.flac,260,City_noise,0,0.8684931506849315,"[0.75,1.00]",True,True,True,0.0038314965495931386,True,True,True,211,492,491,True,True
1243,LibriSpeech:test:City_noise:0:5142-36377-0009,test-clean/5142/36377/5142-36377-0009.flac,5142,City_noise,0,0.8646616541353384,"[0.75,1.00]",1235,LibriSpeech:test:City_noise:0:260-123286-0028,test-clean/260/123286/260-123286-0028.flac,260,City_noise,0,0.8684931506849315,"[0.75,1.00]",True,True,True,0.0038314965495931386,True,True,True,307,492,491,True,True
1243,LibriSpeech:test:City_noise:0:5142-36377-0009,test-clean/5142/36377/5142-36377-0009.flac,5142,City_noise,0,0.8646616541353384,"[0.75,1.00]",1235,LibriSpeech:test:City_noise:0:260-123286-0028,test-clean/260/123286/260-123286-0028.flac,260,City_noise,0,0.8684931506849315,"[0.75,1.00]",True,True,True,0.0038314965495931386,True,True,True,401,492,491,True,True
1243,LibriSpeech:test:City_noise:0:5142-36377-0009,test-clean/5142/36377/5142-36377-0009.flac,5142,City_noise,0,0.8646616541353384,"[0.75,1.00]",1235,LibriSpeech:test:City_noise:0:260-123286-0028,test-clean/260/123286/260-123286-0028.flac,260,City_noise,0,0.8684931506849315,"[0.75,1.00]",True,True,True,0.0038314965495931386,True,True,True,503,492,491,True,True
1248,LibriSpeech:test:City_noise:0:7021-85628-0010,test-clean/7021/85628/7021-85628-0010.flac,7021,City_noise,0,0.888095238095238,"[0.75,1.00]",1250,LibriSpeech:test:City_noise:0:7176-88083-0021,test-clean/7176/88083/7176-88083-0021.flac,7176,City_noise,0,0.8850967007963595,"[0.75,1.00]",True,True,True,0.0029985372988785564,True,True,True,101,492,491,True,True
1248,LibriSpeech:test:City_noise:0:7021-85628-0010,test-clean/7021/85628/7021-85628-0010.flac,7021,City_noise,0,0.888095238095238,"[0.75,1.00]",1250,LibriSpeech:test:City_noise:0:7176-88083-0021,test-clean/7176/88083/7176-88083-0021.flac,7176,City_noise,0,0.8850967007963595,"[0.75,1.00]",True,True,True,0.0029985372988785564,True,True,True,211,492,491,True,True
1248,LibriSpeech:test:City_noise:0:7021-85628-0010,test-clean/7021/85628/7021-85628-0010.flac,7021,City_noise,0,0.888095238095238,"[0.75,1.00]",1250,LibriSpeech:test:City_noise:0:7176-88083-0021,test-clean/7176/88083/7176-88083-0021.flac,7176,City_noise,0,0.8850967007963595,"[0.75,1.00]",True,True,True,0.0029985372988785564,True,True,True,307,492,491,True,True
1248,LibriSpeech:test:City_noise:0:7021-85628-0010,test-clean/7021/85628/7021-85628-0010.flac,7021,City_noise,0,0.888095238095238,"[0.75,1.00]",1250,LibriSpeech:test:City_noise:0:7176-88083-0021,test-clean/7176/88083/7176-88083-0021.flac,7176,City_noise,0,0.8850967007963595,"[0.75,1.00]",True,True,True,0.0029985372988785564,True,True,True,401,492,491,True,True
1248,LibriSpeech:test:City_noise:0:7021-85628-0010,test-clean/7021/85628/7021-85628-0010.flac,7021,City_noise,0,0.888095238095238,"[0.75,1.00]",1250,LibriSpeech:test:City_noise:0:7176-88083-0021,test-clean/7176/88083/7176-88083-0021.flac,7176,City_noise,0,0.8850967007963595,"[0.75,1.00]",True,True,True,0.0029985372988785564,True,True,True,503,492,491,True,True
1250,LibriSpeech:test:City_noise:0:7176-88083-0021,test-clean/7176/88083/7176-88083-0021.flac,7176,City_noise,0,0.8850967007963595,"[0.75,1.00]",1248,LibriSpeech:test:City_noise:0:7021-85628-0010,test-clean/7021/85628/7021-85628-0010.flac,7021,City_noise,0,0.888095238095238,"[0.75,1.00]",True,True,True,0.0029985372988785564,True,True,True,101,492,491,True,True
1250,LibriSpeech:test:City_noise:0:7176-88083-0021,test-clean/7176/88083/7176-88083-0021.flac,7176,City_noise,0,0.8850967007963595,"[0.75,1.00]",1248,LibriSpeech:test:City_noise:0:7021-85628-0010,test-clean/7021/85628/7021-85628-0010.flac,7021,City_noise,0,0.888095238095238,"[0.75,1.00]",True,True,True,0.0029985372988785564,True,True,True,211,492,491,True,True
1250,LibriSpeech:test:City_noise:0:7176-88083-0021,test-clean/7176/88083/7176-88083-0021.flac,7176,City_noise,0,0.8850967007963595,"[0.75,1.00]",1248,LibriSpeech:test:City_noise:0:7021-85628-0010,test-clean/7021/85628/7021-85628-0010.flac,7021,City_noise,0,0.888095238095238,"[0.75,1.00]",True,True,True,0.0029985372988785564,True,True,True,307,492,491,True,True
1250,LibriSpeech:test:City_noise:0:7176-88083-0021,test-clean/7176/88083/7176-88083-0021.flac,7176,City_noise,0,0.8850967007963595,"[0.75,1.00]",1248,LibriSpeech:test:City_noise:0:7021-85628-0010,test-clean/7021/85628/7021-85628-0010.flac,7021,City_noise,0,0.888095238095238,"[0.75,1.00]",True,True,True,0.0029985372988785564,True,True,True,401,492,491,True,True
1250,LibriSpeech:test:City_noise:0:7176-88083-0021,test-clean/7176/88083/7176-88083-0021.flac,7176,City_noise,0,0.8850967007963595,"[0.75,1.00]",1248,LibriSpeech:test:City_noise:0:7021-85628-0010,test-clean/7021/85628/7021-85628-0010.flac,7021,City_noise,0,0.888095238095238,"[0.75,1.00]",True,True,True,0.0029985372988785564,True,True,True,503,492,491,True,True
1251,LibriSpeech:test:City_noise:0:7176-92135-0003,test-clean/7176/92135/7176-92135-0003.flac,7176,City_noise,0,0.0,"[0,0.25)",1237,LibriSpeech:test:City_noise:0:2830-3980-0063,test-clean/2830/3980/2830-3980-0063.flac,2830,City_noise,0,0.7,"[0.50,0.75)",True,True,False,0.7,True,True,True,101,492,491,True,True
1251,LibriSpeech:test:City_noise:0:7176-92135-0003,test-clean/7176/92135/7176-92135-0003.flac,7176,City_noise,0,0.0,"[0,0.25)",1237,LibriSpeech:test:City_noise:0:2830-3980-0063,test-clean/2830/3980/2830-3980-0063.flac,2830,City_noise,0,0.7,"[0.50,0.75)",True,True,False,0.7,True,True,True,211,492,491,True,True
1251,LibriSpeech:test:City_noise:0:7176-92135-0003,test-clean/7176/92135/7176-92135-0003.flac,7176,City_noise,0,0.0,"[0,0.25)",1237,LibriSpeech:test:City_noise:0:2830-3980-0063,test-clean/2830/3980/2830-3980-0063.flac,2830,City_noise,0,0.7,"[0.50,0.75)",True,True,False,0.7,True,True,True,307,492,491,True,True
1251,LibriSpeech:test:City_noise:0:7176-92135-0003,test-clean/7176/92135/7176-92135-0003.flac,7176,City_noise,0,0.0,"[0,0.25)",1237,LibriSpeech:test:City_noise:0:2830-3980-0063,test-clean/2830/3980/2830-3980-0063.flac,2830,City_noise,0,0.7,"[0.50,0.75)",True,True,False,0.7,True,True,True,401,492,491,True,True
1251,LibriSpeech:test:City_noise:0:7176-92135-0003,test-clean/7176/92135/7176-92135-0003.flac,7176,City_noise,0,0.0,"[0,0.25)",1237,LibriSpeech:test:City_noise:0:2830-3980-0063,test-clean/2830/3980/2830-3980-0063.flac,2830,City_noise,0,0.7,"[0.50,0.75)",True,True,False,0.7,True,True,True,503,492,491,True,True
1252,LibriSpeech:test:City_noise:0:7176-92135-0023,test-clean/7176/92135/7176-92135-0023.flac,7176,City_noise,0,0.9125,"[0.75,1.00]",1254,LibriSpeech:test:City_noise:0:8463-294828-0038,test-clean/8463/294828/8463-294828-0038.flac,8463,City_noise,0,0.9142550911039657,"[0.75,1.00]",True,True,True,0.0017550911039657668,True,True,True,101,492,491,True,True
1252,LibriSpeech:test:City_noise:0:7176-92135-0023,test-clean/7176/92135/7176-92135-0023.flac,7176,City_noise,0,0.9125,"[0.75,1.00]",1254,LibriSpeech:test:City_noise:0:8463-294828-0038,test-clean/8463/294828/8463-294828-0038.flac,8463,City_noise,0,0.9142550911039657,"[0.75,1.00]",True,True,True,0.0017550911039657668,True,True,True,211,492,491,True,True
1252,LibriSpeech:test:City_noise:0:7176-92135-0023,test-clean/7176/92135/7176-92135-0023.flac,7176,City_noise,0,0.9125,"[0.75,1.00]",1254,LibriSpeech:test:City_noise:0:8463-294828-0038,test-clean/8463/294828/8463-294828-0038.flac,8463,City_noise,0,0.9142550911039657,"[0.75,1.00]",True,True,True,0.0017550911039657668,True,True,True,307,492,491,True,True
1252,LibriSpeech:test:City_noise:0:7176-92135-0023,test-clean/7176/92135/7176-92135-0023.flac,7176,City_noise,0,0.9125,"[0.75,1.00]",1254,LibriSpeech:test:City_noise:0:8463-294828-0038,test-clean/8463/294828/8463-294828-0038.flac,8463,City_noise,0,0.9142550911039657,"[0.75,1.00]",True,True,True,0.0017550911039657668,True,True,True,401,492,491,True,True
1252,LibriSpeech:test:City_noise:0:7176-92135-0023,test-clean/7176/92135/7176-92135-0023.flac,7176,City_noise,0,0.9125,"[0.75,1.00]",1254,LibriSpeech:test:City_noise:0:8463-294828-0038,test-clean/8463/294828/8463-294828-0038.flac,8463,City_noise,0,0.9142550911039657,"[0.75,1.00]",True,True,True,0.0017550911039657668,True,True,True,503,492,491,True,True
1254,LibriSpeech:test:City_noise:0:8463-294828-0038,test-clean/8463/294828/8463-294828-0038.flac,8463,City_noise,0,0.9142550911039657,"[0.75,1.00]",1252,LibriSpeech:test:City_noise:0:7176-92135-0023,test-clean/7176/92135/7176-92135-0023.flac,7176,City_noise,0,0.9125,"[0.75,1.00]",True,True,True,0.0017550911039657668,True,True,True,101,492,491,True,True
1254,LibriSpeech:test:City_noise:0:8463-294828-0038,test-clean/8463/294828/8463-294828-0038.flac,8463,City_noise,0,0.9142550911039657,"[0.75,1.00]",1252,LibriSpeech:test:City_noise:0:7176-92135-0023,test-clean/7176/92135/7176-92135-0023.flac,7176,City_noise,0,0.9125,"[0.75,1.00]",True,True,True,0.0017550911039657668,True,True,True,211,492,491,True,True
1254,LibriSpeech:test:City_noise:0:8463-294828-0038,test-clean/8463/294828/8463-294828-0038.flac,8463,City_noise,0,0.9142550911039657,"[0.75,1.00]",1252,LibriSpeech:test:City_noise:0:7176-92135-0023,test-clean/7176/92135/7176-92135-0023.flac,7176,City_noise,0,0.9125,"[0.75,1.00]",True,True,True,0.0017550911039657668,True,True,True,307,492,491,True,True
1254,LibriSpeech:test:City_noise:0:8463-294828-0038,test-clean/8463/294828/8463-294828-0038.flac,8463,City_noise,0,0.9142550911039657,"[0.75,1.00]",1252,LibriSpeech:test:City_noise:0:7176-92135-0023,test-clean/7176/92135/7176-92135-0023.flac,7176,City_noise,0,0.9125,"[0.75,1.00]",True,True,True,0.0017550911039657668,True,True,True,401,492,491,True,True
1254,LibriSpeech:test:City_noise:0:8463-294828-0038,test-clean/8463/294828/8463-294828-0038.flac,8463,City_noise,0,0.9142550911039657,"[0.75,1.00]",1252,LibriSpeech:test:City_noise:0:7176-92135-0023,test-clean/7176/92135/7176-92135-0023.flac,7176,City_noise,0,0.9125,"[0.75,1.00]",True,True,True,0.0017550911039657668,True,True,True,503,492,491,True,True
1256,LibriSpeech:test:City_noise:5:1320-122612-0015,test-clean/1320/122612/1320-122612-0015.flac,1320,City_noise,5,0.8132295719844358,"[0.75,1.00]",1258,LibriSpeech:test:City_noise:5:1995-1826-0011,test-clean/1995/1826/1995-1826-0011.flac,1995,City_noise,5,0.8187134502923976,"[0.75,1.00]",True,True,True,0.00548387830796182,True,True,True,101,492,491,True,True
1256,LibriSpeech:test:City_noise:5:1320-122612-0015,test-clean/1320/122612/1320-122612-0015.flac,1320,City_noise,5,0.8132295719844358,"[0.75,1.00]",1258,LibriSpeech:test:City_noise:5:1995-1826-0011,test-clean/1995/1826/1995-1826-0011.flac,1995,City_noise,5,0.8187134502923976,"[0.75,1.00]",True,True,True,0.00548387830796182,True,True,True,211,492,491,True,True
1256,LibriSpeech:test:City_noise:5:1320-122612-0015,test-clean/1320/122612/1320-122612-0015.flac,1320,City_noise,5,0.8132295719844358,"[0.75,1.00]",1258,LibriSpeech:test:City_noise:5:1995-1826-0011,test-clean/1995/1826/1995-1826-0011.flac,1995,City_noise,5,0.8187134502923976,"[0.75,1.00]",True,True,True,0.00548387830796182,True,True,True,307,492,491,True,True
1256,LibriSpeech:test:City_noise:5:1320-122612-0015,test-clean/1320/122612/1320-122612-0015.flac,1320,City_noise,5,0.8132295719844358,"[0.75,1.00]",1258,LibriSpeech:test:City_noise:5:1995-1826-0011,test-clean/1995/1826/1995-1826-0011.flac,1995,City_noise,5,0.8187134502923976,"[0.75,1.00]",True,True,True,0.00548387830796182,True,True,True,401,492,491,True,True
1256,LibriSpeech:test:City_noise:5:1320-122612-0015,test-clean/1320/122612/1320-122612-0015.flac,1320,City_noise,5,0.8132295719844358,"[0.75,1.00]",1258,LibriSpeech:test:City_noise:5:1995-1826-0011,test-clean/1995/1826/1995-1826-0011.flac,1995,City_noise,5,0.8187134502923976,"[0.75,1.00]",True,True,True,0.00548387830796182,True,True,True,503,492,491,True,True
1258,LibriSpeech:test:City_noise:5:1995-1826-0011,test-clean/1995/1826/1995-1826-0011.flac,1995,City_noise,5,0.8187134502923976,"[0.75,1.00]",1256,LibriSpeech:test:City_noise:5:1320-122612-0015,test-clean/1320/122612/1320-122612-0015.flac,1320,City_noise,5,0.8132295719844358,"[0.75,1.00]",True,True,True,0.00548387830796182,True,True,True,101,492,491,True,True
1258,LibriSpeech:test:City_noise:5:1995-1826-0011,test-clean/1995/1826/1995-1826-0011.flac,1995,City_noise,5,0.8187134502923976,"[0.75,1.00]",1256,LibriSpeech:test:City_noise:5:1320-122612-0015,test-clean/1320/122612/1320-122612-0015.flac,1320,City_noise,5,0.8132295719844358,"[0.75,1.00]",True,True,True,0.00548387830796182,True,True,True,211,492,491,True,True
1258,LibriSpeech:test:City_noise:5:1995-1826-0011,test-clean/1995/1826/1995-1826-0011.flac,1995,City_noise,5,0.8187134502923976,"[0.75,1.00]",1256,LibriSpeech:test:City_noise:5:1320-122612-0015,test-clean/1320/122612/1320-122612-0015.flac,1320,City_noise,5,0.8132295719844358,"[0.75,1.00]",True,True,True,0.00548387830796182,True,True,True,307,492,491,True,True
1258,LibriSpeech:test:City_noise:5:1995-1826-0011,test-clean/1995/1826/1995-1826-0011.flac,1995,City_noise,5,0.8187134502923976,"[0.75,1.00]",1256,LibriSpeech:test:City_noise:5:1320-122612-0015,test-clean/1320/122612/1320-122612-0015.flac,1320,City_noise,5,0.8132295719844358,"[0.75,1.00]",True,True,True,0.00548387830796182,True,True,True,401,492,491,True,True
1258,LibriSpeech:test:City_noise:5:1995-1826-0011,test-clean/1995/1826/1995-1826-0011.flac,1995,City_noise,5,0.8187134502923976,"[0.75,1.00]",1256,LibriSpeech:test:City_noise:5:1320-122612-0015,test-clean/1320/122612/1320-122612-0015.flac,1320,City_noise,5,0.8132295719844358,"[0.75,1.00]",True,True,True,0.00548387830796182,True,True,True,503,492,491,True,True
1260,LibriSpeech:test:City_noise:5:2300-131720-0018,test-clean/2300/131720/2300-131720-0018.flac,2300,City_noise,5,0.8808705612829324,"[0.75,1.00]",1271,LibriSpeech:test:City_noise:5:7021-85628-0010,test-clean/7021/85628/7021-85628-0010.flac,7021,City_noise,5,0.888095238095238,"[0.75,1.00]",True,True,True,0.007224676812305653,True,True,True,101,492,491,True,True
1260,LibriSpeech:test:City_noise:5:2300-131720-0018,test-clean/2300/131720/2300-131720-0018.flac,2300,City_noise,5,0.8808705612829324,"[0.75,1.00]",1271,LibriSpeech:test:City_noise:5:7021-85628-0010,test-clean/7021/85628/7021-85628-0010.flac,7021,City_noise,5,0.888095238095238,"[0.75,1.00]",True,True,True,0.007224676812305653,True,True,True,211,492,491,True,True
1260,LibriSpeech:test:City_noise:5:2300-131720-0018,test-clean/2300/131720/2300-131720-0018.flac,2300,City_noise,5,0.8808705612829324,"[0.75,1.00]",1271,LibriSpeech:test:City_noise:5:7021-85628-0010,test-clean/7021/85628/7021-85628-0010.flac,7021,City_noise,5,0.888095238095238,"[0.75,1.00]",True,True,True,0.007224676812305653,True,True,True,307,492,491,True,True
1260,LibriSpeech:test:City_noise:5:2300-131720-0018,test-clean/2300/131720/2300-131720-0018.flac,2300,City_noise,5,0.8808705612829324,"[0.75,1.00]",1271,LibriSpeech:test:City_noise:5:7021-85628-0010,test-clean/7021/85628/7021-85628-0010.flac,7021,City_noise,5,0.888095238095238,"[0.75,1.00]",True,True,True,0.007224676812305653,True,True,True,401,492,491,True,True
1260,LibriSpeech:test:City_noise:5:2300-131720-0018,test-clean/2300/131720/2300-131720-0018.flac,2300,City_noise,5,0.8808705612829324,"[0.75,1.00]",1271,LibriSpeech:test:City_noise:5:7021-85628-0010,test-clean/7021/85628/7021-85628-0010.flac,7021,City_noise,5,0.888095238095238,"[0.75,1.00]",True,True,True,0.007224676812305653,True,True,True,503,492,491,True,True
1261,LibriSpeech:test:City_noise:5:260-123288-0006,test-clean/260/123288/260-123288-0006.flac,260,City_noise,5,0.7383177570093458,"[0.50,0.75)",1256,LibriSpeech:test:City_noise:5:1320-122612-0015,test-clean/1320/122612/1320-122612-0015.flac,1320,City_noise,5,0.8132295719844358,"[0.75,1.00]",True,True,False,0.07491181497509003,True,True,True,101,492,491,True,True
1261,LibriSpeech:test:City_noise:5:260-123288-0006,test-clean/260/123288/260-123288-0006.flac,260,City_noise,5,0.7383177570093458,"[0.50,0.75)",1256,LibriSpeech:test:City_noise:5:1320-122612-0015,test-clean/1320/122612/1320-122612-0015.flac,1320,City_noise,5,0.8132295719844358,"[0.75,1.00]",True,True,False,0.07491181497509003,True,True,True,211,492,491,True,True
1261,LibriSpeech:test:City_noise:5:260-123288-0006,test-clean/260/123288/260-123288-0006.flac,260,City_noise,5,0.7383177570093458,"[0.50,0.75)",1256,LibriSpeech:test:City_noise:5:1320-122612-0015,test-clean/1320/122612/1320-122612-0015.flac,1320,City_noise,5,0.8132295719844358,"[0.75,1.00]",True,True,False,0.07491181497509003,True,True,True,307,492,491,True,True
1261,LibriSpeech:test:City_noise:5:260-123288-0006,test-clean/260/123288/260-123288-0006.flac,260,City_noise,5,0.7383177570093458,"[0.50,0.75)",1256,LibriSpeech:test:City_noise:5:1320-122612-0015,test-clean/1320/122612/1320-122612-0015.flac,1320,City_noise,5,0.8132295719844358,"[0.75,1.00]",True,True,False,0.07491181497509003,True,True,True,401,492,491,True,True
1261,LibriSpeech:test:City_noise:5:260-123288-0006,test-clean/260/123288/260-123288-0006.flac,260,City_noise,5,0.7383177570093458,"[0.50,0.75)",1256,LibriSpeech:test:City_noise:5:1320-122612-0015,test-clean/1320/122612/1320-122612-0015.flac,1320,City_noise,5,0.8132295719844358,"[0.75,1.00]",True,True,False,0.07491181497509003,True,True,True,503,492,491,True,True
1270,LibriSpeech:test:City_noise:5:6930-75918-0009,test-clean/6930/75918/6930-75918-0009.flac,6930,City_noise,5,0.9020172910662824,"[0.75,1.00]",1271,LibriSpeech:test:City_noise:5:7021-85628-0010,test-clean/7021/85628/7021-85628-0010.flac,7021,City_noise,5,0.888095238095238,"[0.75,1.00]",True,True,True,0.013922052971044319,True,True,True,101,492,491,True,True
1270,LibriSpeech:test:City_noise:5:6930-75918-0009,test-clean/6930/75918/6930-75918-0009.flac,6930,City_noise,5,0.9020172910662824,"[0.75,1.00]",1271,LibriSpeech:test:City_noise:5:7021-85628-0010,test-clean/7021/85628/7021-85628-0010.flac,7021,City_noise,5,0.888095238095238,"[0.75,1.00]",True,True,True,0.013922052971044319,True,True,True,211,492,491,True,True
1270,LibriSpeech:test:City_noise:5:6930-75918-0009,test-clean/6930/75918/6930-75918-0009.flac,6930,City_noise,5,0.9020172910662824,"[0.75,1.00]",1271,LibriSpeech:test:City_noise:5:7021-85628-0010,test-clean/7021/85628/7021-85628-0010.flac,7021,City_noise,5,0.888095238095238,"[0.75,1.00]",True,True,True,0.013922052971044319,True,True,True,307,492,491,True,True
1270,LibriSpeech:test:City_noise:5:6930-75918-0009,test-clean/6930/75918/6930-75918-0009.flac,6930,City_noise,5,0.9020172910662824,"[0.75,1.00]",1271,LibriSpeech:test:City_noise:5:7021-85628-0010,test-clean/7021/85628/7021-85628-0010.flac,7021,City_noise,5,0.888095238095238,"[0.75,1.00]",True,True,True,0.013922052971044319,True,True,True,401,492,491,True,True
1270,LibriSpeech:test:City_noise:5:6930-75918-0009,test-clean/6930/75918/6930-75918-0009.flac,6930,City_noise,5,0.9020172910662824,"[0.75,1.00]",1271,LibriSpeech:test:City_noise:5:7021-85628-0010,test-clean/7021/85628/7021-85628-0010.flac,7021,City_noise,5,0.888095238095238,"[0.75,1.00]",True,True,True,0.013922052971044319,True,True,True,503,492,491,True,True
1271,LibriSpeech:test:City_noise:5:7021-85628-0010,test-clean/7021/85628/7021-85628-0010.flac,7021,City_noise,5,0.888095238095238,"[0.75,1.00]",1260,LibriSpeech:test:City_noise:5:2300-131720-0018,test-clean/2300/131720/2300-131720-0018.flac,2300,City_noise,5,0.8808705612829324,"[0.75,1.00]",True,True,True,0.007224676812305653,True,True,True,101,492,491,True,True
1271,LibriSpeech:test:City_noise:5:7021-85628-0010,test-clean/7021/85628/7021-85628-0010.flac,7021,City_noise,5,0.888095238095238,"[0.75,1.00]",1260,LibriSpeech:test:City_noise:5:2300-131720-0018,test-clean/2300/131720/2300-131720-0018.flac,2300,City_noise,5,0.8808705612829324,"[0.75,1.00]",True,True,True,0.007224676812305653,True,True,True,211,492,491,True,True
1271,LibriSpeech:test:City_noise:5:7021-85628-0010,test-clean/7021/85628/7021-85628-0010.flac,7021,City_noise,5,0.888095238095238,"[0.75,1.00]",1260,LibriSpeech:test:City_noise:5:2300-131720-0018,test-clean/2300/131720/2300-131720-0018.flac,2300,City_noise,5,0.8808705612829324,"[0.75,1.00]",True,True,True,0.007224676812305653,True,True,True,307,492,491,True,True
1271,LibriSpeech:test:City_noise:5:7021-85628-0010,test-clean/7021/85628/7021-85628-0010.flac,7021,City_noise,5,0.888095238095238,"[0.75,1.00]",1260,LibriSpeech:test:City_noise:5:2300-131720-0018,test-clean/2300/131720/2300-131720-0018.flac,2300,City_noise,5,0.8808705612829324,"[0.75,1.00]",True,True,True,0.007224676812305653,True,True,True,401,492,491,True,True
1271,LibriSpeech:test:City_noise:5:7021-85628-0010,test-clean/7021/85628/7021-85628-0010.flac,7021,City_noise,5,0.888095238095238,"[0.75,1.00]",1260,LibriSpeech:test:City_noise:5:2300-131720-0018,test-clean/2300/131720/2300-131720-0018.flac,2300,City_noise,5,0.8808705612829324,"[0.75,1.00]",True,True,True,0.007224676812305653,True,True,True,503,492,491,True,True
1277,LibriSpeech:test:City_noise:10:1995-1826-0021,test-clean/1995/1826/1995-1826-0021.flac,1995,City_noise,10,0.825,"[0.75,1.00]",1293,LibriSpeech:test:City_noise:10:8224-274384-0012,test-clean/8224/274384/8224-274384-0012.flac,8224,City_noise,10,0.8150134048257373,"[0.75,1.00]",True,True,True,0.009986595174262702,True,True,True,101,492,491,True,True
1277,LibriSpeech:test:City_noise:10:1995-1826-0021,test-clean/1995/1826/1995-1826-0021.flac,1995,City_noise,10,0.825,"[0.75,1.00]",1293,LibriSpeech:test:City_noise:10:8224-274384-0012,test-clean/8224/274384/8224-274384-0012.flac,8224,City_noise,10,0.8150134048257373,"[0.75,1.00]",True,True,True,0.009986595174262702,True,True,True,211,492,491,True,True
1277,LibriSpeech:test:City_noise:10:1995-1826-0021,test-clean/1995/1826/1995-1826-0021.flac,1995,City_noise,10,0.825,"[0.75,1.00]",1293,LibriSpeech:test:City_noise:10:8224-274384-0012,test-clean/8224/274384/8224-274384-0012.flac,8224,City_noise,10,0.8150134048257373,"[0.75,1.00]",True,True,True,0.009986595174262702,True,True,True,307,492,491,True,True
1277,LibriSpeech:test:City_noise:10:1995-1826-0021,test-clean/1995/1826/1995-1826-0021.flac,1995,City_noise,10,0.825,"[0.75,1.00]",1293,LibriSpeech:test:City_noise:10:8224-274384-0012,test-clean/8224/274384/8224-274384-0012.flac,8224,City_noise,10,0.8150134048257373,"[0.75,1.00]",True,True,True,0.009986595174262702,True,True,True,401,492,491,True,True
1277,LibriSpeech:test:City_noise:10:1995-1826-0021,test-clean/1995/1826/1995-1826-0021.flac,1995,City_noise,10,0.825,"[0.75,1.00]",1293,LibriSpeech:test:City_noise:10:8224-274384-0012,test-clean/8224/274384/8224-274384-0012.flac,8224,City_noise,10,0.8150134048257373,"[0.75,1.00]",True,True,True,0.009986595174262702,True,True,True,503,492,491,True,True
1278,LibriSpeech:test:City_noise:10:1995-1836-0004,test-clean/1995/1836/1995-1836-0004.flac,1995,City_noise,10,0.8877076411960133,"[0.75,1.00]",1290,LibriSpeech:test:City_noise:10:6930-76324-0028,test-clean/6930/76324/6930-76324-0028.flac,6930,City_noise,10,0.8663366336633663,"[0.75,1.00]",True,True,True,0.02137100753264698,True,True,True,101,492,491,True,True
1278,LibriSpeech:test:City_noise:10:1995-1836-0004,test-clean/1995/1836/1995-1836-0004.flac,1995,City_noise,10,0.8877076411960133,"[0.75,1.00]",1290,LibriSpeech:test:City_noise:10:6930-76324-0028,test-clean/6930/76324/6930-76324-0028.flac,6930,City_noise,10,0.8663366336633663,"[0.75,1.00]",True,True,True,0.02137100753264698,True,True,True,211,492,491,True,True
1278,LibriSpeech:test:City_noise:10:1995-1836-0004,test-clean/1995/1836/1995-1836-0004.flac,1995,City_noise,10,0.8877076411960133,"[0.75,1.00]",1290,LibriSpeech:test:City_noise:10:6930-76324-0028,test-clean/6930/76324/6930-76324-0028.flac,6930,City_noise,10,0.8663366336633663,"[0.75,1.00]",True,True,True,0.02137100753264698,True,True,True,307,492,491,True,True
1278,LibriSpeech:test:City_noise:10:1995-1836-0004,test-clean/1995/1836/1995-1836-0004.flac,1995,City_noise,10,0.8877076411960133,"[0.75,1.00]",1290,LibriSpeech:test:City_noise:10:6930-76324-0028,test-clean/6930/76324/6930-76324-0028.flac,6930,City_noise,10,0.8663366336633663,"[0.75,1.00]",True,True,True,0.02137100753264698,True,True,True,401,492,491,True,True
1278,LibriSpeech:test:City_noise:10:1995-1836-0004,test-clean/1995/1836/1995-1836-0004.flac,1995,City_noise,10,0.8877076411960133,"[0.75,1.00]",1290,LibriSpeech:test:City_noise:10:6930-76324-0028,test-clean/6930/76324/6930-76324-0028.flac,6930,City_noise,10,0.8663366336633663,"[0.75,1.00]",True,True,True,0.02137100753264698,True,True,True,503,492,491,True,True
1279,LibriSpeech:test:City_noise:10:2961-961-0003,test-clean/2961/961/2961-961-0003.flac,2961,City_noise,10,0.4891304347826087,"[0.25,0.50)",1295,LibriSpeech:test:City_noise:10:908-157963-0017,test-clean/908/157963/908-157963-0017.flac,908,City_noise,10,0.6578947368421053,"[0.50,0.75)",True,True,False,0.1687643020594966,True,True,True,101,492,491,True,True
1279,LibriSpeech:test:City_noise:10:2961-961-0003,test-clean/2961/961/2961-961-0003.flac,2961,City_noise,10,0.4891304347826087,"[0.25,0.50)",1295,LibriSpeech:test:City_noise:10:908-157963-0017,test-clean/908/157963/908-157963-0017.flac,908,City_noise,10,0.6578947368421053,"[0.50,0.75)",True,True,False,0.1687643020594966,True,True,True,211,492,491,True,True
1279,LibriSpeech:test:City_noise:10:2961-961-0003,test-clean/2961/961/2961-961-0003.flac,2961,City_noise,10,0.4891304347826087,"[0.25,0.50)",1295,LibriSpeech:test:City_noise:10:908-157963-0017,test-clean/908/157963/908-157963-0017.flac,908,City_noise,10,0.6578947368421053,"[0.50,0.75)",True,True,False,0.1687643020594966,True,True,True,307,492,491,True,True
1279,LibriSpeech:test:City_noise:10:2961-961-0003,test-clean/2961/961/2961-961-0003.flac,2961,City_noise,10,0.4891304347826087,"[0.25,0.50)",1295,LibriSpeech:test:City_noise:10:908-157963-0017,test-clean/908/157963/908-157963-0017.flac,908,City_noise,10,0.6578947368421053,"[0.50,0.75)",True,True,False,0.1687643020594966,True,True,True,401,492,491,True,True
1279,LibriSpeech:test:City_noise:10:2961-961-0003,test-clean/2961/961/2961-961-0003.flac,2961,City_noise,10,0.4891304347826087,"[0.25,0.50)",1295,LibriSpeech:test:City_noise:10:908-157963-0017,test-clean/908/157963/908-157963-0017.flac,908,City_noise,10,0.6578947368421053,"[0.50,0.75)",True,True,False,0.1687643020594966,True,True,True,503,492,491,True,True
1280,LibriSpeech:test:City_noise:10:3729-6852-0003,test-clean/3729/6852/3729-6852-0003.flac,3729,City_noise,10,0.8455008488964346,"[0.75,1.00]",1294,LibriSpeech:test:City_noise:10:908-157963-0007,test-clean/908/157963/908-157963-0007.flac,908,City_noise,10,0.8532458563535912,"[0.75,1.00]",True,True,True,0.007745007457156561,True,True,True,101,492,491,True,True
1280,LibriSpeech:test:City_noise:10:3729-6852-0003,test-clean/3729/6852/3729-6852-0003.flac,3729,City_noise,10,0.8455008488964346,"[0.75,1.00]",1294,LibriSpeech:test:City_noise:10:908-157963-0007,test-clean/908/157963/908-157963-0007.flac,908,City_noise,10,0.8532458563535912,"[0.75,1.00]",True,True,True,0.007745007457156561,True,True,True,211,492,491,True,True
1280,LibriSpeech:test:City_noise:10:3729-6852-0003,test-clean/3729/6852/3729-6852-0003.flac,3729,City_noise,10,0.8455008488964346,"[0.75,1.00]",1294,LibriSpeech:test:City_noise:10:908-157963-0007,test-clean/908/157963/908-157963-0007.flac,908,City_noise,10,0.8532458563535912,"[0.75,1.00]",True,True,True,0.007745007457156561,True,True,True,307,492,491,True,True
1280,LibriSpeech:test:City_noise:10:3729-6852-0003,test-clean/3729/6852/3729-6852-0003.flac,3729,City_noise,10,0.8455008488964346,"[0.75,1.00]",1294,LibriSpeech:test:City_noise:10:908-157963-0007,test-clean/908/157963/908-157963-0007.flac,908,City_noise,10,0.8532458563535912,"[0.75,1.00]",True,True,True,0.007745007457156561,True,True,True,401,492,491,True,True
1280,LibriSpeech:test:City_noise:10:3729-6852-0003,test-clean/3729/6852/3729-6852-0003.flac,3729,City_noise,10,0.8455008488964346,"[0.75,1.00]",1294,LibriSpeech:test:City_noise:10:908-157963-0007,test-clean/908/157963/908-157963-0007.flac,908,City_noise,10,0.8532458563535912,"[0.75,1.00]",True,True,True,0.007745007457156561,True,True,True,503,492,491,True,True
1284,LibriSpeech:test:City_noise:10:5142-33396-0068,test-clean/5142/33396/5142-33396-0068.flac,5142,Clean,clean,0.9285714285714286,"[0.75,1.00]",722,LibriSpeech:test:Office_noise:-5:8230-279154-0018,test-clean/8230/279154/8230-279154-0018.flac,8230,Clean,clean,0.9290161892901619,"[0.75,1.00]",True,True,True,0.0004447607187333391,True,True,True,101,492,491,True,True
1284,LibriSpeech:test:City_noise:10:5142-33396-0068,test-clean/5142/33396/5142-33396-0068.flac,5142,Clean,clean,0.9285714285714286,"[0.75,1.00]",722,LibriSpeech:test:Office_noise:-5:8230-279154-0018,test-clean/8230/279154/8230-279154-0018.flac,8230,Clean,clean,0.9290161892901619,"[0.75,1.00]",True,True,True,0.0004447607187333391,True,True,True,211,492,491,True,True
1284,LibriSpeech:test:City_noise:10:5142-33396-0068,test-clean/5142/33396/5142-33396-0068.flac,5142,Clean,clean,0.9285714285714286,"[0.75,1.00]",722,LibriSpeech:test:Office_noise:-5:8230-279154-0018,test-clean/8230/279154/8230-279154-0018.flac,8230,Clean,clean,0.9290161892901619,"[0.75,1.00]",True,True,True,0.0004447607187333391,True,True,True,307,492,491,True,True
1284,LibriSpeech:test:City_noise:10:5142-33396-0068,test-clean/5142/33396/5142-33396-0068.flac,5142,Clean,clean,0.9285714285714286,"[0.75,1.00]",722,LibriSpeech:test:Office_noise:-5:8230-279154-0018,test-clean/8230/279154/8230-279154-0018.flac,8230,Clean,clean,0.9290161892901619,"[0.75,1.00]",True,True,True,0.0004447607187333391,True,True,True,401,492,491,True,True
1284,LibriSpeech:test:City_noise:10:5142-33396-0068,test-clean/5142/33396/5142-33396-0068.flac,5142,Clean,clean,0.9285714285714286,"[0.75,1.00]",722,LibriSpeech:test:Office_noise:-5:8230-279154-0018,test-clean/8230/279154/8230-279154-0018.flac,8230,Clean,clean,0.9290161892901619,"[0.75,1.00]",True,True,True,0.0004447607187333391,True,True,True,503,492,491,True,True
1285,LibriSpeech:test:City_noise:10:5142-33396-0068,test-clean/5142/33396/5142-33396-0068.flac,5142,City_noise,10,0.9285714285714286,"[0.75,1.00]",1278,LibriSpeech:test:City_noise:10:1995-1836-0004,test-clean/1995/1836/1995-1836-0004.flac,1995,City_noise,10,0.8877076411960133,"[0.75,1.00]",True,True,True,0.040863787375415295,True,True,True,101,492,491,True,True
1285,LibriSpeech:test:City_noise:10:5142-33396-0068,test-clean/5142/33396/5142-33396-0068.flac,5142,City_noise,10,0.9285714285714286,"[0.75,1.00]",1278,LibriSpeech:test:City_noise:10:1995-1836-0004,test-clean/1995/1836/1995-1836-0004.flac,1995,City_noise,10,0.8877076411960133,"[0.75,1.00]",True,True,True,0.040863787375415295,True,True,True,211,492,491,True,True
1285,LibriSpeech:test:City_noise:10:5142-33396-0068,test-clean/5142/33396/5142-33396-0068.flac,5142,City_noise,10,0.9285714285714286,"[0.75,1.00]",1278,LibriSpeech:test:City_noise:10:1995-1836-0004,test-clean/1995/1836/1995-1836-0004.flac,1995,City_noise,10,0.8877076411960133,"[0.75,1.00]",True,True,True,0.040863787375415295,True,True,True,307,492,491,True,True
1285,LibriSpeech:test:City_noise:10:5142-33396-0068,test-clean/5142/33396/5142-33396-0068.flac,5142,City_noise,10,0.9285714285714286,"[0.75,1.00]",1278,LibriSpeech:test:City_noise:10:1995-1836-0004,test-clean/1995/1836/1995-1836-0004.flac,1995,City_noise,10,0.8877076411960133,"[0.75,1.00]",True,True,True,0.040863787375415295,True,True,True,401,492,491,True,True
1285,LibriSpeech:test:City_noise:10:5142-33396-0068,test-clean/5142/33396/5142-33396-0068.flac,5142,City_noise,10,0.9285714285714286,"[0.75,1.00]",1278,LibriSpeech:test:City_noise:10:1995-1836-0004,test-clean/1995/1836/1995-1836-0004.flac,1995,City_noise,10,0.8877076411960133,"[0.75,1.00]",True,True,True,0.040863787375415295,True,True,True,503,492,491,True,True
1290,LibriSpeech:test:City_noise:10:6930-76324-0028,test-clean/6930/76324/6930-76324-0028.flac,6930,City_noise,10,0.8663366336633663,"[0.75,1.00]",1294,LibriSpeech:test:City_noise:10:908-157963-0007,test-clean/908/157963/908-157963-0007.flac,908,City_noise,10,0.8532458563535912,"[0.75,1.00]",True,True,True,0.013090777309775148,True,True,True,101,492,491,True,True
1290,LibriSpeech:test:City_noise:10:6930-76324-0028,test-clean/6930/76324/6930-76324-0028.flac,6930,City_noise,10,0.8663366336633663,"[0.75,1.00]",1294,LibriSpeech:test:City_noise:10:908-157963-0007,test-clean/908/157963/908-157963-0007.flac,908,City_noise,10,0.8532458563535912,"[0.75,1.00]",True,True,True,0.013090777309775148,True,True,True,211,492,491,True,True
1290,LibriSpeech:test:City_noise:10:6930-76324-0028,test-clean/6930/76324/6930-76324-0028.flac,6930,City_noise,10,0.8663366336633663,"[0.75,1.00]",1294,LibriSpeech:test:City_noise:10:908-157963-0007,test-clean/908/157963/908-157963-0007.flac,908,City_noise,10,0.8532458563535912,"[0.75,1.00]",True,True,True,0.013090777309775148,True,True,True,307,492,491,True,True
1290,LibriSpeech:test:City_noise:10:6930-76324-0028,test-clean/6930/76324/6930-76324-0028.flac,6930,City_noise,10,0.8663366336633663,"[0.75,1.00]",1294,LibriSpeech:test:City_noise:10:908-157963-0007,test-clean/908/157963/908-157963-0007.flac,908,City_noise,10,0.8532458563535912,"[0.75,1.00]",True,True,True,0.013090777309775148,True,True,True,401,492,491,True,True
1290,LibriSpeech:test:City_noise:10:6930-76324-0028,test-clean/6930/76324/6930-76324-0028.flac,6930,City_noise,10,0.8663366336633663,"[0.75,1.00]",1294,LibriSpeech:test:City_noise:10:908-157963-0007,test-clean/908/157963/908-157963-0007.flac,908,City_noise,10,0.8532458563535912,"[0.75,1.00]",True,True,True,0.013090777309775148,True,True,True,503,492,491,True,True
1293,LibriSpeech:test:City_noise:10:8224-274384-0012,test-clean/8224/274384/8224-274384-0012.flac,8224,City_noise,10,0.8150134048257373,"[0.75,1.00]",1277,LibriSpeech:test:City_noise:10:1995-1826-0021,test-clean/1995/1826/1995-1826-0021.flac,1995,City_noise,10,0.825,"[0.75,1.00]",True,True,True,0.009986595174262702,True,True,True,101,492,491,True,True
1293,LibriSpeech:test:City_noise:10:8224-274384-0012,test-clean/8224/274384/8224-274384-0012.flac,8224,City_noise,10,0.8150134048257373,"[0.75,1.00]",1277,LibriSpeech:test:City_noise:10:1995-1826-0021,test-clean/1995/1826/1995-1826-0021.flac,1995,City_noise,10,0.825,"[0.75,1.00]",True,True,True,0.009986595174262702,True,True,True,211,492,491,True,True
1293,LibriSpeech:test:City_noise:10:8224-274384-0012,test-clean/8224/274384/8224-274384-0012.flac,8224,City_noise,10,0.8150134048257373,"[0.75,1.00]",1277,LibriSpeech:test:City_noise:10:1995-1826-0021,test-clean/1995/1826/1995-1826-0021.flac,1995,City_noise,10,0.825,"[0.75,1.00]",True,True,True,0.009986595174262702,True,True,True,307,492,491,True,True
1293,LibriSpeech:test:City_noise:10:8224-274384-0012,test-clean/8224/274384/8224-274384-0012.flac,8224,City_noise,10,0.8150134048257373,"[0.75,1.00]",1277,LibriSpeech:test:City_noise:10:1995-1826-0021,test-clean/1995/1826/1995-1826-0021.flac,1995,City_noise,10,0.825,"[0.75,1.00]",True,True,True,0.009986595174262702,True,True,True,401,492,491,True,True
1293,LibriSpeech:test:City_noise:10:8224-274384-0012,test-clean/8224/274384/8224-274384-0012.flac,8224,City_noise,10,0.8150134048257373,"[0.75,1.00]",1277,LibriSpeech:test:City_noise:10:1995-1826-0021,test-clean/1995/1826/1995-1826-0021.flac,1995,City_noise,10,0.825,"[0.75,1.00]",True,True,True,0.009986595174262702,True,True,True,503,492,491,True,True
1294,LibriSpeech:test:City_noise:10:908-157963-0007,test-clean/908/157963/908-157963-0007.flac,908,City_noise,10,0.8532458563535912,"[0.75,1.00]",1280,LibriSpeech:test:City_noise:10:3729-6852-0003,test-clean/3729/6852/3729-6852-0003.flac,3729,City_noise,10,0.8455008488964346,"[0.75,1.00]",True,True,True,0.007745007457156561,True,True,True,101,492,491,True,True
1294,LibriSpeech:test:City_noise:10:908-157963-0007,test-clean/908/157963/908-157963-0007.flac,908,City_noise,10,0.8532458563535912,"[0.75,1.00]",1280,LibriSpeech:test:City_noise:10:3729-6852-0003,test-clean/3729/6852/3729-6852-0003.flac,3729,City_noise,10,0.8455008488964346,"[0.75,1.00]",True,True,True,0.007745007457156561,True,True,True,211,492,491,True,True
1294,LibriSpeech:test:City_noise:10:908-157963-0007,test-clean/908/157963/908-157963-0007.flac,908,City_noise,10,0.8532458563535912,"[0.75,1.00]",1280,LibriSpeech:test:City_noise:10:3729-6852-0003,test-clean/3729/6852/3729-6852-0003.flac,3729,City_noise,10,0.8455008488964346,"[0.75,1.00]",True,True,True,0.007745007457156561,True,True,True,307,492,491,True,True
1294,LibriSpeech:test:City_noise:10:908-157963-0007,test-clean/908/157963/908-157963-0007.flac,908,City_noise,10,0.8532458563535912,"[0.75,1.00]",1280,LibriSpeech:test:City_noise:10:3729-6852-0003,test-clean/3729/6852/3729-6852-0003.flac,3729,City_noise,10,0.8455008488964346,"[0.75,1.00]",True,True,True,0.007745007457156561,True,True,True,401,492,491,True,True
1294,LibriSpeech:test:City_noise:10:908-157963-0007,test-clean/908/157963/908-157963-0007.flac,908,City_noise,10,0.8532458563535912,"[0.75,1.00]",1280,LibriSpeech:test:City_noise:10:3729-6852-0003,test-clean/3729/6852/3729-6852-0003.flac,3729,City_noise,10,0.8455008488964346,"[0.75,1.00]",True,True,True,0.007745007457156561,True,True,True,503,492,491,True,True
1295,LibriSpeech:test:City_noise:10:908-157963-0017,test-clean/908/157963/908-157963-0017.flac,908,City_noise,10,0.6578947368421053,"[0.50,0.75)",1293,LibriSpeech:test:City_noise:10:8224-274384-0012,test-clean/8224/274384/8224-274384-0012.flac,8224,City_noise,10,0.8150134048257373,"[0.75,1.00]",True,True,False,0.15711866798363194,True,True,True,101,492,491,True,True
1295,LibriSpeech:test:City_noise:10:908-157963-0017,test-clean/908/157963/908-157963-0017.flac,908,City_noise,10,0.6578947368421053,"[0.50,0.75)",1293,LibriSpeech:test:City_noise:10:8224-274384-0012,test-clean/8224/274384/8224-274384-0012.flac,8224,City_noise,10,0.8150134048257373,"[0.75,1.00]",True,True,False,0.15711866798363194,True,True,True,211,492,491,True,True
1295,LibriSpeech:test:City_noise:10:908-157963-0017,test-clean/908/157963/908-157963-0017.flac,908,City_noise,10,0.6578947368421053,"[0.50,0.75)",1293,LibriSpeech:test:City_noise:10:8224-274384-0012,test-clean/8224/274384/8224-274384-0012.flac,8224,City_noise,10,0.8150134048257373,"[0.75,1.00]",True,True,False,0.15711866798363194,True,True,True,307,492,491,True,True
1295,LibriSpeech:test:City_noise:10:908-157963-0017,test-clean/908/157963/908-157963-0017.flac,908,City_noise,10,0.6578947368421053,"[0.50,0.75)",1293,LibriSpeech:test:City_noise:10:8224-274384-0012,test-clean/8224/274384/8224-274384-0012.flac,8224,City_noise,10,0.8150134048257373,"[0.75,1.00]",True,True,False,0.15711866798363194,True,True,True,401,492,491,True,True
1295,LibriSpeech:test:City_noise:10:908-157963-0017,test-clean/908/157963/908-157963-0017.flac,908,City_noise,10,0.6578947368421053,"[0.50,0.75)",1293,LibriSpeech:test:City_noise:10:8224-274384-0012,test-clean/8224/274384/8224-274384-0012.flac,8224,City_noise,10,0.8150134048257373,"[0.75,1.00]",True,True,False,0.15711866798363194,True,True,True,503,492,491,True,True
1297,LibriSpeech:test:City_noise:15:1188-133604-0026,test-clean/1188/133604/1188-133604-0026.flac,1188,City_noise,15,0.7706928264868179,"[0.75,1.00]",1298,LibriSpeech:test:City_noise:15:1188-133604-0036,test-clean/1188/133604/1188-133604-0036.flac,1188,City_noise,15,0.8076923076923077,"[0.75,1.00]",True,True,True,0.03699948120548979,True,False,True,101,492,491,True,True
1297,LibriSpeech:test:City_noise:15:1188-133604-0026,test-clean/1188/133604/1188-133604-0026.flac,1188,City_noise,15,0.7706928264868179,"[0.75,1.00]",1298,LibriSpeech:test:City_noise:15:1188-133604-0036,test-clean/1188/133604/1188-133604-0036.flac,1188,City_noise,15,0.8076923076923077,"[0.75,1.00]",True,True,True,0.03699948120548979,True,False,True,211,492,491,True,True
1297,LibriSpeech:test:City_noise:15:1188-133604-0026,test-clean/1188/133604/1188-133604-0026.flac,1188,City_noise,15,0.7706928264868179,"[0.75,1.00]",1298,LibriSpeech:test:City_noise:15:1188-133604-0036,test-clean/1188/133604/1188-133604-0036.flac,1188,City_noise,15,0.8076923076923077,"[0.75,1.00]",True,True,True,0.03699948120548979,True,False,True,307,492,491,True,True
1297,LibriSpeech:test:City_noise:15:1188-133604-0026,test-clean/1188/133604/1188-133604-0026.flac,1188,City_noise,15,0.7706928264868179,"[0.75,1.00]",1298,LibriSpeech:test:City_noise:15:1188-133604-0036,test-clean/1188/133604/1188-133604-0036.flac,1188,City_noise,15,0.8076923076923077,"[0.75,1.00]",True,True,True,0.03699948120548979,True,False,True,401,492,491,True,True
1297,LibriSpeech:test:City_noise:15:1188-133604-0026,test-clean/1188/133604/1188-133604-0026.flac,1188,City_noise,15,0.7706928264868179,"[0.75,1.00]",1298,LibriSpeech:test:City_noise:15:1188-133604-0036,test-clean/1188/133604/1188-133604-0036.flac,1188,City_noise,15,0.8076923076923077,"[0.75,1.00]",True,True,True,0.03699948120548979,True,False,True,503,492,491,True,True
1298,LibriSpeech:test:City_noise:15:1188-133604-0036,test-clean/1188/133604/1188-133604-0036.flac,1188,City_noise,15,0.8076923076923077,"[0.75,1.00]",1309,LibriSpeech:test:City_noise:15:5142-36586-0003,test-clean/5142/36586/5142-36586-0003.flac,5142,City_noise,15,0.8387096774193549,"[0.75,1.00]",True,True,True,0.03101736972704716,True,True,True,101,492,491,True,True
1298,LibriSpeech:test:City_noise:15:1188-133604-0036,test-clean/1188/133604/1188-133604-0036.flac,1188,City_noise,15,0.8076923076923077,"[0.75,1.00]",1309,LibriSpeech:test:City_noise:15:5142-36586-0003,test-clean/5142/36586/5142-36586-0003.flac,5142,City_noise,15,0.8387096774193549,"[0.75,1.00]",True,True,True,0.03101736972704716,True,True,True,211,492,491,True,True
1298,LibriSpeech:test:City_noise:15:1188-133604-0036,test-clean/1188/133604/1188-133604-0036.flac,1188,City_noise,15,0.8076923076923077,"[0.75,1.00]",1309,LibriSpeech:test:City_noise:15:5142-36586-0003,test-clean/5142/36586/5142-36586-0003.flac,5142,City_noise,15,0.8387096774193549,"[0.75,1.00]",True,True,True,0.03101736972704716,True,True,True,307,492,491,True,True
1298,LibriSpeech:test:City_noise:15:1188-133604-0036,test-clean/1188/133604/1188-133604-0036.flac,1188,City_noise,15,0.8076923076923077,"[0.75,1.00]",1309,LibriSpeech:test:City_noise:15:5142-36586-0003,test-clean/5142/36586/5142-36586-0003.flac,5142,City_noise,15,0.8387096774193549,"[0.75,1.00]",True,True,True,0.03101736972704716,True,True,True,401,492,491,True,True
1298,LibriSpeech:test:City_noise:15:1188-133604-0036,test-clean/1188/133604/1188-133604-0036.flac,1188,City_noise,15,0.8076923076923077,"[0.75,1.00]",1309,LibriSpeech:test:City_noise:15:5142-36586-0003,test-clean/5142/36586/5142-36586-0003.flac,5142,City_noise,15,0.8387096774193549,"[0.75,1.00]",True,True,True,0.03101736972704716,True,True,True,503,492,491,True,True
1299,LibriSpeech:test:City_noise:15:121-127105-0026,test-clean/121/127105/121-127105-0026.flac,121,City_noise,15,0.8494623655913979,"[0.75,1.00]",1312,LibriSpeech:test:City_noise:15:7729-102255-0027,test-clean/7729/102255/7729-102255-0027.flac,7729,City_noise,15,0.8564593301435407,"[0.75,1.00]",True,True,True,0.006996964552142826,True,True,True,101,492,491,True,True
1299,LibriSpeech:test:City_noise:15:121-127105-0026,test-clean/121/127105/121-127105-0026.flac,121,City_noise,15,0.8494623655913979,"[0.75,1.00]",1312,LibriSpeech:test:City_noise:15:7729-102255-0027,test-clean/7729/102255/7729-102255-0027.flac,7729,City_noise,15,0.8564593301435407,"[0.75,1.00]",True,True,True,0.006996964552142826,True,True,True,211,492,491,True,True
1299,LibriSpeech:test:City_noise:15:121-127105-0026,test-clean/121/127105/121-127105-0026.flac,121,City_noise,15,0.8494623655913979,"[0.75,1.00]",1312,LibriSpeech:test:City_noise:15:7729-102255-0027,test-clean/7729/102255/7729-102255-0027.flac,7729,City_noise,15,0.8564593301435407,"[0.75,1.00]",True,True,True,0.006996964552142826,True,True,True,307,492,491,True,True
1299,LibriSpeech:test:City_noise:15:121-127105-0026,test-clean/121/127105/121-127105-0026.flac,121,City_noise,15,0.8494623655913979,"[0.75,1.00]",1312,LibriSpeech:test:City_noise:15:7729-102255-0027,test-clean/7729/102255/7729-102255-0027.flac,7729,City_noise,15,0.8564593301435407,"[0.75,1.00]",True,True,True,0.006996964552142826,True,True,True,401,492,491,True,True
1299,LibriSpeech:test:City_noise:15:121-127105-0026,test-clean/121/127105/121-127105-0026.flac,121,City_noise,15,0.8494623655913979,"[0.75,1.00]",1312,LibriSpeech:test:City_noise:15:7729-102255-0027,test-clean/7729/102255/7729-102255-0027.flac,7729,City_noise,15,0.8564593301435407,"[0.75,1.00]",True,True,True,0.006996964552142826,True,True,True,503,492,491,True,True
1302,LibriSpeech:test:City_noise:15:2830-3980-0023,test-clean/2830/3980/2830-3980-0023.flac,2830,City_noise,15,0.6723404255319149,"[0.50,0.75)",1297,LibriSpeech:test:City_noise:15:1188-133604-0026,test-clean/1188/133604/1188-133604-0026.flac,1188,City_noise,15,0.7706928264868179,"[0.75,1.00]",True,True,False,0.09835240095490305,True,True,True,101,492,491,True,True
1302,LibriSpeech:test:City_noise:15:2830-3980-0023,test-clean/2830/3980/2830-3980-0023.flac,2830,City_noise,15,0.6723404255319149,"[0.50,0.75)",1297,LibriSpeech:test:City_noise:15:1188-133604-0026,test-clean/1188/133604/1188-133604-0026.flac,1188,City_noise,15,0.7706928264868179,"[0.75,1.00]",True,True,False,0.09835240095490305,True,True,True,211,492,491,True,True
1302,LibriSpeech:test:City_noise:15:2830-3980-0023,test-clean/2830/3980/2830-3980-0023.flac,2830,City_noise,15,0.6723404255319149,"[0.50,0.75)",1297,LibriSpeech:test:City_noise:15:1188-133604-0026,test-clean/1188/133604/1188-133604-0026.flac,1188,City_noise,15,0.7706928264868179,"[0.75,1.00]",True,True,False,0.09835240095490305,True,True,True,307,492,491,True,True
1302,LibriSpeech:test:City_noise:15:2830-3980-0023,test-clean/2830/3980/2830-3980-0023.flac,2830,City_noise,15,0.6723404255319149,"[0.50,0.75)",1297,LibriSpeech:test:City_noise:15:1188-133604-0026,test-clean/1188/133604/1188-133604-0026.flac,1188,City_noise,15,0.7706928264868179,"[0.75,1.00]",True,True,False,0.09835240095490305,True,True,True,401,492,491,True,True
1302,LibriSpeech:test:City_noise:15:2830-3980-0023,test-clean/2830/3980/2830-3980-0023.flac,2830,City_noise,15,0.6723404255319149,"[0.50,0.75)",1297,LibriSpeech:test:City_noise:15:1188-133604-0026,test-clean/1188/133604/1188-133604-0026.flac,1188,City_noise,15,0.7706928264868179,"[0.75,1.00]",True,True,False,0.09835240095490305,True,True,True,503,492,491,True,True
1308,LibriSpeech:test:City_noise:15:5142-33396-0048,test-clean/5142/33396/5142-33396-0048.flac,5142,City_noise,15,0.13333333333333333,"[0,0.25)",1302,LibriSpeech:test:City_noise:15:2830-3980-0023,test-clean/2830/3980/2830-3980-0023.flac,2830,City_noise,15,0.6723404255319149,"[0.50,0.75)",True,True,False,0.5390070921985816,True,True,True,101,492,491,True,True
1308,LibriSpeech:test:City_noise:15:5142-33396-0048,test-clean/5142/33396/5142-33396-0048.flac,5142,City_noise,15,0.13333333333333333,"[0,0.25)",1302,LibriSpeech:test:City_noise:15:2830-3980-0023,test-clean/2830/3980/2830-3980-0023.flac,2830,City_noise,15,0.6723404255319149,"[0.50,0.75)",True,True,False,0.5390070921985816,True,True,True,211,492,491,True,True
1308,LibriSpeech:test:City_noise:15:5142-33396-0048,test-clean/5142/33396/5142-33396-0048.flac,5142,City_noise,15,0.13333333333333333,"[0,0.25)",1302,LibriSpeech:test:City_noise:15:2830-3980-0023,test-clean/2830/3980/2830-3980-0023.flac,2830,City_noise,15,0.6723404255319149,"[0.50,0.75)",True,True,False,0.5390070921985816,True,True,True,307,492,491,True,True
1308,LibriSpeech:test:City_noise:15:5142-33396-0048,test-clean/5142/33396/5142-33396-0048.flac,5142,City_noise,15,0.13333333333333333,"[0,0.25)",1302,LibriSpeech:test:City_noise:15:2830-3980-0023,test-clean/2830/3980/2830-3980-0023.flac,2830,City_noise,15,0.6723404255319149,"[0.50,0.75)",True,True,False,0.5390070921985816,True,True,True,401,492,491,True,True
1308,LibriSpeech:test:City_noise:15:5142-33396-0048,test-clean/5142/33396/5142-33396-0048.flac,5142,City_noise,15,0.13333333333333333,"[0,0.25)",1302,LibriSpeech:test:City_noise:15:2830-3980-0023,test-clean/2830/3980/2830-3980-0023.flac,2830,City_noise,15,0.6723404255319149,"[0.50,0.75)",True,True,False,0.5390070921985816,True,True,True,503,492,491,True,True
1309,LibriSpeech:test:City_noise:15:5142-36586-0003,test-clean/5142/36586/5142-36586-0003.flac,5142,City_noise,15,0.8387096774193549,"[0.75,1.00]",1299,LibriSpeech:test:City_noise:15:121-127105-0026,test-clean/121/127105/121-127105-0026.flac,121,City_noise,15,0.8494623655913979,"[0.75,1.00]",True,True,True,0.010752688172043001,True,True,True,101,492,491,True,True
1309,LibriSpeech:test:City_noise:15:5142-36586-0003,test-clean/5142/36586/5142-36586-0003.flac,5142,City_noise,15,0.8387096774193549,"[0.75,1.00]",1299,LibriSpeech:test:City_noise:15:121-127105-0026,test-clean/121/127105/121-127105-0026.flac,121,City_noise,15,0.8494623655913979,"[0.75,1.00]",True,True,True,0.010752688172043001,True,True,True,211,492,491,True,True
1309,LibriSpeech:test:City_noise:15:5142-36586-0003,test-clean/5142/36586/5142-36586-0003.flac,5142,City_noise,15,0.8387096774193549,"[0.75,1.00]",1299,LibriSpeech:test:City_noise:15:121-127105-0026,test-clean/121/127105/121-127105-0026.flac,121,City_noise,15,0.8494623655913979,"[0.75,1.00]",True,True,True,0.010752688172043001,True,True,True,307,492,491,True,True
1309,LibriSpeech:test:City_noise:15:5142-36586-0003,test-clean/5142/36586/5142-36586-0003.flac,5142,City_noise,15,0.8387096774193549,"[0.75,1.00]",1299,LibriSpeech:test:City_noise:15:121-127105-0026,test-clean/121/127105/121-127105-0026.flac,121,City_noise,15,0.8494623655913979,"[0.75,1.00]",True,True,True,0.010752688172043001,True,True,True,401,492,491,True,True
1309,LibriSpeech:test:City_noise:15:5142-36586-0003,test-clean/5142/36586/5142-36586-0003.flac,5142,City_noise,15,0.8387096774193549,"[0.75,1.00]",1299,LibriSpeech:test:City_noise:15:121-127105-0026,test-clean/121/127105/121-127105-0026.flac,121,City_noise,15,0.8494623655913979,"[0.75,1.00]",True,True,True,0.010752688172043001,True,True,True,503,492,491,True,True
1311,LibriSpeech:test:City_noise:15:7176-88083-0021,test-clean/7176/88083/7176-88083-0021.flac,7176,City_noise,15,0.8850967007963595,"[0.75,1.00]",1312,LibriSpeech:test:City_noise:15:7729-102255-0027,test-clean/7729/102255/7729-102255-0027.flac,7729,City_noise,15,0.8564593301435407,"[0.75,1.00]",True,True,True,0.028637370652818794,True,True,True,101,492,491,True,True
1311,LibriSpeech:test:City_noise:15:7176-88083-0021,test-clean/7176/88083/7176-88083-0021.flac,7176,City_noise,15,0.8850967007963595,"[0.75,1.00]",1312,LibriSpeech:test:City_noise:15:7729-102255-0027,test-clean/7729/102255/7729-102255-0027.flac,7729,City_noise,15,0.8564593301435407,"[0.75,1.00]",True,True,True,0.028637370652818794,True,True,True,211,492,491,True,True
1311,LibriSpeech:test:City_noise:15:7176-88083-0021,test-clean/7176/88083/7176-88083-0021.flac,7176,City_noise,15,0.8850967007963595,"[0.75,1.00]",1312,LibriSpeech:test:City_noise:15:7729-102255-0027,test-clean/7729/102255/7729-102255-0027.flac,7729,City_noise,15,0.8564593301435407,"[0.75,1.00]",True,True,True,0.028637370652818794,True,True,True,307,492,491,True,True
1311,LibriSpeech:test:City_noise:15:7176-88083-0021,test-clean/7176/88083/7176-88083-0021.flac,7176,City_noise,15,0.8850967007963595,"[0.75,1.00]",1312,LibriSpeech:test:City_noise:15:7729-102255-0027,test-clean/7729/102255/7729-102255-0027.flac,7729,City_noise,15,0.8564593301435407,"[0.75,1.00]",True,True,True,0.028637370652818794,True,True,True,401,492,491,True,True
1311,LibriSpeech:test:City_noise:15:7176-88083-0021,test-clean/7176/88083/7176-88083-0021.flac,7176,City_noise,15,0.8850967007963595,"[0.75,1.00]",1312,LibriSpeech:test:City_noise:15:7729-102255-0027,test-clean/7729/102255/7729-102255-0027.flac,7729,City_noise,15,0.8564593301435407,"[0.75,1.00]",True,True,True,0.028637370652818794,True,True,True,503,492,491,True,True
1312,LibriSpeech:test:City_noise:15:7729-102255-0027,test-clean/7729/102255/7729-102255-0027.flac,7729,City_noise,15,0.8564593301435407,"[0.75,1.00]",1299,LibriSpeech:test:City_noise:15:121-127105-0026,test-clean/121/127105/121-127105-0026.flac,121,City_noise,15,0.8494623655913979,"[0.75,1.00]",True,True,True,0.006996964552142826,True,True,True,101,492,491,True,True
1312,LibriSpeech:test:City_noise:15:7729-102255-0027,test-clean/7729/102255/7729-102255-0027.flac,7729,City_noise,15,0.8564593301435407,"[0.75,1.00]",1299,LibriSpeech:test:City_noise:15:121-127105-0026,test-clean/121/127105/121-127105-0026.flac,121,City_noise,15,0.8494623655913979,"[0.75,1.00]",True,True,True,0.006996964552142826,True,True,True,211,492,491,True,True
1312,LibriSpeech:test:City_noise:15:7729-102255-0027,test-clean/7729/102255/7729-102255-0027.flac,7729,City_noise,15,0.8564593301435407,"[0.75,1.00]",1299,LibriSpeech:test:City_noise:15:121-127105-0026,test-clean/121/127105/121-127105-0026.flac,121,City_noise,15,0.8494623655913979,"[0.75,1.00]",True,True,True,0.006996964552142826,True,True,True,307,492,491,True,True
1312,LibriSpeech:test:City_noise:15:7729-102255-0027,test-clean/7729/102255/7729-102255-0027.flac,7729,City_noise,15,0.8564593301435407,"[0.75,1.00]",1299,LibriSpeech:test:City_noise:15:121-127105-0026,test-clean/121/127105/121-127105-0026.flac,121,City_noise,15,0.8494623655913979,"[0.75,1.00]",True,True,True,0.006996964552142826,True,True,True,401,492,491,True,True
1312,LibriSpeech:test:City_noise:15:7729-102255-0027,test-clean/7729/102255/7729-102255-0027.flac,7729,City_noise,15,0.8564593301435407,"[0.75,1.00]",1299,LibriSpeech:test:City_noise:15:121-127105-0026,test-clean/121/127105/121-127105-0026.flac,121,City_noise,15,0.8494623655913979,"[0.75,1.00]",True,True,True,0.006996964552142826,True,True,True,503,492,491,True,True
1316,LibriSpeech:test:City_noise:20:1188-133604-0016,test-clean/1188/133604/1188-133604-0016.flac,1188,City_noise,20,0.7323943661971831,"[0.50,0.75)",1320,LibriSpeech:test:City_noise:20:237-126133-0006,test-clean/237/126133/237-126133-0006.flac,237,City_noise,20,0.6153846153846154,"[0.50,0.75)",True,True,True,0.1170097508125677,True,True,True,101,492,491,True,True
1316,LibriSpeech:test:City_noise:20:1188-133604-0016,test-clean/1188/133604/1188-133604-0016.flac,1188,City_noise,20,0.7323943661971831,"[0.50,0.75)",1320,LibriSpeech:test:City_noise:20:237-126133-0006,test-clean/237/126133/237-126133-0006.flac,237,City_noise,20,0.6153846153846154,"[0.50,0.75)",True,True,True,0.1170097508125677,True,True,True,211,492,491,True,True
1316,LibriSpeech:test:City_noise:20:1188-133604-0016,test-clean/1188/133604/1188-133604-0016.flac,1188,City_noise,20,0.7323943661971831,"[0.50,0.75)",1320,LibriSpeech:test:City_noise:20:237-126133-0006,test-clean/237/126133/237-126133-0006.flac,237,City_noise,20,0.6153846153846154,"[0.50,0.75)",True,True,True,0.1170097508125677,True,True,True,307,492,491,True,True
1316,LibriSpeech:test:City_noise:20:1188-133604-0016,test-clean/1188/133604/1188-133604-0016.flac,1188,City_noise,20,0.7323943661971831,"[0.50,0.75)",1320,LibriSpeech:test:City_noise:20:237-126133-0006,test-clean/237/126133/237-126133-0006.flac,237,City_noise,20,0.6153846153846154,"[0.50,0.75)",True,True,True,0.1170097508125677,True,True,True,401,492,491,True,True
1316,LibriSpeech:test:City_noise:20:1188-133604-0016,test-clean/1188/133604/1188-133604-0016.flac,1188,City_noise,20,0.7323943661971831,"[0.50,0.75)",1320,LibriSpeech:test:City_noise:20:237-126133-0006,test-clean/237/126133/237-126133-0006.flac,237,City_noise,20,0.6153846153846154,"[0.50,0.75)",True,True,True,0.1170097508125677,True,True,True,503,492,491,True,True
1318,LibriSpeech:test:City_noise:20:1995-1837-0019,test-clean/1995/1837/1995-1837-0019.flac,1995,City_noise,20,0.5923566878980892,"[0.50,0.75)",1320,LibriSpeech:test:City_noise:20:237-126133-0006,test-clean/237/126133/237-126133-0006.flac,237,City_noise,20,0.6153846153846154,"[0.50,0.75)",True,True,True,0.023027927486526267,True,True,True,101,492,491,True,True
1318,LibriSpeech:test:City_noise:20:1995-1837-0019,test-clean/1995/1837/1995-1837-0019.flac,1995,City_noise,20,0.5923566878980892,"[0.50,0.75)",1320,LibriSpeech:test:City_noise:20:237-126133-0006,test-clean/237/126133/237-126133-0006.flac,237,City_noise,20,0.6153846153846154,"[0.50,0.75)",True,True,True,0.023027927486526267,True,True,True,211,492,491,True,True
1318,LibriSpeech:test:City_noise:20:1995-1837-0019,test-clean/1995/1837/1995-1837-0019.flac,1995,City_noise,20,0.5923566878980892,"[0.50,0.75)",1320,LibriSpeech:test:City_noise:20:237-126133-0006,test-clean/237/126133/237-126133-0006.flac,237,City_noise,20,0.6153846153846154,"[0.50,0.75)",True,True,True,0.023027927486526267,True,True,True,307,492,491,True,True
1318,LibriSpeech:test:City_noise:20:1995-1837-0019,test-clean/1995/1837/1995-1837-0019.flac,1995,City_noise,20,0.5923566878980892,"[0.50,0.75)",1320,LibriSpeech:test:City_noise:20:237-126133-0006,test-clean/237/126133/237-126133-0006.flac,237,City_noise,20,0.6153846153846154,"[0.50,0.75)",True,True,True,0.023027927486526267,True,True,True,401,492,491,True,True
1318,LibriSpeech:test:City_noise:20:1995-1837-0019,test-clean/1995/1837/1995-1837-0019.flac,1995,City_noise,20,0.5923566878980892,"[0.50,0.75)",1320,LibriSpeech:test:City_noise:20:237-126133-0006,test-clean/237/126133/237-126133-0006.flac,237,City_noise,20,0.6153846153846154,"[0.50,0.75)",True,True,True,0.023027927486526267,True,True,True,503,492,491,True,True
1320,LibriSpeech:test:City_noise:20:237-126133-0006,test-clean/237/126133/237-126133-0006.flac,237,City_noise,20,0.6153846153846154,"[0.50,0.75)",1318,LibriSpeech:test:City_noise:20:1995-1837-0019,test-clean/1995/1837/1995-1837-0019.flac,1995,City_noise,20,0.5923566878980892,"[0.50,0.75)",True,True,True,0.023027927486526267,True,True,True,101,492,491,True,True
1320,LibriSpeech:test:City_noise:20:237-126133-0006,test-clean/237/126133/237-126133-0006.flac,237,City_noise,20,0.6153846153846154,"[0.50,0.75)",1318,LibriSpeech:test:City_noise:20:1995-1837-0019,test-clean/1995/1837/1995-1837-0019.flac,1995,City_noise,20,0.5923566878980892,"[0.50,0.75)",True,True,True,0.023027927486526267,True,True,True,211,492,491,True,True
1320,LibriSpeech:test:City_noise:20:237-126133-0006,test-clean/237/126133/237-126133-0006.flac,237,City_noise,20,0.6153846153846154,"[0.50,0.75)",1318,LibriSpeech:test:City_noise:20:1995-1837-0019,test-clean/1995/1837/1995-1837-0019.flac,1995,City_noise,20,0.5923566878980892,"[0.50,0.75)",True,True,True,0.023027927486526267,True,True,True,307,492,491,True,True
1320,LibriSpeech:test:City_noise:20:237-126133-0006,test-clean/237/126133/237-126133-0006.flac,237,City_noise,20,0.6153846153846154,"[0.50,0.75)",1318,LibriSpeech:test:City_noise:20:1995-1837-0019,test-clean/1995/1837/1995-1837-0019.flac,1995,City_noise,20,0.5923566878980892,"[0.50,0.75)",True,True,True,0.023027927486526267,True,True,True,401,492,491,True,True
1320,LibriSpeech:test:City_noise:20:237-126133-0006,test-clean/237/126133/237-126133-0006.flac,237,City_noise,20,0.6153846153846154,"[0.50,0.75)",1318,LibriSpeech:test:City_noise:20:1995-1837-0019,test-clean/1995/1837/1995-1837-0019.flac,1995,City_noise,20,0.5923566878980892,"[0.50,0.75)",True,True,True,0.023027927486526267,True,True,True,503,492,491,True,True
1321,LibriSpeech:test:City_noise:20:237-134500-0031,test-clean/237/134500/237-134500-0031.flac,237,City_noise,20,0.8426470588235294,"[0.75,1.00]",1331,LibriSpeech:test:City_noise:20:7729-102255-0027,test-clean/7729/102255/7729-102255-0027.flac,7729,City_noise,20,0.8564593301435407,"[0.75,1.00]",True,True,True,0.013812271320011282,True,True,True,101,492,491,True,True
1321,LibriSpeech:test:City_noise:20:237-134500-0031,test-clean/237/134500/237-134500-0031.flac,237,City_noise,20,0.8426470588235294,"[0.75,1.00]",1331,LibriSpeech:test:City_noise:20:7729-102255-0027,test-clean/7729/102255/7729-102255-0027.flac,7729,City_noise,20,0.8564593301435407,"[0.75,1.00]",True,True,True,0.013812271320011282,True,True,True,211,492,491,True,True
1321,LibriSpeech:test:City_noise:20:237-134500-0031,test-clean/237/134500/237-134500-0031.flac,237,City_noise,20,0.8426470588235294,"[0.75,1.00]",1331,LibriSpeech:test:City_noise:20:7729-102255-0027,test-clean/7729/102255/7729-102255-0027.flac,7729,City_noise,20,0.8564593301435407,"[0.75,1.00]",True,True,True,0.013812271320011282,True,True,True,307,492,491,True,True
1321,LibriSpeech:test:City_noise:20:237-134500-0031,test-clean/237/134500/237-134500-0031.flac,237,City_noise,20,0.8426470588235294,"[0.75,1.00]",1331,LibriSpeech:test:City_noise:20:7729-102255-0027,test-clean/7729/102255/7729-102255-0027.flac,7729,City_noise,20,0.8564593301435407,"[0.75,1.00]",True,True,True,0.013812271320011282,True,True,True,401,492,491,True,True
1321,LibriSpeech:test:City_noise:20:237-134500-0031,test-clean/237/134500/237-134500-0031.flac,237,City_noise,20,0.8426470588235294,"[0.75,1.00]",1331,LibriSpeech:test:City_noise:20:7729-102255-0027,test-clean/7729/102255/7729-102255-0027.flac,7729,City_noise,20,0.8564593301435407,"[0.75,1.00]",True,True,True,0.013812271320011282,True,True,True,503,492,491,True,True
1329,LibriSpeech:test:City_noise:20:6930-75918-0009,test-clean/6930/75918/6930-75918-0009.flac,6930,City_noise,20,0.9020172910662824,"[0.75,1.00]",1330,LibriSpeech:test:City_noise:20:6930-76324-0008,test-clean/6930/76324/6930-76324-0008.flac,6930,City_noise,20,0.9124087591240876,"[0.75,1.00]",True,True,True,0.01039146805780522,True,False,True,101,492,491,True,True
1329,LibriSpeech:test:City_noise:20:6930-75918-0009,test-clean/6930/75918/6930-75918-0009.flac,6930,City_noise,20,0.9020172910662824,"[0.75,1.00]",1330,LibriSpeech:test:City_noise:20:6930-76324-0008,test-clean/6930/76324/6930-76324-0008.flac,6930,City_noise,20,0.9124087591240876,"[0.75,1.00]",True,True,True,0.01039146805780522,True,False,True,211,492,491,True,True
1329,LibriSpeech:test:City_noise:20:6930-75918-0009,test-clean/6930/75918/6930-75918-0009.flac,6930,City_noise,20,0.9020172910662824,"[0.75,1.00]",1330,LibriSpeech:test:City_noise:20:6930-76324-0008,test-clean/6930/76324/6930-76324-0008.flac,6930,City_noise,20,0.9124087591240876,"[0.75,1.00]",True,True,True,0.01039146805780522,True,False,True,307,492,491,True,True
1329,LibriSpeech:test:City_noise:20:6930-75918-0009,test-clean/6930/75918/6930-75918-0009.flac,6930,City_noise,20,0.9020172910662824,"[0.75,1.00]",1330,LibriSpeech:test:City_noise:20:6930-76324-0008,test-clean/6930/76324/6930-76324-0008.flac,6930,City_noise,20,0.9124087591240876,"[0.75,1.00]",True,True,True,0.01039146805780522,True,False,True,401,492,491,True,True
1329,LibriSpeech:test:City_noise:20:6930-75918-0009,test-clean/6930/75918/6930-75918-0009.flac,6930,City_noise,20,0.9020172910662824,"[0.75,1.00]",1330,LibriSpeech:test:City_noise:20:6930-76324-0008,test-clean/6930/76324/6930-76324-0008.flac,6930,City_noise,20,0.9124087591240876,"[0.75,1.00]",True,True,True,0.01039146805780522,True,False,True,503,492,491,True,True
1330,LibriSpeech:test:City_noise:20:6930-76324-0008,test-clean/6930/76324/6930-76324-0008.flac,6930,City_noise,20,0.9124087591240876,"[0.75,1.00]",1329,LibriSpeech:test:City_noise:20:6930-75918-0009,test-clean/6930/75918/6930-75918-0009.flac,6930,City_noise,20,0.9020172910662824,"[0.75,1.00]",True,True,True,0.01039146805780522,True,False,True,101,492,491,True,True
1330,LibriSpeech:test:City_noise:20:6930-76324-0008,test-clean/6930/76324/6930-76324-0008.flac,6930,City_noise,20,0.9124087591240876,"[0.75,1.00]",1329,LibriSpeech:test:City_noise:20:6930-75918-0009,test-clean/6930/75918/6930-75918-0009.flac,6930,City_noise,20,0.9020172910662824,"[0.75,1.00]",True,True,True,0.01039146805780522,True,False,True,211,492,491,True,True
1330,LibriSpeech:test:City_noise:20:6930-76324-0008,test-clean/6930/76324/6930-76324-0008.flac,6930,City_noise,20,0.9124087591240876,"[0.75,1.00]",1329,LibriSpeech:test:City_noise:20:6930-75918-0009,test-clean/6930/75918/6930-75918-0009.flac,6930,City_noise,20,0.9020172910662824,"[0.75,1.00]",True,True,True,0.01039146805780522,True,False,True,307,492,491,True,True
1330,LibriSpeech:test:City_noise:20:6930-76324-0008,test-clean/6930/76324/6930-76324-0008.flac,6930,City_noise,20,0.9124087591240876,"[0.75,1.00]",1329,LibriSpeech:test:City_noise:20:6930-75918-0009,test-clean/6930/75918/6930-75918-0009.flac,6930,City_noise,20,0.9020172910662824,"[0.75,1.00]",True,True,True,0.01039146805780522,True,False,True,401,492,491,True,True
1330,LibriSpeech:test:City_noise:20:6930-76324-0008,test-clean/6930/76324/6930-76324-0008.flac,6930,City_noise,20,0.9124087591240876,"[0.75,1.00]",1329,LibriSpeech:test:City_noise:20:6930-75918-0009,test-clean/6930/75918/6930-75918-0009.flac,6930,City_noise,20,0.9020172910662824,"[0.75,1.00]",True,True,True,0.01039146805780522,True,False,True,503,492,491,True,True
1331,LibriSpeech:test:City_noise:20:7729-102255-0027,test-clean/7729/102255/7729-102255-0027.flac,7729,City_noise,20,0.8564593301435407,"[0.75,1.00]",1321,LibriSpeech:test:City_noise:20:237-134500-0031,test-clean/237/134500/237-134500-0031.flac,237,City_noise,20,0.8426470588235294,"[0.75,1.00]",True,True,True,0.013812271320011282,True,True,True,101,492,491,True,True
1331,LibriSpeech:test:City_noise:20:7729-102255-0027,test-clean/7729/102255/7729-102255-0027.flac,7729,City_noise,20,0.8564593301435407,"[0.75,1.00]",1321,LibriSpeech:test:City_noise:20:237-134500-0031,test-clean/237/134500/237-134500-0031.flac,237,City_noise,20,0.8426470588235294,"[0.75,1.00]",True,True,True,0.013812271320011282,True,True,True,211,492,491,True,True
1331,LibriSpeech:test:City_noise:20:7729-102255-0027,test-clean/7729/102255/7729-102255-0027.flac,7729,City_noise,20,0.8564593301435407,"[0.75,1.00]",1321,LibriSpeech:test:City_noise:20:237-134500-0031,test-clean/237/134500/237-134500-0031.flac,237,City_noise,20,0.8426470588235294,"[0.75,1.00]",True,True,True,0.013812271320011282,True,True,True,307,492,491,True,True
1331,LibriSpeech:test:City_noise:20:7729-102255-0027,test-clean/7729/102255/7729-102255-0027.flac,7729,City_noise,20,0.8564593301435407,"[0.75,1.00]",1321,LibriSpeech:test:City_noise:20:237-134500-0031,test-clean/237/134500/237-134500-0031.flac,237,City_noise,20,0.8426470588235294,"[0.75,1.00]",True,True,True,0.013812271320011282,True,True,True,401,492,491,True,True
1331,LibriSpeech:test:City_noise:20:7729-102255-0027,test-clean/7729/102255/7729-102255-0027.flac,7729,City_noise,20,0.8564593301435407,"[0.75,1.00]",1321,LibriSpeech:test:City_noise:20:237-134500-0031,test-clean/237/134500/237-134500-0031.flac,237,City_noise,20,0.8426470588235294,"[0.75,1.00]",True,True,True,0.013812271320011282,True,True,True,503,492,491,True,True
1332,LibriSpeech:test:City_noise:20:8224-274384-0012,test-clean/8224/274384/8224-274384-0012.flac,8224,City_noise,20,0.8150134048257373,"[0.75,1.00]",1321,LibriSpeech:test:City_noise:20:237-134500-0031,test-clean/237/134500/237-134500-0031.flac,237,City_noise,20,0.8426470588235294,"[0.75,1.00]",True,True,True,0.027633653997792162,True,True,True,101,492,491,True,True
1332,LibriSpeech:test:City_noise:20:8224-274384-0012,test-clean/8224/274384/8224-274384-0012.flac,8224,City_noise,20,0.8150134048257373,"[0.75,1.00]",1321,LibriSpeech:test:City_noise:20:237-134500-0031,test-clean/237/134500/237-134500-0031.flac,237,City_noise,20,0.8426470588235294,"[0.75,1.00]",True,True,True,0.027633653997792162,True,True,True,211,492,491,True,True
1332,LibriSpeech:test:City_noise:20:8224-274384-0012,test-clean/8224/274384/8224-274384-0012.flac,8224,City_noise,20,0.8150134048257373,"[0.75,1.00]",1321,LibriSpeech:test:City_noise:20:237-134500-0031,test-clean/237/134500/237-134500-0031.flac,237,City_noise,20,0.8426470588235294,"[0.75,1.00]",True,True,True,0.027633653997792162,True,True,True,307,492,491,True,True
1332,LibriSpeech:test:City_noise:20:8224-274384-0012,test-clean/8224/274384/8224-274384-0012.flac,8224,City_noise,20,0.8150134048257373,"[0.75,1.00]",1321,LibriSpeech:test:City_noise:20:237-134500-0031,test-clean/237/134500/237-134500-0031.flac,237,City_noise,20,0.8426470588235294,"[0.75,1.00]",True,True,True,0.027633653997792162,True,True,True,401,492,491,True,True
1332,LibriSpeech:test:City_noise:20:8224-274384-0012,test-clean/8224/274384/8224-274384-0012.flac,8224,City_noise,20,0.8150134048257373,"[0.75,1.00]",1321,LibriSpeech:test:City_noise:20:237-134500-0031,test-clean/237/134500/237-134500-0031.flac,237,City_noise,20,0.8426470588235294,"[0.75,1.00]",True,True,True,0.027633653997792162,True,True,True,503,492,491,True,True
1334,LibriSpeech:test:City_noise:20:8463-294825-0008,test-clean/8463/294825/8463-294825-0008.flac,8463,City_noise,20,0.11764705882352941,"[0,0.25)",1318,LibriSpeech:test:City_noise:20:1995-1837-0019,test-clean/1995/1837/1995-1837-0019.flac,1995,City_noise,20,0.5923566878980892,"[0.50,0.75)",True,True,False,0.4747096290745597,True,True,True,101,492,491,True,True
1334,LibriSpeech:test:City_noise:20:8463-294825-0008,test-clean/8463/294825/8463-294825-0008.flac,8463,City_noise,20,0.11764705882352941,"[0,0.25)",1318,LibriSpeech:test:City_noise:20:1995-1837-0019,test-clean/1995/1837/1995-1837-0019.flac,1995,City_noise,20,0.5923566878980892,"[0.50,0.75)",True,True,False,0.4747096290745597,True,True,True,211,492,491,True,True
1334,LibriSpeech:test:City_noise:20:8463-294825-0008,test-clean/8463/294825/8463-294825-0008.flac,8463,City_noise,20,0.11764705882352941,"[0,0.25)",1318,LibriSpeech:test:City_noise:20:1995-1837-0019,test-clean/1995/1837/1995-1837-0019.flac,1995,City_noise,20,0.5923566878980892,"[0.50,0.75)",True,True,False,0.4747096290745597,True,True,True,307,492,491,True,True
1334,LibriSpeech:test:City_noise:20:8463-294825-0008,test-clean/8463/294825/8463-294825-0008.flac,8463,City_noise,20,0.11764705882352941,"[0,0.25)",1318,LibriSpeech:test:City_noise:20:1995-1837-0019,test-clean/1995/1837/1995-1837-0019.flac,1995,City_noise,20,0.5923566878980892,"[0.50,0.75)",True,True,False,0.4747096290745597,True,True,True,401,492,491,True,True
1334,LibriSpeech:test:City_noise:20:8463-294825-0008,test-clean/8463/294825/8463-294825-0008.flac,8463,City_noise,20,0.11764705882352941,"[0,0.25)",1318,LibriSpeech:test:City_noise:20:1995-1837-0019,test-clean/1995/1837/1995-1837-0019.flac,1995,City_noise,20,0.5923566878980892,"[0.50,0.75)",True,True,False,0.4747096290745597,True,True,True,503,492,491,True,True
