feature,bin,group,mean_feature,frames,refinable_rate,irreducible_rate,refinement_harm_rate,availability_net,mean_first_correct_span,mean_stable_sufficient_span,non_monotone_rate,source_ci95_low_refinable_rate,source_ci95_high_refinable_rate,speaker_ci95_low_refinable_rate,speaker_ci95_high_refinable_rate,source_ci95_low_irreducible_rate,source_ci95_high_irreducible_rate,speaker_ci95_low_irreducible_rate,speaker_ci95_high_irreducible_rate,source_ci95_low_refinement_harm_rate,source_ci95_high_refinement_harm_rate,speaker_ci95_low_refinement_harm_rate,speaker_ci95_high_refinement_harm_rate,source_ci95_low_availability_net,source_ci95_high_availability_net,speaker_ci95_low_availability_net,speaker_ci95_high_availability_net,source_ci95_low_mean_first_correct_span,source_ci95_high_mean_first_correct_span,speaker_ci95_low_mean_first_correct_span,speaker_ci95_high_mean_first_correct_span,source_ci95_low_mean_stable_sufficient_span,source_ci95_high_mean_stable_sufficient_span,speaker_ci95_low_mean_stable_sufficient_span,speaker_ci95_high_mean_stable_sufficient_span,source_ci95_low_non_monotone_rate,source_ci95_high_non_monotone_rate,speaker_ci95_low_non_monotone_rate,speaker_ci95_high_non_monotone_rate
onset_distance,0,all,0.0,1270,0.03307086614173228,0.6748031496062992,0.02204724409448819,0.011023622047244094,78.0135440180587,96.25196850393701,0.06562847608453838,0.026351695861071143,0.03940843878170395,0.025652845823807287,0.040396793458593774,0.6467714586107413,0.7039935021609982,0.6426864067925327,0.7056869280367377,0.017189547339216325,0.027364086034474246,0.017291514811889563,0.02739041854574121,0.0017299074427309952,0.019414888500370927,0.0013873799312104907,0.020273084619030064,75.53197351467887,80.46116687335177,76.0914872849193,79.9805553360379,90.02256292749685,103.4240114050885,90.17517174967519,102.58926080996251,0.05275606328350664,0.07867748495971848,0.05248298271284479,0.07935791748299297
onset_distance,1,all,0.0,2540,0.024015748031496063,0.4885826771653543,0.027559055118110236,-0.003543307086614173,76.29297458893872,92.57050765511684,0.07219662058371736,0.019659487881580607,0.028178421480528664,0.019581216883538723,0.02828726870553397,0.4831098380459145,0.4942341292600057,0.4825999058373255,0.4942964278225578,0.023577358082318277,0.03138920993251626,0.02311004763126307,0.03172631780092624,-0.008212333479738501,0.001117391649411315,-0.008335583165840559,0.001326415774238045,74.67552274323054,77.92809534016486,74.7484775216069,77.87751663303943,89.06009286601827,96.26337660431271,88.6908498840347,96.35680112347757,0.06373138404072275,0.08125479609195907,0.06312008654586007,0.08117867796376647
onset_distance,2-4,all,0.0,7620,0.029133858267716535,0.4376640419947507,0.024671916010498687,0.004461942257217848,74.0214562885186,85.77384464110128,0.06522350295192578,0.025336973931335615,0.03271878283560578,0.024803652719963733,0.03355132467949473,0.43022770477366395,0.4446601837858841,0.4280882417949062,0.4459659340477861,0.021605484889041765,0.027803174822583408,0.020918344731560304,0.028283755801625416,-0.0003245035920806484,0.008917456142684292,-0.001264305732301751,0.010248490703357,72.73485016194047,75.26659738516881,72.82772050988656,75.34433771523143,83.40532334413672,88.0955078407129,83.42400671786046,88.0263536164646,0.057197050885823754,0.07286855776873985,0.05616098781392975,0.07450530951000249
onset_distance,5-10,all,0.0,15240,0.022769028871391078,0.19514435695538057,0.021456692913385828,0.0013123359580052493,70.0976988292289,77.41008643114878,0.09966877446552243,0.019123284265246173,0.026270145568915288,0.019133559534703328,0.02654262223493574,0.17895895649268262,0.2109430674412344,0.17468494322469227,0.21391050344773324,0.019095491634264168,0.023958705783308096,0.01793259036343258,0.024769167553822472,-0.002894642903869141,0.005336604091170353,-0.0036504879986774086,0.0067165537564522464,69.0855984782815,71.13929347610187,68.94320916568806,71.18954191454858,76.1143307297765,78.69835683531704,75.82328740960003,78.93850489251471,0.08767537416432898,0.11150514935257945,0.08737507443570701,0.11328766386024082
onset_distance,11-25,all,0.16370154009559215,37660,0.01853425385023898,0.11101964949548593,0.010913436006372809,0.007620817843866171,68.43065216098924,71.02827326780731,0.11375281820045091,0.015676582027879738,0.021167553843837384,0.015198045706001567,0.021550910696890274,0.10023068123921931,0.12126853277301185,0.09711631474859661,0.12308967294163162,0.009064867019104377,0.01282695282871163,0.008440841311105627,0.013196556351581767,0.004221140105611949,0.010920300533802968,0.0035631274866602856,0.0114556756486899,67.84016449488333,69.01056518828136,67.72278279172171,69.09406277908987,70.16622174361684,71.9454850886229,69.76212339644857,72.14969809549049,0.09942308496932234,0.12808486760694682,0.09634093390760777,0.131179393728062
onset_distance,26-50,all,1.215372589890568,57570,0.011776967170401251,0.0706618030224075,0.006861212437033177,0.004915754733368073,67.02736420005198,68.67155928685973,0.1493889591234724,0.009463078214058928,0.01413464414335694,0.00959540999775509,0.013858184616022798,0.06141590376079505,0.07916026957537373,0.06014605891903886,0.08041100568720615,0.005523658788156164,0.00814391928762901,0.0053997323271614385,0.008281497018876548,0.0024108124222280234,0.007291955824024536,0.0028785284840314577,0.006966698767908224,66.47669733267365,67.56271214154509,66.51699832626326,67.55011017795597,67.94955793654142,69.37975577431685,67.8657591906314,69.44176595822049,0.13235100218581758,0.16660299814247415,0.13045949382941796,0.16913332540638362
onset_distance,>50,all,33.115748299319726,176400,0.010958049886621316,0.04212585034013606,0.005532879818594104,0.005425170068027211,66.32078629174818,67.82840500991621,0.17246903032891928,0.008961214020086013,0.012875844792307778,0.008799926904098516,0.013114705301347986,0.03722183539645979,0.04726675736134907,0.036989562708971115,0.047625384374074334,0.004793949065578755,0.006328212961772792,0.004569510624167391,0.006566267636920695,0.00341436404862695,0.007284555553854035,0.0033061831957276796,0.007455839162130112,65.93444281285278,66.71035012035622,65.85922664103103,66.82230837618785,67.42704560268129,68.23727515849671,67.32174366814874,68.40927347829171,0.15429217711869495,0.1895544885837326,0.14986959628987837,0.19253790847735613
onset_distance,0,clean,0.0,248,0.07661290322580645,0.7741935483870968,0.0,0.07661290322580645,98.31884057971014,143.69811320754718,0.10426540284360189,0.05234193855512371,0.10139567852329959,0.05183066764327273,0.10010597656769885,0.7319386716104646,0.8134866267227137,0.7249499776287327,0.8236113365069061,0.0,0.0,0.0,0.0,0.05234193855512371,0.10139567852329959,0.05183066764327273,0.10010597656769885,89.57559875715462,107.35553800846,89.45664992394435,109.59302136933765,120.45250853349667,169.73058237662823,129.3862979635584,161.4297538141733,0.08029067452058442,0.12887411070963803,0.0793202144628907,0.12955129412181257
onset_distance,1,clean,0.0,496,0.03225806451612903,0.4899193548387097,0.034274193548387094,-0.0020161290322580645,84.28679245283018,112.0,0.09266409266409266,0.02300427209157785,0.04206730960054667,0.022700039110967254,0.04205558849961271,0.47926025793479027,0.5005393637725413,0.47736902618903626,0.5011764065507042,0.02431788356462703,0.04465273387589161,0.025846800233693047,0.04261747019280247,-0.012374048526785334,0.00811469600545109,-0.01112396784966893,0.00775460145995635,79.63362093321956,88.70184620598428,80.13911875361379,88.92487396840808,101.83360112388864,122.13482030883705,101.01139301591242,123.18173440282146,0.07516706263685106,0.11144644772885345,0.07366225300760997,0.1120348589971058
onset_distance,2-4,clean,0.0,1488,0.035618279569892476,0.4018817204301075,0.02956989247311828,0.006048387096774193,73.66301969365426,91.95316159250585,0.07987711213517665,0.027843673772478577,0.043868485729485124,0.027299355966708815,0.04472848830014759,0.386525594819204,0.4168111934896594,0.38304300913661665,0.41944611970869367,0.023473135183981666,0.03591248393750772,0.02341018102179421,0.03548774413681246,-0.0034628538977140794,0.015491028918501229,-0.0037068657542541576,0.016619811411924666,71.55436156532288,75.6540239745768,71.35243331857052,76.15380455197143,87.13463105742261,96.81676545219793,87.51562047283828,96.6082396721928,0.06409080922496443,0.09669837648775337,0.06033390845653288,0.10118776342693406
onset_distance,5-10,clean,0.0,2976,0.019489247311827957,0.13407258064516128,0.025537634408602152,-0.006048387096774193,69.10323574730354,79.85437277404037,0.13129102844638948,0.015887004908542588,0.022778194624214973,0.015897973924134074,0.023207739488672476,0.11522666628637641,0.15270623794859348,0.11071839590387103,0.1569476846478407,0.020456664460750115,0.030957047703171866,0.01968140870084702,0.031589614708412615,-0.012916032386954802,0.0005521656815170379,-0.013655039654595573,0.001094191294896162,68.0463225515515,70.13323346696323,68.09271577474772,70.10996618244484,76.98958687701455,82.76561077775008,76.78796200456406,82.8635180389672,0.10991481049362051,0.15465556936258243,0.10978236365102868,0.15895566285090132
onset_distance,11-25,clean,0.13631421581951617,7358,0.013998369122044033,0.07135091057352541,0.01685240554498505,-0.0028540364229410167,67.41643636363636,72.04283164782868,0.18152866242038215,0.01044024373288451,0.01770150194490346,0.009650749399007964,0.018337820959831552,0.05752795987195393,0.08424838118489053,0.0539081811911072,0.08923588620869577,0.010751635174931303,0.022747280137612867,0.010811100639861721,0.02347439455014057,-0.010401804871737766,0.00431836663522119,-0.010956630621073793,0.0049618007355277036,66.54355715128135,68.26906568362345,66.31449725457666,68.50234359987009,69.43331315407598,74.6368524959246,69.16544199359133,75.17860273684934,0.15643688015600318,0.20422317567035933,0.1578114333535378,0.20587913360871812
onset_distance,26-50,clean,1.0857856251114677,11214,0.007044765471731764,0.04003923666845015,0.007312288211164615,-0.00026752273943285177,65.64495624136343,68.42120985810307,0.24621212121212122,0.0051816496278334215,0.008868416179395523,0.004736925420558331,0.009395439757071227,0.03247192670189659,0.04667795031100729,0.0309863882620406,0.048437618598978105,0.00484274493309888,0.009804844899964754,0.004670369583093691,0.009937365799537504,-0.0038091540730497424,0.0032428760544935156,-0.004144828000490763,0.0033398351122743675,65.34557483267554,65.9322174665184,65.34734461444968,65.9194920119761,67.48083019750987,69.29061913615742,67.4059454613244,69.40720669013058,0.219277610025822,0.2696645265444508,0.21774817125165435,0.272254960386922
onset_distance,>50,clean,31.744573700485937,33955,0.006214106906199382,0.02447356795759093,0.004947724930054484,0.0012663819761448976,65.12020691107034,67.30150282725046,0.19001919385796545,0.004939292431836006,0.007639008379004534,0.004503067883669408,0.007897494239288143,0.02184821875166381,0.02761999530902745,0.020866267505761524,0.02827645497102641,0.0037482588545913152,0.006242770947340398,0.003596610030179397,0.006412259200405137,-0.000591064510880644,0.0031509756187100765,-0.001312447526002928,0.0036409072334162057,64.95552576377055,65.29884687999366,64.93103441441373,65.31129592536982,66.89184499640314,67.78099003681177,66.82009765158573,67.83687902117903,0.16954229069521023,0.21061370887774902,0.16324951544745994,0.22007835162554623
onset_distance,0,seen/-5,0.0,130,0.015384615384615385,0.5692307692307692,0.03076923076923077,-0.015384615384615385,73.93103448275862,82.46153846153847,0.06578947368421052,0.0040481203946018335,0.026839130792834814,0.0,0.030634277558190592,0.5156031918673165,0.6178434991798613,0.5157675338099311,0.6309472199284338,0.014847597975872963,0.04890379199100397,0.013759345593435227,0.04504985134719139,-0.038313165631788486,0.00628299587030479,-0.03744975046696692,0.0060191544566544535,69.42491359467788,78.58641721813252,69.67075326831294,77.9576819090161,70.30586354149911,94.53115547427701,70.97910182584548,92.79402164195209,0.025918939816141386,0.11152276071157871,0.028793487156661447,0.0994148965141612
onset_distance,1,seen/-5,0.0,260,0.038461538461538464,0.47307692307692306,0.038461538461538464,0.0,74.82352941176471,96.25196850393701,0.06015037593984962,0.02655689912567092,0.05148418325785853,0.028983919521396184,0.04636663806107198,0.4591425460689909,0.48667423868485993,0.4624517277876309,0.48347442162032184,0.024115545192268387,0.0527621195615184,0.02190456771311545,0.050682458367082225,-0.015621186526589682,0.016436022064299897,-0.013343577652789528,0.01467233361631306,69.88830361605662,79.65766820533949,70.52697969936465,77.80080862533693,84.13720170414068,109.56569493382445,80.82882637321246,108.43587807381621,0.03965317485514715,0.08197988992228125,0.04168369018497696,0.07664719962937519
onset_distance,2-4,seen/-5,0.0,780,0.03076923076923077,0.4897435897435897,0.028205128205128206,0.002564102564102564,73.43488943488944,87.79057591623037,0.054187192118226604,0.019623205712132427,0.04334929528515708,0.02097657510075748,0.03881691651254833,0.47514955140697207,0.5051933253773894,0.472307912896854,0.5056988478483578,0.02045554995617894,0.03630872084442694,0.020639418959593734,0.034105931428190246,-0.00859950917786867,0.01525709672870337,-0.011031356155728898,0.015522765489587372,70.27982980373301,76.74560666996697,70.64079263182921,75.66307875061231,80.65933099381341,95.87112115211968,80.26800989101567,93.58178459623947,0.03702926582398957,0.07129967091538504,0.04012368527160465,0.06682219877780891
onset_distance,5-10,seen/-5,0.0,1560,0.03076923076923077,0.24423076923076922,0.029487179487179487,0.001282051282051282,69.6234309623431,82.92173913043479,0.10955710955710955,0.020060569944968392,0.04355597923802162,0.020684322217690832,0.0408233946845583,0.21204597618971988,0.2755386994968452,0.21969730040030452,0.2728856407974757,0.02040050846892006,0.03911672041297018,0.021820112462832414,0.03599423367865018,-0.01154276726708575,0.015433804626856703,-0.011584972509165709,0.014662453777660163,67.6580585799078,71.98225035042309,67.27891319340328,72.52167908942765,80.2725236557324,86.02600798311921,80.33220684929131,85.85713089410041,0.08927757182405686,0.1325342860437991,0.08754486509308095,0.13738846214436193
onset_distance,11-25,seen/-5,0.20046862796146836,3841,0.01744337412132257,0.12522780525904711,0.015881280916428014,0.0015620932048945586,68.33511586452762,71.72413793103448,0.08576642335766424,0.012885057924591053,0.02171754741349882,0.011502040526829923,0.022199959616019498,0.10307777523676527,0.1506937307975126,0.100134603605291,0.15609872835676758,0.009453241063626456,0.023162415065364702,0.00992177349561924,0.02305512139908834,-0.005083275948217386,0.007166299008640742,-0.007265439911808287,0.007266748580767354,67.20929116140783,69.51281394541148,67.01173319217037,69.44160207958177,69.13418852349359,74.43291658848386,69.41142032690115,73.91387543529538,0.060059340345734145,0.11332190967420394,0.05335764043145061,0.11632571888713084
onset_distance,26-50,seen/-5,0.9948875255623721,5868,0.003919563735514656,0.08827539195637356,0.006987048398091343,-0.003067484662576687,66.20156191892897,67.73142749670868,0.07948243992606285,0.002966496822521938,0.004810331159315507,0.003027718248181363,0.004869058728466878,0.07152976576239302,0.10531647438689636,0.06341719779394007,0.11224280326691449,0.004272463891166303,0.010081804779150879,0.004519130323976976,0.009671058276568703,-0.006288433445899892,-0.00031325855372514697,-0.005807793719710206,-0.0005695032223336231,65.41972027504234,67.04177597017653,65.3913777628232,67.26869917993474,66.66598641021446,68.87368183092624,66.79389263194726,68.90014998754337,0.06638235202085838,0.09190587680339687,0.06786510870847738,0.09018720445825905
onset_distance,>50,seen/-5,27.959954912197436,16856,0.007178452776459421,0.056359753203607026,0.008364973896535358,-0.0011865211200759373,65.80999561045965,68.27583591429114,0.10177404295051354,0.005533634292645193,0.00897459413684978,0.005963739495409488,0.008205383231550492,0.046032369363921466,0.07045560465834469,0.044842970212833004,0.0715747796813655,0.004540074453716708,0.012728138743213428,0.004735009224250167,0.012343240410028718,-0.006061928492417401,0.0029955552400728292,-0.004967662732467414,0.0022747596256741873,65.2300964246067,66.5548627650877,65.20960912860396,66.50474791013944,66.72605268773434,70.11621012101551,66.67071352952827,70.10050713196722,0.07999304681412216,0.1262678109577716,0.07645220331613818,0.12294371109078779
onset_distance,0,seen/0,0.0,95,0.031578947368421054,0.47368421052631576,0.10526315789473684,-0.07368421052631578,65.36170212765957,74.92682926829268,0.020833333333333332,0.008241130037572162,0.055259281926195135,0.007592046478712672,0.05748483654749837,0.3929143299162602,0.5603516539241691,0.3952497359244449,0.5513824953469734,0.06687257890535575,0.14744840704826973,0.06304473963480825,0.1540781188508461,-0.13248323619122085,-0.022786070291231333,-0.13518882638381108,-0.014262641765987167,64.07339837301507,66.93461000187911,64.0,67.02689657830169,64.54006656159953,90.56194772645898,64.0,86.69199457259158,0.0011732545725008708,0.04205082272174541,0.0,0.04397618402114671
onset_distance,1,seen/0,0.0,190,0.04736842105263158,0.47368421052631576,0.04736842105263158,0.0,82.8952380952381,103.48936170212765,0.10101010101010101,0.02799024286938894,0.0672286229156223,0.026558093270419258,0.0697302114358101,0.44492357169102387,0.503687015775319,0.43909937502517354,0.5060348965036195,0.031346161990067074,0.0673448264903986,0.025935725421646905,0.07204488476425051,-0.019005157174942503,0.015755476630547407,-0.01854859877661767,0.01813293793068685,76.95766586841778,89.21411175997842,77.83480895742522,88.1703370088523,90.02105787460691,118.84105655588165,85.07801583635951,121.18169803708804,0.06828512069044863,0.1422016473799624,0.06429749818709209,0.14670754784065224
onset_distance,2-4,seen/0,0.0,570,0.04035087719298246,0.4456140350877193,0.02631578947368421,0.014035087719298246,77.54601226993866,95.26072607260726,0.07942238267148015,0.029047649612363932,0.05219109982005573,0.02856722452117189,0.051965084381690105,0.4232203795371007,0.46714271194277773,0.42317055276286764,0.4669135555532007,0.014926686429829347,0.039655923041725216,0.0146943019142007,0.04137814777329717,0.0016358103300574706,0.024378087875926116,0.0015875916002695497,0.023812042802732587,74.24113230396762,80.98605608293535,74.06095386525982,81.2888082713586,89.78685446788543,101.5653803849451,88.65415193367198,102.52559632485166,0.05569619815440552,0.10226952796395677,0.0548908937077382,0.10271214687556708
onset_distance,5-10,seen/0,0.0,1140,0.021929824561403508,0.2543859649122807,0.02280701754385965,-0.0008771929824561404,71.88837209302325,77.17191283292978,0.050793650793650794,0.014248554969772913,0.029046981894463763,0.013629719861142099,0.030416044914572785,0.22084414247247894,0.28564490494752764,0.23000824676079415,0.28234557331303906,0.01582613091239267,0.030880921539578103,0.015948110723111877,0.031619148170526454,-0.012468857736973007,0.00899129901782992,-0.012983916251103792,0.009662537917087963,69.79735680258351,74.26594841968773,69.72016595194481,74.64471242030152,73.84017817477968,80.55777231054205,73.83108688943686,80.86377402851285,0.031211630280151285,0.07113876065202139,0.029516616598883556,0.07345333055394213
onset_distance,11-25,seen/0,0.09523809523809523,2835,0.021869488536155203,0.16014109347442682,0.010582010582010581,0.011287477954144622,69.598995395563,71.26649528706083,0.08914728682170543,0.01475265261197946,0.029341085354330745,0.015000466653195526,0.030901984235317568,0.13645328246748076,0.18178326329593866,0.14460881198995607,0.1732268574559669,0.006907778486042225,0.014697893296530052,0.006470073792457065,0.014756420090975938,0.00303044698534549,0.019686978758326895,0.003277814924763439,0.021260885370190226,67.71301909892209,71.80786112895744,67.77009640551424,71.9752259909152,69.52647372448084,73.20337130118287,69.93725686737787,72.8967151634426,0.06196762980002472,0.12147353775679103,0.061677414080701536,0.1250862015580546
onset_distance,26-50,seen/0,0.8508147808124856,4357,0.006655955932981409,0.07551067248106495,0.013082396144135873,-0.006426440211154464,66.32468495181617,69.83571966842501,0.10335195530726257,0.0037801818392740293,0.009480468897404148,0.0037280276845177186,0.009664364027544087,0.046700098901843325,0.09986736796047514,0.048828759218497005,0.09521354348686183,0.00851373928470751,0.01757827601256204,0.008614794886965685,0.017437005992654905,-0.012614340820417413,-0.0002662908043614945,-0.012604373846649723,-0.00014438128490211585,65.5661035977222,67.0355096860055,65.55972022098497,67.1360947939542,67.52612355850235,72.0957313539408,67.49802027240497,72.15513491498206,0.06758571696476973,0.15599779541894981,0.06734967728348153,0.16310658873686013
onset_distance,>50,seen/0,34.334178228388474,14992,0.011272678762006404,0.04675827107790822,0.00673692636072572,0.004535752401280683,67.25861948875114,69.16725376919825,0.14367816091954022,0.008610351850477009,0.014859174550329588,0.008208478601455833,0.01455588757278856,0.037264656293029136,0.05760328035238549,0.03711645203651415,0.0583934701150229,0.00516266086835278,0.00841317329068105,0.005063705543989459,0.008849600223128671,0.0016788679440626086,0.007920330173933218,0.0016316382756715526,0.007481346575429093,66.483752982898,68.22506226727654,66.34937529125985,68.33303711397923,68.27935269150626,70.32415719582531,68.20286573097887,70.33719289839782,0.11429228966528149,0.17507095632314187,0.1182226416414454,0.1742736324920391
onset_distance,0,seen/5,0.0,91,0.02197802197802198,0.5714285714285714,0.054945054945054944,-0.03296703296703297,70.91891891891892,77.17647058823529,0.018518518518518517,0.005229849922358769,0.04222185700878697,0.006863537111720325,0.036930269356275296,0.48161141859291806,0.6580995169274299,0.48363932427889306,0.6600582750873067,0.030775785221570456,0.08421134927728445,0.028933745061840842,0.08878117108585856,-0.06872018519151837,-0.0010968123565882526,-0.07671642710764277,0.0021969909518130357,65.83380074124707,75.68307018146871,65.50411707809413,74.84359893965383,64.85664689241398,88.19170516368546,64.0,86.46099928960454,0.0010715061594948562,0.03282777182823388,0.0,0.03281552572355681
onset_distance,1,seen/5,0.0,182,0.016483516483516484,0.5,0.027472527472527472,-0.01098901098901099,74.66666666666667,97.07865168539325,0.06382978723404255,0.006225238429196968,0.028333844958172368,0.0063487040385774565,0.029546171494121018,0.4881118254707697,0.5134209580662177,0.48465128046447103,0.5123275193798449,0.012104015164640925,0.04375850005228726,0.016937497637015717,0.035636646402289966,-0.025450892311405352,0.00383591325990473,-0.02216241402070451,0.0052767966830466785,68.38891094228903,81.74198983395023,68.5782813947602,82.05688332805624,85.85510806223816,108.67592943360617,86.13935332604598,108.45417998079618,0.03925296036179809,0.08441006223986598,0.0340443565194953,0.08862132874022836
onset_distance,2-4,seen/5,0.0,546,0.03296703296703297,0.4358974358974359,0.04945054945054945,-0.016483516483516484,76.46753246753246,99.8041958041958,0.04296875,0.02150306341184262,0.04666455078609812,0.01794581809249619,0.05133923444846029,0.4179351219629969,0.45681447924831337,0.42082452545882254,0.4524047557045708,0.03747743537636716,0.06135424092783729,0.03545091601815824,0.0631986255549474,-0.029324406467877845,0.00021936461413119172,-0.0333518557603099,0.0051154942239562745,71.38742631243157,82.4055113018336,71.69538427648003,83.60939463271079,89.60958346780362,109.53406166806062,88.83620199669144,111.61344072223179,0.023477645868992012,0.06326538577840553,0.02308084332562475,0.06837487620335538
onset_distance,5-10,seen/5,0.0,1092,0.037545787545787544,0.20695970695970695,0.031135531135531136,0.00641025641025641,76.41791044776119,76.92610837438424,0.14232209737827714,0.027312235707874968,0.050528300470925,0.024683652862941483,0.0536885603792415,0.18329930443185455,0.22689989269868066,0.18123351490962106,0.22926577059447786,0.023018342489500868,0.037966119712559615,0.021133650248523136,0.039385808886567654,-0.008229539900863498,0.02453000688093971,-0.0128999109647518,0.031122159090909072,73.16450216993044,80.58180720175707,72.82559637209411,80.81830156255307,73.1134215918654,81.06175093109576,73.57997788385616,80.16006239384727,0.10605099896253192,0.1797053984456201,0.11379192344255866,0.16919746312906064
onset_distance,11-25,seen/5,0.34344569288389515,2670,0.02659176029962547,0.12172284644194757,0.009363295880149813,0.017228464419475654,71.2677966101695,72.94056399132322,0.14898989898989898,0.019122718470243084,0.0334639004616643,0.01763232959690018,0.03439252506744665,0.09820540600215458,0.14184512852558012,0.10131500147006647,0.1405446249187901,0.006224459454361488,0.012338913808321136,0.006320482767721628,0.013153531622269099,0.008466659250246655,0.0251937507235844,0.00561275231414503,0.026340645420806084,69.28022958544155,73.38798105010666,69.04415929726358,73.6706003118666,71.10521338117123,75.0090683590977,71.57330809152181,74.60040181350485,0.12075796828575656,0.1813230132457097,0.12011131006514941,0.18576863520770975
onset_distance,26-50,seen/5,2.29440203562341,3930,0.010432569974554707,0.052417302798982185,0.0010178117048346056,0.009414758269720101,66.45099089448313,66.02159827213823,0.11740890688259109,0.006516229772387129,0.015116857629743859,0.006035177529543053,0.01597398925044417,0.03201058835203915,0.07582086424604345,0.03193168957330616,0.07781539291078193,0.00033209883460066453,0.0017658873369908938,0.00023176300017639537,0.0018909249028238799,0.005527336543229529,0.01420305826350922,0.004851823653589149,0.015111360525199288,65.34271546598623,67.77134087463914,65.16418913744862,68.0338242595312,65.09982057274911,67.13384506717162,64.98309825749025,67.4058607599838,0.08993269502136665,0.14919414089733424,0.0868139400940474,0.1500608983301997
onset_distance,>50,seen/5,58.65392205229403,12162,0.005426739023186976,0.033547113961519485,0.0061667488899852,-0.0007400098667982239,65.52484314057996,67.81608803207371,0.1350210970464135,0.003885254688427165,0.007098596058695041,0.0038596251361526076,0.007462271284293111,0.02553555894917422,0.04255361148660511,0.024825431293207884,0.04369782570411418,0.004517421468264612,0.00799000684732171,0.004567505469836148,0.007862171620217764,-0.002716707146311159,0.001389216525210222,-0.00288015216219292,0.0017668953260682352,65.18668285184559,65.91949778227281,65.24694024635481,65.86393405457599,67.09061133710699,68.67184422736713,67.2450839080708,68.50495703808672,0.10353576457853914,0.17799232794218703,0.10431661873803462,0.1765401568625314
onset_distance,0,seen/10,0.0,149,0.020134228187919462,0.697986577181208,0.040268456375838924,-0.020134228187919462,73.33333333333333,111.58974358974359,0.06542056074766354,0.008580417662085785,0.031399044479538424,0.008759761512331625,0.030975206229298096,0.6414148606933948,0.7573638949301549,0.650033987218376,0.7501590064499594,0.02031386923565469,0.0612422237099272,0.0203771543182446,0.06262503381485689,-0.04652226637654137,0.006281071648530634,-0.050423043057948404,0.006478754416961128,69.6098501751897,77.41107324200968,69.87075303806857,77.40984338826092,91.46242174537775,133.68827925956774,92.54725976862773,134.28080495356033,0.037603876357666724,0.08876726433294313,0.04053292427740682,0.08472376186013879
onset_distance,1,seen/10,0.0,298,0.02348993288590604,0.4966442953020134,0.02348993288590604,0.0,72.9113924050633,85.77777777777777,0.08387096774193549,0.013699839426515812,0.03351728651702711,0.01430024579213987,0.03447737905417902,0.4828326346791303,0.5104185734672745,0.4788109813045413,0.5120841774619569,0.01199276985564217,0.034491402518816106,0.012889366342828341,0.03599068088401206,-0.011469359562009264,0.010765755298911335,-0.011337934346533898,0.011232461844565375,68.52914688080533,77.23287797161692,68.70782420576099,77.09273964372127,78.55276985104004,93.10229825224411,78.38643512298012,92.49620240634809,0.060782042421900544,0.10517296187817109,0.06196488793152598,0.10752383989020062
onset_distance,2-4,seen/10,0.0,894,0.035794183445190156,0.42841163310961966,0.030201342281879196,0.005592841163310962,77.16571428571429,88.13559322033899,0.0891566265060241,0.02684532197419793,0.044317050823473175,0.025501256640766627,0.045705191521936674,0.4164843467163062,0.4394455965225346,0.41504155515502394,0.4399938492750488,0.02196916943588697,0.03843996876024497,0.02264316666735691,0.03848855310130685,-0.00818474828584531,0.019233171536397937,-0.010899402413410732,0.02125573346808364,73.09890979924853,80.78389776553878,73.43520281914203,80.68942742668982,82.37225554999132,93.63483156380607,82.00001694236565,93.67055224152338,0.07106603692564427,0.1068757384155138,0.06546708897294634,0.11165927426442758
onset_distance,5-10,seen/10,0.0,1788,0.026845637583892617,0.1616331096196868,0.022930648769574943,0.0039149888143176735,70.26040978189029,79.00962861072902,0.10089020771513353,0.018343249738704395,0.03535315370517476,0.01914935187655639,0.037210856915448565,0.13858632644473867,0.18432541785610668,0.1377390336650591,0.18576396690873542,0.01733633294132654,0.02865502510243199,0.016755534802937042,0.030032279178924256,-0.005548980065851288,0.01321317061757216,-0.005654020543864231,0.015815780623402123,68.3610719082128,72.3393048674795,68.60433743116343,72.12029618370411,76.67255123926383,81.50077987868409,76.37073968822028,82.22906905652668,0.07154069399869596,0.13206300054704226,0.06680926503160374,0.13482537817031914
onset_distance,11-25,seen/10,0.11487248928007222,4431,0.01647483638004965,0.07515233581584292,0.008350259535093659,0.008124576844955992,67.63848396501457,69.53693604362915,0.11330049261083744,0.01209671747384935,0.021175707982205937,0.01182051667134731,0.022620121823385214,0.05863309071379263,0.09310301973372072,0.0534615471908313,0.09517319023590627,0.004547573425107537,0.012793282375002988,0.0036705426074022805,0.01390354736931095,0.002835807211556229,0.013704503025407997,0.0026354231582129957,0.014447453285344742,66.57360014977547,68.86886507851113,66.4831969546673,69.01374107306157,67.73548254789098,71.68403253342223,67.62854098784506,71.90557353449312,0.08501690914393645,0.1474284479013207,0.08465005722824533,0.15644803708590727
onset_distance,26-50,seen/10,0.9071829736919894,6766,0.009606857818504287,0.05645876441028673,0.004729530002955957,0.00487732781554833,66.37369487299361,67.5846444304594,0.13870246085011187,0.0075727410250473765,0.011521071367862271,0.007559523125768636,0.011759044801303374,0.04169816210516266,0.06990439122660476,0.04061616099434748,0.06975604380386129,0.0027228168665071086,0.006947308715602633,0.0026845004163815953,0.007110840747816249,0.0020486081037124335,0.007232175885407788,0.0026844556394786797,0.007143720388892532,65.89079521778234,66.82519115798107,65.8525178178366,66.9969258007708,66.60662442390918,68.59189953070883,66.46674583280189,68.97712309340393,0.11007335603811809,0.17901755397161717,0.11465460345256968,0.18096947961020765
onset_distance,>50,seen/10,29.461526121597775,18701,0.005240361477995829,0.02433024971926635,0.0035826961125073526,0.0016576653654884765,65.52780509122692,66.5438152831226,0.19891500904159132,0.004072960745590583,0.006479324155349001,0.004091075002145288,0.006603808129147894,0.018800535617587193,0.029885762413832718,0.018451225939799,0.030028887896915848,0.002923661596699938,0.004296903484035349,0.002854751277656952,0.004411307965118042,0.0002750495568493669,0.0030612963908286765,0.00028688616774676464,0.0031035748027992555,65.1456162569136,65.92399723600852,65.14499779572593,65.98574888241404,65.9624735141364,67.13973592100349,65.96178945438824,67.22735662062416,0.17121331668237533,0.23298355308073476,0.1739622556492614,0.2279596706030165
onset_distance,0,seen/15,0.0,117,0.008547008547008548,0.8376068376068376,0.0,0.008547008547008548,66.78260869565217,125.0909090909091,0.04040404040404041,0.0003755250196770834,0.016983782968856956,0.0,0.01879528301197513,0.796539214977784,0.8848829748610473,0.7987294989688462,0.8763642185725797,0.0,0.0,0.0,0.0,0.0003755250196770834,0.016983782968856956,0.0,0.01879528301197513,64.10647636535359,69.79371103046373,64.11960397413002,70.05008641005497,86.22985946092743,169.34523498610122,92.46198845028874,151.47515104799737,0.012431748694245065,0.06806980393337105,0.015717554591045044,0.06196584233465985
onset_distance,1,seen/15,0.0,234,0.008547008547008548,0.5128205128205128,0.008547008547008548,0.0,70.56410256410257,76.57142857142857,0.04918032786885246,0.0019123694466149147,0.014789620303109428,0.0020343121039709494,0.014890893237669858,0.5046917147966927,0.5209374632428617,0.5055611467328986,0.5192047461239857,0.002101179340614768,0.015325054920563668,0.002052935341957378,0.015896351730920254,-0.009882717168937587,0.009817707230528378,-0.010571425531880728,0.009445949521306321,67.02859767791742,74.20937572284048,67.33388685056426,73.7172903350143,69.12093427690618,84.07297969384057,69.1061619269949,84.60826189871217,0.02897001807369403,0.06960760219387771,0.03300206289027654,0.06535767016382464
onset_distance,2-4,seen/15,0.0,702,0.01282051282051282,0.44871794871794873,0.014245014245014245,-0.0014245014245014246,73.46365914786968,80.12868632707774,0.05864197530864197,0.007915343652383706,0.017484333010928884,0.007911097152072843,0.018441391294509068,0.43384120340883764,0.46217358589621343,0.4305391396098076,0.46328417176931064,0.007215416412935035,0.02151421327536921,0.007203413405464935,0.022006457201354426,-0.010958347658344402,0.0077642030053766894,-0.011169192165910202,0.008256061916777633,70.08940162622243,76.76370866833665,70.12313402844535,77.02816307963957,73.65100587529163,86.61478618403439,73.78460392273591,87.07954770985818,0.0425533453651986,0.07404708433359743,0.044041687541578715,0.07429010366937651
onset_distance,5-10,seen/15,0.0,1404,0.012108262108262107,0.14458689458689458,0.01638176638176638,-0.004273504273504274,68.42833607907743,72.24573378839591,0.10454545454545454,0.0057392521245142585,0.0184834747830379,0.005692836302010103,0.019501179676589896,0.11545111449562727,0.1743003638208053,0.12016143705756015,0.1717438873884209,0.010174982791659576,0.02356534041878716,0.010061080824717458,0.022230918342534982,-0.012858366631538063,0.0035695358040679346,-0.013249268310973382,0.0054944515651044416,66.06122743563223,71.01015023180935,66.08199854451266,71.39426818867172,69.53436046729098,75.15123476042213,69.80642967984289,74.81811653509897,0.07582760237495027,0.1285382576399239,0.07537639210174421,0.13267796655554215
onset_distance,11-25,seen/15,0.13038450419196299,3459,0.01185313674472391,0.05348366579936398,0.004047412546978896,0.007805724197745013,66.91704649042845,68.34798647402398,0.11061946902654868,0.006431930280482862,0.017288237543922086,0.006637284530407562,0.01781199500015025,0.0384291490113833,0.07023941107203274,0.03972449997164259,0.06773722602042362,0.002601766602293703,0.005504372254903974,0.0025315694539697433,0.005251580842880105,0.0027516870466502306,0.012729220083079943,0.0026839223232971755,0.013953802021313053,66.05789904359844,67.83092986525895,66.16707731685717,67.79589105768052,67.12080145377028,69.74604386130831,67.26237824232277,69.74519039852281,0.08636385916950289,0.141990623342941,0.08651256900444404,0.14248007240338736
onset_distance,26-50,seen/15,1.3788819875776397,5313,0.005458309806135893,0.04592508940335027,0.005270092226613966,0.00018821757952192734,66.54088050314465,68.13230342642107,0.10989010989010989,0.004077010334888832,0.006853182160084149,0.0040286783484279175,0.006839436302598024,0.03502015100494898,0.05738729249292959,0.0328073323381936,0.05805206206381663,0.0032735807602444628,0.007303901371425125,0.003155304882896073,0.007621659439344222,-0.0024516998216015987,0.0029303313283562784,-0.002987721784086915,0.0029503280263933917,65.74146881859835,67.44593387441587,65.71776536004248,67.52633734789738,66.81481696898206,69.54569129735894,66.70269438035349,69.88299254353981,0.08739946658820001,0.1370636782576714,0.08686332583881011,0.1447825279798263
onset_distance,>50,seen/15,26.74536715311559,17268,0.0046328468844104706,0.019168403984248322,0.0030692610609219365,0.0015635858234885338,65.01736826611716,66.28991173508679,0.2116788321167883,0.002687733774065357,0.006653009463359262,0.002633311221446866,0.006916021118118505,0.016085629923542292,0.02307713096429913,0.016553543270795737,0.022285742347091093,0.002221738575865263,0.00394128547149242,0.002212590080271578,0.0040403451003131925,2.9663447860713264e-05,0.003049698232772429,3.8624407728111054e-05,0.0032193329849568566,64.75647254442833,65.31591602770165,64.75490556703696,65.33242500680787,65.74534195751178,66.86726583960476,65.71077944569245,66.97896414645471,0.1796500857316963,0.24040908374355782,0.17721952890468273,0.24896234937355985
onset_distance,0,seen/20,0.0,129,0.023255813953488372,0.7674418604651163,0.015503875968992248,0.007751937984496124,96.0,136.82758620689654,0.06862745098039216,0.009254715671482954,0.03874356664751179,0.009560898921187026,0.039387194132575035,0.7143083094421918,0.8199934478590684,0.7055612042172184,0.8297906038737505,0.003685249506420236,0.027816051964587248,0.003533390891046809,0.02673181883900816,-0.011620584453274138,0.02908648358834533,-0.012272783976443387,0.029784689783420457,79.60214671128016,115.2923551123347,81.37619560808854,113.03796512708176,108.2314814226531,164.41157523870692,103.54842180352223,167.4557903843777,0.03754525979150393,0.10408630236576485,0.03727711036912097,0.10312169378810015
onset_distance,1,seen/20,0.0,258,0.015503875968992248,0.47674418604651164,0.03488372093023256,-0.01937984496124031,81.06666666666666,81.6910569105691,0.06299212598425197,0.008137288394349225,0.022187962278775782,0.007944813227928308,0.022830379547244116,0.4668618142874547,0.48618481881488895,0.4648553995023891,0.4875367325291003,0.0233535274113156,0.0468243559196773,0.02183016401605926,0.049096268893728444,-0.031661304887525034,-0.009202886951715245,-0.03467979860772958,-0.006469331690639434,75.37946921583371,86.63140011775597,76.30939124502372,85.42943380311092,73.74371638022261,89.61058760110329,74.55855725625521,90.42101719832517,0.03811516786766324,0.08617254448578096,0.035816692224236446,0.09211250683919295
onset_distance,2-4,seen/20,0.0,774,0.016795865633074936,0.4289405684754522,0.011627906976744186,0.00516795865633075,68.88988764044944,70.35460992907801,0.03188405797101449,0.011086943526362832,0.023137923099368008,0.009979390464641658,0.02422644131632419,0.4091555781956477,0.4466523548975857,0.4076688243784688,0.45007354860801746,0.004699604387560465,0.018340476935680493,0.004563371959984084,0.018033818759949027,-0.005062049079337659,0.01619399947639549,-0.005893141020792851,0.017750338359556528,66.87115776130237,71.04555836112459,67.07440717474462,70.80612541165851,67.00423963525425,73.57902214602686,67.26656577551915,73.0955684135535,0.021489426954644966,0.04439389028854837,0.020101532129374804,0.04719488624380234
onset_distance,5-10,seen/20,0.0,1548,0.0071059431524547806,0.1078811369509044,0.010981912144702842,-0.003875968992248062,65.79956741167989,68.84705882352941,0.0898876404494382,0.004016493740552935,0.01039629436993894,0.004557750513458005,0.00958888713390989,0.0817668714770406,0.1370709559337608,0.07840883938282261,0.14187415133032946,0.006986604648136205,0.01502914275823282,0.006952578833013616,0.015803785890390037,-0.0092343956666184,0.0014479855132043563,-0.010071183910626195,0.001534320194918898,64.87493572695021,66.82083666727999,65.00538978419988,66.6622011108749,67.23866833394095,70.3114209303662,67.27067608367129,70.35294580794204,0.05960773726247837,0.1229893405438508,0.06675259002237621,0.1106629752494173
onset_distance,11-25,seen/20,0.24940991345397326,3813,0.011277209546289012,0.04589562024652505,0.002098085496984002,0.00917912404930501,66.10641799232035,67.0568746548868,0.12385321100917432,0.008127754641845656,0.014719596341955216,0.00799848080449615,0.014756279894826842,0.03311912162231655,0.06035563691548495,0.03245611987519592,0.06034723269030138,0.0006731930635408338,0.003538009349866502,0.0006874822345386735,0.0034371936109834724,0.006026899231201689,0.012605391824823443,0.005985659052094381,0.012800337658501524,65.48124572120419,66.83369399411527,65.49067469934594,66.71693531826122,65.84314725082506,68.28334898184606,66.08828521362874,67.90734039376218,0.09709104709200975,0.15386882390449136,0.09502927984953453,0.15640915788043758
onset_distance,26-50,seen/20,1.1709748268288562,5919,0.00456158134820071,0.02939685757729346,0.0032100016894745734,0.0013515796587261362,65.41086616906787,66.19492563429571,0.16417910447761194,0.0032005119155775526,0.005829520600449019,0.0034209523808397977,0.005655269477915788,0.02248208487264294,0.03604454154784827,0.021180583100134348,0.036380095916786856,0.002006664396625872,0.004547477992941129,0.00182283727649935,0.004753561193111246,-0.0004484191760438697,0.003102505485526139,-0.000599817738578602,0.003183316306484679,65.11120974808485,65.7431013382321,65.11981951082859,65.77495205045294,65.55571324314941,66.87433792389841,65.55868136954126,66.94928853405276,0.12808382558237622,0.21313166420422205,0.12575202884012993,0.21883717255739002
onset_distance,>50,seen/20,37.206357990530655,16263,0.002644038615261637,0.023304433376375822,0.0031974420463629096,-0.0005534034311012728,64.73087783146138,66.25573770491803,0.15402843601895735,0.0018601267196364925,0.0035792581197448374,0.0016310453408667181,0.0037650322139957944,0.019169883061794447,0.02820003700535253,0.01844079207922353,0.029120619448987972,0.0025529715061685036,0.003952044691102021,0.0024770677908355038,0.0039662871201273054,-0.0016914980218392737,0.0005588838161630006,-0.0019025870491969946,0.0009025107622393008,64.55135051119252,64.92079086119237,64.51646716459075,64.939525997692,65.80422558904847,66.72867543053384,65.79466543527597,66.75449247954062,0.11998608134647269,0.18249781362032239,0.11660644010039467,0.1895753345195352
onset_distance,0,unseen/-5,0.0,64,0.015625,0.671875,0.015625,0.0,77.91304347826087,86.4,0.06818181818181818,0.0007287968097291827,0.03290256248100615,0.0009773746113443283,0.03049206602300466,0.5170046785388875,0.7840620168458005,0.4710520608682032,0.7955441705898644,0.0006403006165065055,0.037391420181082664,0.000569624210592134,0.04661844299464614,-0.02946464939965117,0.023839342723649917,-0.03692451232515838,0.022246177007485362,67.11018633540372,90.33606523384447,67.05927895556354,89.2421726104839,64.96490738482053,118.81581728725018,64.8563937655716,125.19173780487804,0.015816012351281217,0.135357954667873,0.017654137869280873,0.125
onset_distance,1,unseen/-5,0.0,128,0.015625,0.4921875,0.0078125,0.0078125,68.84848484848484,85.66153846153846,0.03076923076923077,0.004320785766189243,0.024792797998133907,0.0061222929538787985,0.020381359484731312,0.4790538532665552,0.5096473602457522,0.4823230783444198,0.5136989431769804,0.0003909767040342485,0.018799639364064896,0.00030750750750750753,0.022619415049970604,-0.01079421442630889,0.020716072718843324,-0.013478842744135298,0.017717978977007207,64.25202763604956,72.93423873440982,64.0,73.21924405048104,73.24396161448361,102.00831954357285,73.93329298572316,108.58248238482383,0.008741333389815082,0.053839543468507986,0.007767817993724394,0.05790364217594265
onset_distance,2-4,unseen/-5,0.0,384,0.0390625,0.4635416666666667,0.013020833333333334,0.026041666666666668,75.47169811320755,78.36734693877551,0.06217616580310881,0.021724178877846265,0.05633334753927421,0.024802173222599894,0.04968922737645886,0.450147001883316,0.4756836290886733,0.4486697839212538,0.4764903414280884,0.006533246913873219,0.0199068357574183,0.006665198237885463,0.02163454444721937,0.00707375193257359,0.04187990132557046,0.009522556390977445,0.03754851243199778,68.73247095291347,81.46816363370226,69.80848561622476,81.13079959876033,71.69374090461454,84.76969103830353,73.86150432921681,83.01609382110975,0.035897841358470635,0.0894309095641185,0.04541170153253091,0.08237184086631599
onset_distance,5-10,unseen/-5,0.0,768,0.026041666666666668,0.3216145833333333,0.015625,0.010416666666666666,71.00377358490566,79.46138613861386,0.06367041198501873,0.013659589305761052,0.03610884867383651,0.01036652833169317,0.038449424929506884,0.271829515268617,0.3754600191800021,0.2549882908381505,0.3884225153260105,0.006840167355598567,0.02401829883263832,0.005729826333025252,0.02440247812278005,0.0006712350289391514,0.019263248732020004,0.0037452844270748522,0.014309230503528876,68.10761720083018,73.70632885738043,68.61627964324832,73.38644453211563,73.75261016421001,84.59487513311444,74.99476650888519,82.90751510876912,0.03501775618277079,0.09183934910435344,0.04026453096947935,0.08707092588782096
onset_distance,11-25,unseen/-5,0.06187729417933928,1907,0.029889879391714735,0.22968012585212375,0.02464604090194022,0.005243838489774515,71.34782608695652,81.09923664122137,0.05656565656565657,0.012544888040207333,0.04513660150069343,0.007746586489076354,0.05067430176666872,0.167567266324729,0.2937868575972255,0.1475616374040678,0.3141484350239242,0.014090125726954464,0.0354865780658251,0.010881845523593166,0.03512628545373679,-0.017874722790722525,0.02568736287388832,-0.022056345427751763,0.03234162102513383,67.82419415996337,74.14830082145895,66.67639876363175,75.01387124256738,75.17764247008937,87.23898662847319,72.59329263088846,86.65033304159849,0.027080002519751224,0.08541250591391099,0.02400126031090202,0.09261873557352314
onset_distance,26-50,unseen/-5,0.6999665887069829,2993,0.04042766455061811,0.2061476779151353,0.027731373204143,0.01269629134647511,74.82955014444903,82.41827768014059,0.13008130081300814,0.02174940200687203,0.05685016197843609,0.016728636678534074,0.054050135382471595,0.1646556430438274,0.24481884159075812,0.15984882996482988,0.24549860245808078,0.012343898362939917,0.04512866464998126,0.008010240569440333,0.04610808921276905,-0.014500152734653217,0.03614109417628056,-0.01445231321448645,0.03965267830447405,70.6413728699694,78.90224669921729,70.54322981910192,77.41255724599745,73.44367977617576,93.32133268785891,72.71931430241031,91.47795338034092,0.08737828757835284,0.16678614390480512,0.07558512590000044,0.17329403726954412
onset_distance,>50,unseen/-5,19.4917139119058,9172,0.05058874836458788,0.1411905800261666,0.01264718709114697,0.03794156127344091,74.32465736200176,74.04700290467389,0.1824900511654349,0.0278818136795062,0.06950890268652306,0.0261196744912361,0.06511606121573531,0.08631926160261656,0.20273271378772983,0.0795799511314853,0.21270439790258464,0.0049840294756972785,0.018866534121190052,0.0038005097511024546,0.02043357772706529,0.016954773174003564,0.057687785295278675,0.017864849358962338,0.051572430676822476,69.58060802110597,78.7660148747409,68.59527614726795,79.7646294599011,69.86786210997344,77.80517881010341,68.66153379084389,78.99698699408181,0.11680098382489335,0.24809472090277018,0.0979099829886948,0.25796864141228976
onset_distance,0,unseen/0,0.0,54,0.0,0.6296296296296297,0.0,0.0,64.0,64.0,0.0,0.0,0.0,0.0,0.0,0.43232143267499606,0.8864991132729045,0.42758447075261224,0.8954708624172522,0.0,0.0,0.0,0.0,0.0,0.0,0.0,0.0,64.0,64.0,64.0,64.0,64.0,64.0,64.0,64.0,0.0,0.0,0.0,0.0
onset_distance,1,unseen/0,0.0,108,0.027777777777777776,0.48148148148148145,0.009259259259259259,0.018518518518518517,75.2280701754386,80.5925925925926,0.07272727272727272,0.010722073831591138,0.05165012124022287,0.011475174876814221,0.05029237344288364,0.46245627460984,0.49552950294131903,0.4648098279196959,0.4952837558962264,0.0004343490344599168,0.022118140796687405,0.0,0.022062592121130892,-0.0025297486433937576,0.044986931816141676,-0.002866886404350381,0.04286302734021362,68.56588227798474,82.82376192859796,68.73563812059739,82.7072921726927,68.59723775806553,95.96794483109568,67.74524870528725,96.11790780085593,0.03539197321029951,0.12342119866814649,0.036566025606200536,0.11735425826412635
onset_distance,2-4,unseen/0,0.0,324,0.015432098765432098,0.5030864197530864,0.012345679012345678,0.0030864197530864196,71.66467065868264,72.31168831168831,0.06547619047619048,0.007061207536578299,0.02808772400859498,0.00518495514147688,0.02971415182294535,0.4907040197056238,0.5166846707249536,0.4890607437015504,0.5184877069902667,0.004544639009757224,0.020897762571044916,0.004613952308915412,0.021633903792784445,-0.008654623845488055,0.0176083875753515,-0.010504157329274788,0.019391931759173694,67.88457625581137,77.30215679959117,67.55138581148165,76.87353682813537,65.73140056052208,80.34116971998846,65.55531983294671,81.32435978835976,0.033380612134019896,0.11316248493900931,0.02832128501210163,0.11111211355707926
onset_distance,5-10,unseen/0,0.0,648,0.021604938271604937,0.33487654320987653,0.024691358024691357,-0.0030864197530864196,70.32643678160919,83.81326781326781,0.06493506493506493,0.011353637598300433,0.036356488303554965,0.01021872763286215,0.0366461618973799,0.2573767873100983,0.3950783751533475,0.25267974517140257,0.399150663461396,0.014922407132094579,0.03746967031812429,0.014388643958907404,0.037703487279162444,-0.01311603383474449,0.00782902061404445,-0.014137786897704818,0.008365716955668331,66.44535501606619,75.69164845444716,66.19574200216603,75.70061440623391,74.7175288617589,95.66062424885332,73.82635267387488,95.92677354016288,0.033606680415600686,0.12024301804756461,0.029671047041749478,0.12267450706573844
onset_distance,11-25,unseen/0,0.1879278158058494,1607,0.021157436216552583,0.19788425637834475,0.013067828251400125,0.008089607965152458,68.60681114551083,73.21479150275374,0.056818181818181816,0.01244604035133552,0.03353196885676057,0.012493437499674277,0.03474620974536462,0.12388687817623903,0.26145908366768555,0.11379439156243756,0.26218944562888585,0.00641322500120768,0.02190386270856262,0.00628764399291074,0.02190482034100796,-0.0011361880705487869,0.018495551040845618,-0.0011328024818339291,0.018938028517813354,67.02661250336432,70.54962588299776,67.00617718644071,70.54849008535803,69.6439561550837,78.76024479803344,69.70627911359128,78.73030367082363,0.03487114870424088,0.09572086363954797,0.03502131058022373,0.10246967373606937
onset_distance,26-50,unseen/0,1.800401606425703,2490,0.020481927710843374,0.1140562248995984,0.005622489959839358,0.014859437751004016,68.28199371351594,69.65826843792945,0.14029850746268657,0.009606143678711807,0.03717794645933198,0.006789106277843067,0.03993294855416778,0.06684724573297784,0.1689966931783556,0.062472007894098736,0.17235742695813538,0.003890013918403176,0.007623129158420944,0.004033043637636992,0.007459618328080011,0.004353987160967722,0.031189137318864538,0.0015580032173364625,0.033621245931653373,65.97183442211485,71.99383608122561,65.42095954023155,72.89858367639562,67.27458608186703,73.44203919883786,66.75386277058408,74.06534072199526,0.09538184892923922,0.1873173565330555,0.08179116312564685,0.18404734820949822
onset_distance,>50,unseen/0,27.3585050416484,9124,0.029701885138097326,0.08340640070144674,0.0070144673388864535,0.022687417799210872,70.0414544593154,70.1130604288499,0.2063953488372093,0.011365259639383132,0.05515143055047787,0.007477480874074769,0.05830430559748947,0.050023969688516995,0.12893427071163532,0.04757484310756081,0.1271007612219976,0.004856800063268428,0.009630258975342537,0.0049099220321609,0.009823039743844153,0.0045979647798903385,0.047602841206729356,0.0007803098881448519,0.049999285309735735,66.6567544272224,75.24819239752689,66.03850017730882,75.5023722090786,67.36111789606807,74.40242180837046,67.13207373635393,74.47499900021508,0.12871508048415364,0.2596885119251116,0.10705555209287784,0.2649467439273939
onset_distance,0,unseen/5,0.0,64,0.046875,0.65625,0.0,0.046875,72.34782608695652,67.2,0.06666666666666667,0.0026525669083644603,0.0867929849097446,0.0023589531777277843,0.09169194417336198,0.5343777142702412,0.776280692349214,0.49818156888815024,0.7917940928332493,0.0,0.0,0.0,0.0,0.0026525669083644603,0.0867929849097446,0.0023589531777277843,0.09169194417336198,64.43914824435372,83.90013585246781,64.34903729783255,84.7299120234604,64.15695964042128,72.94240398683247,64.12239227979593,73.27854935091695,0.02047420959961915,0.10252114138376994,0.016593344183365544,0.11218974894086875
onset_distance,1,unseen/5,0.0,128,0.015625,0.4609375,0.0390625,-0.0234375,72.47058823529412,81.26984126984127,0.08196721311475409,0.0008841889694548201,0.02893099496991487,0.0007863177259092614,0.030563981391120657,0.44505512928628727,0.4789715639193587,0.4453980117322941,0.48190654205607475,0.02102843608064127,0.05494487071371276,0.018093457943925233,0.054601988267705896,-0.03909473950907682,-0.00925069247963808,-0.039461516949321825,-0.0058169948691489766,66.37261572923735,77.83478077027114,66.47080341503448,78.06972881858759,69.26376589051421,91.73590904305716,68.75120429294454,93.84051446945337,0.03246120699362959,0.1279629243880628,0.03332781456953642,0.12408273868988154
onset_distance,2-4,unseen/5,0.0,384,0.0390625,0.4270833333333333,0.026041666666666668,0.013020833333333334,76.46017699115045,83.71717171717172,0.10614525139664804,0.014743953239700723,0.060867303480681194,0.015336724205799594,0.0611952641619398,0.4036025995111649,0.4513949498337324,0.4030954273085451,0.4563453303465427,0.012413021642183854,0.038530360795575175,0.012189315625747786,0.038793836500117286,-0.003185189355667279,0.02703957090604251,-0.0005948166636845803,0.025767597671012304,67.1854494487778,84.55933361501735,67.32492816820107,85.0939761351864,72.06573920942603,94.28477459525745,72.41812859493835,93.7687153778508,0.04886342486641647,0.15430058892467327,0.05042864788243462,0.1530118668918236
onset_distance,5-10,unseen/5,0.0,768,0.061197916666666664,0.30859375,0.0234375,0.037760416666666664,75.34328358208955,81.93548387096774,0.12323943661971831,0.01694904455566009,0.10051123706797402,0.01713254319410799,0.10380956788951338,0.23318582578191022,0.3669975804195136,0.2309680842564071,0.3923429755222056,0.014895738371728815,0.03159963078356184,0.01418985896539301,0.031039673046251992,-0.0007684314819038282,0.07110919152493224,-0.0001701821450052801,0.07624745681594251,66.4606684108138,83.96175739675216,66.27416135987565,85.7537416329966,73.85543628813137,90.13493200358049,74.04875080282147,91.81395627762788,0.0499759404658356,0.1730080414482078,0.049047349215295265,0.17432668817195407
onset_distance,11-25,unseen/5,0.060240963855421686,1909,0.05814562598218963,0.25458355159769513,0.013619696176008382,0.044525929806181246,78.75909402882635,75.1304347826087,0.18760469011725292,0.02125844349714999,0.09100767500146043,0.020640297096769518,0.09526838992162913,0.16068079095019883,0.33328373033087755,0.15995571874287795,0.3487365588952858,0.005314065843054962,0.02414331379710074,0.004623115906727291,0.025120192734666695,0.004770632401551633,0.08025073941640723,0.004681709735701406,0.0834680135085765,70.53974715560535,87.4537670244848,70.4706773928184,88.42800897310339,69.08299043870453,81.8405405691221,69.05212308060085,83.79640484686514,0.1270234557113601,0.22652698558142917,0.1228244327806169,0.23167888036612574
onset_distance,26-50,unseen/5,1.0560420315236427,2855,0.057092819614711035,0.18598949211908933,0.006304728546409807,0.050788091068301226,77.20167364016737,74.9896068685043,0.2334293948126801,0.023276199802424073,0.08813306629043131,0.022099443355407842,0.0924346766128867,0.09391284054358973,0.2714079666583721,0.09054530162017432,0.28362447144232,0.002831469959673057,0.01054440124770071,0.002597081183286351,0.010896413665573515,0.018310016636083625,0.08066048706925223,0.016918075245275655,0.08597578573676509,68.61358038314646,86.43273395379218,68.3964753406932,88.0435704464053,70.02353991707382,81.10173833911267,69.7694743097318,81.81592382589932,0.16590163845379036,0.26124746644842056,0.16327433433394004,0.2612425605785949
onset_distance,>50,unseen/5,21.39793459552496,8715,0.036374067699368906,0.08479632816982215,0.007228915662650603,0.029145152036718303,70.16025800049616,70.67178306472243,0.2168560606060606,0.015906903139697542,0.05836887884746597,0.01618076419943464,0.060733667408846274,0.04989545898292587,0.12140214225110707,0.051224482875090176,0.12879845174366025,0.004653248703628507,0.010084463223579754,0.004650220949489911,0.010333324406929578,0.010983551340179218,0.048592425414428354,0.010395584299980028,0.05123323768134471,66.63324651948501,74.26529547817844,66.56325558053499,74.83964384755869,67.87467027893605,74.10080461295797,67.87105707386542,74.42571020233648,0.15784645501183955,0.2465262815019084,0.1557966853284451,0.2473221445213677
onset_distance,0,unseen/10,0.0,21,0.0,0.7619047619047619,0.0,0.0,74.66666666666667,64.0,0.0625,0.0,0.0,0.0,0.0,0.5586562047838669,0.938225859404796,0.5574481732348112,0.9376731637965751,0.0,0.0,0.0,0.0,0.0,0.0,0.0,0.0,64.73782784747424,100.21502544426026,64.0,102.18105263157892,64.0,64.0,64.0,64.0,0.0036910746812386158,0.1516665343874515,0.0,0.15487399193548368
onset_distance,1,unseen/10,0.0,42,0.0,0.47619047619047616,0.0,0.0,64.0,73.14285714285714,0.05,0.0,0.0,0.0,0.0,0.46037472146802344,0.4981667457182213,0.4587084454520415,0.5,0.0,0.0,0.0,0.0,0.0,0.0,0.0,0.0,64.0,64.0,64.0,64.0,64.55761529582014,86.4726112797397,64.0,87.16307692307691,0.0030497151563582776,0.11987509777997583,0.0,0.12288287124539377
onset_distance,2-4,unseen/10,0.0,126,0.031746031746031744,0.4444444444444444,0.0,0.031746031746031744,72.22857142857143,79.28358208955224,0.03333333333333333,0.009604347406978986,0.06163065265174316,0.007758972842010368,0.06440042318471613,0.41932661318142966,0.46924417129669677,0.4166590354090354,0.4726295509650586,0.0,0.0,0.0,0.0,0.009604347406978986,0.06163065265174316,0.007758972842010368,0.06440042318471613,67.29710626531684,75.73306083471832,67.02273642890346,76.06774342698169,69.41635737179386,91.54955642998509,68.47149667185654,92.39576184511428,0.00206043316137317,0.08026262458630791,0.0,0.08325145413981033
onset_distance,5-10,unseen/10,0.0,252,0.01984126984126984,0.23809523809523808,0.003968253968253968,0.015873015873015872,68.61855670103093,76.86772486772487,0.06153846153846154,0.007181207784314928,0.04127594367838713,0.007342065687157923,0.03895877344600216,0.20281497630632597,0.2753445909775382,0.19884064998394269,0.280690422845584,0.00023990143005070275,0.009670192834267876,0.00012835703001579796,0.010199029771398187,0.0035673056147792408,0.035264271682241624,0.003384323438805347,0.03368411179390883,65.39876830593316,73.54170096740565,65.19669704117317,74.32455850262706,69.82096254177058,87.0452130670678,69.08689044632976,87.89790509735971,0.029077126967254598,0.10381821315426044,0.026661764705882354,0.11271279236948978
onset_distance,11-25,unseen/10,0.184,625,0.0064,0.1024,0.0064,0.0,64.22735346358792,65.38129496402878,0.10294117647058823,0.0016311843631789786,0.014127515699946538,0.0014350289845841255,0.01529995702474828,0.07072114981018855,0.152161734239435,0.07276962231934796,0.15399152825986517,0.0022637864641934955,0.01396155865906284,0.0023900551661752336,0.0137745003625487,-0.005232426064475043,0.0049158930061105124,-0.004744708910173964,0.00558578182274952,64.01810961452125,64.36713309580624,64.0,64.38365477905525,64.08443917313808,67.51520104145067,64.0,67.66182893863672,0.029761664414098676,0.1886944405700072,0.02392142354499545,0.18920598033421088
onset_distance,26-50,unseen/10,0.5285996055226825,1014,0.0039447731755424065,0.06903353057199212,0.0009861932938856016,0.0029585798816568047,65.07563025210084,66.30508474576271,0.13513513513513514,0.001222296553431556,0.005681401024291346,0.0012681050630684258,0.005876420528423569,0.04500363202327417,0.10414128890232903,0.04775741548636957,0.10345402312969361,4.343120245159936e-05,0.0028818361520934702,3.7603942529769814e-05,0.002990404874612826,-0.0007822010936420746,0.005238483271632977,-0.0009711445566516335,0.00527303821289382,64.45959540768278,65.455560799776,64.45046572199946,65.50679324000792,65.25611488774638,68.15007412442237,65.17360520293582,68.35977811248162,0.039178826659461145,0.2889230532920407,0.03786113397690139,0.29251085109244496
onset_distance,>50,unseen/10,28.830665738807703,4311,0.006031083275342148,0.033170958014381816,0.005103224309904894,0.0009278589654372535,65.35425582501189,68.98203592814372,0.2781065088757396,0.0033756438424923517,0.009771480724326919,0.0029378169061425197,0.010149080545262274,0.02118708256619272,0.052411448369991544,0.019970473059543897,0.05646682382419313,0.003440711487090322,0.00747484099225959,0.0032964030067440127,0.007325068797846007,-0.0008137466830137894,0.0031381505899562854,-0.0005511092184903646,0.0030610929767259237,64.98539148839279,65.90042415909275,65.00096229950682,65.92626699834624,67.14492464273248,71.87812227944544,67.17655450853869,71.84955270676818,0.18175708972978444,0.3517950596863365,0.16330572802641496,0.3647802674816259
onset_distance,0,unseen/15,0.0,71,0.04225352112676056,0.5211267605633803,0.0,0.04225352112676056,81.29729729729729,74.66666666666667,0.125,0.008637319016802716,0.07730728159925167,0.008953082303078555,0.08495164122461692,0.4158075089444357,0.6439770022053818,0.4096485633826051,0.6522708987896781,0.0,0.0,0.0,0.0,0.008637319016802716,0.07730728159925167,0.008953082303078555,0.08495164122461692,69.8816654788312,97.60478547293079,69.4544850339322,99.62532563713562,64.62933493010712,88.13314324879154,64.55201799836378,86.55756110872869,0.04620036900504625,0.20599047836222578,0.04885349919903885,0.21640255009107465
onset_distance,1,unseen/15,0.0,142,0.02112676056338028,0.49295774647887325,0.028169014084507043,-0.007042253521126761,69.97333333333333,93.68115942028986,0.0684931506849315,0.0089449596391312,0.03327177949816058,0.008415097560643249,0.034896107504240485,0.47517266496107424,0.5106306144252573,0.4730194266761431,0.5115032181979915,0.016031758686081317,0.03815287115151798,0.013580205092795396,0.0383728220456368,-0.02461388546718962,0.012970527100164693,-0.026319482547587893,0.017245267507998558,67.04736427782828,72.62255599258596,66.99410740591938,72.75803039196504,83.4856267567078,101.87858150070154,84.60338059761274,100.90625923977048,0.03340043437363093,0.10574423528945158,0.03303909673364641,0.10632778481989465
onset_distance,2-4,unseen/15,0.0,426,0.018779342723004695,0.43427230046948356,0.023474178403755867,-0.004694835680751174,70.2439024390244,85.88744588744589,0.05181347150259067,0.006957352942013421,0.031024850072053252,0.006708722741433022,0.03385307786145535,0.4064911234711428,0.45646994133498925,0.4076021564036703,0.4539617536072756,0.012757418479281754,0.034192396690617084,0.013120318996087062,0.03222979915575916,-0.019693221901609603,0.0108234127866471,-0.019728195245995186,0.013981737999959797,66.23144853132753,74.468823425207,65.91530211076758,74.95348242800135,78.86794875478112,92.81118601020383,78.63810846347583,92.54903159562122,0.01993269719670642,0.08716193189409142,0.019375067246958273,0.09142587043725144
onset_distance,5-10,unseen/15,0.0,852,0.011737089201877934,0.2323943661971831,0.017605633802816902,-0.005868544600938967,71.31428571428572,78.24451410658307,0.09615384615384616,0.008248126291000647,0.015564906909776416,0.008662019907885812,0.01554885057818047,0.17411437915567868,0.28210199282581605,0.16307372099011877,0.28840239424533665,0.010115907930985648,0.024994959677419354,0.006005650475286479,0.028342504667829258,-0.013929164084713366,0.002505578172190053,-0.016506142334787366,0.007329214809680124,68.50971366992745,74.07591113217923,68.56770656666198,73.75285221088845,73.47972669161493,83.08544716415132,72.79738661686898,83.21675204950951,0.06978432758163558,0.1332358436904313,0.07325149272465317,0.13465047736378544
onset_distance,11-25,unseen/15,0.24226558781532603,2101,0.010471204188481676,0.13660161827701095,0.006187529747739172,0.004283674440742504,67.94062671797691,70.80244852531997,0.05501618122977346,0.006319155467775287,0.015269698028835947,0.00572162584371419,0.015630130733237563,0.0970359158844775,0.17091387781961015,0.09123157865857412,0.1764823832272529,0.003154250546070165,0.008783434967748648,0.003457201067963677,0.008227353793363446,-0.0005879417375749985,0.010161936223954993,-0.0005771813365880211,0.010285715436592886,66.54709504989644,69.3652100426683,66.09603513339897,69.51189051089305,68.30004242947716,73.31747560267218,67.56180971903878,73.3453802847368,0.03167153083607273,0.09002719000549075,0.02263261913290756,0.10028821136048681
onset_distance,26-50,unseen/15,2.3107380424453594,3157,0.011086474501108648,0.062401013620525816,0.0022172949002217295,0.008869179600886918,66.35119649477586,66.39782016348774,0.09913793103448276,0.007374807745074838,0.015308984992785437,0.007639839781166322,0.015085433242425839,0.03617382499751281,0.08689474586625612,0.03428942566430175,0.08920183307966893,0.0009883072852304765,0.003521832347640764,0.0009774901953906296,0.0037075100397153333,0.0050768175248585515,0.013016760593334729,0.005177665720170034,0.012670244644803683,65.43070261378328,67.36325984175247,65.5396737513065,67.25188570816036,65.38203738878812,67.47338470377014,65.51741686799335,67.1057294887197,0.07322180020202848,0.15435834368039109,0.07391040025344449,0.16098487892644386
onset_distance,>50,unseen/15,50.2063339731286,9378,0.0037321390488377054,0.031456600554489234,0.0036255065045851993,0.00010663254425250586,65.22995826927301,66.1055420622654,0.10303030303030303,0.002509907885466918,0.005094054435089628,0.0026399441113391943,0.005009133867603019,0.01927908361133665,0.04300120991085883,0.018500793048326292,0.04412234524703167,0.0019591739964412566,0.005780316385320662,0.0018410482031214171,0.005903504431111203,-0.002211516413738607,0.0021896899514188546,-0.0023821162853154563,0.0023978636630436955,64.91140154356117,65.55233127488515,64.88437257106915,65.5894927429206,65.58288559430275,66.76147874976736,65.55816579100575,66.80508282422232,0.07334762873559081,0.1631356253934343,0.07160211209306706,0.1627367411554563
onset_distance,0,unseen/20,0.0,37,0.05405405405405406,0.5675675675675675,0.0,0.05405405405405406,68.0,68.0,0.0,0.017509861025027943,0.0842297515501758,0.01517189132706374,0.09022656198017166,0.4716551574665561,0.6658438942901097,0.4693279694998364,0.6817874889086066,0.0,0.0,0.0,0.0,0.017509861025027943,0.0842297515501758,0.01517189132706374,0.09022656198017166,64.27308428134793,72.72285392535393,64.0,73.9500206640033,64.27308428134793,72.72285392535393,64.0,73.9500206640033,0.0,0.0,0.0,0.0
onset_distance,1,unseen/20,0.0,74,0.0,0.527027027027027,0.0,0.0,67.45945945945945,81.77777777777777,0.05128205128205128,0.0,0.0,0.0,0.0,0.508754930512514,0.5421148757750879,0.5075859456635319,0.5451132809900858,0.0,0.0,0.0,0.0,0.0,0.0,0.0,0.0,65.12063110560179,69.39070409921125,64.97100104493208,69.77449996673099,68.24826389553272,94.47835150230699,68.12903225806451,96.0021220159151,0.017208541746825703,0.07768625728757773,0.014945145197923428,0.08275946036721898
onset_distance,2-4,unseen/20,0.0,222,0.013513513513513514,0.3918918918918919,0.02252252252252252,-0.009009009009009009,74.82352941176471,77.3953488372093,0.044444444444444446,0.006377643463523791,0.0215587670328351,0.005223899352368655,0.022715270447284896,0.34879409799788974,0.43023782930614984,0.3513952131203382,0.4336645878754077,0.005964603721558143,0.03719163399332278,0.0048989717838354855,0.04051434006438395,-0.02478114123069835,0.008885373224575343,-0.0264087091039387,0.00916333464059947,69.89344966121459,79.82751294226976,69.73067362237386,80.82566951334418,70.11765962879106,84.98775199882517,69.46914427614402,87.10780243378666,0.019367160922258833,0.06698862495128781,0.01862928360813384,0.07173312476662747
onset_distance,5-10,unseen/20,0.0,444,0.006756756756756757,0.13513513513513514,0.0045045045045045045,0.0022522522522522522,69.9228791773779,69.87926509186352,0.09523809523809523,0.0014341106793857384,0.011770979928440766,0.0016833093272764204,0.011653344889573699,0.08725522442531322,0.19290933059321075,0.09022063977180114,0.1851726256666098,0.0011150633890078475,0.008354649406113046,0.0009295353084415584,0.009162936595542138,-0.002716847752551395,0.0062818489114572044,-0.002905515749681685,0.0060114319337620245,67.16077224046285,73.09101403062945,67.10767433825814,73.32904669784531,66.55673250821746,73.15876067820089,66.4330230584429,73.64423844734124,0.045167278979509895,0.1524191760587703,0.04680371140617501,0.15059164535379366
onset_distance,11-25,unseen/20,0.12228260869565218,1104,0.009057971014492754,0.09963768115942029,0.0009057971014492754,0.008152173913043478,66.63453815261045,66.78824721377913,0.058333333333333334,0.003912342753823175,0.015089468105951208,0.004546948246713076,0.012569962128046161,0.07613861540821007,0.12910956545391697,0.07452075681827429,0.12974404281832183,5.2580969687677975e-05,0.0019685613560408077,3.765748039344393e-05,0.002058483856296475,0.002551594730028226,0.014359371321215121,0.0032654792303076167,0.012101215954546612,65.89001298876441,67.4511772428767,65.96078591669526,67.32298221982448,65.80079365892472,67.81284134642027,65.72419107396274,67.82531526533398,0.03126544170170775,0.08370636487306034,0.03500877566148618,0.08114055785140026
onset_distance,26-50,unseen/20,0.833530106257379,1694,0.006493506493506494,0.03955135773317592,0.005312868949232586,0.0011806375442739079,65.96681007990166,67.51822112415071,0.08974358974358974,0.0031863781787491476,0.009148819996643277,0.002978744452068606,0.009921513393261592,0.029082789538526107,0.051790658774707315,0.02688998969294454,0.05521978216987082,0.0029412874171126408,0.007875252740898855,0.0030178778698964855,0.007612354886706068,-0.0022618380576905155,0.003754334856792364,-0.0019912496090439243,0.00415251044264143,65.24178024944494,66.78519624233948,65.22178666151007,66.97211142332911,66.29827309628148,68.82260218948396,66.48364337440933,68.77816958665746,0.04965714456136617,0.12683716588854677,0.05007965019539437,0.12847295833296826
onset_distance,>50,unseen/20,42.96947119752862,5503,0.005815009994548428,0.025985825913138288,0.0036343812465927674,0.0021806287479556605,65.19380712553628,65.66779152605925,0.07428571428571429,0.003082136986148638,0.008644964088020362,0.0029443305125412705,0.008694205925758595,0.01908279576071665,0.03432033923570011,0.018937819712288424,0.03276805073605676,0.0024764933499019596,0.004875453555061769,0.0023971598617133914,0.0050272839848284605,-0.001032767975710826,0.0053778794008371225,-0.0011858729585797903,0.005531130329086281,64.7845191703248,65.58264570387266,64.79212303074412,65.62561894812647,65.24087551448598,66.11914902875024,65.208849218405,66.15489907809838,0.04599141207030795,0.10006004831726878,0.03943192923067917,0.1017231943270047
offset_distance,0,all,0.0,1692,0.028368794326241134,0.5898345153664303,0.044326241134751775,-0.015957446808510637,100.28865979381443,117.01906412478336,0.04110898661567878,0.02348557218309335,0.033719547070536794,0.022982126883200987,0.034561349211199466,0.5518687038950979,0.6254543163098456,0.5404529885293462,0.6363472963845442,0.03650196648382701,0.05228985854912857,0.035989244211763714,0.052884002518692526,-0.02548870461857278,-0.006116602670363005,-0.02769031415275062,-0.004463347643760929,94.70624673358034,106.38677293740187,94.59925764955663,106.8135449373866,109.7556586861439,124.30067260733648,109.44497263822808,125.36898313589606,0.032642148020808004,0.05041885795745513,0.031108838341911114,0.052383474257280044
offset_distance,1,all,-0.0017761989342806395,3378,0.03256364712847839,0.40911782119597395,0.03108348134991119,0.0014801657785671995,79.13576642335767,95.02198391420912,0.0918230563002681,0.02886997673162742,0.03631911056326671,0.028034707955747272,0.037330221008309836,0.400394087323404,0.4177626170428659,0.39751138129931496,0.42056067194417773,0.027631368529841778,0.03469482627506605,0.027827412317465047,0.03432497459854204,-0.002386301652793789,0.005240709396994322,-0.002703089225922082,0.006102399098978402,77.45693232536163,80.71731161569762,77.44024746701187,80.845751536665,91.49693135311,98.17470475126773,91.51560170364716,98.37573089074517,0.08044311506414407,0.10269987415977726,0.07897391216508758,0.10508786534359522
offset_distance,2-4,all,-0.0008916187834357044,10094,0.03843867644145037,0.29958391123439665,0.02565880721220527,0.012779869229245096,79.0152829409335,88.1222733343226,0.1271981242672919,0.03544145848000714,0.041246951545599306,0.034658936019183725,0.042336518293807156,0.2875337271732014,0.3107776111999559,0.28511678246756733,0.31384435124903387,0.022984515641813617,0.028514989077528505,0.023152113432402394,0.028147560979738057,0.008669787372455221,0.016593726409967424,0.008591649772556964,0.017090601894565,78.07138934854581,79.94483545224512,78.1233599365962,79.89702770531116,86.43278029868868,89.82358889675382,86.29644571565838,90.0080874618326,0.11782733203034672,0.13675132407499416,0.11544840685980938,0.1402441194354184
offset_distance,5-10,all,0.008921411387329591,19952,0.027165196471531677,0.1765737770649559,0.018494386527666398,0.008670809943865277,72.02733976857125,78.62321639977569,0.12669126691266913,0.024052663085647102,0.030092372556373283,0.023804935904271577,0.030277682392448803,0.16174343110133135,0.19071221949179193,0.15792034785781306,0.19695392731206088,0.016147884114720346,0.021044562506190443,0.01575814454548985,0.020935371382838415,0.00457511371190498,0.012530806805367035,0.004730092056179474,0.012528771795059495,71.36986535744106,72.70652764612186,71.4312052697322,72.61387424398006,77.09379593374649,80.19829720053811,77.20759244779161,79.9757407850605,0.11529411647919216,0.1377524874691582,0.11298668472966511,0.1404863803293193
offset_distance,11-25,all,-0.526448520216757,47980,0.017236348478532722,0.1027511463109629,0.010566902876198415,0.006669445602334306,67.87583373721988,70.96057954652366,0.12193850964043773,0.014353342335528504,0.0198648188366341,0.014113519841957458,0.020318214018144945,0.09188505993589342,0.11374844849886893,0.08909152669418252,0.11579838488679181,0.008639501860348113,0.012484506332222247,0.007882371948976822,0.013128069995171545,0.003593174845991696,0.009473408862663407,0.003918614139955493,0.009580795863067796,67.257905254383,68.48035799803928,67.1426244682849,68.58554924262192,69.96524060432613,71.95591608429207,69.56907997524948,72.28490856714829,0.10301472826519129,0.1405459304806542,0.09889573348378684,0.14437642363250597
offset_distance,26-50,all,-2.5336079791847355,69180,0.012257877999421797,0.08155536282162475,0.008441746169413126,0.003816131830008673,66.80403079426677,69.20814407775624,0.1266563944530046,0.010327707961753882,0.014130332658302554,0.01030336795889517,0.014057998382441489,0.0733156015496279,0.0890037753104941,0.07259321556966707,0.08909526759739357,0.007426336578221912,0.009538264218508478,0.00745357380308203,0.009447807521908314,0.001559210057161181,0.00591691851445075,0.001783729457352771,0.005785488805522138,66.40443983625991,67.18322050833001,66.3886413027912,67.20390839747581,68.78064121996276,69.66280893606806,68.69351528644926,69.67591937858732,0.111220987184399,0.14266533435957432,0.11112346848924637,0.1419920864943075
offset_distance,>50,all,-28.082774064537336,146024,0.008341094614583903,0.03141949268613379,0.0033967019120144633,0.004944392702569441,65.42573140641522,66.19272435373763,0.16224595246296933,0.0062034386489885065,0.010377732045674503,0.006013020872841347,0.010550321906065668,0.025571549798072097,0.037354065312474725,0.024465830069386643,0.0382241081663048,0.0029663407743449124,0.003848659384529773,0.0029225202735180603,0.003887826297839588,0.002680972227016846,0.007055774706926627,0.0025002431995087486,0.007258240404954349,65.07069952016533,65.77774306981145,64.99181949140201,65.8480827747112,65.92867976168942,66.47037769519119,65.88479554660313,66.5086152658351,0.1436840789299404,0.18141562496633493,0.14179412621745985,0.18325747430103956
offset_distance,0,clean,0.0,331,0.012084592145015106,0.45317220543806647,0.0634441087613293,-0.0513595166163142,92.7810650887574,95.77931034482759,0.025974025974025976,0.005525451045912213,0.01901393031274597,0.005802361257570445,0.018600828279404184,0.4070945668116564,0.4994493608648834,0.3890498000434184,0.5131672581867177,0.04622208266232598,0.07981291270976365,0.04439154953800201,0.08318446700465561,-0.06859186845818159,-0.03405939980163383,-0.07320968147793441,-0.030315528312498032,84.69848823837526,101.42949449592088,85.53219821960198,101.02307039244387,86.73167547585255,105.21136163140525,88.36737567288651,104.56621392087526,0.011549490842928146,0.04070477724592184,0.011789235125462016,0.04069592663680953
offset_distance,1,clean,-0.0015128593040847202,661,0.025718608169440244,0.3842662632375189,0.04387291981845688,-0.018154311649016642,77.07692307692308,98.7379679144385,0.12546125461254612,0.018644594765254076,0.033133039674151724,0.01800875742646788,0.03384307639137238,0.3689238952948524,0.39882718471365614,0.3689887716396163,0.39946048419007596,0.03432745890728254,0.05288294543646506,0.03350567008565873,0.05416605834103851,-0.029638150829804092,-0.005938041804516519,-0.02972240327700583,-0.0056993748038856465,74.31791623008165,79.76278876925913,74.55743063009301,79.55813953993126,92.38187687659924,104.70806251140417,93.35816934105334,104.22521341387247,0.09906505541367408,0.15330165188262504,0.10047999200173113,0.1531152917640179
offset_distance,2-4,clean,-0.0025329280648429585,1974,0.03343465045592705,0.24873353596757852,0.030395136778115502,0.00303951367781155,77.15532055518837,86.36144578313252,0.13824057450628366,0.0269517313695641,0.04009385706499128,0.025001405100275455,0.04148870474518657,0.23352995827496031,0.2641526144642013,0.23271827875366854,0.26351373255654154,0.02476016117244505,0.036042575832416886,0.025056008390605202,0.03538685109496085,-0.005028795396563979,0.011003535369038314,-0.007873158467937286,0.012970496493387577,75.39940688235934,78.77260498586914,75.15781907433225,78.85469240163727,83.66633890849039,88.94808635991919,83.38903235491007,89.01837433738164,0.12466102765374448,0.15247872511462318,0.12791249240847863,0.14901857403637425
offset_distance,5-10,clean,-0.003849114703618168,3897,0.019758788811906593,0.12548113933795227,0.012317167051578136,0.007441621760328458,69.29198966408269,76.95125553914328,0.17667844522968199,0.01572808672023978,0.023950255136733725,0.015573608446242207,0.023854360700487885,0.11130500955400147,0.14065379261728933,0.10494986158892293,0.14575254553344896,0.009211945225930135,0.015506397431389315,0.00928037330577199,0.015186983635130324,0.001953177502100748,0.013022320272428648,0.0020079939088143064,0.012849999478495069,68.21832057857792,70.31090690601772,68.35664376715508,70.23249784610876,74.96779722868915,78.94174470057379,75.40884436894119,78.6203234735224,0.15379665697576952,0.20024547783583824,0.1530302698789693,0.20365135521281996
offset_distance,11-25,clean,-0.5253696415274971,9401,0.010424422933730455,0.05212211466865227,0.0051058398042761405,0.005318583129454314,65.74597495527728,67.7053390403244,0.1326530612244898,0.008294566389601955,0.0126347980079998,0.007310342731459194,0.013476146364709313,0.043425388624368635,0.06110850394107617,0.03965326379479396,0.06438926409480299,0.0036686081797481546,0.006586331710989379,0.0037696242692380204,0.006427852722469384,0.0027097461939120204,0.00785630473100173,0.002013710527255103,0.008476036466778802,65.20940112716706,66.26586240273888,65.20057739153062,66.27010046586194,66.88414402372858,68.5217138994892,67.020943684716,68.36770100747825,0.11258009413564647,0.1532968992885497,0.11834501174729237,0.15079609443824799
offset_distance,26-50,clean,-2.5910270671116056,13485,0.011420096403411198,0.05176121616611049,0.012829069336299593,-0.0014089729328883944,65.9368290026451,71.01142002047727,0.18779342723004694,0.009104466347792543,0.013744551883794328,0.008902581548281573,0.013929710722994046,0.04357080056599402,0.05961777936630097,0.04195167476080356,0.0613947727766591,0.009552917397512337,0.0161876309028769,0.009268041542511186,0.01658849383339769,-0.005662928793811801,0.0027123164252260364,-0.005853323029556594,0.002735515873212632,65.63398428220925,66.2403473041569,65.63774580217559,66.24800200700368,69.76432890271977,72.3296658671645,69.42201977871801,72.56190615597569,0.16343520567320519,0.21479453766300144,0.16092458774068388,0.21517141611215226
offset_distance,>50,clean,-28.807153576788394,27986,0.004395054670192239,0.023761880940470236,0.004716644036303866,-0.00032158936611162723,64.70188734241783,66.76915185931489,0.1865482233502538,0.003302081743049537,0.0054889837663046085,0.0031099774181841734,0.005623028823165802,0.01805923570608683,0.02888528952629716,0.017728836590250346,0.029372376100769274,0.002934468240166651,0.006393583086754931,0.0028111052516825116,0.0067816051678987015,-0.002519166630492885,0.001968083230503893,-0.002924121864821985,0.0021423035082871133,64.54402896886836,64.86168111163944,64.52425210241803,64.87366174334947,66.1281480727197,67.38392644265772,66.05898666457186,67.52777595572282,0.1596834361441066,0.21730634997330037,0.15751254870477,0.21573020458441783
offset_distance,0,seen/-5,0.0,163,0.049079754601226995,0.6993865030674846,0.049079754601226995,0.0,86.75555555555556,155.2,0.04918032786885246,0.028260821523633326,0.07073890450818979,0.02982379401414353,0.0729211150752341,0.6436849813688754,0.7562748516666533,0.6370045045878788,0.7495537377579734,0.02069225482297441,0.0747172232641653,0.02398071621247855,0.06702637966926649,-0.03244589162272228,0.03596441807149548,-0.030646394389876756,0.04358573247653616,76.21925703546577,96.24648348417881,76.14121009604271,97.27521287105424,127.80611801764539,178.68452972994288,133.51029126213592,178.29384790953418,0.026669548148344418,0.07039248015245234,0.031526932305201,0.06713398132760927
offset_distance,1,seen/-5,0.0,326,0.046012269938650305,0.4294478527607362,0.02147239263803681,0.024539877300613498,76.93264248704664,96.89385474860335,0.06451612903225806,0.03246756422559023,0.0604525292854911,0.033602568640431416,0.058923753960054503,0.41179455604434756,0.44780926918699065,0.4167153587808213,0.442754365476574,0.009926488339447558,0.03197410175139259,0.011042780882331554,0.030238529628629128,0.01427522675195265,0.03538066626432251,0.01200884644240948,0.03998609930968642,73.42981308392696,80.43790425510952,72.74424182977396,81.94558077017417,87.86273576559952,104.57954755264595,88.80347402117951,107.4308352971539,0.04958027596778085,0.0778868611138058,0.05279724105823432,0.08027532942664553
offset_distance,2-4,seen/-5,0.0,974,0.027720739219712527,0.34291581108829566,0.026694045174537988,0.001026694045174538,72.28351309707242,82.97068403908794,0.06925207756232687,0.019661785063517744,0.03552106622455937,0.01758218587024304,0.038699240904640934,0.32036897723270147,0.3670521112300154,0.3210590618485624,0.3678519551873704,0.015152985023041184,0.03736287426328648,0.017816482692888963,0.03404360877596915,-0.011782982386197235,0.01432471603127209,-0.01314853422027696,0.01696329487905103,69.76579123812947,74.85501092106323,69.23667616100913,75.68005668504551,78.49309127227588,87.2694864693762,78.47113016635784,88.03140581509244,0.048380130267632104,0.09002825607896947,0.04557075924012516,0.09337698650606892
offset_distance,5-10,seen/-5,0.0,1944,0.026234567901234566,0.24331275720164608,0.02263374485596708,0.00360082304526749,74.65956029313791,80.22408963585434,0.09923664122137404,0.017940558808924506,0.0338557802105572,0.016200906625829847,0.033409010928275695,0.22196843386110565,0.26930218612739865,0.22411220204749022,0.27266899960493807,0.014896512109322054,0.030809958535043595,0.014552821832782207,0.029080992201676394,-0.004463475372075957,0.010750764064820832,-0.003118972344204406,0.008950702922678503,71.81059783289156,77.66916017421359,72.55834280211218,76.59130024570707,75.8189999150206,84.98409765955122,76.18841630372133,83.47771177454976,0.07406493067666522,0.12242250874828296,0.06370311057446675,0.12979074034511384
offset_distance,11-25,seen/-5,-0.4154959557258408,4698,0.017454235845040442,0.16624095359727545,0.012984248616432525,0.004469987228607918,68.77611940298507,73.17349832431039,0.08458864426419467,0.011929335443028346,0.023646647948477983,0.013207162201125886,0.02173405613485023,0.14366675405780957,0.19273509144943154,0.14901704103501853,0.19158511834945885,0.007799077209762475,0.018346258429180463,0.008851718352524832,0.016870618548683287,-0.0021415482886671428,0.011911630426818462,-0.0006321182574852801,0.010490596336429589,67.4779356626693,70.36345337349162,67.85538105631632,69.89175008302927,70.31091692558103,76.45660835718631,70.42574092420243,75.68682812143402,0.06659213834712353,0.10315918797386092,0.06112164584720065,0.10821633007037501
offset_distance,26-50,seen/-5,-1.581545694975022,6806,0.007934175727299441,0.10975609756097561,0.01395827211284161,-0.006024096385542169,66.37894736842105,70.19457841343755,0.09113607990012484,0.004741667015089851,0.011305832871704998,0.004381176496268479,0.011040026345261945,0.09230308516623827,0.12826966342782053,0.08885124793202138,0.13252866553674578,0.00881826088885315,0.019911756076442744,0.009758958151752477,0.01850595263181399,-0.012423202233637576,-0.00040334996575102587,-0.012697365969329057,-0.00028601297437967827,65.56113575539213,67.25618970506653,65.61740999050365,66.89983667696566,68.24139434579891,72.3300102337571,68.6438798609798,71.28848751154804,0.059560161264685114,0.1314050191299209,0.051312130977262976,0.12414582173847974
offset_distance,>50,seen/-5,-23.118464961067854,14384,0.004032258064516129,0.02224694104560623,0.005839822024471635,-0.001807563959955506,64.68704677946822,66.26710469932867,0.1111111111111111,0.002657874976220275,0.005263695375524703,0.0028600108983229157,0.004968989348386243,0.016400518013478006,0.028870853060655597,0.016249816022976937,0.030203877294813605,0.0035844913814540116,0.008491449600060944,0.0034961883317073117,0.008288047153930733,-0.005038294849229607,0.0008435167614575059,-0.004743473915146265,0.0006815022462131872,64.51501865927432,64.88783769673648,64.53436724170618,64.85382542064454,65.78326574791943,66.8487357592777,65.75197338143214,66.79632794302752,0.07811614719971748,0.149195347525144,0.07895113676357074,0.14896187485519566
offset_distance,0,seen/0,0.0,133,0.06766917293233082,0.6766917293233082,0.015037593984962405,0.05263157894736842,100.36363636363636,121.08108108108108,0.04040404040404041,0.04562554423401986,0.09354436596256707,0.043088336002224364,0.09359181619041801,0.6167570430505824,0.7333120653010194,0.6204900256576031,0.7358622761633807,0.003469956556430442,0.027622733189944147,0.0038465756648488774,0.027536953192622674,0.029178154520794114,0.07850283715798782,0.026988078457127297,0.07872089410448026,88.24524649479874,114.22999780982278,87.82259398196184,115.76619799139168,105.08115391142033,137.9031804815926,104.85234516052148,141.7917047028991,0.014947713437186571,0.06705977756032262,0.01552268160674205,0.06626641438412166
offset_distance,1,seen/0,0.0,266,0.041353383458646614,0.43609022556390975,0.022556390977443608,0.018796992481203006,77.94871794871794,89.15862068965517,0.07086614173228346,0.02947170958731595,0.054883924656871884,0.031127361578967925,0.053375946454871634,0.4162133042423674,0.45229632327410957,0.42102459431478023,0.44881239318561744,0.012709251780441203,0.033475608354117094,0.01367440439154441,0.03318367816394131,0.0036963094597389275,0.03456805598578836,0.004441689782929705,0.03283489209548146,73.27605626905668,83.55431154132542,73.22665371200871,82.98632714327252,79.69446554436173,101.02288185209173,79.42132196241221,100.57028526951729,0.04820323856816217,0.09372922273398904,0.04776312939469664,0.0921795448256779
offset_distance,2-4,seen/0,0.0,798,0.05388471177944862,0.32957393483709274,0.02506265664160401,0.02882205513784461,82.2690909090909,93.83266932270917,0.1437908496732026,0.044883125508132005,0.0660379147076368,0.041619171750018544,0.06800031967997343,0.3022978918854107,0.3518574683733905,0.30636242081560405,0.3525965621210488,0.01728130623427349,0.033440512000020774,0.015407283501978683,0.03581511716464966,0.019053879961978472,0.03980383337923668,0.02015451995920746,0.0387272982263014,79.07819460576249,85.93054681685169,78.69725860538479,86.29376809379048,87.50405483388982,100.05847430232785,87.67020374874556,100.3402167600736,0.11922233706115971,0.17410646336960925,0.119889613587042,0.16746594734857262
offset_distance,5-10,seen/0,-0.04030226700251889,1588,0.04030226700251889,0.2172544080604534,0.015113350125944584,0.02518891687657431,75.91408114558473,77.56928213689483,0.10513447432762836,0.03227497487963166,0.048814064042101264,0.03236995596048151,0.05018535711026307,0.18291140960159358,0.2475269816326804,0.18827696365523622,0.24515521813839602,0.011712091393879622,0.018324022082845122,0.011798936303642015,0.01824234742116624,0.01573278990282287,0.03527998949077996,0.016522258660916982,0.035980045268503215,73.32894862227113,78.60926526555842,73.27716293793254,78.98455332142228,74.89293943689484,80.37099900837416,75.06160827882611,80.25779406109821,0.08232096003576947,0.12567023316006956,0.0847053448232918,0.12481580691538782
offset_distance,11-25,seen/0,-0.6295141595219538,3849,0.027799428422967003,0.15120810600155885,0.01532865679397246,0.012470771628994544,72.7809005741916,76.47710993459981,0.11611030478955008,0.020425996041866245,0.035413761367162205,0.019076998705759258,0.03700917216466386,0.12128215208318023,0.17669508362652295,0.12734739025387426,0.1733508005960902,0.010832363187931295,0.020630100340477017,0.009312029635533247,0.022213212183282764,0.0035464426437298874,0.021643708043326257,0.002925694183441209,0.0221375864624095,70.44489183035738,75.2018046218841,70.10279074392352,75.70982171556979,73.42965366689495,79.62096539540067,72.5734580394338,80.23689735265081,0.07762770138867515,0.15075776196262802,0.07736881136616693,0.15342375614004677
offset_distance,26-50,seen/0,-2.874011502516175,5564,0.011143062544931704,0.10442127965492451,0.014018691588785047,-0.002875629043853343,67.3160621761658,72.15533980582525,0.07776049766718507,0.007805343492498672,0.014631232814691461,0.006907737912457026,0.015566504657442224,0.07859928789984938,0.12691152124864732,0.08369719415250632,0.12108496102194663,0.009309220276742495,0.018606710448613697,0.00910607641202694,0.01976030429386272,-0.00792253213075466,0.0024542327114388494,-0.009406815497821694,0.0030523399613504353,66.18429507096904,68.60355680345874,66.00343183494415,68.7245446210222,70.03035721660002,74.19710487230662,69.97872473192137,74.2841411616795,0.05661933957955852,0.10698845827856791,0.056604411438705385,0.10998508734656325
offset_distance,>50,seen/0,-26.214339370670228,11981,0.0020031716885068026,0.01552458058592772,0.004924463734245889,-0.002921292045739087,64.70526405018225,65.76141785957736,0.12857142857142856,0.0009946676107960878,0.0031477115954956854,0.001023613151298059,0.0031788862439881983,0.011085056874762685,0.019984595122328187,0.010581268645596576,0.020677704671179676,0.0036346246187435103,0.006008471548450233,0.003550471613926227,0.006245203423225421,-0.004324575454186559,-0.0010841077843225847,-0.004564958064677377,-0.0009160592330925521,64.4166318647251,65.02814566535137,64.40763960996281,65.09520566959381,65.28001144991437,66.23267800028995,65.26008267471937,66.37826563097084,0.0774249372134782,0.18946255751428154,0.0733211588270836,0.2066843274676617
offset_distance,0,seen/5,0.0,128,0.0546875,0.703125,0.0234375,0.03125,139.78947368421052,108.13793103448276,0.07216494845360824,0.029730810183584352,0.08327584194175218,0.031923046818091765,0.0830059312641894,0.6169649342749245,0.7748658360810681,0.5989395357856112,0.7923043820317768,0.009985037503314972,0.037402849902552174,0.00923785210124563,0.03682396676342739,0.00015786390785281363,0.06707979858417971,0.0028337325238498847,0.06528165251628938,111.52119465638658,174.4039165189531,117.54852235862859,170.9255980861244,81.23415360262273,141.12137906773194,81.61799558931635,137.3667267267267,0.042170368974340594,0.10424522221777813,0.03878878250405483,0.11094483964675082
offset_distance,1,seen/5,0.0,256,0.01953125,0.4296875,0.02734375,-0.0078125,73.20547945205479,80.35036496350365,0.05217391304347826,0.009741159455241854,0.030578862213301916,0.01043644082237767,0.03141924467657691,0.4027776134633551,0.4514298916951834,0.40098769143475865,0.45435907212253573,0.017224997670715583,0.038723374931102277,0.01639951401592845,0.03949255952380952,-0.02025147940760531,0.005559169471717879,-0.020952780349654157,0.007286613666723778,69.58264364552217,76.57125329707438,69.99062860069134,76.93075357500076,73.2248391459262,87.33456663293889,73.49458121854524,88.21229171900895,0.028049784535328075,0.07886619736275827,0.030560750734739222,0.0758932254832626
offset_distance,2-4,seen/5,0.0,768,0.037760416666666664,0.3203125,0.026041666666666668,0.01171875,83.6923076923077,98.1003861003861,0.12727272727272726,0.026808421116571227,0.0484552291220064,0.028313284583675113,0.04706349114915836,0.29831452268664554,0.3426383728057921,0.30082108269299085,0.34293868433165003,0.018338560136778773,0.03491200722639852,0.016189032691960696,0.03878229510367017,-0.0036824663890104984,0.024819738257430994,-0.005458356104099041,0.025479669255013253,78.65704861166925,89.00037576818852,79.36924769798227,88.7833756917401,90.49156191374779,106.57893639077751,90.18918908230908,108.22840575327758,0.0928737608274289,0.16235417412591585,0.0973542393211383,0.16226744400870377
offset_distance,5-10,seen/5,-0.03647214854111406,1508,0.03978779840848806,0.16445623342175067,0.01790450928381963,0.021883289124668436,75.91862284820031,81.95121951219512,0.11363636363636363,0.029330881965730485,0.049765801048597624,0.02859811757840909,0.04886198995673811,0.13511023169094505,0.19753068706989643,0.13406163740713534,0.2016894633092393,0.01141089790031492,0.025594136184296817,0.011055529598268986,0.02599900600649128,0.006907916021992056,0.03608837820382708,0.0058025928428903405,0.03424317255808648,73.10746030007945,79.30352489839957,73.33433160648308,79.06671207445932,77.82193318733594,86.52858207708084,78.59918385542723,85.60239867632319,0.07945420324045957,0.14964883742631965,0.07378304372064473,0.1545082510501592
offset_distance,11-25,seen/5,-0.8840458228555462,3579,0.017882089969265158,0.10924839340597932,0.012573344509639563,0.005308745459625594,67.54,71.17890054019702,0.11208791208791209,0.011221510705585615,0.025302708354756433,0.009622165359106125,0.02775663790694461,0.09026916988635365,0.12610666543531537,0.09183728087011629,0.12743099010503864,0.00882766951784931,0.015931954957472117,0.008074113262526997,0.016498107800539747,-0.0027833031329628907,0.014775322421246299,-0.005480086159517189,0.018630510202635356,66.37338196617969,68.83857021299676,66.2124111970425,69.12802664911678,69.13121599226385,73.40758084026503,69.2564262015284,73.43837305622498,0.07961381422697857,0.15400471432987167,0.08135349200134877,0.15574365680305818
offset_distance,26-50,seen/5,-3.989515331355094,5055,0.013056379821958458,0.0698318496538081,0.006330365974282888,0.006726013847675569,67.32626219770896,67.63432996343299,0.14558472553699284,0.0067331146970141895,0.019362479154530474,0.006162842758348474,0.02011877142528006,0.055077522922103016,0.08260951581062363,0.0542732553695697,0.0830239758549937,0.004431321632423587,0.008360289166823137,0.00453108563630524,0.008497376410718098,-0.00030306857158311404,0.0135975240985296,-0.0009594499404734243,0.014496301466804971,65.65712462473135,68.98128859506562,65.60699223746597,69.0305394536073,66.44508076214188,68.8291974464132,66.44128790308136,68.83700493304168,0.10396819207009649,0.18620315224765052,0.09778750266538828,0.19124244747408298
offset_distance,>50,seen/5,-33.18989231261329,9379,0.0011728329246188294,0.011515086896257597,0.004371468173579273,-0.0031986352489604434,64.32420780340591,65.53716325868224,0.1092436974789916,0.0007053732006609388,0.0016895042973643375,0.0006995228491208841,0.0018016639445048493,0.007872517039778527,0.014979875950576526,0.00812428255102274,0.014437667836328636,0.0029740710425975154,0.005766114366637068,0.0028649322096999394,0.005739297408587482,-0.004607991330466202,-0.001846145850202617,-0.0045145523502367986,-0.0016575954387757885,64.16409368176664,64.48504961440058,64.16344413204811,64.48844316495803,64.98218657426679,66.1476243516872,65.06193742074873,66.04817817232703,0.07429352015464345,0.15653282158248616,0.07594289323228294,0.15724698045275765
offset_distance,0,seen/10,0.0,188,0.02127659574468085,0.6648936170212766,0.015957446808510637,0.005319148936170213,96.5079365079365,110.03508771929825,0.023255813953488372,0.009732531017645372,0.03375599525941484,0.009722961490134277,0.03439371766628256,0.601729509761175,0.7292717922717686,0.5955820749924884,0.7324086558017124,0.006149030785978694,0.02630084659686029,0.0065340903552092095,0.02379542583429834,-0.010368325048703402,0.020861612675623056,-0.008088257879191464,0.021647031453790166,84.75315812126269,109.37058257089092,84.33210585666046,112.87172044670888,92.27145717787782,130.8033809926483,90.1465544384039,133.10141667862433,0.008821639816317704,0.038730810447795055,0.00497450864489434,0.04334612064842403
offset_distance,1,seen/10,-0.0053475935828877,374,0.026737967914438502,0.4197860962566845,0.03208556149732621,-0.0053475935828877,79.00884955752213,102.02898550724638,0.10778443113772455,0.017694106524890587,0.0374583413382999,0.016784866316600068,0.03682878456766094,0.3969741805295675,0.43965428214915253,0.3967968160883001,0.4414122173233827,0.02209148236477315,0.04310604940414852,0.019730515022079738,0.04446091069670504,-0.015661722386266952,0.0053939562179821125,-0.014857913578167115,0.003475897292614327,75.15399529952157,82.85458962962963,75.66651956980795,82.36785067431575,93.8752966131109,110.90835618896759,92.8230816626558,112.31281826278389,0.07984419085732589,0.13805821737692608,0.08033506942272595,0.13768871765940222
offset_distance,2-4,seen/10,-0.012533572068039392,1117,0.049239033124440466,0.3097582811101164,0.020590868397493287,0.02864816472694718,85.22693266832918,90.93369418132612,0.14962593516209477,0.04041999229888556,0.058480806704672365,0.03950535380502663,0.06176172167962494,0.28612085963511114,0.3310657513256173,0.28371805301534747,0.33456193352631425,0.013148335222995987,0.028847305666182783,0.013987428842668096,0.027630408280936963,0.0173840584535957,0.03874461115858828,0.018638909348999335,0.04165474081263508,81.85448794079805,88.89885263296306,81.17638735116991,90.50005272475336,85.29921096504513,96.43092514646442,85.98263313138644,97.36133221176898,0.1258210528799227,0.17882047418137573,0.12416394306567917,0.18365471566287267
offset_distance,5-10,seen/10,-0.011343012704174229,2204,0.029491833030852996,0.16742286751361163,0.018148820326678767,0.011343012704174229,72.71953166577967,79.03786191536749,0.1728110599078341,0.023627958238931043,0.0355231316630241,0.02280705425389611,0.03684550492025279,0.1422339167441938,0.189123935185612,0.1382737600881997,0.19418905008778248,0.013677495006852294,0.02272966993458995,0.013911540600249891,0.022634243900302886,0.0039443946645114775,0.01889650978895158,0.003344131853829191,0.019376170212324167,70.83052207940742,74.60420382464963,71.0247886889334,74.4766811653991,76.15901689857554,81.95496205343976,76.27819367508151,82.09948513568145,0.1333071966857454,0.21787227840842383,0.13301214434528613,0.21743034875138267
offset_distance,11-25,seen/10,-0.4385506163615988,5354,0.015315651849084797,0.07527082555098992,0.007471049682480389,0.007844602166604408,67.13700281237445,69.02651978784169,0.11752577319587629,0.010821600630390208,0.019787215551378492,0.010816417821128955,0.020889115777164964,0.05428957368268323,0.0959316099366088,0.05219983126272863,0.09698477455779184,0.004084044200694406,0.01092275081112647,0.0035702543939851385,0.011822707290834043,0.002919670618924503,0.012651311430377378,0.00367756704202582,0.01265679927363085,66.04473233464499,68.29782464683588,65.84098389611913,68.55448742350534,67.31163677376047,70.90327633325923,67.10086667834243,71.16444108689363,0.08216631544573276,0.15747351983329844,0.08513350598323181,0.16580662787767425
offset_distance,26-50,seen/10,-1.72961208552042,7811,0.00755345026245039,0.06055562668032262,0.008193573166047881,-0.0006401229035974907,66.20779573543393,68.02260509993108,0.10714285714285714,0.005418215858225348,0.00962038437012396,0.005437485094732117,0.010060770993140877,0.05070627939944588,0.07009053724241174,0.04922293478604606,0.0712596780786585,0.0065883008083588305,0.009818117818531055,0.006120676788152886,0.010365515405476828,-0.003102266146200438,0.0019638611946336286,-0.003612558817294164,0.0023146899254597865,65.47411239848155,66.95982870587237,65.44528543855427,66.94102633134126,67.21616594356675,68.85141370712097,67.04040166144833,69.04478520963924,0.08687686104132827,0.12427625986883858,0.0755653930635175,0.1266722283359962
offset_distance,>50,seen/10,-20.215720633331248,15979,0.003191689091933162,0.01383065273171037,0.0021903748670129546,0.0010013142249202078,64.36114633527771,65.16748236191445,0.14338235294117646,0.0021396082316911167,0.0041656875184420085,0.0020621407320445756,0.00424307520978111,0.009093520980448237,0.018650783504815922,0.008471216891943918,0.018523087319405936,0.001568709207550903,0.0027887150422746896,0.0015660957456121929,0.0029474613037259235,-0.00020061113860013978,0.002098727048876625,-0.00040961964243647664,0.002204340474934594,64.2293816298435,64.48964851411664,64.22937032356583,64.48758977763605,64.91980121234178,65.41950935775802,64.90234859273839,65.46155299134153,0.11774536396605814,0.1773826600227605,0.12123995963880262,0.17688211400890042
offset_distance,0,seen/15,0.0,161,0.018633540372670808,0.5590062111801242,0.037267080745341616,-0.018633540372670808,103.11111111111111,133.0793650793651,0.043010752688172046,0.006737175779319795,0.030523894210219022,0.006649327948521553,0.033515086655439334,0.48296341343709054,0.6322498152482684,0.44952708334522706,0.6500243388549839,0.01896720726116704,0.053347811373513056,0.019144715459504327,0.0571687523871026,-0.037568156104235,0.0019909408247798686,-0.040540661759714505,0.0026553404950073324,89.58113359508708,117.30606750302012,90.44874892049053,118.29777313123655,115.1864450706621,150.98175920180597,113.51002908042742,154.52816062798706,0.019255902303521782,0.06994889933169345,0.018435611768108,0.07989598664100529
offset_distance,1,seen/15,-0.003115264797507788,321,0.056074766355140186,0.3925233644859813,0.028037383177570093,0.028037383177570093,84.91089108910892,95.07514450867052,0.1597222222222222,0.041605474963843814,0.07143565810487729,0.04102319236016371,0.07368979163847919,0.37045131884006316,0.41440613629440065,0.3656585628817593,0.4145557952714565,0.017838076060795863,0.03737276328398135,0.018723274691673474,0.037860800296630956,0.014391781044184968,0.0424857499572191,0.012657935014329333,0.045264841737165884,78.9231632883836,90.63153594349934,78.33473474437379,91.89358430877691,85.36088614039319,104.28070525809423,85.20415199482946,106.3951770906554,0.1232676109497635,0.19771909491015038,0.1127449132376616,0.21713937000349787
offset_distance,2-4,seen/15,-0.005219206680584551,958,0.029227557411273485,0.2776617954070981,0.017745302713987474,0.011482254697286013,75.9048951048951,85.33333333333333,0.1360544217687075,0.0216262145426212,0.03612563308688109,0.021432526464583466,0.03736235475031719,0.2536322485815993,0.3019242128049155,0.2440311089435115,0.3096002635749439,0.011147761053876862,0.024227768090296187,0.011550446898399742,0.02410280289037513,0.0018855568121723524,0.02097677591075609,0.0029623071246717976,0.020422461209252413,73.47006227415244,78.50893097875037,73.4708667349962,78.09346229096433,80.6118422937449,89.8297827070454,79.71193529558795,91.90416363415818,0.09882178133717501,0.1751712373502022,0.09761887888227656,0.18741531881484824
offset_distance,5-10,seen/15,0.013713080168776372,1896,0.0189873417721519,0.12974683544303797,0.013185654008438819,0.0058016877637130804,70.4883023395321,75.54292773316863,0.1347517730496454,0.015098437872292172,0.022619075864696865,0.015167937848334666,0.022342073441411772,0.10520241228671222,0.15392608985368328,0.10464489086398063,0.1552574013728413,0.009157812111558585,0.01726307836748553,0.00898995277159732,0.017754319436757007,-6.9739418252646875e-06,0.011517240155925354,-0.0011804222209242246,0.012110583135429105,69.23911652763758,71.72028849180214,69.25311568123185,71.78868059790994,72.77413339555069,78.24310596837884,72.60985741542184,78.9563276954402,0.11033960177094052,0.1606071560714855,0.10690052936448546,0.1588757211018558
offset_distance,11-25,seen/15,-0.6688095765905564,4511,0.003768565728219907,0.06029705165151851,0.005763688760806916,-0.0019951230325870096,66.77413308341143,69.18181818181819,0.11072664359861592,0.002302860506731208,0.005334533819663944,0.00230260144081116,0.005618587206629714,0.045504013259580096,0.07579441129823351,0.04755880826549866,0.07480061414450785,0.003913682993613803,0.007746436381008042,0.003952300850675472,0.00754498014955444,-0.004409406239084087,0.00046570604258580807,-0.004272432938383874,0.0006603479530462961,65.6303314232354,67.95569383387253,65.67569531978025,68.2361426788627,67.63191686597307,70.93909022137827,67.68766453026868,70.82917764401616,0.08082048475346269,0.1447264131268017,0.08608388934601256,0.13578883500803618
offset_distance,26-50,seen/15,-2.734709838886282,6393,0.00328484279680901,0.04379790395745346,0.003754106053496011,-0.0004692632566870014,65.15945813611881,66.24671916010499,0.059800664451827246,0.0014872433535808157,0.005242095938345645,0.00143795918087251,0.005191151265567908,0.03483637912627398,0.051860783009321336,0.03557968883665711,0.05180361464350241,0.00228245646433772,0.005241255733068272,0.002433003592429923,0.005094309693030573,-0.002790689525809157,0.001865689939930703,-0.0027960272857715197,0.001607301834499351,64.64241796174622,65.67508725234092,64.63871909950433,65.78420268613765,65.44876679270091,67.04752608147712,65.46401626936857,67.19264974784977,0.036632188693719245,0.08330645325953095,0.037627596693821784,0.08588995737284467
offset_distance,>50,seen/15,-25.759486568001684,14257,0.003927895069088869,0.015150452409342778,0.0016132426176614996,0.002314652451427369,64.31849850703824,64.99486594409584,0.14338235294117646,0.001604237284979981,0.006177136827096957,0.0016686251342415762,0.006381873895139893,0.01015155255922107,0.020238703823898006,0.010219963184820848,0.020693738614884438,0.0009051656683597148,0.002359254842584868,0.0009370982646111862,0.0022481602861849437,-0.00027268525467764876,0.004714987881241379,-0.00024538806661692197,0.0051326698244144806,64.14341695992917,64.49338947740948,64.14296141148132,64.5163584302129,64.62780444953954,65.35882056757747,64.59799771450727,65.43006565007748,0.1115787542540633,0.17529624290646031,0.1071948024590211,0.17842869984961993
offset_distance,0,seen/20,0.0,168,0.023809523809523808,0.6130952380952381,0.05357142857142857,-0.02976190476190476,104.36923076923077,125.53846153846153,0.056074766355140186,0.011732733991785147,0.035740048938472484,0.013159021187457473,0.035108945613429914,0.5462199930141006,0.67453628660719,0.5178916408574541,0.6951772367466649,0.031127600574965712,0.07819082596344819,0.03101413000701285,0.07992878608651172,-0.059730344956215896,-0.0013842561300583583,-0.06102556257954434,-0.0014608411872867593,92.77681530426766,116.4607669378188,95.81954358267686,113.18197460197769,96.298810990161,152.2702074452831,99.16409027865339,152.3609666961391,0.031295613014625724,0.08346038268943239,0.02631184569052058,0.09352022151441199
offset_distance,1,seen/20,-0.0029850746268656717,335,0.020895522388059702,0.39104477611940297,0.020895522388059702,0.0,85.63380281690141,92.44444444444444,0.07971014492753623,0.012836151913478607,0.02919250256515002,0.014174060697937103,0.028325787392906518,0.36784624040545416,0.41317215175667676,0.3616276227942838,0.41896517312154785,0.011802560153234562,0.029590074931133657,0.011057738981433016,0.031466546608967284,-0.011872445581118841,0.012671967658796442,-0.011496274044281706,0.011672676175155366,80.02025971746811,90.7380616991166,78.4168432039607,92.54778608717963,81.88985468948817,101.97150785295175,80.28111808193184,104.44433802294526,0.04920648758643691,0.11109565057380723,0.04751051909086437,0.11781112690617729
offset_distance,2-4,seen/20,-0.002002002002002002,999,0.025025025025025027,0.26626626626626626,0.02002002002002002,0.005005005005005005,77.41114058355437,84.48,0.12714776632302405,0.018836458283885017,0.03102922015237174,0.018881598453527396,0.031158387185314464,0.24107707746809545,0.29136745534563985,0.23499758585868877,0.29606228429867826,0.014397506331195815,0.026464710626651226,0.014755431313426222,0.025444843917397538,-0.0033884439962767604,0.012737918094049793,-0.0028071745186081824,0.012657669340997884,75.23146719681552,79.54898873837469,75.25405109853446,79.19670071165048,80.80199299200122,88.13768729476509,80.95970948417613,87.53536590934793,0.10678226220266443,0.14838580649410463,0.10995192399984643,0.14603044516488284
offset_distance,5-10,seen/20,-0.016260162601626018,1968,0.012195121951219513,0.11534552845528455,0.016260162601626018,-0.0040650406504065045,68.24471126357919,72.43091334894613,0.11155378486055777,0.008582636514054963,0.015243215438255023,0.009529011321297434,0.014565892147139419,0.09479892773100486,0.13996784098856985,0.08694285608053115,0.14485568511796515,0.010799482820496665,0.020912889520753642,0.010717418601442538,0.021133137392564515,-0.009185965583926922,0.0015167295471662685,-0.00842548268499116,0.0007304678175974904,67.21053417561126,69.20543183753277,67.34929346260871,69.17771820803843,70.6160948204795,74.16907937568789,70.85193158686766,74.10720118478885,0.08684368040609707,0.13592040179926762,0.08977054264649202,0.1422974083128286
offset_distance,11-25,seen/20,-0.6023994948431909,4751,0.00484108608713955,0.04420122079562198,0.0027362660492527887,0.002104820037886761,64.78682766191,66.18984547461369,0.10300429184549356,0.003152603995888213,0.006618467052970155,0.003122775450308139,0.006499291083935036,0.03160405198382059,0.05720358850978555,0.029507972984451694,0.058887533727333054,0.001316929325915452,0.004263576543980392,0.001342211709045398,0.004201288413859767,-0.00014908966575767158,0.0043585867445235975,-0.0002855551449394337,0.004361482868018277,64.4925523081591,65.09978471066987,64.50793494494627,65.06089964212106,65.40517159652987,67.06295978464266,65.28709489483336,67.26012480679765,0.07391418609909685,0.1389352505715085,0.06679507591161095,0.14029322458311497
offset_distance,26-50,seen/20,-2.4847775175644027,6832,0.004830210772833724,0.0468384074941452,0.0030737704918032786,0.001756440281030445,64.6068206147729,66.422526542545,0.11614730878186968,0.003159444035608872,0.0067569068063853335,0.002833462679363673,0.0070362210806862256,0.038741728081372426,0.053588543206116855,0.040159431797133126,0.054034510446884364,0.002293874011879176,0.004002544779174735,0.002097466252612363,0.004111662052470173,-9.371046704637249e-05,0.003817602302656094,-0.00044345545806301665,0.004113258327061537,64.41287389544394,64.84503749358966,64.41727549922203,64.85258028301746,65.61252006402421,67.22609231887162,65.56082362328684,67.40042155799452,0.07580947685017535,0.16092415606875507,0.06770201546862699,0.16635621005521506
offset_distance,>50,seen/20,-21.976924767416307,13651,0.0020511317852172,0.014064903670060802,0.0010255658926086,0.0010255658926086,64.24228028503563,64.74208413854616,0.09090909090909091,0.0011645688793093115,0.003123150105721791,0.0009380023948589953,0.003331570438033729,0.010619542100454762,0.017794209843796194,0.01000935261802454,0.018401767067645833,0.0006375407867421162,0.001422590450303313,0.000650356740944644,0.0014381207523298024,0.0001455843120197001,0.002048857205305622,-3.446510287960394e-06,0.002261552200859019,64.12826428100212,64.37946023024277,64.1187994121287,64.38880820854821,64.53969197589582,64.98635460673036,64.54898712758379,64.96526241237571,0.06577247770926169,0.11966757420488448,0.061433019319245594,0.12685384845762204
offset_distance,0,unseen/-5,0.0,78,0.01282051282051282,0.4358974358974359,0.11538461538461539,-0.10256410256410256,75.90697674418605,121.08108108108108,0.05714285714285714,0.0007235071336546944,0.027471205924615886,0.0,0.030020631348636726,0.3249289912612797,0.5693588818311147,0.33905367072187,0.588049062700122,0.0799861631695611,0.14617158710802938,0.07265793746314592,0.14253560463100426,-0.1417778391414748,-0.055794935805244326,-0.13907368012135113,-0.04550499408450583,68.63946779501646,86.29378000003003,68.77839611142045,90.91397441857691,91.79190800273237,158.3134763335195,86.78374306569344,162.65776717101807,0.0028306814664595236,0.11859803000450606,0.0,0.12437110328002168
offset_distance,1,unseen/-5,-0.0064516129032258064,155,0.06451612903225806,0.3935483870967742,0.05806451612903226,0.0064516129032258064,79.65957446808511,111.43529411764706,0.07042253521126761,0.03975545411763398,0.08755705927435488,0.04057211099267803,0.0831861131961998,0.365689094570173,0.42423905968293607,0.3758272199254033,0.41576717799529866,0.03643191276171082,0.07630901214421391,0.031962255902069366,0.07932694271285097,-0.029807899086153698,0.044169837313556976,-0.03367392118986969,0.045785852844615144,72.239636951901,87.22374303311406,73.35022390659653,86.06255900621117,93.75580284963623,124.63915196129982,92.5394648379723,125.93145348797567,0.02571473197133352,0.1187461785496103,0.01960692944465764,0.12337699204656055
offset_distance,2-4,unseen/-5,-0.01935483870967742,465,0.05591397849462366,0.36129032258064514,0.053763440860215055,0.002150537634408602,80.78688524590164,99.05882352941177,0.14432989690721648,0.03675127583018206,0.07193435309205931,0.033469829153888214,0.07540900647346128,0.33166825282664936,0.3964684446627952,0.33963022688433103,0.3901827425872551,0.03556155969962128,0.06943427072617013,0.028061788586794218,0.07323762954475092,-0.010214595982923255,0.014550633790508548,-0.00413918764752818,0.011294904386280438,75.66558486954207,85.50164173379102,75.18227544645039,84.9579495814974,85.96568252241208,111.5022679676087,81.48930451078382,113.81916136150414,0.09450086584925124,0.18849617383648157,0.0807674364451988,0.20182215370653542
offset_distance,5-10,unseen/-5,-0.04859611231101512,926,0.04103671706263499,0.30345572354211664,0.04319654427645788,-0.0021598272138228943,77.05521472392638,93.30247933884297,0.10658307210031348,0.026166997264255056,0.05202373884591994,0.02237386129398147,0.05203440073517783,0.26903084280412415,0.3425740978909827,0.2859992094801701,0.3280059797384095,0.018400088759766144,0.06527730583699774,0.010140089439938313,0.07330102072264326,-0.025147809918064264,0.020442678072388157,-0.030850572479843366,0.026095837901668036,72.42451215690085,81.68536994042789,72.43325725638582,79.87974320498739,76.71830236445928,110.59537151223375,71.33271924354622,113.17691389381132,0.07743253901084009,0.12908275345622125,0.07672249405071886,0.12815014894357388
offset_distance,11-25,unseen/-5,-0.3878814683768244,2261,0.05749668288367979,0.18089340999557718,0.040689960194604156,0.01680672268907563,74.55246252676659,90.22297679683079,0.16326530612244897,0.03315955029754147,0.0749872251825309,0.02651244445929568,0.07643508837139015,0.14894897815627361,0.2151753502127902,0.15511169333553257,0.2172908991748098,0.015014572254875054,0.06509432914972998,0.006406368089439781,0.07411510834983812,-0.009044504147796267,0.038140308423136676,-0.007076869499941817,0.040602480910767194,70.69907962289007,77.68634553356738,69.71780204797945,77.84959077544032,76.173795148684,103.99190906711945,71.77626993722036,108.0833333523042,0.08386212883197273,0.2346798760355614,0.06480331119810698,0.2511062031273258
offset_distance,26-50,unseen/-5,-1.7264931992903607,3382,0.0384387936132466,0.17238320520402128,0.01478415138971023,0.02365464222353637,73.5333568655136,77.28923190003675,0.12201963534361851,0.022804449240403975,0.05009513348241769,0.015684422133170596,0.0500833722650324,0.1391739530975971,0.20876691561325988,0.12889699162432958,0.21274642183194073,0.008635942220139019,0.01989509133163689,0.00775764532026593,0.02089871647013686,0.006950199504086556,0.03777540388985008,0.001102685450966162,0.03838718962974703,70.39155355058034,76.09772013937263,69.36197714310497,76.79941469806596,74.67638447765397,79.5403028953117,73.9728614448628,80.08744711062442,0.07942527465820153,0.1522260713308575,0.06610241692830979,0.15434342775211563
offset_distance,>50,unseen/-5,-26.14860719106639,8149,0.042336483004049574,0.16505092649404834,0.004908577739599951,0.037427905264449626,73.24113887274841,69.95326251896813,0.1390532544378698,0.021473907480838966,0.06148689240477613,0.02125443151231075,0.056328825788816025,0.09263590351765516,0.23465828631295477,0.08014789666545824,0.24807245849192194,0.0031089740610142106,0.006199903906129649,0.0024771803355158966,0.006597896799747295,0.01649457779448805,0.05703838688255781,0.017407003652264327,0.051817719504374984,68.78397074740936,77.29876450699396,67.92508514559904,77.87186600985062,67.15035898944595,72.64647030031078,66.83378872763721,71.89840025286354,0.10532368696252972,0.17051619546452515,0.09545112565259312,0.17349430360631032
offset_distance,0,unseen/0,0.0,70,0.02857142857142857,0.6142857142857143,0.02857142857142857,0.0,123.42857142857143,125.21739130434783,0.022222222222222223,0.00687473297870692,0.05208027337608317,0.007064473285071286,0.05503469899043964,0.45135403717625616,0.7407120660271547,0.44561680729545283,0.7400709002742946,0.006838711938962341,0.049912230488356676,0.007423541107678493,0.052386864895868905,-0.022661625830744898,0.025620130742636648,-0.024371510375774,0.026348095176553364,89.73418059924919,159.50622448762903,85.13320463320463,168.60053386247134,96.32843695603165,155.88128629975103,87.77824391555735,168.20360967105566,0.0010037191327042763,0.054501621287444284,0.0,0.05811963733291825
offset_distance,1,unseen/0,0.0,140,0.02142857142857143,0.44285714285714284,0.03571428571428571,-0.014285714285714285,77.10843373493977,101.1891891891892,0.1076923076923077,0.00927834247766698,0.03385808984674919,0.009068720538115835,0.03554534777603783,0.4174762237191955,0.46468964688765807,0.4142218553870293,0.4674669607284538,0.020839112138454245,0.053132405098470746,0.019947453092890723,0.0541922177876134,-0.034145648524970984,0.0009429228263400922,-0.033546121734446536,0.002448865943115845,72.1542311283097,81.83964819145417,71.74127735952534,81.33635092607688,87.59900132951918,118.0076299270894,87.55667896713926,113.6272505588295,0.06407704918728155,0.16366492352648893,0.07090862543647597,0.14844700756258689
offset_distance,2-4,unseen/0,0.0,420,0.04523809523809524,0.3619047619047619,0.02857142857142857,0.016666666666666666,79.94139194139194,91.61290322580645,0.11695906432748537,0.03406787311366698,0.05691804618843246,0.03321569421953225,0.058219489981785055,0.32406666617377616,0.39773979049830993,0.3220638926833433,0.39579449490121094,0.01885473967080298,0.03959879230742316,0.019151016458998388,0.03992165263655472,0.004215034004563148,0.02789903217885501,0.004836749160315512,0.02687310070356137,76.43618191629503,83.18884390156026,76.29563658971942,83.55620471573774,80.80876793054081,104.57060077239039,81.22852642356803,105.40289248720158,0.08056392898554426,0.16673588612427565,0.07354530564194443,0.17483389571048633
offset_distance,5-10,unseen/0,0.07367149758454106,828,0.024154589371980676,0.28743961352657005,0.03985507246376811,-0.01570048309178744,76.4983164983165,88.45714285714286,0.09302325581395349,0.014066687714716664,0.03774079479092109,0.011200150038749825,0.041505548805590514,0.22185344610798036,0.34605553678973866,0.20928808353795386,0.3509668275728239,0.02382279430214858,0.05960753043978225,0.0237434931700812,0.05948464786050199,-0.028248557192991332,-0.003547693639582506,-0.02738236068183704,-0.005833223497681693,73.0807196132571,80.4546565907854,71.6191376091552,81.28863322409849,78.91519481834075,100.68236142931133,77.75939009085316,100.96857972389242,0.054489612902664165,0.1524332702154733,0.04430510488639022,0.16671252958614582
offset_distance,11-25,unseen/0,-0.2757078986587183,2013,0.013909587680079483,0.21013412816691504,0.010432190760059613,0.003477396920019871,68.2,71.5173299101412,0.0598669623059867,0.007974292349224163,0.022536264800401534,0.006241342067544188,0.025259770205365423,0.1602090254794373,0.2534955776034167,0.15279246911381467,0.25573282521108015,0.0056997555101031185,0.016867143449134037,0.005672324263975089,0.017406441877256894,-0.004277377801923099,0.011787974602582501,-0.0055199001727439636,0.013667883807687785,66.63596815223961,70.42044031854145,66.47746702073232,70.65349460243543,68.62715261477581,75.62444883314794,68.20610777925563,76.02486396204515,0.039250994284305375,0.09183995910324265,0.03948686389144034,0.09024107585452736
offset_distance,26-50,unseen/0,-2.87889969808789,2981,0.02079838980207984,0.10969473331096947,0.0020127474002012745,0.018785642401878563,66.5926481620405,66.86603415559772,0.08997429305912596,0.008636937055980178,0.03748016193363484,0.0053673627396457835,0.040792000146846856,0.07398504601840931,0.155779152847597,0.07007109421304496,0.15453066933382803,0.0005640341689496442,0.003982972303488376,0.000565408433142622,0.0041797256107638315,0.006444923924955189,0.03506461442815067,0.0027852725324302454,0.03860873569126064,64.9749004520815,68.97414159930291,64.52890983960476,69.6227900666211,65.49929644284234,68.89140567337175,65.12608860511483,69.4130974348903,0.049137911304042665,0.12887742482197492,0.036384956297151216,0.13263287876404986
offset_distance,>50,unseen/0,-37.671643679615336,7903,0.03087435151208402,0.07389598886498798,0.005187903327850183,0.025686448184233834,69.81424901987292,69.62744825670232,0.23671497584541062,0.0108899871592182,0.05929366309675743,0.007591344049085248,0.061199915242990635,0.0373713888341042,0.12494342973186048,0.03300425865354749,0.12605263013050874,0.0033066338311209813,0.0073505500675497566,0.0033641913677559007,0.007372664028802775,0.005092443976642863,0.05458084589440994,0.0021189789924443256,0.05604988679054534,66.01128664209874,75.70929594376206,65.47340205199723,75.96308522551175,66.84638619465406,74.03154801408323,66.66273877508168,74.07906463693092,0.16622178300995813,0.28127851600171794,0.14221612217514043,0.28227509451414384
offset_distance,0,unseen/5,0.0,89,0.02247191011235955,0.5168539325842697,0.06741573033707865,-0.0449438202247191,94.47619047619048,115.89189189189189,0.020833333333333332,0.004640467170809902,0.040674071465876385,0.005506890027310212,0.03747570685223497,0.39398077650264546,0.6479156176158933,0.3979157169361251,0.6404542620720924,0.037646863303980406,0.09368961991487865,0.04064915075452608,0.09096839514213334,-0.08060564292018721,-0.004981638934152211,-0.07935282927375135,-0.00986020028358739,77.9449854616453,119.76412786165648,76.21078335430356,119.59653346172357,95.91428049466317,144.03415038127707,93.2344622347949,141.7167701863354,0.0007642192632944705,0.04676152333133303,0.0,0.040617859901614005
offset_distance,1,unseen/5,0.0,178,0.033707865168539325,0.42696629213483145,0.033707865168539325,0.0,74.97142857142858,104.72727272727273,0.08536585365853659,0.0187958203955708,0.04807974187261678,0.020737028724242497,0.04580544552484646,0.4064886318380942,0.4471216886989099,0.4020824084765975,0.4546363980400749,0.018243953920521125,0.048694472287605976,0.016494058104648924,0.048682316252982076,-0.02212765420058094,0.020460644179196335,-0.01973056121888391,0.019108132514765522,70.1415780776435,78.80323501368085,70.9192644418051,78.40057380842202,91.08546691380185,116.47963556336349,91.17342696748678,115.36301690721163,0.05052377499105885,0.1209716810393894,0.04788936055394674,0.1210985426607435
offset_distance,2-4,unseen/5,0.034026465028355386,529,0.062381852551984876,0.3497164461247637,0.01890359168241966,0.043478260869565216,82.10644257703082,84.8145896656535,0.13302752293577982,0.03800444563880761,0.08426003083744359,0.035874752820742685,0.088329287415862,0.3154053448509078,0.38027158547641016,0.31410290215849407,0.38799026888734006,0.011709553294909336,0.026501195633893047,0.011713870029083626,0.0250263757313474,0.01828938025445206,0.06573749421153434,0.01617754221028923,0.06987412784184525,77.42490906019484,86.77846732866224,77.1660525822769,86.87845953257687,79.08525888818022,91.15215553576503,78.48252212055894,90.2963978559077,0.10121473261305457,0.16442174728953357,0.09384771151559271,0.1666724811610382
offset_distance,5-10,unseen/5,0.15930902111324377,1042,0.0710172744721689,0.2495201535508637,0.026871401151631478,0.044145873320537425,77.29974811083123,86.90068027210884,0.15868263473053892,0.03536058595882215,0.10352067472728166,0.03197430870372452,0.11063308026836878,0.19110585124964993,0.29328081727067423,0.18851068454921277,0.3155822625989094,0.01738087048478315,0.03644744415956455,0.017694803388946558,0.037306373367465624,0.00962369707124995,0.07643720620240402,0.006785516119660318,0.08201079863550223,70.74702589573467,83.4313312077163,70.14848180089143,84.74194525847344,78.99857707169579,94.94757906920266,79.49592589417018,96.28179784746897,0.09791334423661054,0.2084544614893835,0.09056256104374769,0.21260278798027601
offset_distance,11-25,unseen/5,-0.41019417475728154,2472,0.05825242718446602,0.18406148867313915,0.024676375404530743,0.03357605177993527,75.81827063996091,78.17700052994171,0.21368948247078465,0.021846683565780303,0.0909404161773375,0.021594509829135244,0.09410029289551243,0.11230672172453957,0.23992197693071934,0.11266522714427728,0.2597358792676896,0.014017433066448088,0.034816105214680954,0.01501897446966125,0.035785036359908255,0.000937653316794119,0.06416418521332545,0.0004461447642449142,0.06648706965676743,68.10721133149057,83.4963308909195,68.05541973136901,84.48338891123115,71.52889755507712,84.55231488894327,71.39516840272192,86.42337277377813,0.11052842110306126,0.2754179515613948,0.10511550345291015,0.27924922724848683
offset_distance,26-50,unseen/5,-2.3185247275775356,3579,0.04498463257893266,0.20732048058116792,0.002514668901927913,0.04246996367700475,74.77595628415301,69.77126099706744,0.2059800664451827,0.015609221980883672,0.07088218446297712,0.015383252021136122,0.07482559094422028,0.12178017590689719,0.2842864492544797,0.11963678064616325,0.29920054238188715,0.0014871891421870764,0.0038390735759954984,0.0013739732111575607,0.0035415841975197614,0.01279375040506228,0.06900625151274481,0.013029358546561422,0.07301879822630274,67.82635569058463,82.20160372445895,67.5311277365958,83.45118762322868,66.82885635135807,73.20318284277506,66.7042171318182,73.86669541656066,0.12896910600161524,0.24064725983686217,0.12679684171663194,0.2403708133202132
offset_distance,>50,unseen/5,-37.97807903086242,6934,0.03432362272858379,0.0712431496971445,0.002884338044418806,0.031439284684164986,69.73031283710895,69.23976608187135,0.21994535519125682,0.01359016884229042,0.058633352575380854,0.013091515737319618,0.06095548890623194,0.029782636379718654,0.11762360603113242,0.029038021959033336,0.1250362753326362,0.00170664258305443,0.004174303328960068,0.0017375432836913179,0.00412052202336612,0.011224184907719799,0.05490363923819286,0.010902957287041022,0.057125070014899706,65.88646779105792,74.42903918049193,65.83734020921563,75.19826002423582,66.39310782507812,72.98148375549721,66.31404476375077,73.4513805770348,0.1992699868922543,0.2267987576515542,0.19814698158924215,0.22694342072838025
offset_distance,0,unseen/10,0.0,38,0.0,0.631578947368421,0.0,0.0,96.0,108.3076923076923,0.0,0.0,0.0,0.0,0.0,0.46982559646836003,0.7469678492563373,0.461516452074392,0.7685090098372712,0.0,0.0,0.0,0.0,0.0,0.0,0.0,0.0,74.3525090340126,123.97804468029085,73.81709090909091,127.18961038961028,82.16561351217088,127.50632882101121,81.68394805194805,130.8320517079948,0.0,0.0,0.0,0.0
offset_distance,1,unseen/10,0.0,76,0.02631578947368421,0.42105263157894735,0.02631578947368421,0.0,68.46511627906976,78.88372093023256,0.0,0.007963882990611319,0.040639836459703704,0.007451598758769563,0.04237314163161621,0.38839201365654663,0.4474607131277257,0.400318076920474,0.44047619047619047,0.0063902520859310235,0.05359363181182265,0.007594138921391341,0.04754852996787587,-0.0389131552864834,0.02723577783577981,-0.03547118470385,0.02990376259360744,64.26594276409902,71.93357533435413,64.0,72.30096284580593,67.23175682766178,91.26104433497537,67.54076930492624,91.02948304342523,0.0,0.0,0.0,0.0
offset_distance,2-4,unseen/10,0.017937219730941704,223,0.03587443946188341,0.31390134529147984,0.008968609865470852,0.026905829596412557,79.5031055900621,81.0958904109589,0.1794871794871795,0.023071341021133826,0.04862829633119514,0.02034158771245597,0.04992353518332083,0.2800593302839162,0.35233612889078525,0.2811287826771697,0.35625424209597273,0.002877140327507474,0.013734104637600022,0.002403401634454784,0.014351481264257771,0.013741244521472375,0.04095854668577704,0.011857869681420247,0.042473390635728615,73.4616961634451,84.40103195633293,74.2464126434996,83.76549055648809,76.19713166859928,85.5966148035932,77.47243667810133,84.29116814063772,0.12024688793426141,0.24857649742333357,0.12039539346681355,0.2410105576955758
offset_distance,5-10,unseen/10,0.19813519813519814,429,0.027972027972027972,0.20279720279720279,0.009324009324009324,0.018648018648018648,70.32768361581921,84.40579710144928,0.1414141414141414,0.014032596736624308,0.044991575676499876,0.01107038084425716,0.04875573728656753,0.15172556561256798,0.26594512413136523,0.14344160855465732,0.2770366538724897,0.002493131182624545,0.015983377814303926,0.0023616996036525755,0.015384663109566944,0.002002125240303704,0.03779461268685916,-0.00022170979830811747,0.042295184916854474,67.87786426026908,72.55932545196265,67.84560660663976,72.73320026518977,76.38778962332901,93.22626037025006,77.73779233001584,90.46769444153095,0.08048250006093109,0.22331300403515175,0.08882376260941241,0.1959030401151286
offset_distance,11-25,unseen/10,-0.679474216380182,989,0.014155712841253791,0.08998988877654196,0.005055611729019211,0.00910010111223458,65.61050328227572,69.15436241610739,0.22330097087378642,0.0039039282392015185,0.02766901764850087,0.003350143199954324,0.02844558376104379,0.05672280880506933,0.134145205210634,0.05380595823962458,0.13900432582660033,0.0022853289536582666,0.008698144617845,0.002268245204804739,0.009067793420869413,0.00011478597628202084,0.019794609851112928,-0.0004822642349210695,0.020532594457069446,64.2856435971363,67.4033863467628,64.24178103911618,67.53767920488667,65.89560654551376,73.94711310373137,65.74715814425635,74.47705653111699,0.07845432067345025,0.3339688543249142,0.06185435185681075,0.3499902311603827
offset_distance,26-50,unseen/10,-5.033826638477802,1419,0.0021141649048625794,0.05919661733615222,0.009866102889358703,-0.007751937984496124,64.23791821561338,70.04044943820224,0.13793103448275862,0.00042912217717910227,0.004210859750354947,0.0004637106602264812,0.00445514998327362,0.040526241617141946,0.07120250988573865,0.041688887775398184,0.06939085392884527,0.004241466132407146,0.017971407162955807,0.003799012200449206,0.01891884627209111,-0.015574368458697023,-0.0021270849961660403,-0.016714246097370426,-0.001622527142407572,64.07984812981577,64.46661085977182,64.07820397712892,64.47789850236205,67.39657548536901,73.40410376715987,67.21267829214169,73.81061902313132,0.03846238661758224,0.30757953205710503,0.03755821423654839,0.3025969294267325
offset_distance,>50,unseen/10,-31.095119676717438,3217,0.0012433944668946222,0.01336649051911719,0.00031084861672365556,0.0009325458501709667,64.38202953188815,65.24740647595095,0.19148936170212766,0.0004189645834195141,0.0027064449261841243,0.00042208655442783303,0.0028222088432544785,0.008873008920275018,0.019306336172493412,0.008537555420736184,0.01976138068985029,1.8413183950261976e-05,0.0007632854057994893,0.0,0.0008082284591109112,0.00020766226695400546,0.0022264604554874863,0.00016783369517112427,0.002322422480581313,64.07258908736426,64.90570726080222,64.06378236481427,64.92151313856512,64.22643341296641,66.95676696606958,64.19740340870085,67.03164889064212,0.04143648219490073,0.3475954879928916,0.03564384765948977,0.357678420420153
offset_distance,0,unseen/15,0.0,91,0.03296703296703297,0.6703296703296703,0.04395604395604396,-0.01098901098901099,111.48387096774194,136.34782608695653,0.0625,0.013461780053989302,0.05168894041807216,0.013384990210994721,0.05188812076416274,0.571803339522554,0.7530186501871323,0.5698426144784763,0.7518723648835868,0.019670315688240226,0.07089739679507336,0.020364099948073224,0.07256134494027494,-0.04686355801794917,0.023411053229856055,-0.05152320153543545,0.022748906896670334,90.69850781289799,132.16869722876146,91.87558967469533,130.44218321943583,108.70606515213929,161.47276170889225,106.12698529057151,163.2572296865003,0.022394988167680867,0.10880018720796805,0.023619731357109774,0.10957838053450332
offset_distance,1,unseen/15,0.0,182,0.01098901098901099,0.4065934065934066,0.027472527472527472,-0.016483516483516484,83.2566371681416,82.37623762376238,0.06578947368421052,0.00260298088993312,0.01871393932734261,0.0028747184988747254,0.01861559397554162,0.3719244236430799,0.44238379750708695,0.367038389356036,0.44279440154440153,0.012834028224845697,0.043828157077527984,0.013287617421853122,0.04447389209241082,-0.034395028177594655,5.971625053317752e-05,-0.03601794833866127,-0.00028612393661184597,72.3268507443442,94.14299253365161,72.81947667867675,93.7338781346103,72.16437626941187,93.75891949420976,71.31342209552548,94.15134608387075,0.03769587366977345,0.09901524517975435,0.03690912021831183,0.09057324548756131
offset_distance,2-4,unseen/15,0.0,546,0.0347985347985348,0.27106227106227104,0.02197802197802198,0.01282051282051282,80.07881773399015,85.56149732620321,0.11377245508982035,0.02479535548915215,0.04650153893139029,0.024093980571076846,0.049272991137215276,0.22086993471403962,0.3133526975358644,0.21271250036052144,0.31908839059287386,0.013922649288576689,0.031170669271104925,0.013210681499050114,0.031162390978869726,-0.0007384226219121359,0.02657965794827093,-0.002251210231670537,0.03253184299279895,74.91034555813042,86.15165956746216,74.60971137749618,86.54436844505244,79.14504056169278,92.68666496197552,79.09207055524183,92.29781146037348,0.08692636635983533,0.15259659507253354,0.08271436974430721,0.16782815493216469
offset_distance,5-10,unseen/15,0.02859778597785978,1084,0.014760147601476014,0.16143911439114392,0.016605166051660517,-0.0018450184501845018,68.60632497273718,76.35714285714286,0.08376963350785341,0.009398083360232116,0.019941343599452585,0.009595273838072972,0.020333771459534807,0.10573113521475115,0.21117903548735212,0.09318689292552919,0.22129517317715125,0.011066939634404143,0.021976276837722564,0.009136114243445492,0.02282344837620251,-0.008836292385676571,0.005387493125787702,-0.010623534178158008,0.008280618883117617,66.14213008537128,70.89651788510267,65.99189562997904,70.92770218305425,73.05110396204326,79.78198158340645,72.6133582069664,79.53349202471118,0.05655407395703988,0.12161240660592187,0.060545778919725464,0.1261749141509917
offset_distance,11-25,unseen/15,-0.2491349480968858,2601,0.010380622837370242,0.11380238369857747,0.011534025374855825,-0.0011534025374855825,67.2870090634441,70.79596314172883,0.08668730650154799,0.006293108074643396,0.014809063561647382,0.006310201658252797,0.014613934333876873,0.0759009897235385,0.14576983973071034,0.06987620527351483,0.15190221635727938,0.006560019941532634,0.01660313240363654,0.006242974086085759,0.01672796617302361,-0.007635203902271925,0.005310801701814775,-0.00791324052232088,0.005712844662586015,65.74882323103807,68.81112933975245,65.73299626266677,68.81592393746966,68.70793267942028,72.81993611604894,68.35935907096713,72.74070073290214,0.06298915125030578,0.12386553505717418,0.06523703344905743,0.11852534032376744
offset_distance,26-50,unseen/15,-1.812331717824448,3714,0.006462035541195477,0.08992999461497038,0.0026925148088314485,0.003769520732364028,66.48690020606418,67.21808985421006,0.08659217877094973,0.004423216038680681,0.008659461046591899,0.004590331902640902,0.00851857805543213,0.0639857457887807,0.11417638554486167,0.06251977384378943,0.11666603860953713,0.00167922846030254,0.0036595933320522833,0.0015944392902326942,0.003738309326970495,0.0014059818634867376,0.006283556426927797,0.001682162491110314,0.0058850870278534416,65.72154846481786,67.26095764455776,65.72878435054383,67.19839045809945,66.25738923277311,68.24051963285656,66.07978124888233,68.30968033057833,0.06361472271426583,0.1198481943927619,0.06445721615185362,0.12232321857367241
offset_distance,>50,unseen/15,-45.510810469085854,7909,0.003160955873056012,0.02288532052092553,0.0005057529396889619,0.00265520293336705,64.30618050168088,64.76220064724919,0.05339805825242718,0.001631600143156002,0.004950942821558686,0.001793461850389482,0.004865075455532824,0.013827273621188801,0.031044775560554645,0.012926367940088342,0.032544201292421575,0.00012557977532674764,0.0008852952370750216,9.578151080035978e-05,0.0009347397488330161,0.0009643246100788325,0.004670416960645346,0.0010932890598965516,0.004550988119849356,64.12771869521502,64.5213612576769,64.14773460321175,64.50143472352849,64.44518772394395,65.11965774600095,64.4419342640342,65.1132005533033,0.028088624074043757,0.09721507070074496,0.030217531020771918,0.09346553906375632
offset_distance,0,unseen/20,0.0,54,0.018518518518518517,0.5185185185185185,0.037037037037037035,-0.018518518518518517,120.32,115.80952380952381,0.034482758620689655,0.000690022588756766,0.038180900407437206,0.0008149627681479167,0.03995563484776934,0.42202247855664005,0.6084548333341623,0.40848999989378537,0.6192193471221448,0.009738063501288115,0.06298911603448626,0.010044530801778544,0.06766187857703962,-0.054861718990276566,0.02023607607839786,-0.05846276595744681,0.019738144007776688,75.24833844028619,170.1539490297107,75.66553708439898,180.31546140375505,75.94385527682134,163.06369847555342,75.20531532192938,169.28043004899288,0.0012185931516305547,0.07794697682757383,0.001389990000714235,0.0873861178852436
offset_distance,1,unseen/20,0.0,108,0.037037037037037035,0.39814814814814814,0.009259259259259259,0.027777777777777776,84.67692307692307,83.52542372881356,0.0425531914893617,0.019082870937473805,0.055021209865394785,0.019596436680923795,0.057158764828582426,0.3597064355921552,0.4385729926862669,0.35669312585625945,0.43464046737796613,0.0006584700197470431,0.01810139048991354,0.0,0.019843177655677644,0.011354983307097955,0.0452243930472613,0.010902949965032742,0.047150252536826365,76.09061947586527,94.20698557780979,76.94085776116466,93.84861894432393,74.42932682903438,92.40439092462644,75.91197143688848,90.88056637168141,0.010837525162157784,0.07081827085034707,0.009030065208609845,0.07817597530719489
offset_distance,2-4,unseen/20,0.01238390092879257,323,0.030959752321981424,0.2755417956656347,0.03715170278637771,-0.006191950464396285,74.20689655172414,84.37668161434978,0.06060606060606061,0.020557109917761447,0.04059379038748025,0.021700069972011196,0.03957352491280881,0.23286134599573705,0.3240249447307507,0.23175297726587812,0.32164865215771965,0.01939138570506718,0.0552913169487696,0.01861136013416396,0.060329167199384116,-0.026296905449208045,0.014447171575502564,-0.029861078730516022,0.013562315224674817,68.29271498614936,79.57664109657931,68.22592635018728,81.05242939336263,76.93606162714178,90.90728571022642,76.11120626826039,93.82219231189046,0.03722338670707581,0.08117488771809363,0.037729809940385294,0.0849010459590295
offset_distance,5-10,unseen/20,0.07053291536050156,638,0.007836990595611285,0.13322884012539185,0.009404388714733543,-0.001567398119122257,67.00361010830325,69.29411764705883,0.03333333333333333,0.005114067296038435,0.01024715357156984,0.005690080539010295,0.009571985756832862,0.09222366712645626,0.18638478567283828,0.08625755675841566,0.18257715580326683,0.006182255786566935,0.012641831024748485,0.0060896864188232,0.013384632059779128,-0.006060604736312945,0.0025210805023564023,-0.00658019790087496,0.0023788668498589,65.52016325050452,68.46987886724877,65.56034706044031,68.56768258249501,67.7659439647145,70.84941907937275,67.68590344272853,71.05107147575,0.01241222247271695,0.059943860021602666,0.012847812392689102,0.06462136381218726
offset_distance,11-25,unseen/20,-0.524983344437042,1501,0.0073284477015323115,0.08594270486342438,0.003997335109926716,0.0033311125916055963,65.67441860465117,66.54117647058824,0.09285714285714286,0.004393224154307209,0.010527563689502287,0.0030605797665311926,0.01113878932670127,0.056527359602915606,0.12247428900276107,0.05338159942286799,0.12138213914783055,0.0017731946131834086,0.006851678252137328,0.0019733879810537487,0.006291322334461417,-0.00024127299098296155,0.006550776522765792,-0.0010283490156084043,0.006646426437026971,64.88844718971683,66.69792801400015,64.80449725722585,66.68910428330902,65.5552712638538,67.81749526459211,65.52334724741301,67.83110530357833,0.06926613105788389,0.11702973389789399,0.06081783433441751,0.11432737431312447
offset_distance,26-50,unseen/20,-4.099583140342752,2159,0.008800370541917554,0.0555812876331635,0.0037054191755442334,0.005094951366373321,66.9119373776908,67.68322675848499,0.07913669064748201,0.0039047920127463637,0.013588810318533071,0.004192594007191022,0.013582241701000015,0.03839131717169851,0.0703224580014655,0.038004855491595504,0.07391906811672899,0.0016708231507049566,0.005796764445782693,0.0014772362861242305,0.005810931619926346,-0.0007730405583940376,0.010902930971693463,0.0002590827874755905,0.01046289575494477,65.82135227561655,67.91657424841618,65.95613886746872,67.79245703979662,66.65323651170367,68.56016448016283,66.59789669682179,68.66084608317233,0.04572663946813005,0.11588566353578049,0.04862489270386266,0.11419096209912535
offset_distance,>50,unseen/20,-26.136204889406287,4295,0.002561117578579744,0.007683352735739232,0.00046565774155995343,0.0020954598370197903,64.27004219409282,64.33036133270765,0.06818181818181818,0.0008021449921325364,0.004404355013986028,0.0007873722816075167,0.004765994614243536,0.003884531101314783,0.011353577528702278,0.003767217621886562,0.011853210804258822,0.0001086610146135392,0.0007888715238732822,0.00012251262406976418,0.0007740792200300823,0.0002489869709427862,0.00410814047582606,0.0002113002987378263,0.004396402858509366,64.10058057540338,64.43826626743949,64.0975253727904,64.47466765728252,64.1378534610328,64.51409686712275,64.15556913906505,64.50625291773797,0.03126042218349552,0.11155749343053316,0.02996811409357064,0.11041940789473682
speech_run_length,1,all,0.0,46835,0.02525888758407174,0.22054019429913527,0.023379950891427352,0.0018789366926443899,74.08670031373619,81.21909522051516,0.07896108408617095,0.021757263649930643,0.02922773015688533,0.02113966985179172,0.029461323029551092,0.20090939910011107,0.23975660077715552,0.1939588568618613,0.2494942885506356,0.020528736197568113,0.02599920729122003,0.019721682597891952,0.026789654835607166,-0.003490277206916301,0.007731115252211917,-0.004580990527533905,0.008969823716309127,72.98913911806689,75.3546189582362,72.87041321457956,75.57834556535813,79.6784235926405,82.74043517455937,79.53469227121153,82.87549095823351,0.06972939698104297,0.08991633370174185,0.06766739484376093,0.09162104810836695
speech_run_length,2-4,all,2.84,50,0.22,0.1,0.02,0.2,104.72727272727273,78.76923076923077,0.3125,0.07309762278831407,0.33539428919051545,0.06311489880751761,0.3385514451581027,0.007593960590512035,0.18220701182709786,0.0053050968656064195,0.18577494692144372,0.0010065103352130047,0.046189018277608324,0.000959464834370872,0.04815617913832195,0.03607448082963761,0.32840961074837555,0.018272489581590872,0.331779331010085,68.29107786002918,142.49601823163945,67.76909958442357,144.68150781893004,64.94216789026933,96.08672666040964,64.66160662685417,97.10378814699426,0.30795444931548993,0.32824480345097373,0.3076923076923077,0.330360926150121
speech_run_length,5-10,all,7.846153846153846,156,0.00641025641025641,0.2564102564102564,0.00641025641025641,0.0,64.55652173913043,64.55652173913043,0.0,0.0002308694933095723,0.017020373063971014,0.0,0.0169119601689165,0.10706202765808649,0.3736158578505668,0.09610613945911328,0.38313091067012317,0.00033371479959367267,0.0150393269481944,0.0,0.015480225932240313,-0.011768743858108662,0.013295021289682418,-0.011832346632066922,0.013732430567768284,64.02048989183622,65.33865182600296,64.0,65.3228824906393,64.02048989183622,65.33865182600296,64.0,65.3228824906393,0.0,0.0,0.0,0.0
speech_run_length,11-25,all,20.96028880866426,554,0.01263537906137184,0.052346570397111915,0.0018050541516245488,0.010830324909747292,68.38857142857142,67.18773946360153,0.08333333333333333,0.0008061134378626214,0.029919611624295486,0.00048659053285770703,0.02913291811709036,0.0033396128140022884,0.12395267672922415,0.002015875064696215,0.12069351791366005,0.00011515906255180304,0.004274230232042212,6.951293326538672e-05,0.004161845445298623,0.0006909543753108183,0.025645381392253273,0.0004170775995923203,0.024971072671791734,64.26621553765133,75.24120396421338,64.16048132021098,74.90506261353946,64.19233344671481,72.23924502673422,64.11592740077981,71.98932136083451,0.08333333333333333,0.08333333333333333,0.08333333333333333,0.08333333333333333
speech_run_length,26-50,all,40.7882867721306,5942,0.008078088185796028,0.09222484012117133,0.0072366206664422755,0.000841467519353753,66.69992663242847,69.74986020503262,0.15100671140939598,0.006045255067459565,0.0100868320735879,0.005741512379430241,0.010463196997268288,0.07118714631566095,0.11381913973055062,0.07476581616110294,0.10713892479375249,0.004731368814872011,0.00972605081551051,0.005313066260265022,0.00905337525386112,-0.0025896396300865805,0.0042089052523247425,-0.0025468063741654764,0.004334530083036769,65.8981827150266,67.58192685318372,65.83574166586106,67.58591624949928,68.15735008770599,71.57789388472419,68.38874209942935,71.13654911563602,0.11492484903743498,0.197395421443596,0.11989085647378525,0.19450815644707925
speech_run_length,>50,all,212.9086544943476,244763,0.011157732173571987,0.053668242340549836,0.005123323378124962,0.006034408795447024,65.97215115979603,67.38251045697979,0.16310581710468267,0.008668909741510853,0.013563832684443358,0.008308462193372269,0.01383354565158632,0.04735240675434729,0.059721793184479184,0.04582988074347137,0.060707398981727466,0.0045072795827254914,0.005778590606132597,0.004232339512081782,0.005947402083665047,0.0032824042610858236,0.008524323222039828,0.003235885453202223,0.008771662196884987,65.52403930450987,66.40183949614348,65.42928346195959,66.47857968920833,67.06163128295265,67.69048095172624,66.98573957757415,67.76236909822522,0.14743584211032107,0.17640143171321973,0.14724067338905283,0.17685045539915237
speech_run_length,1,clean,0.0,9054,0.005080627347028938,0.07377954495250717,0.03876739562624255,-0.03368676827921361,70.00917209751388,78.1612622686048,0.0742296918767507,0.003706896021765119,0.006464551834182392,0.003625365710821411,0.006663102011634286,0.06243409083872885,0.08595199128407632,0.0574442257311448,0.09123962456473164,0.031117434569915392,0.046493526157656,0.030167797080710365,0.04873538715751262,-0.04155898742955615,-0.026099239482473603,-0.04375176480755053,-0.024621711596814127,69.00588171974083,71.07649570938342,68.84453564311875,71.35274678307434,75.53114308521604,80.91299182633654,75.15247997623064,81.72109201208919,0.05955002125114036,0.08995770584159118,0.05450676282474015,0.0954498198726294
speech_run_length,2-4,clean,3.0,11,0.36363636363636365,0.18181818181818182,0.09090909090909091,0.2727272727272727,72.0,64.0,0.16666666666666666,0.13543539347350048,0.5566992629533938,0.11701452640673939,0.5571880848409231,0.009186962875943136,0.3873734728108745,0.009476447945175,0.3950689061154177,0.0061884868653968705,0.22276577412513257,0.004324945887445888,0.23497842722240292,-0.060251707156457134,0.5268946082223697,-0.09445402298850575,0.5284974093264249,64.81699730441893,76.64922687931538,64.0,76.8,64.0,64.0,64.0,64.0,0.017643171496463775,0.32098992374727664,0.0,0.32382239382239375
speech_run_length,5-10,clean,7.9655172413793105,29,0.034482758620689655,0.2413793103448276,0.0,0.034482758620689655,66.9090909090909,66.9090909090909,0.0,0.0016762774573051945,0.08921113171410419,0.0,0.09091454109439719,0.06583809604720493,0.3970866182953527,0.07531331528427271,0.40750085616438353,0.0,0.0,0.0,0.0,0.0016762774573051945,0.08921113171410419,0.0,0.09091454109439719,64.12556384007205,72.03335021742245,64.0,72.29081115892392,64.12556384007205,72.03335021742245,64.0,72.29081115892392,0.0,0.0,0.0,0.0
speech_run_length,11-25,clean,20.926829268292682,82,0.012195121951219513,0.0975609756097561,0.0,0.012195121951219513,64.0,64.0,0.0,0.0008329695772260598,0.027022116227296996,0.000651848096801922,0.027559416975451594,0.006663756617808479,0.21617692981837597,0.005214784774415376,0.22047533580361275,0.0,0.0,0.0,0.0,0.0008329695772260598,0.027022116227296996,0.000651848096801922,0.027559416975451594,64.0,64.0,64.0,64.0,64.0,64.0,64.0,64.0,0.0,0.0,0.0,0.0
speech_run_length,26-50,clean,40.676206050695015,1223,0.005723630417007359,0.0866721177432543,0.001635322976287817,0.004088307440719542,65.75110326566637,68.34285714285714,0.168141592920354,0.0022838859621107216,0.009458749068656666,0.0023623948497444184,0.009475723002642489,0.06158809516946429,0.11470168104807552,0.06611121274523431,0.10748121807821279,0.00038800011686764853,0.0029806062908030095,0.000445840214312581,0.002817548370500713,0.00016491076687681267,0.007955359924871678,0.00011487720517135845,0.008299154094447248,64.91806835398364,66.67497114502166,64.93347171696189,66.49585073034467,66.6317467713509,70.17468616259094,67.00177359267404,69.6647414668067,0.10263356380772645,0.21974354628259993,0.1040337959760245,0.2279511308133361
speech_run_length,>50,clean,210.0975156329221,47336,0.010140273787392259,0.05167314517491972,0.0033167145512928847,0.006823559236099374,65.24745044368902,67.82036381448579,0.18010936431989064,0.008496936547651369,0.011887267440007116,0.007876499881371476,0.012352296844354564,0.04620894454020903,0.05691367891790364,0.04496888051638901,0.05795369670821465,0.002348396911602859,0.0043105033846698474,0.0022102515311576134,0.004430228253606993,0.004645886272306476,0.009064356268602107,0.003963748279100043,0.009735142106528693,65.08949554113444,65.40638565643117,65.07550392993811,65.42029448442487,67.42665566344306,68.21979676031202,67.34732428729797,68.2724503348395,0.1693661837047308,0.1915071309283766,0.16550392881323464,0.19467161355346455
speech_run_length,1,seen/-5,0.0,4208,0.03564638783269962,0.4365494296577947,0.018773764258555134,0.016872623574144485,76.80525883319639,85.73691157061153,0.07247106190236538,0.02596743954928238,0.04697399942717431,0.026923876530421137,0.043913568010445464,0.38756661213291954,0.4899557194100568,0.3862714454673452,0.48588563660844064,0.01221913014931368,0.024864175117266678,0.013486199196400104,0.02247133279023731,0.004631360929016267,0.03072412330253084,0.007817361941312431,0.026774114021050375,74.31765371546803,79.99377161789538,74.22000127431579,78.84591641518578,81.00354122317536,91.54730083827005,81.80122619367988,89.087313402008,0.05479754271198765,0.09177361239415059,0.054833490775757714,0.09026854574228804
speech_run_length,2-4,seen/-5,2.0,2,0.0,0.0,0.0,0.0,64.0,64.0,,0.0,0.0,0.0,0.0,0.0,0.0,0.0,0.0,0.0,0.0,0.0,0.0,0.0,0.0,0.0,0.0,64.0,64.0,64.0,64.0,64.0,64.0,64.0,64.0,,,,
speech_run_length,5-10,seen/-5,,0,,,,,,,,,,,,,,,,,,,,,,,,,,,,,,,,,,,
speech_run_length,11-25,seen/-5,20.533333333333335,120,0.041666666666666664,0.10833333333333334,0.0,0.041666666666666664,75.3644859813084,67.6923076923077,0.16666666666666666,0.003787878787878788,0.09012253881346864,0.0018216323169860781,0.0928238727588975,0.009848484848484848,0.2343186009150185,0.0047362440241638035,0.2413420691731335,0.0,0.0,0.0,0.0,0.003787878787878788,0.09012253881346864,0.0018216323169860781,0.0928238727588975,64.93037490436113,92.62523018898175,64.44512922699695,93.75618539658548,64.29447852760737,73.7264426160926,64.14072166262909,74.14117009750812,0.16666666666666666,0.16666666666666666,0.16666666666666666,0.16666666666666666
speech_run_length,26-50,seen/-5,42.75231053604436,541,0.005545286506469501,0.053604436229205174,0.011090573012939002,-0.005545286506469501,66.24124513618678,69.27058823529411,0.125,0.00028086747726233454,0.01196636160231521,0.00021448755711769927,0.016063592792893572,0.024852142093175728,0.08430834318150994,0.02327053930794479,0.08181508934548368,0.002217024010181412,0.020970684461682428,0.002898506780110393,0.01888366498385526,-0.017728340275623627,0.007520226520134391,-0.016129228543703536,0.0108863960733972,64.59742649854766,67.93652230116709,64.74444014328031,68.50734255814996,65.06175112361927,73.91249967956384,65.38622814286018,72.75974698052418,0.04402019515810277,0.21869554507181033,0.07243788819875777,0.17182135804344517
speech_run_length,>50,seen/-5,212.37283000327545,24424,0.005609236816246315,0.04217163445791025,0.00982640026203734,-0.004217163445791025,65.46683738796415,68.14544829364738,0.11139674378748929,0.0039054937439268545,0.0072857660252047115,0.0040685243586149195,0.006632731292635236,0.03550256772620373,0.04950088653649341,0.03517827837989066,0.04945888516345983,0.006177387284782228,0.01426828916888109,0.006343582043730141,0.013471607368210627,-0.009218972722158885,6.529049885408102e-07,-0.008018284598921935,-0.0007405582507688899,65.04889503656318,65.92855229036306,65.04446656671522,65.93502721695616,67.04296689106013,69.40081711875598,67.09718684668732,69.23207740517789,0.08733803561631118,0.13535264220657098,0.08848698030642904,0.13409883618671833
speech_run_length,1,seen/0,0.0,3930,0.06921119592875317,0.37353689567430026,0.009414758269720101,0.05979643765903308,88.5766049625837,91.96956889264581,0.09597701149425288,0.05363700192921101,0.089914456371632,0.049284951604296835,0.09652649648540315,0.3038338881822679,0.4299314196242841,0.3282539990067779,0.4164654520224931,0.005084300748204116,0.014620328195297282,0.0050156337925758646,0.016022206562442638,0.04253700105029424,0.0812500729437267,0.03916971777425011,0.08756793161986222,82.10878838846271,96.69138956021303,80.79759964359887,98.81883824235287,85.30261908889786,99.71674371858538,84.49048525967098,101.45667863641145,0.0764079324481863,0.12287193435450897,0.07488082300076293,0.12413375636517393
speech_run_length,2-4,seen/0,,0,,,,,,,,,,,,,,,,,,,,,,,,,,,,,,,,,,,
speech_run_length,5-10,seen/0,,0,,,,,,,,,,,,,,,,,,,,,,,,,,,,,,,,,,,
speech_run_length,11-25,seen/0,21.047619047619047,42,0.0,0.0,0.0,0.0,64.0,68.57142857142857,,0.0,0.0,0.0,0.0,0.0,0.0,0.0,0.0,0.0,0.0,0.0,0.0,0.0,0.0,0.0,0.0,64.0,64.0,64.0,64.0,64.39602459634229,73.14943944836898,64.21867881548975,73.23771620371956,,,,
speech_run_length,26-50,seen/0,43.333333333333336,384,0.0026041666666666665,0.0546875,0.010416666666666666,-0.0078125,66.77506775067751,72.46280991735537,0.2727272727272727,0.00011925765374861721,0.005069204075443471,0.0,0.005352051813513672,0.03150922851841986,0.07676578724953483,0.032019083552055995,0.0761620205425515,0.002651829341579479,0.018289008812856587,0.0025365565629469106,0.018422691414919395,-0.017385723386624093,0.001100748637629157,-0.017690471896902298,0.0016210303165454425,64.80226872572763,68.74557005094601,64.80854789467524,68.87564713696325,69.31955403048295,76.06895375859261,69.82100209725358,75.63478639013458,0.16730636321540385,0.334204568632485,0.16285382886402153,0.337842596117244
speech_run_length,>50,seen/0,215.51293951470515,19823,0.0023709832013317864,0.03400090803611966,0.010442415376078294,-0.008071432174746507,65.01100046921432,67.61056730870435,0.11650485436893204,0.0009155653163496252,0.003991913307440201,0.0008502286394353856,0.004126325427842071,0.029126743587256677,0.0395091503068548,0.02913607473120413,0.040067542170024235,0.008014238420237284,0.012988895756122387,0.00739565863227192,0.013653403819652606,-0.011268964196906596,-0.004924358240122834,-0.01173644875967476,-0.004264195342835061,64.708951244757,65.3322637230969,64.68119421657235,65.36871468152653,66.59440706189685,68.72749169346935,66.50859030115527,68.89798890591616,0.07567132870958636,0.1515798663667275,0.07299490927618806,0.15728513501499886
speech_run_length,1,seen/5,0.0,3176,0.0670654911838791,0.28494962216624686,0.008816120906801008,0.058249370277078084,86.21029857204674,86.00092038656236,0.129695885509839,0.05225180364082391,0.08091450917864068,0.0488086671385353,0.08494861271781615,0.21291655855544017,0.35502418199068997,0.220625299931921,0.3477097721209445,0.0052707782677125425,0.012809948920720635,0.00501298440549131,0.013343399852285246,0.04238861553769685,0.073258025093694,0.03768758595538027,0.07758589256480831,80.37932022460018,92.55802357582724,80.51789939762894,92.8889469706307,80.86140364569998,91.54045655856451,82.17849719523957,90.33123921151794,0.1081421863105008,0.1541392989422672,0.10893857933582804,0.15425994770308998
speech_run_length,2-4,seen/5,,0,,,,,,,,,,,,,,,,,,,,,,,,,,,,,,,,,,,
speech_run_length,5-10,seen/5,6.894736842105263,19,0.0,0.0,0.05263157894736842,-0.05263157894736842,64.0,64.0,,0.0,0.0,0.0,0.0,0.0,0.0,0.0,0.0,0.004704202361548084,0.08978182877220921,0.0,0.0958904109589041,-0.08978182877220925,-0.004704202361548084,-0.0958904109589041,0.0,64.0,64.0,64.0,64.0,64.0,64.0,64.0,64.0,,,,
speech_run_length,11-25,seen/5,22.0,22,0.0,0.0,0.0,0.0,64.0,64.0,,0.0,0.0,0.0,0.0,0.0,0.0,0.0,0.0,0.0,0.0,0.0,0.0,0.0,0.0,0.0,0.0,64.0,64.0,64.0,64.0,64.0,64.0,64.0,64.0,,,,
speech_run_length,26-50,seen/5,40.28709677419355,620,0.0064516129032258064,0.06774193548387097,0.01129032258064516,-0.004838709677419355,67.40893470790378,71.76429809358753,0.15217391304347827,0.0015863126902516136,0.011087279500911535,0.0013234229379986454,0.01068209284880813,0.04834223865345343,0.08831213706747462,0.045640389975302786,0.0904721021112491,0.006702947635155033,0.015465956508926319,0.0064156132308180605,0.01631340784199091,-0.012208426805013823,0.002814808144100888,-0.013457730855471039,0.0032905066309811015,65.46241294380961,69.28030330727454,65.4144308553509,69.72633551463355,69.25900635154503,74.29200516518665,68.73772918141869,75.57654697024181,0.09604676769928656,0.20475838419716832,0.11587207244747103,0.18907319291802746
speech_run_length,>50,seen/5,194.7608695652174,16836,0.0014849132810643858,0.03557852221430269,0.008256117842717986,-0.0067712045616536,64.42490932562858,66.7638433459135,0.08974358974358974,0.0009485430354218549,0.0021395230577338077,0.0009099310603035355,0.0022635103627428347,0.02786127491767054,0.042542248111061165,0.028028316035287187,0.04296725705386934,0.0067719148697776245,0.009652731257115594,0.006507502147038791,0.009770661244382032,-0.008514942787621266,-0.004928847574427549,-0.008593291631625926,-0.0044886109375289595,64.31802135602545,64.54039680963575,64.31005185885218,64.55807870312161,66.34687890700545,67.23666644262786,66.3508232156416,67.29306400777324,0.07234792345699342,0.11415256647104345,0.07287444008958566,0.11325645712004179
speech_run_length,1,seen/10,0.0,5148,0.04312354312354312,0.20337995337995338,0.01048951048951049,0.03263403263403263,77.37107219956825,82.032,0.12687155240346729,0.032664567396258455,0.0533953437035286,0.03254844981186908,0.05769048424456382,0.155899336871219,0.24817736523613276,0.15308660338102456,0.25258882501813307,0.007796405534979599,0.013477637602663862,0.006972076081678242,0.013590367130612808,0.020716608291271164,0.044040317803152276,0.020532408291953665,0.04896625664685303,74.40055588439988,80.36531376368728,74.86537879168151,80.68763104879463,78.04184529941767,86.13823175751287,78.2111308374881,86.65774211558956,0.10064950693216994,0.15976058963756617,0.10006390272515889,0.16426752091790794
speech_run_length,2-4,seen/10,3.2222222222222223,9,0.2222222222222222,0.1111111111111111,0.0,0.2222222222222222,128.0,64.0,0.6666666666666666,0.014680816980376451,0.4917263047652294,0.011299435028248588,0.5079365079365079,0.007340408490188226,0.2458631523826147,0.005649717514124294,0.25396825396825395,0.0,0.0,0.0,0.0,0.014680816980376451,0.4917263047652294,0.011299435028248588,0.5079365079365079,67.78608058608059,230.9218771653543,66.9090909090909,238.29787234042553,64.0,64.0,64.0,64.0,0.6666666666666666,0.6666666666666666,0.6666666666666666,0.6666666666666666
speech_run_length,5-10,seen/10,8.333333333333334,15,0.0,0.4,0.0,0.0,64.0,64.0,0.0,0.0,0.0,0.0,0.0,0.05900439824070372,0.5851300141100584,0.03428571428571429,0.5920155844155844,0.0,0.0,0.0,0.0,0.0,0.0,0.0,0.0,64.0,64.0,64.0,64.0,64.0,64.0,64.0,64.0,0.0,0.0,0.0,0.0
speech_run_length,11-25,seen/10,23.043478260869566,46,0.0,0.0,0.0,0.0,64.0,64.0,,0.0,0.0,0.0,0.0,0.0,0.0,0.0,0.0,0.0,0.0,0.0,0.0,0.0,0.0,0.0,0.0,64.0,64.0,64.0,64.0,64.0,64.0,64.0,64.0,,,,
speech_run_length,26-50,seen/10,41.225806451612904,682,0.008797653958944282,0.036656891495601175,0.005865102639296188,0.002932551319648094,65.7428139183056,68.006106870229,0.25806451612903225,0.003772406495590665,0.01640802567856375,0.00368007288270547,0.016667011711818287,0.024011541094670477,0.05086682102405018,0.022595440889474863,0.05138341242646581,0.0015914769849042069,0.008597421808638194,0.0016861637715012915,0.008491843515236831,-0.0037926457229268138,0.013742054406247808,-0.003976221256629143,0.014147755832693216,64.734292896037,67.24184995446862,64.72131558172266,67.18159156207913,65.8396780492231,71.25350178275455,65.73296001589381,71.282043782391,0.14646649752462274,0.3910151330942609,0.142317344436206,0.4059590733140111
speech_run_length,>50,seen/10,209.0143768201423,27127,0.003538909573487669,0.037416596011354004,0.005861318981088952,-0.0023224094076012827,64.72577319587629,66.11173141339083,0.12421242124212421,0.0024039265296961427,0.004674708482351557,0.002298249898013744,0.004668724510665136,0.030644860312208137,0.044544946004919914,0.030507625498023865,0.04435450754997054,0.004607975341572604,0.007178915794144926,0.004258155957718706,0.007765371911241051,-0.0044141300629026055,-0.00028640391981432645,-0.005115526541376585,1.1112949388391565e-05,64.49468722348823,64.95600931296153,64.49395273951583,64.97273143953676,65.69750843689245,66.53536379353682,65.7316219041361,66.57818289231687,0.09894950681711573,0.15046126744672383,0.09350671270245157,0.15615346524693452
speech_run_length,1,seen/15,0.0,4586,0.011993022241604884,0.1190580026166594,0.01286524204099433,-0.0008722197993894462,72.10666666666667,74.10183299389001,0.08485856905158069,0.009105328334124705,0.014733371888750797,0.008547797117799943,0.015365670232408675,0.08853999027277261,0.1504647676134439,0.07886235199189559,0.15750654009188364,0.007502826968954461,0.017576026482554224,0.007678868244497746,0.018062143202966542,-0.007396114018567876,0.006086885079312754,-0.008349401489153495,0.006411235204253426,69.64825921681349,74.86084778856153,69.48543486720979,75.01417399008768,71.0009897651533,77.19957506941805,70.96844441304282,77.60921407229813,0.06869333276235497,0.10152032635915396,0.07012330872009129,0.10590632130595182
speech_run_length,2-4,seen/15,3.2222222222222223,9,0.2222222222222222,0.0,0.0,0.2222222222222222,156.44444444444446,91.42857142857143,1.0,0.01390597532756016,0.4772474805313785,0.0,0.5055238095238094,0.0,0.0,0.0,0.0,0.0,0.0,0.0,0.0,0.01390597532756016,0.4772474805313785,0.0,0.5055238095238094,69.78488573626503,262.53495190105343,64.0,274.2979047619047,65.3538004286735,151.6434109531365,64.0,162.1448648648648,1.0,1.0,1.0,1.0
speech_run_length,5-10,seen/15,10.0,10,0.0,0.8,0.0,0.0,64.0,64.0,0.0,0.0,0.0,0.0,0.0,0.8,0.8,0.8,0.8,0.0,0.0,0.0,0.0,0.0,0.0,0.0,0.0,64.0,64.0,64.0,64.0,64.0,64.0,64.0,64.0,0.0,0.0,0.0,0.0
speech_run_length,11-25,seen/15,20.3,80,0.0125,0.1,0.0,0.0125,66.66666666666667,66.66666666666667,0.0,0.0009188154428438042,0.033526951266920256,0.0,0.033584928617780646,0.0073505235427504334,0.26821561013536205,0.0,0.26867942894224517,0.0,0.0,0.0,0.0,0.0009188154428438042,0.033526951266920256,0.0,0.033584928617780646,64.17771889751789,72.79655384011191,64.0,72.8173469387755,64.17771889751789,72.79655384011191,64.0,72.8173469387755,0.0,0.0,0.0,0.0
speech_run_length,26-50,seen/15,37.652027027027025,592,0.006756756756756757,0.08614864864864864,0.008445945945945946,-0.0016891891891891893,65.17216117216117,66.87102803738318,0.14545454545454545,0.0019257803275058959,0.01053578295768448,0.0017002010048808075,0.011740891243408337,0.053619035319108235,0.11520336430167978,0.05658416972228951,0.11400442006549258,0.0016577875570435406,0.017301081477167867,0.0014555308269714453,0.017481859368134196,-0.013818348994533564,0.007400560875979232,-0.013357762246154755,0.00843146485297859,64.34306541456789,65.97733529978024,64.3202532915776,66.1708295521906,64.77822022929394,69.08069461463636,64.74552082182493,69.4273596491857,0.09643878263746565,0.19736618684180504,0.0953196797400789,0.20306082953283522
speech_run_length,>50,seen/15,213.55710594315246,23220,0.0050387596899224806,0.0380275624461671,0.002842377260981912,0.0021963824289405686,64.68170068633567,66.26256833049557,0.133,0.002910422833853246,0.007045119386393299,0.002924620136976926,0.007375266323447238,0.03369234040856208,0.04263094150634204,0.03272248677368616,0.043756570940289535,0.002271081890718106,0.0035083743434116796,0.0024125176308499767,0.0033030976068356877,-9.556204225467069e-05,0.00432518135253259,-9.988436989071304e-05,0.004662536148859036,64.4911054410519,64.86446435901019,64.48260088677554,64.91005195069532,65.89138359899569,66.65314015088585,65.83992936746617,66.74761338261887,0.10760588989086305,0.1582528472643883,0.1075245381347991,0.1607152171273736
speech_run_length,1,seen/20,0.0,4638,0.01121172919361794,0.10435532557136697,0.01164294954721863,-0.00043122035360068997,69.09775524981897,70.07414730598121,0.07276119402985075,0.007469146071926799,0.014854011335243885,0.008402640660187947,0.014162157024734806,0.08277291122883276,0.12847790779511348,0.07373143548494883,0.13893199484462293,0.009207046259957191,0.014272507949700001,0.008789802255481807,0.014763941108666474,-0.005485432208427419,0.004473605070491118,-0.004957149142904537,0.003930837060558314,68.2164248680825,70.1254678760604,68.21121016371805,70.10410544714627,68.68691068659555,71.38368018306946,68.68557221678262,71.21993878785393,0.05899120533410574,0.08554043348104316,0.059708310390528804,0.08706652528082379
speech_run_length,2-4,seen/20,2.0,4,0.0,0.0,0.0,0.0,64.0,64.0,,0.0,0.0,0.0,0.0,0.0,0.0,0.0,0.0,0.0,0.0,0.0,0.0,0.0,0.0,0.0,0.0,64.0,64.0,64.0,64.0,64.0,64.0,64.0,64.0,,,,
speech_run_length,5-10,seen/20,5.0,10,0.0,0.0,0.0,0.0,64.0,64.0,,0.0,0.0,0.0,0.0,0.0,0.0,0.0,0.0,0.0,0.0,0.0,0.0,0.0,0.0,0.0,0.0,64.0,64.0,64.0,64.0,64.0,64.0,64.0,64.0,,,,
speech_run_length,11-25,seen/20,16.0,16,0.0,0.0,0.0,0.0,64.0,64.0,,0.0,0.0,0.0,0.0,0.0,0.0,0.0,0.0,0.0,0.0,0.0,0.0,0.0,0.0,0.0,0.0,64.0,64.0,64.0,64.0,64.0,64.0,64.0,64.0,,,,
speech_run_length,26-50,seen/20,39.959349593495936,738,0.005420054200542005,0.052845528455284556,0.005420054200542005,0.0,64.0,66.21007194244605,0.27906976744186046,0.0021521176303917733,0.008592545630718384,0.002205601256654057,0.008558459469074645,0.03196310768544023,0.07272229630975155,0.0315463776564182,0.07252703076502647,0.00028292419432139235,0.01191096744290266,0.0,0.011714820190435595,-0.007842420563650835,0.006638803379019859,-0.007666510002706562,0.007096054369187855,64.0,64.0,64.0,64.0,64.31904770746732,68.62892136538767,64.24953040541352,68.51437768785199,0.16105079178222328,0.3963477464630336,0.15323641176721747,0.396079517679648
speech_run_length,>50,seen/20,210.51540904798696,23298,0.003777148253068933,0.039745900935702634,0.002489484075886342,0.0012876641771825909,64.64378866782393,66.09507624882608,0.11439842209072978,0.0026550926926294837,0.005178679553480439,0.0023968053552973967,0.005431200230937373,0.03513144788569308,0.04498195985164329,0.03386231810062992,0.04662401531269714,0.001899082895180762,0.0030722603318923142,0.0019126583420217365,0.00306841934109621,-0.00011214801566819462,0.0029089753952604787,-0.0004349408554268237,0.00320058752144664,64.50714055769794,64.7981881564983,64.51731120739443,64.79569913366366,65.78535459288604,66.4282202897499,65.74751338606181,66.47640079374723,0.09328318501313912,0.13528014063029864,0.08815717691905005,0.1397319783949201
speech_run_length,1,unseen/-5,0.0,2735,0.004753199268738574,0.23107861060329069,0.07678244972577697,-0.0720292504570384,67.25840537944285,102.43843843843844,0.021705426356589147,0.002812983981700087,0.007997852081021937,0.0026949560647544454,0.009640472349843344,0.1473381910698781,0.36356984114230884,0.1475527309511393,0.40318225404024766,0.04262689336356654,0.10239257173356271,0.029803602435796262,0.1082300979208994,-0.09729327743018641,-0.036249047714773115,-0.10346474940349723,-0.021774542239711096,66.06820177897062,69.35645940492415,66.17437913616398,70.40046694354024,85.0413848267748,118.29968182594003,79.41623410335941,118.1326422448581,0.010453822650039982,0.037029075452638574,0.010356486961623399,0.036750039751282486
speech_run_length,2-4,unseen/-5,,0,,,,,,,,,,,,,,,,,,,,,,,,,,,,,,,,,,,
speech_run_length,5-10,unseen/-5,10.0,10,0.0,0.0,0.0,0.0,64.0,64.0,,0.0,0.0,0.0,0.0,0.0,0.0,0.0,0.0,0.0,0.0,0.0,0.0,0.0,0.0,0.0,0.0,64.0,64.0,64.0,64.0,64.0,64.0,64.0,64.0,,,,
speech_run_length,11-25,unseen/-5,24.0,24,0.0,0.0,0.0,0.0,64.0,64.0,,0.0,0.0,0.0,0.0,0.0,0.0,0.0,0.0,0.0,0.0,0.0,0.0,0.0,0.0,0.0,0.0,64.0,64.0,64.0,64.0,64.0,64.0,64.0,64.0,,,,
speech_run_length,26-50,unseen/-5,39.322916666666664,192,0.010416666666666666,0.28125,0.005208333333333333,0.005208333333333333,64.46715328467154,64.0,0.03571428571428571,0.0009672739723558775,0.015295875755953151,0.0,0.015936481862980877,0.07702802007494684,0.6413284943490825,0.07410968918930107,0.6880842033111884,0.0002873573145504203,0.014302184597980796,0.0,0.015352511224103414,-0.01241901451158124,0.014482532019149617,-0.013854778897285194,0.01504836391466464,64.01992329639582,66.6459706314565,64.0,67.31867243867244,64.0,64.0,64.0,64.0,0.001972365341149579,0.1451448527463793,0.001216325821215457,0.15203437499999997
speech_run_length,>50,unseen/-5,234.12741870734644,12455,0.053392211963067045,0.17623444399839422,0.004335608189482136,0.04905660377358491,75.42374832150394,71.90394511149228,0.1618881118881119,0.03008381609041259,0.0727301656371539,0.025639847409424776,0.06956061348131082,0.10814741767019918,0.24154420243588046,0.09910935490822291,0.24778457306736903,0.002722179713621508,0.005859160868603264,0.002432859157348198,0.006322040563405513,0.02554038650049539,0.06891210608046305,0.021295232332466957,0.0658542442862408,70.47112107186689,79.97918733711015,69.12985067179785,80.59201044376955,69.01591829475065,74.67586306831446,68.55083439948744,74.29537024939631,0.11721887356375922,0.2055673508371854,0.10543422273828695,0.208599747645305
speech_run_length,1,unseen/0,0.0,2075,0.02313253012048193,0.3619277108433735,0.020240963855421686,0.002891566265060241,74.209179834462,84.49607535321822,0.04505632040050062,0.014872354473437857,0.03193327640501136,0.014667386981597103,0.033515562708303526,0.1976808192933073,0.5215044149882061,0.17970810232099993,0.5208797252469444,0.009584430472037121,0.03311059185118906,0.010131447391826044,0.033997816983154884,-0.01488562659134251,0.01764153172003944,-0.013981699854041236,0.018588891389044727,71.81126458111443,77.20003389194765,71.75112358226436,76.99542934796042,76.36312981858212,95.08770766028616,76.81666172563068,94.290488264417,0.024430966914237004,0.09509964938037652,0.02348925385793584,0.10714908348276544
speech_run_length,2-4,unseen/0,,0,,,,,,,,,,,,,,,,,,,,,,,,,,,,,,,,,,,
speech_run_length,5-10,unseen/0,5.0,10,0.0,0.0,0.0,0.0,64.0,64.0,,0.0,0.0,0.0,0.0,0.0,0.0,0.0,0.0,0.0,0.0,0.0,0.0,0.0,0.0,0.0,0.0,64.0,64.0,64.0,64.0,64.0,64.0,64.0,64.0,,,,
speech_run_length,11-25,unseen/0,,0,,,,,,,,,,,,,,,,,,,,,,,,,,,,,,,,,,,
speech_run_length,26-50,unseen/0,43.159624413145536,213,0.0,0.16901408450704225,0.014084507042253521,-0.014084507042253521,66.14525139664805,71.59322033898304,0.05555555555555555,0.0,0.0,0.0,0.0,0.008795863940976173,0.3741370219472009,0.008270465953784315,0.3958591910439014,0.003702882653560454,0.025023384724070976,0.00410192781646334,0.024734598008316646,-0.02502338472407098,-0.003702882653560455,-0.024734598008316656,-0.004101927816463341,64.09460850354938,70.17150737453758,64.08891282243071,70.74377196128187,66.20729073299128,77.75193490249035,66.38069794512832,77.44252672058913,0.05555555555555555,0.05555555555555555,0.05555555555555555,0.05555555555555555
speech_run_length,>50,unseen/0,231.33175748527827,12057,0.02736999253545658,0.08642282491498715,0.006220452848967405,0.021149539686489176,69.14393598849232,69.2624584717608,0.19825072886297376,0.010872969028409724,0.050610425681064726,0.006602309414391624,0.054792580198725654,0.04786142793240844,0.14411501631626986,0.04204167605273153,0.14717565560068555,0.004222077321467476,0.00862114198461284,0.004296267313392571,0.008657507827929149,0.00394805052096364,0.0448603565706945,-0.00018978866131477405,0.048511884901972724,66.08075400518437,74.01226519739714,65.42356686280868,74.59443199030338,66.99663574559337,72.90871602984875,66.74787638437648,73.25612000924234,0.14204157450572816,0.22877777441969793,0.12180165687382248,0.23242165843240517
speech_run_length,1,unseen/5,0.0,2213,0.023045639403524627,0.2824220515137822,0.042476276547672845,-0.019430637144148215,69.82548650345261,88.8,0.05621301775147929,0.012666807603511207,0.03381642097666875,0.014746856236388987,0.03144203979197198,0.1575194542097032,0.40457169649641095,0.14581180717939593,0.4453180818265862,0.02129608401946105,0.06486781409688223,0.021843921197329974,0.06858415892909825,-0.04645470055201151,0.0073487089840608534,-0.05003215837808726,0.006254642729700961,68.02311971745162,72.12782842250995,67.76502149526895,72.6073923500575,79.67919039838856,97.16752586548711,79.55866350335772,101.88110705697932,0.03053808558650736,0.10942757023035135,0.027925825329416693,0.11360661057631759
speech_run_length,2-4,unseen/5,2.4285714285714284,7,0.0,0.0,0.0,0.0,64.0,64.0,,0.0,0.0,0.0,0.0,0.0,0.0,0.0,0.0,0.0,0.0,0.0,0.0,0.0,0.0,0.0,0.0,64.0,64.0,64.0,64.0,64.0,64.0,64.0,64.0,,,,
speech_run_length,5-10,unseen/5,7.571428571428571,14,0.0,0.6428571428571429,0.0,0.0,64.0,64.0,0.0,0.0,0.0,0.0,0.0,0.06883471672250989,0.974536570662563,0.045198418563405264,1.0,0.0,0.0,0.0,0.0,0.0,0.0,0.0,0.0,64.0,64.0,64.0,64.0,64.0,64.0,64.0,64.0,0.0,0.0,0.0,0.0
speech_run_length,11-25,unseen/5,24.0,24,0.0,0.0,0.0,0.0,64.0,64.0,,0.0,0.0,0.0,0.0,0.0,0.0,0.0,0.0,0.0,0.0,0.0,0.0,0.0,0.0,0.0,0.0,64.0,64.0,64.0,64.0,64.0,64.0,64.0,64.0,,,,
speech_run_length,26-50,unseen/5,41.98220640569395,281,0.03202846975088968,0.4306049822064057,0.0035587188612099642,0.028469750889679714,86.08187134502924,77.22666666666667,0.1076923076923077,0.014997453052675499,0.04968736890140576,0.008664219791672789,0.05041418814362923,0.2326208406920925,0.6324422383784838,0.23734621266090636,0.6456247151327309,0.000217944549461978,0.007534208295785731,0.00019619873723940548,0.006213388750017005,0.013704303532376325,0.043286504076536086,0.008168467271033559,0.04452460078755054,71.39301638364178,106.63380250380251,70.06901096831898,97.4587271965571,70.33065618018158,86.98062387595182,68.47854477489157,85.16412247331365,0.02916610222731428,0.24178985457074376,0.019487541330314856,0.2323272453886735
speech_run_length,>50,unseen/5,218.92087267990883,12284,0.04868121133181374,0.12235428199283621,0.0036633018560729403,0.0450179094757408,73.06112023353403,70.28593330778075,0.2441694431223227,0.01753962888973057,0.07970494823022575,0.01676845409185122,0.08396015302593578,0.05294175415599355,0.19133057678016294,0.05129144838693034,0.2013008852739852,0.002772248239277611,0.004615544134061371,0.0027694104935035357,0.004472140933085031,0.013713173802036672,0.07583504280017038,0.013082919768577296,0.08070945599014075,66.74942825312742,80.21411392593612,66.69059365539232,81.13274053739943,67.36061841120537,73.87464358388623,67.24797442711464,74.41655774165812,0.19248731464159952,0.2585346042621881,0.19497411925775665,0.2606083272599436
speech_run_length,1,unseen/10,0.0,1008,0.011904761904761904,0.21924603174603174,0.013888888888888888,-0.001984126984126984,69.26582278481013,75.50840879689521,0.030042918454935622,0.004737174697807706,0.018038078119477868,0.004275850292912523,0.018921765986728466,0.13213510164111794,0.33182763642172736,0.13290271613174812,0.34465119051741816,0.00810880358698755,0.023027891507717946,0.008069837048405182,0.022088226562031084,-0.014801416816945016,0.007178858952674612,-0.015733578604421934,0.009032355373626608,67.71755124906913,70.47581155410488,67.5250384395979,70.91423089248649,71.70242051916927,81.47022418026606,71.82246100336029,81.33355676699576,0.010981876678089543,0.05745364184927013,0.00901548897693289,0.05812773765847198
speech_run_length,2-4,unseen/10,2.6,5,0.2,0.4,0.0,0.2,128.0,128.0,0.0,0.01917032825019385,0.3231691193830172,0.015873015873015872,0.32673267326732675,0.0383406565003877,0.6463382387660344,0.031746031746031744,0.6534653465346535,0.0,0.0,0.0,0.0,0.01917032825019385,0.3231691193830172,0.015873015873015872,0.32673267326732675,67.82745098039216,239.44586646472283,67.14754098360656,245.02857142857144,67.82745098039216,239.44586646472283,67.14754098360656,245.02857142857144,0.0,0.0,0.0,0.0
speech_run_length,5-10,unseen/10,8.333333333333334,15,0.0,0.3333333333333333,0.0,0.0,64.0,64.0,0.0,0.0,0.0,0.0,0.0,0.03773230245424883,0.48913479423389905,0.026282051282051282,0.4936708860759494,0.0,0.0,0.0,0.0,0.0,0.0,0.0,0.0,64.0,64.0,64.0,64.0,64.0,64.0,64.0,64.0,0.0,0.0,0.0,0.0
speech_run_length,11-25,unseen/10,24.0,24,0.0,0.0,0.0,0.0,64.0,64.0,,0.0,0.0,0.0,0.0,0.0,0.0,0.0,0.0,0.0,0.0,0.0,0.0,0.0,0.0,0.0,0.0,64.0,64.0,64.0,64.0,64.0,64.0,64.0,64.0,,,,
speech_run_length,26-50,unseen/10,44.09090909090909,88,0.011363636363636364,0.056818181818181816,0.022727272727272728,-0.011363636363636364,64.0,83.80952380952381,0.5,0.0012856818171527297,0.02105391319207108,0.000578562728380026,0.021119000209599663,0.006428409085763649,0.10526956596035539,0.0028928136419001304,0.10559500104799832,0.0025713636343054594,0.04210782638414216,0.001157125456760052,0.042238000419199326,-0.021053913192071085,-0.0012856818171527386,-0.021119000209599663,-0.000578562728380052,64.0,64.0,64.0,64.0,66.15043435572346,102.25541697236487,64.96507936507936,102.38459383753501,0.5,0.5,0.5,0.5
speech_run_length,>50,unseen/10,222.01580651304513,5251,0.0055227575699866695,0.03732622357646163,0.0022852789944772423,0.003237478575509427,64.79027832222658,67.28658897886629,0.27555555555555555,0.002193207043578214,0.010715236905911472,0.001960791504240965,0.010961294402525426,0.025784348526715066,0.052550894421451666,0.02570111267530798,0.05302135992045616,0.0011936360278357752,0.003796127801425325,0.0009944451690205981,0.004019481430328663,-0.0004045983980509347,0.0085835024756111,-0.0007776684039529016,0.009090354549896765,64.38341836405486,65.4091098712627,64.38287419815997,65.42965007394666,65.87662380233152,69.54056841815134,65.93539646853046,69.42363170070277,0.15748091487807092,0.37429790184825706,0.15151244389935523,0.3775464480582301
speech_run_length,1,unseen/15,0.0,2683,0.014535967200894522,0.3201639955273947,0.016772269847185987,-0.0022363026462914647,75.0320826536161,80.53727945361412,0.04788418708240535,0.008983026226943854,0.019904533807688248,0.008688347383427431,0.020387585934463142,0.18260414383558554,0.4352915455786134,0.16803387897220617,0.45374103030468343,0.010648192151478521,0.024630137120254695,0.010255309994622056,0.024816881077395544,-0.013054356132541236,0.006524398798219677,-0.013534686366551071,0.0077251578386469885,70.99389966323915,80.18391129484888,70.65176024033732,80.9861863969315,76.17291684456804,86.32706654859102,75.778464366355,86.80555375623403,0.038379946022382455,0.0660303327939949,0.03689197552763263,0.07357582301481914
speech_run_length,2-4,unseen/15,,0,,,,,,,,,,,,,,,,,,,,,,,,,,,,,,,,,,,
speech_run_length,5-10,unseen/15,7.571428571428571,14,0.0,0.0,0.0,0.0,64.0,64.0,,0.0,0.0,0.0,0.0,0.0,0.0,0.0,0.0,0.0,0.0,0.0,0.0,0.0,0.0,0.0,0.0,64.0,64.0,64.0,64.0,64.0,64.0,64.0,64.0,,,,
speech_run_length,11-25,unseen/15,19.655172413793103,58,0.0,0.0,0.017241379310344827,-0.017241379310344827,79.44827586206897,79.44827586206897,,0.0,0.0,0.0,0.0,0.0,0.0,0.0,0.0,0.0011427757427757428,0.03788193694666377,0.0007591423226233132,0.03632499060319328,-0.03788193694666379,-0.0011427757427757432,-0.03632499060319328,-0.0007591423226233139,65.02392706552706,97.94221550421074,64.6801915210705,96.54719158046117,65.02392706552706,97.94221550421074,64.6801915210705,96.54719158046117,,,,
speech_run_length,26-50,unseen/15,39.37918215613383,269,0.026022304832713755,0.055762081784386616,0.01486988847583643,0.011152416356877323,74.11857707509881,84.224,0.22727272727272727,0.010468824512485106,0.0452184911041695,0.006397086508693203,0.03918148498975916,0.03210608070673996,0.07776465839934453,0.031548656951882754,0.07105445083770519,0.003395572354527375,0.029201096537774255,0.0009544125490646521,0.024469864239758787,0.0003765919589200572,0.02178428343505143,0.0038451005814259323,0.016033736403840784,66.66544596828709,83.86197515742754,65.0206013098818,80.62317551088698,67.73185581545088,106.44605155915664,65.67683773216031,97.81959206211322,0.10115092748735245,0.3123394639644804,0.022100457477126145,0.30927835051546393
speech_run_length,>50,unseen/15,219.18163779287187,13103,0.005342288025642982,0.030145768144699686,0.0025185072120888345,0.002823780813554148,64.71272841345777,65.56466876971609,0.14193548387096774,0.003053819428631489,0.007683571476937221,0.0032331363089946503,0.007799247883636614,0.021810609552589146,0.03906172114328213,0.021157748808505083,0.040694863704017925,0.0015671520456820938,0.0034779732857589687,0.0012796240126377062,0.0037559938046817353,-2.2018079434486463e-05,0.0057778873835995,0.00012943424006123225,0.0058947100375433045,64.43128228726304,65.0218672992121,64.41541322639948,65.03083986737239,65.10716907562467,66.10585811784208,65.06173762170725,66.15966742684446,0.10773932303079722,0.18356245578338481,0.10654857339179373,0.18785917875577438
speech_run_length,1,unseen/20,0.0,1381,0.00724112961622013,0.20709630702389573,0.020275162925416364,-0.013034033309196235,74.33394495412844,77.27272727272727,0.037162162162162164,0.0016618533076329484,0.013621131630755694,0.0017749925101089251,0.013684800513785445,0.1446219198079297,0.286269587833908,0.14299327358287342,0.28387101528601966,0.015328182381116797,0.02447391102380308,0.014611959354783814,0.025247816454764004,-0.021633240741805823,-0.0035703399267586816,-0.021579945289627957,-0.004053200949782337,71.18345852474592,77.71255661171554,71.00307890872541,78.17281794706841,74.17935435733112,80.75251061694505,74.28764988863928,81.04786535041045,0.01912399109950281,0.05325532014035731,0.02044244363482994,0.05281623980685202
speech_run_length,2-4,unseen/20,3.0,3,0.6666666666666666,0.0,0.0,0.6666666666666666,128.0,128.0,0.0,0.6666666666666666,0.6666666666666666,0.6666666666666666,0.6666666666666666,0.0,0.0,0.0,0.0,0.0,0.0,0.0,0.0,0.6666666666666666,0.6666666666666666,0.6666666666666666,0.6666666666666666,128.0,128.0,128.0,128.0,128.0,128.0,128.0,128.0,0.0,0.0,0.0,0.0
speech_run_length,5-10,unseen/20,10.0,10,0.0,0.5,0.0,0.0,64.0,64.0,0.0,0.0,0.0,0.0,0.0,0.5,0.5,0.5,0.5,0.0,0.0,0.0,0.0,0.0,0.0,0.0,0.0,64.0,64.0,64.0,64.0,64.0,64.0,64.0,64.0,0.0,0.0,0.0,0.0
speech_run_length,11-25,unseen/20,16.0,16,0.0,0.0,0.0,0.0,64.0,64.0,,0.0,0.0,0.0,0.0,0.0,0.0,0.0,0.0,0.0,0.0,0.0,0.0,0.0,0.0,0.0,0.0,64.0,64.0,64.0,64.0,64.0,64.0,64.0,64.0,,,,
speech_run_length,26-50,unseen/20,41.6890756302521,119,0.0,0.03361344537815126,0.0,0.0,64.0,64.0,0.0,0.0,0.0,0.0,0.0,0.0032799173742994736,0.06700982593397728,0.0,0.06909061520640077,0.0,0.0,0.0,0.0,0.0,0.0,0.0,0.0,64.0,64.0,64.0,64.0,64.0,64.0,64.0,64.0,0.0,0.0,0.0,0.0
speech_run_length,>50,unseen/20,193.8504437673864,7549,0.006490925950457014,0.03073254735726586,0.0011922108888594515,0.005298715061597563,64.64584753852448,65.06856439031066,0.099644128113879,0.0036205612526198916,0.009351959763308552,0.0038874173382408518,0.009642454900740713,0.02384449615341807,0.03788381217899461,0.024750348112076236,0.0357835579140547,0.0006751185983734047,0.0017182142785435218,0.0006848047883307056,0.0017149721147070663,0.0023484732493362455,0.008225364771990358,0.002472933673157773,0.008583763919363333,64.45368173239719,64.81918567739378,64.45264248847128,64.82911403225579,64.74385025681767,65.39340899711938,64.7456880343518,65.41257108100909,0.07795248277177354,0.12197906381803446,0.07791753371176634,0.12628264482431148
silence_run_length,1,all,2.3859610054439677e-05,251471,0.01112653148872037,0.05471008585483018,0.00516958217846193,0.005956949310258439,66.0004516674055,67.43625251824137,0.1622372553756946,0.008686644169072777,0.013467283527996449,0.008345742661154985,0.013737446399126097,0.048412051526198464,0.06093640798552424,0.04674475117933783,0.06197713838149547,0.004552891071394215,0.0058305388060900295,0.004278748956850208,0.005989686932731741,0.0032943055596177944,0.008399650829322383,0.0032147301251388956,0.00862281622720194,65.56828247930278,66.41497469779942,65.47347264136633,66.49200542283901,67.1201853460585,67.75315277245497,67.03122135904664,67.81571509028322,0.14773784839603488,0.1742924906997867,0.14721030542961208,0.17526816005340964
silence_run_length,2-4,all,3.225563909774436,798,0.018796992481203006,0.7719298245614035,0.03383458646616541,-0.015037593984962405,102.69767441860465,113.45454545454545,0.022187004754358162,0.013669012233478746,0.02435787056664403,0.01288084893880345,0.025437543807868935,0.7166481370680448,0.8225004227322696,0.7095410665469627,0.8275560860568513,0.021875126051372953,0.04558579351070466,0.023312088436874583,0.045293853289531845,-0.027560413100482184,-0.0018168756151970386,-0.02728154441370058,-0.00396361275048314,90.3320140105955,116.43532774320988,91.94298061476904,115.18920888288457,90.94528745523765,138.65897328127627,97.29259994277214,126.25867772341373,0.014576558286971927,0.03163793589488843,0.014575303256829623,0.031211534865222344
silence_run_length,5-10,all,7.985318107667211,1226,0.026101141924959218,0.47797716150081565,0.02936378466557912,-0.0032626427406199023,80.83149606299213,96.76450511945393,0.05501618122977346,0.018702570030890625,0.03390975991411278,0.01959901628589157,0.03329505638354253,0.40665842800155033,0.5488892296780806,0.4027173756101921,0.5464259545155201,0.021755173953390647,0.03726656191251467,0.02287429466321798,0.036616400995054116,-0.015925688714814264,0.00946843351346824,-0.01382714626969126,0.007762170188611029,76.64756094494194,85.31417958698287,77.00889457719862,85.54972574048439,87.38327948001734,106.70774958424171,87.77104835432752,106.15382516405568,0.03659256255672661,0.07663479463584383,0.03855735419184911,0.0759588265049551
silence_run_length,11-25,all,18.64722483537159,8504,0.03421919096895579,0.24823612417685795,0.02634054562558796,0.007878645343367827,77.0069973565542,83.95393221454425,0.09367194004995837,0.028067018147172114,0.03989001573664683,0.025629935261493438,0.04164955247227322,0.21868739224898023,0.2774053937264339,0.20891192288478821,0.2918421481549612,0.020642281592418064,0.03221270335984295,0.019269810197634983,0.03393976834719384,-0.0028080439058528824,0.017546876182898324,-0.006540818852567253,0.021489519356713088,75.04897092910403,78.87957045541178,74.8415774868141,78.88582983507294,80.70836751268422,86.83490877853073,80.01027174369918,87.06342964243996,0.07558245301530966,0.11142145524762272,0.07137812734680128,0.11486843682252139
silence_run_length,26-50,all,39.14038909336738,26626,0.025501389619169233,0.1968001201832795,0.02069405843911966,0.004807331180049576,73.82693558880936,80.64086269978817,0.08379793884102044,0.02153177404495673,0.02993197846221029,0.020879884603328507,0.029668721394984356,0.17590867094176393,0.21685919227374104,0.17189645672641676,0.22227422912643385,0.01769718571263149,0.023732405234273054,0.017363212831317705,0.024450367093970974,-0.0013562404768711444,0.011114435073107661,-0.0027373031234001702,0.011389357846985833,72.56698254495436,75.21056469195189,72.58682467828567,75.31398073823624,78.98057901410509,82.41151573023183,78.84544820362531,82.63597472702743,0.07264929007234311,0.09670474390226799,0.07076932938582026,0.09827234108815948
silence_run_length,>50,all,65.27948320413437,9675,0.017157622739018087,0.18356589147286823,0.02656330749354005,-0.009405684754521963,71.25706322057519,78.87943448095301,0.07209062821833162,0.010398613308822033,0.02586436704757044,0.010351459796354372,0.028138127261244397,0.1437887032997486,0.22736631465977372,0.14352306378865456,0.23464886181180455,0.018896446848753162,0.03264906630876452,0.016361951116506197,0.03380450591919383,-0.02064866609822292,0.004823588891852523,-0.02246693258512635,0.010847601615712422,69.45972138704634,73.7225729681271,69.42193851287922,74.19572757522246,76.0544579511037,81.48144468314729,75.66440287531726,81.2198036857396,0.051794692067587106,0.09897558685119047,0.04701384012334226,0.10761843337163537
silence_run_length,1,clean,2.0541473234460376e-05,48682,0.010126946304588965,0.052771044739328705,0.00328663571751366,0.006840310587075305,65.25964761495487,67.82582309209528,0.17864141084258656,0.008515048740246313,0.011813027360349056,0.007832482688953042,0.012344375281044121,0.04747216425919265,0.057927100905168526,0.04598866881637943,0.05912586002768664,0.0023598037069402313,0.00424044173129778,0.002186055775130529,0.004390946964341592,0.0047193067412597415,0.009036105478163053,0.004007119746700857,0.009767511070995293,65.10169557855929,65.41302383019165,65.08120468272061,65.43159326395535,67.44222341542164,68.21674835537597,67.35385665338453,68.27818810577615,0.16755080533239566,0.18947325862615866,0.16452405382104077,0.19301529002004608
silence_run_length,2-4,clean,3.2325581395348837,172,0.005813953488372093,0.7034883720930233,0.06976744186046512,-0.06395348837209303,74.92682926829268,99.76470588235294,0.0,0.00032838749587279207,0.012185363531470655,0.0002833563698824663,0.01194673169584487,0.6322023154661127,0.7693705676673289,0.6173576526491152,0.7836415387159982,0.045391487528882474,0.09693690929254042,0.04468868737646772,0.0989339499030326,-0.09198748236037341,-0.03753427679473507,-0.09389679406114548,-0.03725158738472591,67.83390288040336,83.78907420013613,67.3897240398293,85.62683055311675,77.0508105797904,126.42332806299551,79.9481661341853,118.58525324698597,0.0,0.0,0.0,0.0
silence_run_length,5-10,clean,7.833976833976834,259,0.007722007722007722,0.3281853281853282,0.05019305019305019,-0.04247104247104247,79.5266272189349,99.28205128205128,0.034482758620689655,0.002027736606116935,0.013161581858402108,0.002114885100836751,0.012420497273620275,0.25915019164007785,0.39709617101901434,0.24999350311850313,0.4039718129818925,0.027270244472390417,0.0742196678235447,0.028037646380760263,0.07589305849835286,-0.06908018096148362,-0.01712732957252117,-0.07237977602108037,-0.017002381136466266,72.7096283142284,86.84362404569596,73.18163309684884,85.35198282003071,85.28712726982613,113.86192312274751,85.9874098050899,112.81607303521947,0.008259808992114344,0.06808277571096155,0.009283102210868838,0.06844851808211729
silence_run_length,11-25,clean,18.616348055372445,1517,0.01054713249835201,0.0995385629531971,0.03361898483849703,-0.023071852340145024,72.14892032762472,74.52466718872357,0.11976047904191617,0.006171638623939624,0.015128851224760194,0.005386197293766197,0.015528680755456579,0.07775952916562838,0.1210956273398208,0.06381402619330999,0.12919496853555262,0.0236108169846448,0.043715106808223984,0.021898009079387378,0.045886563180215605,-0.034541728036683365,-0.012120090947265499,-0.03702528977237904,-0.01024603149381305,69.62103425350537,74.41009336958722,69.21008276417585,74.65657345018927,71.54777803663832,77.3904337912466,71.40996187585183,77.20886093647731,0.07142300444618946,0.16583642583401914,0.0673647411660179,0.17860561578599127
silence_run_length,26-50,clean,39.08055770720372,5164,0.005034856700232378,0.04918667699457785,0.042602633617350893,-0.03756777691711851,69.58177713933921,80.56264476731944,0.1,0.003156678890516779,0.007021476160951536,0.003339302747179229,0.007014699751553061,0.03754982351197601,0.05986973604307734,0.037969075526198555,0.06117256320613582,0.03350285176420769,0.05134832393709552,0.032249701174453645,0.05362161646104198,-0.046775994307359,-0.02843340501892334,-0.04873405952899011,-0.02634799839061267,68.42697986523096,70.74100280862754,68.29269124768604,70.91502716744621,77.06330813176668,84.06145354372802,76.30421113999938,85.12183327980694,0.0729838038811079,0.1280275528818674,0.07301300328860477,0.13359146606595945
silence_run_length,>50,clean,65.94384337970118,1941,0.0005151983513652757,0.02936630602782071,0.02833590932509016,-0.027820710973724884,68.61323292092523,72.27947598253274,0.034482758620689655,2.7043512481163157e-05,0.0010873328358054946,0.0,0.0010742920094924612,0.018571752696750585,0.04184043524028454,0.0195632199001819,0.041656687768626806,0.013823515668316551,0.04634978333089351,0.01418318647778457,0.049694152748708725,-0.045922061804644414,-0.013295115975918072,-0.04944655647554478,-0.013436837528635137,66.64185544692138,70.7195066779917,66.43222484352216,71.19654358845264,69.1705273527386,75.37025061361201,69.71361851000847,75.60873816556455,0.0020849732564164206,0.06256562270427381,0.0,0.06617048346055972
silence_run_length,1,seen/-5,0.0,25087,0.005779885996731375,0.0427312950930761,0.009805875553075298,-0.004025989556343923,65.52729389265372,68.1671551796332,0.11257189811010682,0.004162178913218733,0.007431075087162304,0.00442785859177215,0.006694286944505231,0.035971042244034225,0.050278876875639075,0.03527744512387079,0.05056874929168426,0.006255090736407109,0.014180753288786593,0.006448151860056535,0.013252872952854187,-0.008877915727615765,0.0001593591089430203,-0.007640358068908352,-0.0006646314831217824,65.11694053810116,65.98068682281594,65.11120283681791,65.9814541763628,67.10239416078518,69.39246637322344,67.16336444306768,69.20141620867022,0.0896672657803386,0.13504836946154117,0.09054151327294956,0.13411100185633068
silence_run_length,2-4,seen/-5,3.3076923076923075,91,0.01098901098901099,0.9230769230769231,0.02197802197802198,-0.01098901098901099,164.57142857142858,512.0,0.011764705882352941,0.0006200145677208245,0.021829916593551813,0.0004765654338908629,0.02380992900904405,0.8861653863470497,0.9608980808230536,0.8731534847412616,0.9611285702329172,0.0055054804350579,0.04029953121244204,0.005556577893562157,0.03876785492327867,-0.035756280023081,0.011964428036001604,-0.035010945226621314,0.013335570469798646,126.08226756127618,190.94930225462974,125.53663366336633,190.62952380952382,512.0,512.0,512.0,512.0,0.0006581499324095022,0.02354288283834309,0.0004970055535703356,0.025612695110327616
silence_run_length,5-10,seen/-5,8.136690647482014,139,0.07194244604316546,0.5251798561151079,0.02158273381294964,0.050359712230215826,80.45714285714286,143.28358208955223,0.12048192771084337,0.029155768863681007,0.12334383930002135,0.032090641321046484,0.1272996991020307,0.3799741767954857,0.7062311978595877,0.4252580878234384,0.6601108799283626,0.00573034956502103,0.03907158736555728,0.005575935037338031,0.04571014492753622,0.016011558831368386,0.09441956536558647,0.01774407664250182,0.09523809523809523,70.7329871681072,90.36634784992245,70.85636007827789,93.11668355832788,98.53431476070536,199.1442133581837,97.72905725280357,225.84169426002185,0.040914878679732404,0.21685184023496815,0.046790667250093766,0.24543393692077445
silence_run_length,11-25,seen/-5,18.940161104718065,869,0.0759493670886076,0.36363636363636365,0.0333716915995397,0.04257767548906789,84.29268292682927,95.63218390804597,0.14136125654450263,0.04301452894610538,0.10968879751245096,0.04857768944056646,0.09576865351546587,0.2980392264142965,0.4448245192499205,0.31936194359710757,0.43048755452912496,0.008696043157121889,0.05608745457957387,0.007476901633344533,0.06050820113344726,-0.0053488833265283664,0.09392934013429974,-0.00863636547541501,0.08276793994839055,77.02614670704814,92.71308467726021,76.3305311684236,89.08019632655822,83.29892193504091,108.42469620566315,81.89097214314182,104.55836640420392,0.0920865707059789,0.18640449949216406,0.08318914518000738,0.1914558093082184
silence_run_length,26-50,seen/-5,40.58346213292118,2588,0.025502318392581144,0.4424265842349305,0.015842349304482226,0.009659969088098918,75.37297297297297,82.57471264367815,0.06358381502890173,0.016228160123918686,0.0343778006748827,0.01613839506348967,0.031853831590422606,0.38132631492802294,0.5079891679039056,0.3791144469322548,0.49991061482858445,0.011134619882881093,0.020443077269437206,0.010043127545797335,0.021911137950920465,-0.0021556104873361142,0.020968693917467914,-0.0038018018633261407,0.020260293650633178,72.09120296944295,79.06441718668366,71.15521759825936,78.46641757573596,77.77565054415805,88.68874692961282,78.55075586928213,85.51665710635494,0.04284615548675933,0.08698058089701152,0.04316100388357517,0.0798865739224692
silence_run_length,>50,seen/-5,58.34740882917466,521,0.013435700575815739,0.42034548944337813,0.007677543186180422,0.005758157389635317,66.74587458745874,68.39862542955326,0.008849557522123894,0.0026200972758161256,0.02897227291435358,0.002110309721964693,0.029783618586071734,0.2749972649724644,0.5931330276248393,0.2771174089709217,0.5926217090440487,0.004118496304232187,0.01088688381977142,0.003977612969583219,0.010828771962947419,-0.00604401604241407,0.0235721715735357,-0.006476021428928681,0.024041917361612493,64.77759325487669,69.74753741592423,64.64318056674585,69.49035525907539,66.43075199275387,70.75439695060503,66.39427173189353,70.66254694809193,0.00048810383436440904,0.02076454680120882,0.00038111636079562274,0.021220501657349226
silence_run_length,1,seen/0,0.0,20249,0.0023704874314780977,0.034322682601609956,0.010420267667539137,-0.00804978023606104,65.04205798285014,67.70340598753027,0.12113055181695828,0.0009203770679287405,0.003960379837265315,0.0009057604745512756,0.004077242474626679,0.02965966037548521,0.03983148691906854,0.029389636537171204,0.040356410590585735,0.008069498073546054,0.01294925736630713,0.00745314780884539,0.01357879953260985,-0.011142061041629887,-0.005008485913299274,-0.011632508221845021,-0.0043668812273381045,64.74628848416356,65.36277091136738,64.72385643970118,65.40519206926088,66.68052586606223,68.80995001050847,66.61655417640591,69.00300557361741,0.08229565057224807,0.15491602236270577,0.078860247816173,0.16088818076603212
silence_run_length,2-4,seen/0,3.0,63,0.06349206349206349,0.8095238095238095,0.015873015873015872,0.047619047619047616,132.0,168.72727272727272,0.10909090909090909,0.025831671779141103,0.1080437248419625,0.031149025574150547,0.10417627613776133,0.6970501612350767,0.9023467024713581,0.7452361476232922,0.8679671135316296,0.0007772013832318519,0.032897092002709315,0.0,0.0357528987501676,0.011395420316582142,0.09331220838271499,0.013236421736961051,0.0899219893863897,91.74909195605953,162.7021217613818,91.72740740740741,162.6075510780529,92.1315687581326,280.43883449729674,92.2487496842637,275.81143807720963,0.03726291160189465,0.2177350982026987,0.047761076037923816,0.19214553769938963
silence_run_length,5-10,seen/0,7.6875,64,0.0,0.515625,0.03125,-0.03125,64.0,75.42857142857143,0.0,0.0,0.0,0.0,0.0,0.18985740505517643,0.6868492137880617,0.18122611114869436,0.6872491618040821,0.014889355117028,0.04744722485768496,0.015423714472935704,0.04774253193498683,-0.04744722485768501,-0.014889355117028016,-0.04774253193498683,-0.015423714472935706,64.0,64.0,64.0,64.0,64.72728380902846,90.10728539300331,64.49630636921607,89.63271419655857,0.0,0.0,0.0,0.0
silence_run_length,11-25,seen/0,18.103953147877014,683,0.08052708638360176,0.4128843338213763,0.010248901903367497,0.07027818448023426,84.8661800486618,92.40641711229947,0.09792284866468842,0.06550460018681346,0.09631389709163114,0.06507366154065071,0.09415590969302778,0.34846297564354334,0.487546410653463,0.34224753641655087,0.5111138382992068,0.005793029167911654,0.0152975014342166,0.006050270176391864,0.015126976745259502,0.05290371427043383,0.0879266173027019,0.05225645381019893,0.08549838508999182,79.3396093914432,90.28831405564829,80.76942594820996,89.52012876599102,84.17851356102375,100.35466945641906,84.33970414564547,102.42050861613802,0.07246876818946427,0.12531113290675283,0.06686287821735343,0.12687809782100437
silence_run_length,26-50,seen/0,40.72035071527457,2167,0.08675588371019843,0.3447161975080757,0.010613751730503,0.07614213197969544,94.63136456211812,95.0789667896679,0.12085561497326203,0.06465116510390345,0.11133245996988977,0.0598910302110452,0.11636681186811378,0.2757511393079801,0.3987325940487218,0.27896216060650836,0.39985005394847906,0.004077766415758488,0.017925906045208547,0.003925971549328719,0.01970261107730674,0.05084766893096349,0.10382290573001675,0.04510316163167197,0.10842059004406548,86.44016448592272,103.6027171029895,85.4955662689628,104.62317701699692,87.89437365335321,102.8588201386367,87.70348995081883,102.72707802883446,0.09453046757038766,0.1513383586286245,0.09490029086016132,0.15228943484514712
silence_run_length,>50,seen/0,64.78384050367261,953,0.026232948583420776,0.372507869884575,0.004197271773347324,0.022035676810073453,76.48524590163935,84.0133779264214,0.039473684210526314,0.009720310986467381,0.049817946031814386,0.01087565700206451,0.05947256536528575,0.20063504935060913,0.5122343516554809,0.3255528216115916,0.4823858263940023,0.0011848016043260103,0.009599257627451792,0.001246337909465153,0.01269786332916091,0.003893039498870971,0.04668030264906975,0.004500475723759249,0.05598620758176693,68.23683559873386,91.55237955441117,68.5853840164794,98.5122678655666,70.71565220916249,107.36558709658489,71.88901307540995,117.45010782184913,0.02065230060689007,0.06747306350824357,0.019300464840561322,0.06833733468805821
silence_run_length,1,seen/5,0.0,17497,0.0016574269874835687,0.03663485168886095,0.00840144024689947,-0.0067440132594158994,64.5267333767541,66.92920143027413,0.09402985074626866,0.0011399767592397937,0.0022715488269608795,0.001123983818544309,0.002331357538689884,0.028996994864594918,0.04366285441991385,0.029010540902342202,0.04397686048578259,0.007028390268055031,0.009730060604743695,0.0067451143559201406,0.009875116870941072,-0.008344467503853011,-0.0051089395863808205,-0.008458035926429443,-0.004699449981002352,64.38855960856246,64.67665243718342,64.38458385737614,64.66336927562537,66.51062712033806,67.41261620512553,66.50264479571493,67.4628899676333,0.07846855091711101,0.11469768319439191,0.07854211777968542,0.11467966248937143
silence_run_length,2-4,seen/5,3.3076923076923075,52,0.019230769230769232,0.9807692307692307,0.0,0.019230769230769232,128.0,,0.019230769230769232,0.001282289874214273,0.0397852791269922,0.0007774674386635291,0.047810536240809665,0.9602147208730077,0.9987177101257857,0.9521894637591903,0.9992225325613364,0.0,0.0,0.0,0.0,0.001282289874214273,0.0397852791269922,0.0007774674386635291,0.047810536240809665,128.0,128.0,128.0,128.0,,,,,0.001282289874214273,0.0397852791269922,0.0007774674386635291,0.047810536240809665
silence_run_length,5-10,seen/5,7.533333333333333,135,0.037037037037037035,0.6370370370370371,0.007407407407407408,0.02962962962962963,105.05660377358491,93.0909090909091,0.08791208791208792,0.014109185600247782,0.06146867804306316,0.014398916831163034,0.06537253730569356,0.5331090390704609,0.7324533795911756,0.48727336875311306,0.7563809786944093,0.0003684389552509918,0.01686614936908814,0.0,0.018805591806374578,0.0026455798558926032,0.056454849357738354,0.0020079315257020064,0.06021166283569068,80.97548042639716,126.12883599596539,84.71121556338949,120.03745514647164,72.62341177439595,113.26566838050253,74.77903370985393,104.60296979006657,0.0304225514643253,0.15234543434836512,0.030217244955374242,0.1776138119066185
silence_run_length,11-25,seen/5,19.074698795180723,830,0.04939759036144578,0.19036144578313252,0.010843373493975903,0.03855421686746988,79.33333333333333,82.3558282208589,0.10552763819095477,0.03159882981241102,0.06440978963430358,0.024569363122045024,0.06821772998368819,0.14306306742512614,0.2581760248834368,0.1423399357096613,0.2616600248919197,0.005976711585541406,0.017526124225077207,0.005860591920286,0.0188629449243594,0.01854541692916797,0.05480699509984131,0.010771047319417514,0.058455364271888084,74.89218785317131,84.78759827645641,74.92710911381462,85.0297803229336,75.5792239123329,89.46115398526788,75.16798441583323,90.14389227740973,0.06928373174705453,0.1329873772647713,0.061779426239918715,0.1335907751000146
silence_run_length,26-50,seen/5,38.30843237125071,1767,0.059422750424448216,0.24108658743633277,0.0050933786078098476,0.05432937181663837,81.30994152046783,83.39097169089519,0.12617702448210924,0.04425429749954063,0.07533895989670047,0.04464964150677081,0.07279916185462705,0.1638252510904674,0.31729628087855816,0.17768520085282075,0.29454604351026237,0.001919843328422183,0.008251380648316462,0.001532910810417467,0.00899452714688109,0.038068437360399596,0.0720211118402563,0.037164715720226206,0.06944009702045607,76.98425862315725,86.09617266556384,78.01115522802644,84.6046195199156,77.41560419327466,89.14663100685742,79.87672990670097,86.57957441346812,0.0859183667746734,0.18201546601474536,0.08990940078293855,0.1851966206821593
silence_run_length,>50,seen/5,56.295918367346935,392,0.1556122448979592,0.46938775510204084,0.02295918367346939,0.1326530612244898,133.6036866359447,118.21176470588236,0.19591836734693877,0.06701609384727315,0.24770834984409157,0.0688589442599738,0.22892293819226095,0.19802081288800538,0.6504974111557661,0.1751035575223782,0.6894618394132995,0.0009202395726065176,0.058208468643303174,0.0009300043608729128,0.06830918011240025,0.02349760347031937,0.23036666492139848,0.015287922642939718,0.21670633004529669,87.97077321244959,189.2423956489176,92.49317910941463,173.97957486136784,86.0541487686687,176.64781996454983,89.46242169898689,164.2692829923199,0.11253283606881943,0.40746662841999015,0.09916246530870523,0.4376259095378564
silence_run_length,1,seen/10,7.173343854237653e-05,27881,0.0037301388042035796,0.03755245507693411,0.005846275241203687,-0.0021161364370001078,64.76801902214297,66.15323517290473,0.12858384013900956,0.002527454403472043,0.0049349754626868405,0.0024683832165762402,0.0049407778922807505,0.030856814736204313,0.04455968324826953,0.030567476331852615,0.0446843624693229,0.0046152679924298156,0.007102316070149327,0.004304198902042525,0.00768733021955086,-0.004155266871182812,-6.219161821820502e-05,-0.004836227322823153,0.00021791320664116533,64.5339819227715,65.0005647607671,64.53146190772173,65.02117479232147,65.7351766030033,66.58313886411759,65.76948718028156,66.61291449012381,0.10479436078279299,0.15450605376745633,0.09971787570605029,0.16064078971624193
silence_run_length,2-4,seen/10,3.2247191011235956,89,0.033707865168539325,0.7528089887640449,0.011235955056179775,0.02247191011235955,106.66666666666667,113.77777777777777,0.014285714285714285,0.007791344230206439,0.06301058241859425,0.007868209578913533,0.06159008718960463,0.6371344330279913,0.8502946085621232,0.6445029772878375,0.8565036205248843,0.0006419916362464982,0.022964160838754712,0.0,0.023605930550136555,-0.007845759864626132,0.05787281619345197,-0.009602359547070904,0.05627063964346566,69.67877162052629,150.21880215285253,68.92121212121212,157.16221076221075,71.07743571688577,162.3570622621683,70.01192445762447,170.33349357646082,0.0007586432412946473,0.03381198259282249,0.0005555555555555563,0.0333756440137389
silence_run_length,5-10,seen/10,8.442857142857143,140,0.06428571428571428,0.5357142857142857,0.02142857142857143,0.04285714285714286,90.0,105.22033898305085,0.07142857142857142,0.034595723160940416,0.10180794571520296,0.03413577585338433,0.10185560321999786,0.37737320420797277,0.671557078986391,0.37332189778742747,0.68045557300635,0.009953013958338516,0.031001316926880147,0.01030839570682107,0.030628659249173358,0.008019362069293745,0.08728271225026066,0.00893802781917536,0.08591299452490282,75.6133288413747,110.26994289146013,75.39460727441023,114.3861157024793,88.37907156620648,130.38407301701122,87.60915932230674,136.3104310431043,0.03476602650693804,0.12486894175001716,0.03318533143940656,0.12817529926800655
silence_run_length,11-25,seen/10,18.656590084643287,827,0.05441354292623942,0.3192261185006046,0.018137847642079808,0.036275695284159616,87.08376068376069,95.33459357277883,0.1488673139158576,0.03764972128955481,0.0692616731260811,0.03325739685029811,0.07253417064687903,0.268486085415068,0.36688280594975026,0.2582036973290349,0.3702264287953601,0.009284632266638514,0.02991125155281334,0.008817008789719825,0.030585387001217157,0.013136010115295428,0.05620035792523575,0.010493739869233553,0.057992318289164436,81.54924054648463,92.22142305213183,81.1758278030139,92.8433303835873,86.74782336199193,104.38568545852208,86.96436655294971,104.45111513375747,0.11600234084601832,0.18114398753876473,0.11948407121775821,0.17851311402853748
silence_run_length,26-50,seen/10,38.754224270353305,3255,0.041474654377880185,0.14838709677419354,0.008909370199692781,0.0325652841781874,75.9985770188545,79.88235294117646,0.13268608414239483,0.030241424120877193,0.052792043998197834,0.030910958405629928,0.05630240380418888,0.09965343366178728,0.19410981110625683,0.09671249813871408,0.19797799973175564,0.005504343906920686,0.012711008053078721,0.004341906981723524,0.01307012696340535,0.01976865365148032,0.045226415652429706,0.02001892272330899,0.04945145329804347,72.85529878596502,79.29880871969034,73.04575777435292,79.44940431686452,76.24808797206938,83.84506923119768,76.09021124706312,84.02010951098227,0.10571709767895103,0.17278241657317883,0.10805749035349323,0.17174908473889347
silence_run_length,>50,seen/10,69.3065868263473,835,0.03592814371257485,0.18922155688622755,0.00718562874251497,0.02874251497005988,72.67638483965014,77.42857142857143,0.13829787234042554,0.012168178929633823,0.058189115036914436,0.0130506066613753,0.06279944344118521,0.08045666491827788,0.28721018639359286,0.08456021209375268,0.26375258515255734,0.003848878682230907,0.010829221324410518,0.0037386765619407967,0.009655095835647033,0.003052193481626932,0.05279669160538191,0.004297671654990262,0.05837676096174968,68.14765153516936,77.0823727925288,68.33142094170498,76.67999754774824,68.24146459728128,86.78648290032594,68.6100362136599,88.23252210523718,0.06715140476652094,0.2730412449759378,0.06722488670559254,0.2884109993779805
silence_run_length,1,seen/15,4.182000669120107e-05,23912,0.0051856808297089324,0.03972900635664102,0.002969220475075276,0.0022164603546336566,64.73521761747875,66.28541530412033,0.13314711359404097,0.003114043196402997,0.007151378741564236,0.0030636042501059105,0.007510942668552288,0.035239777434960706,0.04446558973136603,0.03412614934529151,0.04581693022708288,0.002357446058155937,0.0036992299845392093,0.002427128453569726,0.0035440096689373876,-4.023818655561927e-05,0.004294511635790531,-0.00018258849147248456,0.004797592142232151,64.55368795956858,64.923242702012,64.52615762815444,64.98101286349878,65.91614462096916,66.67916542671439,65.87242745882324,66.76942923690655,0.10955805746970886,0.15612943131310764,0.10956846015253446,0.15826254113188185
silence_run_length,2-4,seen/15,3.3333333333333335,72,0.027777777777777776,0.75,0.027777777777777776,0.0,139.2941176470588,123.42857142857143,0.03571428571428571,0.0071926388635068705,0.04789328919870775,0.008414461034521972,0.04958844692993338,0.6130385399319063,0.8646399018583977,0.5920618439624264,0.8961036125634614,0.0010105944091125477,0.06176499460425033,0.0011904753660124383,0.056885023044824706,-0.04383337985658937,0.038565058719992,-0.04065029472318583,0.04225032444784147,96.30792180573374,207.64995074242435,110.42631122812791,199.89697234098242,72.31555677154581,215.65678736040414,82.37137713771378,139.36865497076025,0.009449287416490091,0.06175743277405408,0.011784016636957814,0.0625017151481888
silence_run_length,5-10,seen/15,7.989690721649485,97,0.020618556701030927,0.32989690721649484,0.0,0.020618556701030927,73.84615384615384,69.33333333333333,0.058823529411764705,0.005391089944722529,0.03579136749074091,0.005262881468376824,0.034070601410047086,0.14899938195926762,0.4994180412897806,0.16509439100092535,0.485488346281909,0.0,0.0,0.0,0.0,0.005391089944722529,0.03579136749074091,0.005262881468376824,0.034070601410047086,66.57454723751778,82.00808771828389,66.17117812061711,83.66318265632944,64.31082748884913,76.10132398283054,64.23053931811569,77.71498685363716,0.014719725848525543,0.1478800714306566,0.025839554907176977,0.0934049045248741
silence_run_length,11-25,seen/15,18.405405405405407,814,0.013513513513513514,0.1769041769041769,0.013513513513513514,0.0,75.45562130177515,75.66355140186916,0.0967741935483871,0.007321878760325882,0.02073702481503749,0.007410560809608025,0.020929672175959233,0.12101683425979372,0.23484101546719882,0.11116559195574408,0.23497946643562864,0.00762221320154419,0.019561592986907603,0.006898953354000502,0.020073725334751873,-0.008948817901171663,0.009357548951982647,-0.009941207290666889,0.010622625256596154,71.53187061868665,80.21650977495496,71.25963386519408,79.95863622766947,72.27869227372143,79.34868119684299,71.88151534815326,79.82133776288563,0.060163467301394075,0.15299892376914195,0.06124028216080588,0.16809074909539837
silence_run_length,26-50,seen/15,39.14607614607615,2574,0.013597513597513598,0.08741258741258741,0.009712509712509712,0.003885003885003885,71.83340416489588,72.80555555555556,0.08846153846153847,0.009354542386879723,0.017195597461125676,0.008300432486367368,0.0179960191242743,0.05987315473461248,0.11724891119195487,0.048249788334126416,0.12191397112456051,0.004768344378172913,0.01487601792215501,0.004854888482883715,0.01570154822273017,-0.003595263364170829,0.010806158474773725,-0.005871194401413024,0.012152208660628583,69.19498236252333,74.7411555014073,69.14272893509529,74.75787943063683,69.69679605716574,76.24665468494045,69.94349073746183,76.45515572294347,0.07058398188841364,0.10894319060041659,0.06660009226763858,0.11154197643095036
silence_run_length,>50,seen/15,66.17704280155642,1028,0.0048638132295719845,0.08852140077821012,0.020428015564202335,-0.01556420233463035,69.04904051172709,75.85446527012128,0.09375,0.0020808533424889267,0.008678393936522413,0.0019236520721310664,0.008423088061278913,0.026112373934206182,0.17741907285216374,0.023255869502080993,0.1838173375497716,0.008879245167013819,0.0308604204490512,0.009038715005432027,0.030902225193103143,-0.026918494067120498,-0.0026401118959433574,-0.02713649064858904,-0.0026893731782679942,65.2041079198345,74.92966905204237,65.12465560704509,75.43955481611694,69.26406402050803,84.64332301768016,68.63205368893985,84.85738900170932,0.07098057138083037,0.1146386236817573,0.06908957778623051,0.11543215154675006
silence_run_length,1,seen/20,4.155067104333735e-05,24067,0.0038226617359870363,0.04009639755682054,0.0025761416046869157,0.0012465201313001204,64.623313940961,66.09572486680815,0.12109744560075686,0.0027344899713387925,0.0051649068573254,0.002474589448191546,0.00544093307762429,0.03540083036726017,0.04528550143878055,0.034178030439820824,0.04712916574711855,0.0019674363591883613,0.003195640609340402,0.001953884431699787,0.0032528221814399354,-0.00013244458665725176,0.002832611120861044,-0.0005394012571788163,0.003142048922328642,64.4930704753946,64.76764964105648,64.50099461237369,64.76934240701722,65.78765364703229,66.42994962426242,65.74607522741643,66.4848368170268,0.10010308921504577,0.143469571488435,0.0962144863055449,0.1459750175869759
silence_run_length,2-4,seen/20,3.2285714285714286,105,0.01904761904761905,0.7523809523809524,0.02857142857142857,-0.009523809523809525,122.88,84.0,0.024691358024691357,0.005062649423710329,0.03215058789242661,0.005740418367055735,0.031348136459683894,0.6523925186129697,0.8391833440531998,0.6378844753675733,0.8518961346745311,0.006815088798462161,0.05287870094429849,0.007124219330206501,0.052510753675666655,-0.03993521928472114,0.018817831772923635,-0.03196811084000061,0.009643248047549317,90.08618957942784,170.9091016981432,89.2872711792252,193.58230170711872,69.50312284934213,110.7216017004354,71.89542261017671,116.95515151515147,0.00695464572003829,0.04182704636016179,0.008047823693240357,0.03915044419270211
silence_run_length,5-10,seen/20,8.392156862745098,102,0.0196078431372549,0.3627450980392157,0.0392156862745098,-0.0196078431372549,84.64516129032258,64.0,0.05128205128205128,0.004681646742249972,0.03500799788850617,0.006211004964039614,0.03410340778432859,0.19119193852255825,0.5344039161945616,0.22016189563259347,0.5091673849378531,0.016048313893390162,0.06643337949377623,0.01543566388607183,0.07247373576609072,-0.053128567138789544,0.012661673567715975,-0.057288257170931244,0.008344246743847337,71.39824442311743,103.87483858864495,71.70453130479518,107.70122780713992,64.0,64.0,64.0,64.0,0.013178095308041532,0.11168132586814011,0.023972090066442457,0.06980417011197634
silence_run_length,11-25,seen/20,18.802702702702703,740,0.021621621621621623,0.17702702702702702,0.013513513513513514,0.008108108108108109,72.26143790849673,74.84563758389261,0.047619047619047616,0.009371580508583721,0.033004904800991414,0.009963894826064476,0.03527606263449168,0.1263752410277481,0.23551202101004562,0.1069946673378079,0.24514956741944535,0.007467816315729157,0.019798580831737102,0.005669170575103329,0.020994423418207675,-0.0074618782609989194,0.02235135835727406,-0.008200299800269303,0.027261306504558113,69.23320842970686,75.26496096513439,69.25527021799952,75.46382588655854,70.8972325527845,78.64196372192376,71.11913722077462,78.16622994097932,0.022325310831700917,0.07053124127447893,0.024299664131308508,0.07781153669714935
silence_run_length,26-50,seen/20,38.50196386488609,2546,0.012175962293794187,0.0769835035349568,0.008248232521602514,0.003927729772191673,68.83070362473347,69.69385085041431,0.1145374449339207,0.0073587171309128915,0.016648141282100425,0.0074030691080657655,0.016569080756076857,0.055235053557267565,0.09826160230879953,0.05087513171665325,0.10296598478011994,0.005493051768280419,0.011490367473527144,0.004930326475287268,0.011824290914174909,-0.002269955391874917,0.009653641943336502,-0.003110409110253908,0.009621005042456943,67.72279449123644,70.11014056844925,67.58533800442052,70.1506890842276,68.3285588226962,71.2027405173237,68.23358914832461,71.240870860373,0.09031602157089427,0.14495100220573792,0.0933566318503166,0.14906028364149357
silence_run_length,>50,seen/20,61.49475524475525,1144,0.0008741258741258741,0.03583916083916084,0.013986013986013986,-0.013111888111888112,65.80692167577413,68.3690036900369,0.047619047619047616,4.7465001348360565e-05,0.001709048124229727,0.0,0.0012094211249883775,0.02259565867035019,0.04657400751409091,0.023498371427545007,0.042690857445272595,0.008280500645377508,0.019309696460440052,0.009890499128411442,0.019737487259705196,-0.019069763664746338,-0.00681780618522781,-0.019388387853111824,-0.009255434527439804,64.83054379482634,66.38964306452358,64.44888107464863,66.38101759188896,65.26857655589791,70.99628866287617,64.8430991195747,69.82917489316769,0.0204059701254476,0.07101493886811726,0.0,0.06224291288556038
silence_run_length,1,unseen/-5,7.885191610156126e-05,12682,0.05259422803974136,0.17733795931241128,0.004336855385585869,0.04825737265415549,75.2443857331572,71.77142857142857,0.15946502057613168,0.029587981949303805,0.07195941690083281,0.025283577741999075,0.06876433461045821,0.10943518670219228,0.24330304951446466,0.0988200209127262,0.24906758383024458,0.002741327069053022,0.005862985241289585,0.002410263190594051,0.006330276106107913,0.025074043565528423,0.06805646660807033,0.020905966002685093,0.0649816253382001,70.35521188124517,79.71774592412693,68.98394451917592,80.32297299563973,68.90726756900968,74.53006338965238,68.42450151854165,74.18384499538173,0.11667686501747838,0.20137946528633816,0.10555812289944591,0.2028703241657096
silence_run_length,2-4,unseen/-5,3.129032258064516,31,0.0,0.5161290322580645,0.12903225806451613,-0.12903225806451613,89.6,202.66666666666666,0.0,0.0,0.0,0.0,0.0,0.39729141313775407,0.633993321391287,0.38691646469056257,0.6335581830772781,0.027970589151817896,0.2653446693716901,0.029049462429876743,0.26277741326990894,-0.2653446693716901,-0.027970589151818066,-0.262777413269909,-0.029049462429876778,65.40245384157235,121.19416286064386,65.1128035982009,121.86710502283103,125.86544008690929,299.73084458255045,125.51326290577819,306.91499276876095,0.0,0.0,0.0,0.0
silence_run_length,5-10,unseen/-5,8.1,40,0.0,0.825,0.0,0.0,64.0,64.0,0.0,0.0,0.0,0.0,0.0,0.5494765625,0.990512910032323,0.5381913599830795,0.9903601025154676,0.0,0.0,0.0,0.0,0.0,0.0,0.0,0.0,64.0,64.0,64.0,64.0,64.0,64.0,64.0,64.0,0.0,0.0,0.0,0.0
silence_run_length,11-25,unseen/-5,17.78745644599303,287,0.020905923344947737,0.3170731707317073,0.04529616724738676,-0.024390243902439025,74.10526315789474,76.87150837988827,0.041237113402061855,0.00683305601205537,0.037998384636226554,0.006361630252524991,0.04238191910009468,0.16163915887696395,0.48226549983321865,0.16861853071008412,0.4961421261232846,0.019039379397189603,0.06831483425984199,0.011223578576576411,0.07365591595847296,-0.05676784644589207,0.014013316426078374,-0.06267766992582638,0.027540239969372503,67.76158897374302,82.40682336926753,67.8560520535958,84.50220298220299,70.19824761130329,85.02804994833573,70.31088548379452,86.42046201615044,0.002193513694993486,0.11759808751135475,0.0015837240598325403,0.11273134200426028
silence_run_length,26-50,unseen/-5,39.246875,1280,0.00234375,0.28828125,0.05703125,-0.0546875,68.14945054945055,102.8054298642534,0.010752688172043012,0.0005095126392991551,0.004777845891937514,0.0004808890026292995,0.005584927486459625,0.13165029663678487,0.45459265923133974,0.13284121896235251,0.4872883663968355,0.02976611007734518,0.08457403670581146,0.024258009997606463,0.08625958662186328,-0.08184495775959079,-0.026526230761653648,-0.08368737789512436,-0.021052601633806865,66.33538376303565,70.7617859940946,66.42513468678294,71.12003239659283,82.76649652689008,124.190181586873,80.89445041935164,123.35526165710901,0.006906459101334468,0.015731353566936394,0.0072222287141868735,0.014862039584067491
silence_run_length,>50,unseen/-5,73.01642335766424,1096,0.0036496350364963502,0.11222627737226278,0.10948905109489052,-0.10583941605839416,64.73409801876956,106.10710382513662,0.047244094488188976,0.0014227196548241134,0.0068239149103452995,0.0015402414489250136,0.009726451492735879,0.04252071776370385,0.19779286203128518,0.07132859064470463,0.18939947220538106,0.054765973124047226,0.14175041284554846,0.016663223140495866,0.1469363010226176,-0.13799366635324906,-0.05130633697614259,-0.14329992049068604,-0.015619701757090041,64.06318324183414,65.12582678417637,64.0,64.99099319611936,86.24467475263327,120.7185873591481,72.06739597942963,119.13138571397266,0.0036344384795633233,0.093668344252671,0.0,0.09653862890145967
silence_run_length,1,unseen/0,0.0,12280,0.02687296416938111,0.08778501628664495,0.006351791530944626,0.02052117263843648,69.09193776520509,69.29511022407694,0.19460227272727273,0.01065205110414752,0.0497999931983435,0.0064619685629335,0.053677762884919995,0.04819112809586479,0.14580280656063396,0.04272931500539541,0.14921756261311753,0.004290107605294142,0.008842917455617152,0.0043541524376650535,0.008821524672729078,0.003674522159048552,0.04390865502184757,-0.0004438723350149689,0.04701656232041622,66.06991102501266,73.91807376076619,65.4037715614066,74.46549347512129,67.04177652068078,72.90893672792602,66.82386161370206,73.22188335535917,0.13753407194913317,0.22771551838457593,0.11769861672006096,0.23185357004471085
silence_run_length,2-4,unseen/0,3.0,6,0.16666666666666666,0.3333333333333333,0.0,0.16666666666666666,144.0,64.0,0.3333333333333333,0.01432391776700652,0.31915043875465804,0.0,0.3229166666666667,0.02864783553401304,0.6383008775093161,0.0,0.6458333333333334,0.0,0.0,0.0,0.0,0.01432391776700652,0.31915043875465804,0.0,0.3229166666666667,68.71884278345449,346.35661764705884,64.0,355.7647058823529,64.0,64.0,64.0,64.0,0.3333333333333333,0.3333333333333333,0.3333333333333333,0.3333333333333333
silence_run_length,5-10,unseen/0,7.682926829268292,82,0.012195121951219513,0.7804878048780488,0.036585365853658534,-0.024390243902439025,87.57894736842105,140.0,0.046153846153846156,0.000543628202791821,0.03313243774303545,0.00048244455841171894,0.03154011039493148,0.6417872662148869,0.9031309267832217,0.6391283285647243,0.904092512891215,0.016268971823836582,0.06401311661552986,0.016041218010645286,0.06250713470319631,-0.04261235341488063,-0.006970915497380827,-0.0442481195520119,-0.007204752145510453,70.84065295083552,101.18847158630163,70.0516010305484,101.39523863421994,93.91711870635795,200.01789052069415,92.07982483578354,194.31531473487533,0.011201267676455368,0.09815751393932474,0.010831343453294673,0.10337272375048429
silence_run_length,11-25,unseen/0,18.7728285077951,449,0.042316258351893093,0.36302895322939865,0.0400890868596882,0.0022271714922048997,81.81443298969072,114.28571428571429,0.06043956043956044,0.02719141648350796,0.05734873337983302,0.02892515938784723,0.055647551494544464,0.15807671927480219,0.5296270583959305,0.1536955584060011,0.5468073763363344,0.007042182202982792,0.081584308057189,0.005962346691283675,0.08485664068185007,-0.0475556630325097,0.04279633388057833,-0.05144909969718792,0.04331671357929276,72.90943487186115,93.05508262132832,73.10705168041466,92.11284710221523,82.21787453457573,147.01200130987766,82.28036575335838,148.53995204022547,0.035309699314719174,0.13676046202467798,0.03425901658439989,0.137766106442577
silence_run_length,26-50,unseen/0,37.19527235354573,973,0.006166495375128468,0.3802672147995889,0.009249743062692703,-0.003083247687564234,68.77611940298507,73.67062818336163,0.018617021276595744,0.0018552405405618448,0.011349535052949921,0.0018829172285670308,0.012097385141739976,0.16298053904198528,0.5587442665968981,0.12613807001492244,0.5564934103712832,0.003845935319798887,0.01621730354161678,0.003944061084579786,0.016767564327396612,-0.011209977784904021,0.004589962919782905,-0.012072565339365512,0.005068753384401621,66.49529680044152,71.1524114382765,66.57732345146334,71.27789221307675,69.61258585904606,78.11855386661156,70.02594161456895,77.83965360316608,0.007177584956656865,0.0528665249605768,0.006962167242216882,0.07050923521630982
silence_run_length,>50,unseen/0,64.6283185840708,565,0.03716814159292035,0.26902654867256637,0.021238938053097345,0.01592920353982301,75.49514563106796,77.26424870466322,0.08092485549132948,0.00954739954524917,0.08174154621447119,0.009062830371025257,0.08191587228465064,0.19844142030236755,0.4303509747073663,0.1961540431785755,0.4328761468983049,0.004731726993009154,0.03120626690189637,0.004234236318155116,0.03226459327883411,-0.019611680675276303,0.0720550271691475,-0.02064044010132804,0.0736341003122695,72.85840289077873,79.40597930260208,72.7689505485004,79.6238588341839,73.25856117843229,82.91761618144464,73.15096553135683,83.29289643258952,0.02882983389151189,0.1524486325935879,0.02747538016572919,0.15279772735295344
silence_run_length,1,unseen/5,0.0,12610,0.04813639968279144,0.1295003965107058,0.003647898493259318,0.04448850118953212,73.23126510878323,70.36264356994916,0.23526785714285714,0.01783720415876812,0.07808550743798308,0.01702425935410217,0.0821338720692178,0.05594275141273509,0.20151801510298334,0.054819350636124455,0.21095471342112723,0.002794070919253798,0.004578663247780256,0.002793180315012152,0.004417684553397679,0.014079193496400534,0.07429632658621202,0.013339089825523865,0.07875722007933836,67.01083534057322,80.26356644527723,66.89191520517889,81.23967821248787,67.48877075040114,73.94641672559267,67.3306189734367,74.54882108675326,0.19356377615201403,0.24791501337203126,0.19591276978976194,0.24919529334102736
silence_run_length,2-4,unseen/5,3.0930232558139537,43,0.0,0.6046511627906976,0.046511627906976744,-0.046511627906976744,64.0,64.0,0.0,0.0,0.0,0.0,0.0,0.41214872381995343,0.8295429544631201,0.3785274327122153,0.8323048153342684,0.003097086253476757,0.08560247293947214,0.002259131190597661,0.08967925622862723,-0.08560247293947215,-0.0030970862534767684,-0.08967925622862725,-0.002259131190597665,64.0,64.0,64.0,64.0,64.0,64.0,64.0,64.0,0.0,0.0,0.0,0.0
silence_run_length,5-10,unseen/5,7.96,75,0.0,0.16,0.08,-0.08,64.0,92.20338983050847,0.0,0.0,0.0,0.0,0.0,0.049159384056880424,0.3766179594878527,0.044884938435409576,0.37855581395348836,0.04991132932610465,0.10270336554497456,0.049274331652554466,0.10259644541973954,-0.10270336554497456,-0.049911329326104655,-0.10259644541973954,-0.04927433165255447,64.0,64.0,64.0,64.0,73.90604019092208,105.70056163731556,74.30057692307692,105.19000454338935,0.0,0.0,0.0,0.0
silence_run_length,11-25,unseen/5,18.30310262529833,419,0.021479713603818614,0.30787589498806683,0.0477326968973747,-0.026252983293556086,67.95876288659794,86.64259927797833,0.036231884057971016,0.0058886680558897135,0.04099688425552911,0.0056288431760356675,0.04118433387194248,0.15528972165113747,0.44999583623236994,0.13626257503266312,0.473897113909336,0.022791993070741905,0.07225191827353993,0.021009982439091822,0.07226839513873681,-0.057841130986958526,0.010302966889281435,-0.05965134367807914,0.01018569827601481,64.90384166886511,72.14441697591836,64.69645087449685,72.6573852048022,73.57323534990525,99.14768684122784,73.15214286653604,100.51674440310532,0.012946699709455025,0.07586985697911905,0.015189985795454546,0.08093940533692287
silence_run_length,26-50,unseen/5,38.836309523809526,1344,0.029017857142857144,0.24627976190476192,0.04836309523809524,-0.019345238095238096,71.34838076545633,94.25334706488157,0.07837837837837838,0.014850805885310818,0.04354330925417239,0.01727579470339976,0.03836516214352279,0.1401889420105667,0.3596507080581464,0.13097918975024136,0.4092155340625231,0.020356266080218812,0.08039751166910478,0.022027640095628125,0.08669507834502671,-0.058879715191542344,0.016860326668933646,-0.06684666313910331,0.012697952240168545,68.90154526047752,74.40557280599053,68.57263819194735,75.15486169524911,82.86163854644701,106.79853624890191,82.70575036817554,114.60921227457378,0.04254267337833522,0.14156293447472515,0.03653005982937299,0.1467264042829775
silence_run_length,>50,unseen/5,55.72289156626506,332,0.009036144578313253,0.3825301204819277,0.0030120481927710845,0.006024096385542169,67.10679611650485,65.92964824120602,0.03076923076923077,0.0028185189493406264,0.01582564279252711,0.002824075130576235,0.017377177276631857,0.0899495662916663,0.6258261349571987,0.08407623828385427,0.6808243280843748,0.00018721458216531322,0.007050000661750185,0.0,0.005882916205103168,-0.002970711517112105,0.014025966117350335,-0.0025016154061511045,0.016222371287288137,65.28504621722699,69.0858420430441,65.54030039934753,69.82894496957353,64.40797887406978,67.77380773199818,64.35129619360121,68.74476827520306,0.0072430312441704005,0.19034305547246932,0.005962947776924366,0.19633382286756512
silence_run_length,1,unseen/10,0.0,5383,0.005758870518298346,0.03864016347761471,0.002600780234070221,0.0031580902842281255,64.80857580398163,67.5679012345679,0.2719665271966527,0.0023725703800004756,0.011066377701789733,0.002116424124643934,0.011265782717403116,0.026991129510092207,0.0546107565372147,0.02696948789492975,0.055233572976667956,0.0015004955636998276,0.004109904852143396,0.0012600353647499035,0.004363842770593768,-0.000248015419821273,0.008153268541569506,-0.0006193407827739766,0.008619722673694366,64.41374788527655,65.4202079313498,64.40859056043702,65.42022963545837,65.95586557678791,70.11047094250316,65.97410955469547,70.06411761404594,0.15227619265863995,0.36781078601016165,0.14568052739491044,0.37017409518630523
silence_run_length,2-4,unseen/10,3.4,10,0.0,1.0,0.0,0.0,,,0.0,0.0,0.0,0.0,0.0,1.0,1.0,1.0,1.0,0.0,0.0,0.0,0.0,0.0,0.0,0.0,0.0,,,,,,,,,0.0,0.0,0.0,0.0
silence_run_length,5-10,unseen/10,8.2,40,0.025,0.5,0.0,0.025,99.2,117.33333333333333,0.0,0.0014538667086070273,0.052492442202412226,0.0,0.05221175399271503,0.30018346456743256,0.6795055668679761,0.28867061920514375,0.6912330725520132,0.0,0.0,0.0,0.0,0.0014538667086070273,0.052492442202412226,0.0,0.05221175399271503,78.97205071385929,122.75189452293486,78.96592092046389,122.99696969696966,104.23678120685297,129.62155221609282,103.61766233766234,130.31592582492502,0.0,0.0,0.0,0.0
silence_run_length,11-25,unseen/10,18.297777777777778,225,0.0044444444444444444,0.27555555555555555,0.03111111111111111,-0.02666666666666667,69.92592592592592,87.0886075949367,0.0,0.00030713993492664836,0.00795357716589315,0.0,0.008641236472115468,0.16041978812203905,0.4200183515785466,0.1433236980309149,0.4457118900349853,0.016048275424659083,0.0471685845991406,0.018248039306270412,0.042488244716963545,-0.043278590039074936,-0.012648592006741767,-0.039623750009144046,-0.014491735465065545,65.71008529229053,74.53268318513585,65.51281214100007,75.546314408564,73.96474680524929,99.62926731597494,75.25069824083255,97.41278657742511,0.0,0.0,0.0,0.0
silence_run_length,26-50,unseen/10,41.55772646536412,563,0.015985790408525755,0.11367673179396093,0.012433392539964476,0.003552397868561279,67.1936127744511,71.13995943204868,0.0547945205479452,0.004933600553375101,0.0280333131835654,0.004925307509457416,0.030992402208861007,0.05388526078297328,0.192625492012293,0.054679286682688226,0.2013816140530618,0.005451867873575322,0.02394310264819154,0.003943040938107821,0.025065181120439293,-0.014257686246672207,0.017984627695313476,-0.01657465583165263,0.023671523453281502,65.95439747539574,68.12743913754791,65.78514279822663,68.40392254174546,68.44836349797808,75.44863337136296,67.84018826128457,75.77496663834083,0.016703592787712208,0.09763931490515883,0.014812091503267975,0.10261536699626607
silence_run_length,>50,unseen/10,56.76470588235294,170,0.0058823529411764705,0.38235294117647056,0.0,0.0058823529411764705,72.37383177570094,71.38461538461539,0.045454545454545456,0.00041227844741509697,0.012268767533417404,0.0,0.012239906832298128,0.10488997890466563,0.7211491165276308,0.09654793103448275,0.7565323747128392,0.0,0.0,0.0,0.0,0.00041227844741509697,0.012268767533417404,0.0,0.012239906832298128,68.26526626305521,75.98864862899497,67.84,76.16834078156232,69.96179917133233,72.97916349409176,69.89057760835335,73.14285714285714,0.010642950380103312,0.2294472291335938,0.008540335021420375,0.26042798913043474
silence_run_length,1,unseen/15,0.0,13444,0.005727462064861648,0.030496875929782803,0.002826539720321333,0.0029009223445403153,64.95931477516059,65.98369481618212,0.1457905544147844,0.0034027727089730726,0.008130241778722423,0.003597957874944365,0.008095612350177358,0.022144874643889693,0.03935398992833502,0.02140499534425158,0.040866490504162925,0.0018540025272643377,0.0038543168119803176,0.0013695911430065795,0.004281964110675488,0.00012815347557428437,0.00571919062975457,0.00037644455091356523,0.005838277331080309,64.58983488755179,65.39215967441918,64.52514545596003,65.43033997039167,65.34340353123278,66.77563147063718,65.14974878170479,66.9641627606245,0.11268572849800879,0.18637756243302772,0.1135308810171507,0.186792700791697
silence_run_length,2-4,unseen/15,3.4,30,0.0,0.9,0.0,0.0,64.0,64.0,0.0,0.0,0.0,0.0,0.0,0.7218829832930166,0.9942668876236067,0.8429934899291551,0.9927399504263108,0.0,0.0,0.0,0.0,0.0,0.0,0.0,0.0,64.0,64.0,64.0,64.0,64.0,64.0,64.0,64.0,0.0,0.0,0.0,0.0
silence_run_length,5-10,unseen/15,8.26086956521739,46,0.0,0.7391304347826086,0.0,0.0,64.0,64.0,0.0,0.0,0.0,0.0,0.0,0.4507036496910619,0.9844364023352351,0.37233457306679063,1.0,0.0,0.0,0.0,0.0,0.0,0.0,0.0,0.0,64.0,64.0,64.0,64.0,64.0,64.0,64.0,64.0,0.0,0.0,0.0,0.0
silence_run_length,11-25,unseen/15,19.010416666666668,576,0.010416666666666666,0.2847222222222222,0.04861111111111111,-0.03819444444444445,76.70702179176756,88.64082687338501,0.047058823529411764,0.00508480170895277,0.016073702890499357,0.003699472922743407,0.0166592796757202,0.17499502599367733,0.4036369049680978,0.14745281145210246,0.4191036776852002,0.022348184984030302,0.08347760596218516,0.020157389606527614,0.08525713086107835,-0.07347326412385463,-0.010014485939969578,-0.07838060088415648,-0.0059641919127437215,72.93754030134467,80.38103746481444,71.9795989620682,80.34546769566607,79.98263479613188,98.43963650398695,80.37450649663829,97.28924052704734,0.025794124225440147,0.08093322216971824,0.01874799445740957,0.099896948956299
silence_run_length,26-50,unseen/15,38.658349328214975,1563,0.01727447216890595,0.2923864363403711,0.008957133717210493,0.008317338451695458,75.04043126684635,78.11588785046729,0.05578512396694215,0.009803473487589589,0.024431363807224184,0.009549808536934452,0.024739582709674485,0.15951577609566334,0.4119639471066644,0.14147350224360927,0.42687134533988547,0.00552780924214917,0.011982097329068254,0.005493079030490923,0.01206968348259565,-0.0005259939581507586,0.01718930335065212,-0.0011509937011067598,0.01782149169878689,70.9356936489516,80.30895933874828,70.4731587133501,81.31382935532473,73.6358514828115,84.24351237946274,73.01048565388128,84.93522442507079,0.04199179942479833,0.0837010607884677,0.041839698994679014,0.095732958200796
silence_run_length,>50,unseen/15,75.03846153846153,468,0.01282051282051282,0.3782051282051282,0.00641025641025641,0.00641025641025641,73.23489932885906,79.49473684210527,0.04371584699453552,0.00105510517169055,0.024145153264851837,0.0,0.024208462083651437,0.07858767837818502,0.6602176727996584,0.061983830790740484,0.6617277048238009,0.0017248741790771608,0.013981662788777688,0.0018766936450165036,0.015386745607333831,-0.010449068516005813,0.02091064152300326,-0.012017884900742147,0.021640133614388195,65.62825908046025,91.52133092418669,65.37141526692166,91.62591739102592,70.3349535566579,94.80168648808326,69.8257477243173,95.03398144221718,0.04109010948795096,0.0590381011508525,0.04098311277898479,0.06177711477711477
silence_run_length,1,unseen/20,0.0,7697,0.006625958165519034,0.03131090035078602,0.0011692867350915942,0.005456671430427439,64.65952890792292,65.0744023636852,0.0958904109589041,0.003765562748525475,0.009548052706715132,0.0040286078793453925,0.009759626348742285,0.024615517037807604,0.038347239879282735,0.025593192279839038,0.036540767629559566,0.0006596189365169862,0.0016813707332847935,0.0006707785438697959,0.0016773900570512142,0.0025765295306025664,0.008412495374211298,0.002678283785465968,0.008784612019887457,64.47462369547164,64.83598986296391,64.4721392407652,64.85071745897434,64.75390490095694,65.39980754756745,64.75961340482928,65.42140825501171,0.07462581235188341,0.11606281844590872,0.07521727984632423,0.11956430229402017
silence_run_length,2-4,unseen/20,3.1176470588235294,34,0.0,0.8235294117647058,0.0,0.0,64.0,64.0,0.0,0.0,0.0,0.0,0.0,0.6637604016712896,0.9460040376140251,0.6739130434782609,0.9229854806679093,0.0,0.0,0.0,0.0,0.0,0.0,0.0,0.0,64.0,64.0,64.0,64.0,64.0,64.0,64.0,64.0,0.0,0.0,0.0,0.0
silence_run_length,5-10,unseen/20,7.0,7,0.0,0.2857142857142857,0.14285714285714285,-0.14285714285714285,64.0,112.0,0.0,0.0,0.0,0.0,0.0,0.2857142857142857,0.2857142857142857,0.2857142857142857,0.2857142857142857,0.14285714285714285,0.14285714285714285,0.14285714285714285,0.14285714285714285,-0.14285714285714285,-0.14285714285714285,-0.14285714285714285,-0.14285714285714285,64.0,64.0,64.0,64.0,112.0,112.0,112.0,112.0,0.0,0.0,0.0,0.0
silence_run_length,11-25,unseen/20,18.970149253731343,268,0.0,0.208955223880597,0.022388059701492536,-0.022388059701492536,70.67298578199052,75.55121951219512,0.017857142857142856,0.0,0.0,0.0,0.0,0.10160135462070106,0.3192707688858658,0.10336142822186095,0.3248086442746257,0.008698570654314317,0.036574672638861536,0.004919709136151702,0.041018306931850004,-0.036574672638861536,-0.008698570654314319,-0.041018306931850004,-0.004919709136151714,66.53901593778345,74.9302973156618,66.72668056680395,75.33721021662352,68.1737800700708,83.84247891671413,68.63178644846933,83.98437985126908,0.001268775975695853,0.03497468031431483,0.0008591132167638397,0.038307597140762456
silence_run_length,26-50,unseen/20,38.00712589073634,842,0.010688836104513063,0.20546318289786222,0.017814726840855107,-0.007125890736342043,74.61883408071749,78.18914728682171,0.04945054945054945,0.0015900104866470284,0.02107215719229259,0.001557037148562502,0.02144053763421973,0.1264550265267998,0.3056104008920511,0.12503275257659602,0.30293711145098723,0.010843257309898845,0.02394954762676628,0.011049424187205115,0.024005670785829502,-0.020676675005124788,0.007623968707600321,-0.018664214937890583,0.005851767837500605,70.98330668704995,79.71864608876278,70.94308237616792,79.95477685798302,74.27570431186697,82.61620076540096,74.47329245057415,83.01074147253783,0.021038001832090078,0.07438900700684635,0.021864128071319853,0.074260652675697
silence_run_length,>50,unseen/20,57.89565217391304,230,0.004347826086956522,0.11739130434782609,0.02608695652173913,-0.021739130434782608,77.76,75.75510204081633,0.03571428571428571,0.0009369178940928641,0.00553292186473938,0.0,0.0055619485999232835,0.08564362039886435,0.12842181120257423,0.07692307692307693,0.12869198312236288,0.022713991615741766,0.03579492599373569,0.02263137706175681,0.038461538461538464,-0.03485800809964283,-0.017181069751002382,-0.038461538461538464,-0.017069428461833524,66.92543607419977,81.59359051371986,64.0,81.68794326241135,66.50268308939032,79.02269256606895,64.0,79.10307414104882,0.010821344603672189,0.04130441483943601,0.0,0.041428571428571426
posterior_transition_distance,0,all,0.0,5636,0.1903832505322924,0.21788502484031227,0.10202271114265436,0.08836053938963805,101.9067489887162,148.40480640854472,0.3407214254671882,0.17490842793750605,0.20385390403625298,0.1715373073378031,0.20585604760925225,0.20925878008296805,0.22749366750618463,0.21035532335278473,0.22599196436636376,0.09524544808302965,0.10978317439965855,0.09356800387325637,0.11106588560319505,0.06676303730611599,0.10683041181067243,0.061917679993411176,0.11080633187787593,99.14402384398844,104.64928017436696,98.8781606454058,105.2317659177338,143.98656412140448,153.84538682174778,143.34763060376042,153.9789048235634,0.3234542239564927,0.36051203690771866,0.31927677146273636,0.36411076518977786
posterior_transition_distance,1,all,1.0,8442,0.12757640369580667,0.3275290215588723,0.054963278843875855,0.07261312485193082,98.47989623865111,129.25465594981375,0.2519521082769391,0.11739960032681863,0.13685100669683334,0.11640582163994329,0.13684206691874387,0.3198160701311448,0.33585012997889174,0.3196530223481406,0.33556127162674343,0.05051590371994368,0.060081900149997855,0.050854085237341765,0.05910905509047361,0.05947237514582374,0.08440625555944666,0.05963710104010226,0.08347178007061042,96.18219364903226,100.75674276433092,95.82212581390247,101.21158656272972,125.77178894148386,133.073130501743,126.09124045340364,132.54578868378601,0.23718966282236492,0.26687783798665016,0.23715507323900573,0.2658363465223282
posterior_transition_distance,2-4,all,2.946302950554178,19759,0.050154360038463484,0.3174755807480136,0.022167113720329975,0.02798724631813351,79.95284985265579,88.40635712059832,0.12665198237885464,0.042981187613306784,0.05652419978266747,0.042512565502825235,0.056756214126183105,0.30980617389794957,0.3250322599993347,0.3091496115081019,0.324970461677868,0.020159427476568098,0.02456567426290924,0.01973909125232177,0.02449857100179671,0.01995874520150409,0.03506027953766621,0.020275169206257836,0.035010626748592844,78.53403785964377,81.33547598220817,78.18756823536354,81.44307250301456,87.0411994086668,89.87361223371563,86.78289991315422,89.84466718659326,0.11652098144410689,0.13638247764896375,0.11764362335302551,0.13496514623601089
posterior_transition_distance,5-10,all,7.389418023126175,31393,0.013187653298506036,0.15735992100149715,0.00617972159398592,0.007007931704520116,68.44797839621934,69.32945721608078,0.08330220395965633,0.010543869014894422,0.015760081411466773,0.010237135534752619,0.01588598254792938,0.14561890735286398,0.16798039020772967,0.14420822161737895,0.16929435388974337,0.0049686426377725315,0.007433728102047798,0.004881968760520193,0.007480888797814345,0.004177552564984026,0.009499330252687795,0.004519821229161733,0.009309122529098483,67.55450636288413,69.2997202446286,67.47854934437395,69.3647492337689,68.52913960345671,70.1846870401913,68.36500116405158,70.24363952806966,0.07047826901281805,0.09498844707709837,0.06902933660792565,0.09603738615350386
posterior_transition_distance,11-25,all,17.488071070393698,57633,0.003956066836708136,0.04981521003591692,0.004285739073100481,-0.00032967223639234465,65.09107484729692,66.16963074328041,0.07938044530493708,0.0026335882564928748,0.005315365932703779,0.0026145352687584485,0.005336027269818504,0.04261361957702263,0.05661639347240941,0.04212623261308023,0.056991644213440606,0.00350809141522277,0.005071095041150884,0.003303706563804891,0.00520902829483728,-0.0015378194300217608,0.0009837596857638843,-0.001603639625042413,0.001026704287462743,64.76566805906732,65.41969158273123,64.77101537069889,65.42324888631005,65.75350985397228,66.59855310377762,65.67808926294504,66.64952873323257,0.054682080990726814,0.10126838008326942,0.05451940908141872,0.10329294465769145
posterior_transition_distance,26-50,all,36.95900417656212,61055,0.0014904594218327738,0.018786340185079027,0.004012775366472853,-0.0025223159446400786,64.36222181411424,65.5614719121806,0.07592891760904685,0.0004156320345374858,0.0025738406392389864,0.0003919787180495388,0.0026862368129517435,0.013936804485486306,0.02347032652476243,0.013586164080803119,0.023623290007332574,0.0028927095818796758,0.00517276293188942,0.002665689391354136,0.005356343061725122,-0.004235436769378663,-0.0008435054394590537,-0.0043602377519829745,-0.0006378278307940833,64.19560241236337,64.52994618915136,64.19680397916014,64.54360146103764,65.10228675487403,65.99692554552117,64.98917337718218,66.14779837883637,0.032804346276849666,0.1059653011398408,0.03181625042451898,0.11035149171918476
posterior_transition_distance,>50,all,148.95589340980223,114382,0.0009354618733716844,0.04251543074959347,0.0020282911646937454,-0.0010928292913220611,64.32180761263358,64.96037747926516,0.027565392354124748,0.0006021223409178324,0.0013131420248643263,0.0005998484576410022,0.001303957168120539,0.03530932326023552,0.04987205823201133,0.036253338315684204,0.04973830899898333,0.0016353812202295973,0.0024861219852029375,0.0015551984448859376,0.0025168179298850576,-0.0015931478224362726,-0.000570301632576606,-0.001671944629509795,-0.0005005306675382922,64.24483384049894,64.4105370447697,64.24538814524158,64.40880405400519,64.7785313726279,65.1521826563071,64.75572138462469,65.17756557368656,0.020713468980072085,0.03519878849639746,0.019736335593213934,0.03662817006477853
posterior_transition_distance,0,clean,0.0,1106,0.20253164556962025,0.2070524412296564,0.1166365280289331,0.08589511754068715,96.2046908315565,155.48771021992238,0.37748344370860926,0.18131831633612813,0.22333955061955352,0.17415672941283156,0.22829485375529712,0.19239454572452658,0.22335249515235542,0.1899860749650543,0.22656555763160374,0.0992096109148459,0.13488854066591624,0.09570477306671703,0.13937024648885804,0.05078212981692826,0.12000012778137024,0.040045798077498286,0.12688781465820007,92.461991451821,99.98706784333434,92.15233156405446,100.60477504156295,145.5787272336584,166.31299601320416,143.14167230502568,169.82358415352178,0.3388484151632088,0.41808764281293576,0.33189714697884054,0.42743239463979055
posterior_transition_distance,1,clean,1.0,1784,0.09753363228699552,0.3419282511210762,0.053251121076233185,0.044282511210762335,91.39412207987942,132.80858676207512,0.27168367346938777,0.0855551125907933,0.10927012386057054,0.08213272370781521,0.11124407879836849,0.32965421028445663,0.35438172238012017,0.3276667550940376,0.3565347318271655,0.044586226215534396,0.06253254726928847,0.04475874817900663,0.061770935039211924,0.02423739166019234,0.06306389269723794,0.02227931964429383,0.0652802020528086,88.88355417883517,94.05628358399153,88.67043866048215,94.17664719647166,126.52903750124064,139.3495783204127,125.99407708586106,140.22100968184827,0.2490530588420935,0.2935600047458312,0.2508498100382275,0.2937758078104153
posterior_transition_distance,2-4,clean,2.951385627054955,4258,0.023485204321277594,0.29145138562705497,0.017144199154532646,0.0063410051667449506,72.25608194622279,83.93655079311509,0.11260253542132737,0.0188565797631135,0.02811437227339421,0.01761084747400963,0.028679626732843713,0.28013749785060854,0.3025312424194066,0.2790008444091519,0.30259945544480243,0.01274758480210988,0.021778138978764502,0.012804576034258008,0.021391893452799637,-0.0010123168121118806,0.013281270043397735,-0.0020247337744095303,0.01446045908528159,71.23104412283719,73.16902851705126,71.59188903010704,72.98019231371045,80.98463616395311,87.03165028878786,80.56792673386728,87.2114589119623,0.09763624389831366,0.12737919566566439,0.09480728898394969,0.12812587003613674
posterior_transition_distance,5-10,clean,7.421604763254891,7054,0.005103487383045081,0.10277856535299121,0.004678196767791324,0.00042529061525375673,65.18798175239893,67.36093923528479,0.06044678055190539,0.003219279396681584,0.006858521075382656,0.0032798222679066564,0.007026183362628256,0.09249825111429089,0.11275212179200458,0.09049106861536478,0.11387466860441468,0.003068267664925178,0.006319046149465091,0.003063660666979595,0.0062901487281434,-0.00183759830792967,0.0025098480341291854,-0.001967472798305541,0.0029084325013591776,64.86864130629435,65.47873496824697,64.8410277736512,65.51871663149518,66.48163992064593,68.24810540932705,66.54243950115664,68.13244221169931,0.04418748424135648,0.07392629559136087,0.04314801685802801,0.0768095128117426
posterior_transition_distance,11-25,clean,17.517478426210324,13674,0.000292525961679099,0.024352786309784994,0.004387889425186486,-0.004095363463507386,64.31654676258992,65.71531531531531,0.04451038575667656,6.840932579974291e-05,0.0005246503499222611,7.770747492561524e-05,0.0005177601546321087,0.01654660873627286,0.031995472983893956,0.015318579122815841,0.03316190072379542,0.0025092205432407323,0.00613361185801769,0.002427536910824923,0.006382413765580972,-0.005809615591988217,-0.0022853736036637417,-0.006051045511513128,-0.002217219847796172,64.17543301248895,64.44709381271923,64.17370501306922,64.46728445980297,65.06348386218542,66.31766681678107,65.03251775175127,66.42232438160752,0.02573542564541668,0.0671720340933438,0.027760545155793265,0.06259997642344554
posterior_transition_distance,26-50,clean,36.79474105907204,13729,0.0,0.003641925850389686,0.0071381746667637845,-0.0071381746667637845,64.29061081001905,66.22049438861586,0.08,0.0,0.0,0.0,0.0,0.0021834408271064203,0.005032476769658527,0.002093264204223246,0.005032397873218437,0.004391007584133585,0.009837621887876746,0.004392866497252988,0.010151671154968669,-0.009837621887876746,-0.004391007584133585,-0.010151671154968669,-0.004392866497252988,64.13542576893208,64.44472045152429,64.13911468284155,64.45809362863574,65.46468951861894,66.9683832121453,65.39934392067923,67.14067651256691,0.005754640562359273,0.15923086129883204,0.004376248041993997,0.16650611575247345
posterior_transition_distance,>50,clean,88.36528208307502,16130,6.199628022318661e-05,0.003037817730936144,0.001425914445133292,-0.0013639181649101053,64.01989925999627,64.58923794712287,0.0,2.745325729648249e-06,0.00012802626953096002,2.945464028459773e-06,0.00013430768473735188,0.002020679547250548,0.00409157268084374,0.0018233723695303917,0.004326255082256169,0.0005124514677326096,0.002398744270500946,0.0005139476302852367,0.0024637641015510803,-0.0023265061980911267,-0.0004413696289884138,-0.0023911200729618506,-0.0004393495382977803,64.00699703586508,64.03304199845509,64.0072389198524,64.03145942126532,64.17491705106035,65.02720072668995,64.17065531101343,65.07153925837915,0.0,0.0,0.0,0.0
posterior_transition_distance,0,seen/-5,0.0,547,0.1663619744058501,0.263254113345521,0.12248628884826325,0.043875685557586835,94.64788732394366,154.02785515320335,0.28085106382978725,0.13986929791984978,0.1888000115656587,0.1403437702656377,0.18898200037376015,0.23779662842348562,0.291618065410342,0.23627034555777546,0.2897168422630139,0.10216604077987988,0.14389728536611274,0.10665644066475954,0.1355453213848791,0.002551506679011155,0.08133811060311291,0.009764824762277828,0.0780528299370818,90.35486775680765,98.9208462843503,90.86304098120893,100.52202687804748,143.7926186641448,166.49296509707085,143.63534533531242,166.75405024436566,0.24682993729809793,0.32336910238828476,0.2561676131150128,0.3079465040040899
posterior_transition_distance,1,seen/-5,1.0,754,0.10212201591511937,0.3448275862068966,0.07161803713527852,0.03050397877984085,93.51937984496124,124.23529411764706,0.17507418397626112,0.08796563841055695,0.11477210396476657,0.08695636880820933,0.11360465378333148,0.3242422446048843,0.3685151011946343,0.3216459662550921,0.37219752054367944,0.04953162493796422,0.09462829181288526,0.05363793980131236,0.08719614661910573,0.004522439474445178,0.05305714950403023,0.015969144457188857,0.04562969968825901,87.38046752988947,99.73548630955266,88.54259073594609,99.79499420496985,111.55624037655213,138.11902338065227,112.40956222257,136.45632610454467,0.14178931389735647,0.20653619745460314,0.14694006446428567,0.20274031910061316
posterior_transition_distance,2-4,seen/-5,2.944183313748531,1702,0.036427732079905996,0.3401880141010576,0.03701527614571093,-0.0005875440658049354,79.38461538461539,89.51555136663525,0.09828393135725429,0.029288515219778315,0.044700297322537136,0.031137913666093663,0.041687784726610964,0.3233669329558169,0.359633534756692,0.3250009202276212,0.3554979595999129,0.02455995461326643,0.051452172741885537,0.02936042038668575,0.04486291050209704,-0.009529131617668926,0.008150077314626318,-0.006408168840022751,0.005153089085331146,75.71925238810722,83.31233309020405,75.9878014970986,82.56893811082045,83.47490247572341,96.04880381465773,84.6830733991284,93.6624296868567,0.08021213778468715,0.1151797973512473,0.08117955032469797,0.11392891334819805
posterior_transition_distance,5-10,seen/-5,7.380329094988781,2674,0.007105459985041137,0.20381451009723262,0.020942408376963352,-0.013836948391922213,68.25667447306792,72.88888888888889,0.05673758865248227,0.003194750138286889,0.012042737591112313,0.0036480310271045243,0.011312700349517018,0.18970400093524564,0.2192807356457014,0.1874368381949866,0.22003640993033746,0.010856364736661933,0.032916622185427805,0.013022872399185297,0.028435826652204274,-0.023398320573558295,-0.005561435604925431,-0.020920521204789662,-0.006018986311788273,66.23474319053187,70.84826752286014,66.51800842281519,69.901228938802,68.2278566228922,78.63211112604249,68.7575957970256,76.49725293326306,0.034866443778741506,0.08202074796287807,0.03923739920577504,0.06973929398469542
posterior_transition_distance,11-25,seen/-5,17.505052588162506,4849,0.003712105588781192,0.05073210971334296,0.006805526912765519,-0.0030934213239843266,64.58460200086995,66.57230231542158,0.04924242424242424,0.0014191293085979145,0.006177658761066826,0.0011895860575788825,0.006008041156235706,0.04125729680478531,0.06320814178651668,0.039737106945173066,0.06110064499356144,0.003843191424399904,0.010200668129933007,0.004348709687540556,0.00955539889738767,-0.007274061106335639,0.0005183513876936622,-0.007777160393676368,0.0010547774062066829,64.33877696190493,64.8530772098261,64.3132969897234,64.80485348220277,65.33958082821215,68.00531722901955,65.66530416227295,67.42075137885178,0.02154486912037768,0.07564102708020994,0.01682713431123075,0.07915208781293757
posterior_transition_distance,26-50,seen/-5,36.912236438998015,5549,0.0,0.014056586772391421,0.0007208506037123806,-0.0007208506037123806,64.05849022116615,64.33930530164534,0.01282051282051282,0.0,0.0,0.0,0.0,0.008124825819687057,0.020419923855254245,0.00728147272271173,0.020047917422203715,0.00027582945010688894,0.0012197645307528012,0.00015136748274730582,0.0012912905039194288,-0.0012197645307528012,-0.00027582945010688905,-0.0012912905039194292,-0.00015136748274730634,64.01480651944165,64.10278640421339,64.01276136386562,64.11276050984283,64.15508232557778,64.56392093661623,64.10972437630701,64.5778325597104,0.0006214021802493593,0.026819225415098194,0.0,0.03270356404975807
posterior_transition_distance,>50,seen/-5,140.79561270801815,13220,0.002118003025718608,0.07995461422087746,0.003630862329803328,-0.0015128593040847202,64.81331474952857,66.52693921197664,0.04331797235023042,0.0008279165494940029,0.0036942984648738256,0.0008246547123070406,0.003178909194523071,0.0620238745772353,0.10044145562006589,0.06231830673511765,0.1003653628252335,0.0023132834506108617,0.004838629486028992,0.002472105686697468,0.00443597759903342,-0.002798351009327465,-5.550885100966044e-05,-0.002958647472084719,-0.00014360445914026392,64.4134588412644,65.26007450146426,64.36340360336591,65.14001548351555,65.70051348491407,67.39963830268574,65.58085235548077,67.22546073883117,0.0249722768484088,0.06677802677504434,0.025424539786097895,0.06752495273658701
posterior_transition_distance,0,seen/0,0.0,382,0.16753926701570682,0.2486910994764398,0.1256544502617801,0.041884816753926704,102.73139158576052,155.0569105691057,0.27672955974842767,0.1440022527833278,0.18663427900190652,0.14182905331971232,0.18871778425797522,0.21773671246906978,0.2791745530965302,0.2136084341076267,0.28104821900943966,0.10692065616468446,0.14361737136233985,0.1067122907500417,0.14544895621121426,0.009983984616034098,0.07089392948585156,0.005266908816142801,0.07168138383878259,96.3653533945974,109.23878205386414,96.28845463514578,110.58365262721748,140.21444913112236,169.79042999602314,141.22010095247722,171.9908536531795,0.22345553125235215,0.3205823244375424,0.21769995969176392,0.3339273488529796
posterior_transition_distance,1,seen/0,1.0,551,0.132486388384755,0.29764065335753176,0.09800362976406533,0.034482758620689655,98.02926829268293,140.6489675516224,0.2320675105485232,0.11284997559465794,0.15547337170586836,0.11251760219302387,0.15207918772345566,0.27443887271644724,0.3187429747569285,0.2748278358593943,0.32168423752925907,0.08096403001672291,0.11490393278181699,0.07707614228884074,0.11793175456435981,0.005396037343678175,0.06713335036070806,0.006132215292968601,0.06326896058317663,92.50372125495004,104.21174883856958,92.28481739907275,104.59209653964042,130.92707495809717,150.974036569202,131.4028310771475,150.62482195014678,0.19376595717382722,0.2655892843629032,0.19619095328478867,0.26250358955064246
posterior_transition_distance,2-4,seen/0,2.941640378548896,1268,0.06861198738170347,0.2973186119873817,0.044952681388012616,0.02365930599369085,87.5386289445049,106.15751789976133,0.1206896551724138,0.05556189839824602,0.08390562609930567,0.05278644223935802,0.0865322956495281,0.27558015278912396,0.3169211633441256,0.27361188580769363,0.3228822399681186,0.03040338150470136,0.058713294447490016,0.02860676071982026,0.061210467581317464,0.0064182412710571315,0.04323363165078269,0.007827214979104142,0.04117355755928633,82.92996413095123,92.83749014725127,82.47772629452592,93.00670912325737,97.42692221725774,115.88769681695722,95.45590558270318,116.43601175740717,0.0969161880179141,0.14207121441792372,0.09798324158111785,0.1417761792659391
posterior_transition_distance,5-10,seen/0,7.38989700833742,2039,0.022560078469838155,0.18636586562040217,0.018636586562040217,0.00392349190779794,72.71861986912552,78.1077399380805,0.11267605633802817,0.015660773853706768,0.03055101173955029,0.013798542639950567,0.03151235202885151,0.1660448377870428,0.2057405633487274,0.16442740904532333,0.2124355263638487,0.012646231269615052,0.024514849476032274,0.012183060284387185,0.025245444798753677,-0.004268357566696234,0.013246684254281788,-0.004363817587266673,0.011361900861980991,69.86680902315732,75.65065665159243,69.1863789235654,76.44835178961499,73.7225483199442,82.59899408346311,72.87263970962898,83.27225035174034,0.08001105329863932,0.14207320346408678,0.07376763412800998,0.14502892891495134
posterior_transition_distance,11-25,seen/0,17.601656425327278,3743,0.008014961261020572,0.09591236975687951,0.004808976756612343,0.0032059845044082286,67.5189650102911,69.14201008004744,0.08483290488431877,0.004303142846651413,0.011858521873974555,0.003628197876113927,0.012859806171701786,0.07481098904490138,0.11960127257623299,0.06923173418751431,0.12151161227565464,0.0028022680374590295,0.007060638138013107,0.0025700276865483376,0.007165334611760285,-0.0009044204748817708,0.007105698345943507,-0.0014624500062174074,0.008116227756494628,66.00726432746008,69.15246548097097,65.74870810840964,69.55369208363898,67.41988253172734,70.92904608377992,67.1740277854073,70.99894610398744,0.05343545357284623,0.10891326398027103,0.056049431232077083,0.10806138894920642
posterior_transition_distance,26-50,seen/0,37.147137150466044,4506,0.0,0.02796271637816245,0.0011096316023080338,-0.0011096316023080338,64.01461187214612,64.64292237442922,0.0,0.0,0.0,0.0,0.0,0.018738003239212063,0.0377717304435386,0.018889245612855897,0.03717918094212497,0.00017335241666831315,0.002186155952748922,0.00019205301168773804,0.0021390952331699522,-0.002186155952748922,-0.0001733524166683134,-0.0021390952331699527,-0.0001920530116877381,64.0004958008716,64.03231764433275,64.00063327075279,64.03207175693868,64.2197962733314,65.13298814125875,64.2399721916184,65.1051691950148,0.0,0.0,0.0,0.0
posterior_transition_distance,>50,seen/0,145.73250641573995,11690,0.001710863986313088,0.05662959794696321,0.0023952095808383233,-0.0006843455945252353,64.77744538119845,65.0373338189765,0.030791788856304986,0.0006402743670537205,0.0030654422717789442,0.00045438648498840966,0.0036118546159954095,0.03268866985999907,0.07852593298146068,0.033875569994017744,0.07651952032312262,0.0013396096854247823,0.003368223740755112,0.0014571920629011946,0.003309222131979661,-0.0021233865799596186,0.0011507077763825311,-0.0023173412528542515,0.0015123913707477219,64.45033635214502,65.14426804486864,64.40234091945365,65.2695501386369,64.70864862273163,65.32419699661328,64.76025614956987,65.32442625659144,0.013124038969088913,0.0645778034329088,0.008941966149570093,0.0690089752288445
posterior_transition_distance,0,seen/5,0.0,332,0.11746987951807229,0.24096385542168675,0.13855421686746988,-0.02108433734939759,97.99267399267399,160.60377358490567,0.3865546218487395,0.0986961333383256,0.13957085448447493,0.092380096083868,0.15002134879155066,0.21443492353916654,0.26692434991916203,0.20635929798489774,0.27688254529853173,0.11898546573459572,0.1570378317070913,0.114609120373237,0.1600685922832853,-0.05112882123665159,0.01552024477047073,-0.0637187427170871,0.031943215173164605,92.70306448289415,104.3334226587472,91.94453631186455,105.82003069634935,146.80327644788747,175.47570775363474,145.07836597802796,181.5288502631475,0.3301538299385347,0.44604765184878914,0.3292839555665306,0.4528510304618857
posterior_transition_distance,1,seen/5,1.0,492,0.12601626016260162,0.3313008130081301,0.07723577235772358,0.04878048780487805,103.74928774928775,143.03355704697987,0.25333333333333335,0.10773327669424881,0.1469516161381496,0.1080007754424278,0.15070149230083144,0.30524182141410483,0.3538235276845022,0.30365506151844784,0.35281910882351797,0.06060112268463828,0.09307589026551402,0.05917353545958161,0.09436176616697908,0.02273933965238077,0.07850281836779094,0.02069827565163618,0.08659343113535253,97.86650930231104,109.91611469431169,97.14887244128347,112.00349314237721,130.83704222007384,155.82019423351096,130.4966166435377,158.51391103542102,0.21807122321235994,0.2843984136569987,0.21943069149361458,0.28076554801768905
posterior_transition_distance,2-4,seen/5,2.9546204620462047,1212,0.0627062706270627,0.31435643564356436,0.034653465346534656,0.028052805280528052,85.33333333333333,94.31145431145431,0.12472647702407003,0.046246824639167364,0.08221928339489047,0.042287591826813846,0.08700500913231514,0.29044834103792116,0.3356554118520605,0.2909729636509167,0.336815338965217,0.025872437840695973,0.04459448608037394,0.025864854934290995,0.04474409223209083,0.01006136229168272,0.04821115580200046,0.003066901614367904,0.055522882771711676,80.0395344243949,91.73508002245228,80.37860570202164,91.68679143508072,88.60431360884299,100.67128191354323,89.33335246639398,100.59171956293127,0.09058107521902194,0.1630229096938948,0.09089073949888629,0.16164523323535074
posterior_transition_distance,5-10,seen/5,7.37361530715005,1986,0.01863041289023162,0.18529707955689828,0.0030211480362537764,0.015609264853977844,71.2156862745098,70.27215980024968,0.0691358024691358,0.009301694843615614,0.030142807260034914,0.007132144295629632,0.032629105024512425,0.15456890629087885,0.21335799721926216,0.15378103714141866,0.21567221712135867,0.0013243932690777493,0.0046618370979598445,0.0011367182362437439,0.00489406338919837,0.0059909167147889275,0.02765630288392137,0.0035980890916694364,0.030635208110747103,67.91145410473894,75.137850490343,67.11684394480238,76.33970915463104,67.86830851969253,73.04308360442995,67.68197581597073,73.39523328642144,0.03954450665430096,0.10612952487104897,0.03811065230104679,0.1106613709146546
posterior_transition_distance,11-25,seen/5,17.505923143600114,3461,0.004622941346431667,0.036405663103149376,0.0023114706732158337,0.0023114706732158337,65.07401857956248,65.48032442174828,0.04929577464788732,0.0008970135444871231,0.009028974732421646,0.0009740834314210965,0.009193572742096128,0.027358396114578836,0.0459759561139981,0.027867924332298316,0.04600644858926657,0.0005216458459991419,0.0044750812904061415,0.00044061479348533845,0.004734947525210498,-0.0004651692682016834,0.0054413280929882955,-0.0004961423536602981,0.005405155055952993,64.23695788890966,66.05614102342253,64.24321129197169,66.0615902583838,64.51060868100828,66.65877841965191,64.50011597712593,66.70143587576584,0.014845955906144735,0.08224805620443444,0.013755514621010915,0.08787782236493784
posterior_transition_distance,26-50,seen/5,37.2272955343703,3986,0.0,0.003763171098845961,0.0010035122930255895,-0.0010035122930255895,64.01611684714177,64.45138539042821,0.0,0.0,0.0,0.0,0.0,0.0007178776867098199,0.007530295445353831,0.0006130414673833269,0.007958405833978631,4.224274518484264e-05,0.0021661544844782513,0.0,0.0023225515213543056,-0.002166154484478252,-4.224274518484274e-05,-0.0023225515213543065,0.0,64.00067775970341,64.03478748639174,64.0,64.03730716621828,64.01898267823614,64.97421763156244,64.0,65.04463451487759,0.0,0.0,0.0,0.0
posterior_transition_distance,>50,seen/5,152.71479791395046,9204,0.001303780964797914,0.04487179487179487,0.0033681008257279445,-0.0020643198609300306,64.40759695212101,65.43844837421562,0.03058823529411765,0.0005465727842359021,0.002010292547554123,0.0005327609829120563,0.0021003010085684855,0.022325502028738658,0.06519281793694395,0.022037601228482608,0.06779371199364612,0.0018015238489535355,0.004946690292696004,0.0020635201513437324,0.004519315713811187,-0.003790695054890417,-0.0004926539171887305,-0.0030161959181563397,-0.0008792903709656672,64.16638788184144,64.64630296883529,64.1563399810957,64.68061314789797,64.77423403991888,66.07759121351027,64.83047085639608,65.9946200029997,0.020409823119999424,0.04533722890219865,0.020206769810500447,0.047152531651091956
posterior_transition_distance,0,seen/10,0.0,581,0.14974182444061962,0.22375215146299485,0.10327022375215146,0.04647160068846816,99.43801652892562,153.04347826086956,0.33640552995391704,0.1253917498680758,0.17306419821848698,0.12833852644280647,0.17356120659028332,0.2027535760596978,0.2454848249197815,0.20418893563304505,0.24128998855064654,0.08907705228092364,0.11740651090169353,0.09341561455244768,0.11337988028285469,0.010887609448099592,0.07961359637617985,0.017739074449386962,0.07713971407611943,94.85698640788668,104.08630891148864,95.39660252676623,104.09494142817053,142.641962207798,164.25690475865585,145.06859363436575,160.66760332780626,0.292739528878198,0.37916814478323085,0.28626122756245126,0.38108378874213883
posterior_transition_distance,1,seen/10,1.0,857,0.11785297549591599,0.34072345390898484,0.050175029171528586,0.0676779463243874,96.8284789644013,123.35686274509804,0.25699745547073793,0.10393137833977603,0.1315881726286897,0.10355416626797598,0.1357930215090703,0.32625086260626174,0.3542126838054787,0.32758453975032453,0.35054341184675236,0.041305141547570805,0.06002551350792182,0.040721938146151916,0.06183955192390081,0.04896581787299981,0.08539125381334929,0.047290687224972795,0.08788446978694334,92.5486085632537,100.83858687580502,93.3506189962998,100.5612522423434,116.46724130130869,130.5375952308964,116.80727965441915,130.6873300438737,0.23862416801564756,0.27463840201733647,0.23179638160300933,0.27821023131864286
posterior_transition_distance,2-4,seen/10,2.9535218016291327,2087,0.048873981792046,0.33397220891231433,0.022041207474844275,0.026832774317201723,79.66712898751733,88.89154824233358,0.12015018773466833,0.03836431971182956,0.05935013149985831,0.03828034550176599,0.06282247231991346,0.3130892508137962,0.35249877823687775,0.31267391528469224,0.3536853554360264,0.01646406846597355,0.02853958098695002,0.015330155767267617,0.030016747091509713,0.016347779022556484,0.037273877775259166,0.01547173864110693,0.039152251387919695,75.95720565642694,82.90547305780609,76.15273055146571,83.61055544852921,82.981575165454,94.50901980591502,82.58283433892068,96.21031541476462,0.10045698269265149,0.13950160004382492,0.09996952112163779,0.14311614436364792
posterior_transition_distance,5-10,seen/10,7.41016548463357,3384,0.007978723404255319,0.15721040189125296,0.0035460992907801418,0.004432624113475178,67.88419951168468,69.33333333333333,0.05008944543828265,0.004499086727237894,0.011441602416388188,0.004045700091077824,0.012638050540061342,0.13491982207581635,0.17880619372674691,0.12992977879045625,0.17966696391823292,0.0016133751202265614,0.005754489855860594,0.0017836311090480583,0.005415525553989869,0.0009967656709012566,0.007656931199603041,0.0012610703659053364,0.008207360856131808,66.4034539709832,69.43760748556967,66.38893997485566,69.65241600477262,67.19007478556323,71.62714974322388,66.99536657724882,72.0109196497008,0.032723137526616895,0.06796494909768702,0.030775852054214622,0.07328237579805999
posterior_transition_distance,11-25,seen/10,17.543084943268937,6522,0.0007666360012266176,0.039405090463048145,0.0024532352039251764,-0.0016865992026985587,64.53137474053968,64.95323510570147,0.015267175572519083,0.0002740602455229827,0.0012927094875177512,0.0002553666428193217,0.0012872223085246017,0.023748508630172825,0.05554515018261291,0.021793533165744065,0.055058543944777286,0.001445550412074088,0.0034346529180881344,0.001376838626938435,0.003533796004830476,-0.0028752301144388042,-0.00039067188350061185,-0.002980162088978453,-0.0004616186070645572,64.25568500045046,64.84187832282969,64.26364315750841,64.78312213277954,64.6505628914082,65.22198140635322,64.60480574519701,65.27465722361272,0.0060888555704991494,0.030635118611293633,0.0052156917694533185,0.03225992699098561
posterior_transition_distance,26-50,seen/10,37.07664130741054,7098,0.0,0.005776275007044238,0.0009861932938856016,-0.0009861932938856016,64.0,64.06354609929078,0.0,0.0,0.0,0.0,0.0,0.002086874985296136,0.009496786709458941,0.0020147026129644675,0.009521507922194378,0.00022201189989298645,0.0017127625788355995,0.00021007762956590717,0.0017531248104545078,-0.0017127625788355997,-0.000222011899892987,-0.0017531248104545097,-0.00021007762956590744,64.0,64.0,64.0,64.0,64.00295232854437,64.12853758782178,64.0,64.13689089656594,0.0,0.0,0.0,0.0
posterior_transition_distance,>50,seen/10,103.07281164986398,12498,0.0003200512081933109,0.011601856297007522,0.002640422467594815,-0.002320371259401504,64.1554026709834,64.78929006085193,0.04697986577181208,0.00010556110279062339,0.0005664095697235663,0.0001035205427480593,0.0006002352888507684,0.006768368752203179,0.015673702704556227,0.006187299164470254,0.01646365842696977,0.0012756955515233128,0.0040390725546439596,0.0008555733051526378,0.004596135122329873,-0.0037045130272311865,-0.000939640860733604,-0.00415223991626919,-0.0005389645700281809,64.07320110523241,64.23274236716689,64.07293560473164,64.24082110156388,64.30636246027612,65.23458405795107,64.31748896721068,65.23832460957483,0.024048983758878234,0.0791750424090337,0.01843533861057796,0.08107918178441298
posterior_transition_distance,0,seen/15,0.0,452,0.14601769911504425,0.22787610619469026,0.09513274336283185,0.05088495575221239,103.52454780361757,150.2608695652174,0.40828402366863903,0.11676590480314529,0.17215608318783818,0.11682056143263066,0.17107109882517782,0.2088993280689991,0.2498865784417287,0.20290184136689438,0.2568714173062686,0.079695055693247,0.11113382798309547,0.07321066161577942,0.11391346192368998,0.018034329462240997,0.07945891270917772,0.012992838290481206,0.08532438759775385,93.04581577333151,114.17256514697466,93.55368812456426,115.2968891796641,135.7352410547582,166.38279208058685,136.74174045795274,166.69292777631114,0.3533104715650029,0.47894328602343167,0.352024049647325,0.47377609417965155
posterior_transition_distance,1,seen/15,1.0,717,0.09205020920502092,0.36541143654114366,0.05718270571827057,0.03486750348675035,105.47912524850895,143.58392434988178,0.21646341463414634,0.07293828545648434,0.10790624392135094,0.07355786217090796,0.10761551937019626,0.3465840401107198,0.38747042710361945,0.3488196156154394,0.3841375482500423,0.04822022934302043,0.06636111317417998,0.047891295917449755,0.0674313289623667,0.012727398875538828,0.05276919637645871,0.01191472570187911,0.054004597212378325,99.1888396502749,112.51525331961842,100.04405743947076,111.35176922953134,134.3629687284337,153.19536720781184,133.79590770091804,154.43976572233942,0.18209959884498383,0.24745617166834358,0.1848053419011958,0.24243181378379142
posterior_transition_distance,2-4,seen/15,2.969179966978536,1817,0.020913593835993397,0.34287286736378647,0.015410016510731976,0.00550357732526142,73.38875305623472,83.39896373056995,0.07110438729198185,0.013452825262038528,0.02727948558348563,0.013895266357692674,0.0269116891437589,0.3254825959407,0.36240090631366734,0.32127657144798416,0.3643002034591861,0.011195261148708556,0.020008211041812357,0.011595219586491816,0.01893411902670364,-0.0030314425448564,0.01265357770020518,-0.0018148407145451,0.012297419507756749,71.20169367497148,75.33005456773705,71.24996824175246,75.43885140998168,79.32735530002753,87.83764575601728,79.03882281853181,87.66207902526445,0.051858065907912546,0.08829544139997206,0.05121236766902302,0.0928723241262476
posterior_transition_distance,5-10,seen/15,7.415003219575016,3106,0.0019317450096587251,0.12009014810045074,0.000643915003219575,0.00128783000643915,64.56140350877193,65.24385771910525,0.010554089709762533,0.0005575448241970109,0.0031854007518099404,0.0005794270446314382,0.003478864510505283,0.10340893565469704,0.13682535074971794,0.10289712746241123,0.13646751809476376,3.958240380778211e-05,0.0013069227326756134,2.706010644117737e-05,0.001413219204790692,-0.0003928193557131958,0.0028638599522494363,-0.00038904962613290473,0.0030004028123355258,64.2344122541577,64.90963557581175,64.25163161439593,64.86572697816553,64.62427010151032,65.86850315416247,64.62416906600656,65.90321948426757,0.003838977078221576,0.016409810807427025,0.0039807870400950076,0.017723630419125676
posterior_transition_distance,11-25,seen/15,17.523002014775017,5956,0.0005036937541974479,0.012424445936870383,0.0015110812625923438,-0.0010073875083948958,64.0979925144607,64.76320272572401,0.03896103896103896,1.886256441599153e-05,0.001075130290458047,0.0,0.0009698380019851154,0.0070300631383768035,0.018738371824946844,0.006213420068970339,0.018623573728112238,0.00036238673233226793,0.0025802024293083876,0.0003562572585543885,0.0026290783444328893,-0.0022349093830622167,0.000437085789516047,-0.0024294274199608444,0.0004113778400395671,64.0134686289521,64.19977825885015,64.01489877490833,64.17798999460828,64.21685041655522,65.25957979607229,64.2336741728495,65.28388099234533,0.001980254359708284,0.08149839013209982,0.0,0.07041394980285831
posterior_transition_distance,26-50,seen/15,36.96075448737451,6574,0.0,0.003346516580468512,0.0007605719501064801,-0.0007605719501064801,64.0,64.16613223392885,0.0,0.0,0.0,0.0,0.0,0.0015444071423718444,0.005233397288022392,0.0016960361325221993,0.00491303518638992,0.00012402587110304708,0.0013538313078824934,0.00014656276198941987,0.001395281148613502,-0.0013538313078824934,-0.0001240258711030471,-0.0013952811486135025,-0.00014656276198942003,64.0,64.0,64.0,64.0,64.03566180326483,64.28194655019436,64.0393533175615,64.29501882127687,0.0,0.0,0.0,0.0
posterior_transition_distance,>50,seen/15,98.59473417721519,9875,0.0,0.003949367088607595,0.00020253164556962027,-0.00020253164556962027,64.0,64.12362749084994,0.0,0.0,0.0,0.0,0.0,0.0019563382715228825,0.006070747357772417,0.0018028218676339964,0.005762210350679593,5.002211314790524e-05,0.00033609071968919327,0.0,0.0003482916563418623,-0.00033609071968919327,-5.0022113147905274e-05,-0.0003482916563418623,0.0,64.0,64.0,64.0,64.0,64.05109877730835,64.19406134297824,64.02932348506079,64.19740888009588,0.0,0.0,0.0,0.0
posterior_transition_distance,0,seen/20,0.0,408,0.11519607843137254,0.2034313725490196,0.11764705882352941,-0.0024509803921568627,98.54545454545455,150.6950354609929,0.36153846153846153,0.0919705892563166,0.1412248995224508,0.08463997947075812,0.14514620908761613,0.18256506626410432,0.2214498270281914,0.17957551445933495,0.22564762001348038,0.10173400137152386,0.13515101273355876,0.09976839042830359,0.133537097509256,-0.03295214560284277,0.02859466434523126,-0.03833978369486804,0.035605180414880366,92.84289515640853,104.82928164769886,92.08825736342158,105.10372871678874,138.35612193319054,164.57111015975144,135.2044368713156,165.46018872741575,0.31935303663218856,0.40276754769676837,0.31256174030484274,0.41066701446412635
posterior_transition_distance,1,seen/20,1.0,704,0.07386363636363637,0.3778409090909091,0.03977272727272727,0.03409090909090909,89.14760914760915,126.12224938875306,0.20440251572327045,0.06307576341181083,0.08399445255753467,0.06403124197754989,0.08289619119474023,0.36283736754446205,0.3933466213902996,0.3625065810212975,0.3947485214457613,0.03250053982862094,0.04713076591987003,0.030684988165192478,0.04901483616194203,0.020436003301857797,0.04703544489047352,0.020832984794408507,0.046312470580818985,84.88371984431521,92.95456666957543,83.93361408100277,94.43509221974702,117.8283888067237,133.58561412345915,117.58043139903621,134.69650377606663,0.18121141156853052,0.22754863715778675,0.18059787807490063,0.22992424242424242
posterior_transition_distance,2-4,seen/20,2.968681318681319,1820,0.017582417582417582,0.32582417582417583,0.012637362637362638,0.004945054945054945,71.25985518905873,75.99665271966528,0.0608,0.011743925923681996,0.02359099336212926,0.0120106880467117,0.02257491638332526,0.30866457073095815,0.3413320183584657,0.3096068893914958,0.34203137180431625,0.009514082550147799,0.0158836828068482,0.009216934264097823,0.01651922125323341,-0.00045973192866524063,0.010292502352492749,-3.7256379586951874e-05,0.009538977472713912,69.56791449721887,73.04057722974665,69.67895508648719,72.68866444269435,73.24095882088989,78.75840023413782,72.90373085694402,78.96077628662383,0.04504456211508676,0.07742432093672957,0.043786250287835074,0.07740308893925274
posterior_transition_distance,5-10,seen/20,7.442668306178912,3253,0.003074085459575776,0.10083000307408546,0.0018444512757454657,0.0012296341838303104,64.50204638472033,65.2079615648593,0.04437869822485207,0.0015161067017369476,0.004791694772329473,0.001658845670208999,0.004721648028189794,0.08625059382505434,0.11608422877261089,0.08599598193134915,0.11650555175855837,0.000934461962029546,0.0027815143763025474,0.0010769600116588493,0.0025010946905252786,-0.00039909171129204286,0.003037001052745918,-0.0003933709660334961,0.003208332366709961,64.22990744313813,64.78541897306798,64.24908902826839,64.78624451771114,64.715352428887,65.71345009773407,64.76664629813803,65.60998239958086,0.024555271275078387,0.06349485210241611,0.027120213062137948,0.06260799872099258
posterior_transition_distance,11-25,seen/20,17.503382098474123,6357,0.00047192071731949034,0.019191442504325938,0.0003146138115463269,0.00015730690577316344,64.13344025661588,64.17458279845957,0.016,2.0048171867997246e-05,0.0010044261636331208,2.1539602100564974e-05,0.0010553063759198593,0.011993957268784227,0.02706361344835434,0.010513190441285711,0.029044097774467644,1.4444220036391017e-05,0.0006452926911484715,1.392981520078884e-05,0.0006898618881344187,-0.00045571499133997975,0.000818829960413775,-0.00047213392878174386,0.0008943239829737831,64.02602027521498,64.26289461446429,64.02132900201364,64.27918260129356,64.07203398190997,64.28318190499347,64.05873453284845,64.29491959199447,0.0007251617425504613,0.03781393041136264,0.0007338645071111812,0.0372299950040895
posterior_transition_distance,26-50,seen/20,36.84857273698672,6551,0.0,0.0025950236605098457,0.0003052969012364525,-0.0003052969012364525,64.0,64.21555419473361,0.0,0.0,0.0,0.0,0.0,0.00112621466725545,0.004260595604038629,0.0011024624737836404,0.004139852368010791,7.248396006290669e-05,0.0005786951934902955,0.0,0.0006423883434445034,-0.0005786951934902963,-7.24839600629068e-05,-0.0006423883434445036,0.0,64.0,64.0,64.0,64.0,64.06732573929021,64.38342913503374,64.06795422348465,64.37428214580413,0.0,0.0,0.0,0.0
posterior_transition_distance,>50,seen/20,96.24888148995942,9611,0.0,0.004161897825408386,0.0007283321194464676,-0.0007283321194464676,64.0,64.2876254180602,0.0,0.0,0.0,0.0,0.0,0.002599226907906565,0.005626502513662482,0.002318713768034599,0.0058404619531021275,0.0003359830834947929,0.0010701665204568955,0.000292791656590076,0.001097328248654544,-0.0010701665204568955,-0.000335983083494793,-0.001097328248654544,-0.000292791656590076,64.0,64.0,64.0,64.0,64.12553664389827,64.4195377187485,64.10247240931027,64.43639439499748,0.0,0.0,0.0,0.0
posterior_transition_distance,0,unseen/-5,0.0,510,0.307843137254902,0.17647058823529413,0.06274509803921569,0.24509803921568626,106.86374133949192,116.93827160493827,0.31983805668016196,0.25875392606228487,0.3516268258509669,0.25690117959714703,0.35443040391605285,0.14047765367171303,0.22028000676059803,0.13315525524126548,0.21923034176270773,0.03594793792671555,0.08709623990534941,0.03362970915433753,0.08657018265169616,0.1799861096641341,0.31204345014644397,0.17490549739036476,0.3192831557498466,92.51588628872568,121.19539467008863,86.85244502903674,124.98492897326152,98.3655626817146,141.63559488606722,94.25571220130217,149.145415038208,0.19943774650086868,0.42769599461932195,0.15479656556068516,0.4532380664156342
posterior_transition_distance,1,unseen/-5,1.0,728,0.2403846153846154,0.24725274725274726,0.04395604395604396,0.19642857142857142,109.73029772329247,111.4074074074074,0.29577464788732394,0.19547318899695224,0.2820223126212023,0.1932646850441006,0.2806646507561251,0.21417486848937803,0.29368227554967025,0.20870425296152365,0.2857915336991415,0.02527692517333341,0.06532479138345165,0.030950493492689888,0.059652105470688534,0.13637572187742214,0.2544062622560576,0.13390118983247956,0.24761921580499402,100.13656768882517,120.37180348806571,96.44880566109144,121.43268367225421,100.91050389515657,129.56701135382994,100.82605421714904,129.02963709825798,0.1840613021387824,0.3988439832710839,0.16010533083594586,0.40952681457150136
posterior_transition_distance,2-4,unseen/-5,2.910427807486631,1496,0.1410427807486631,0.30280748663101603,0.02606951871657754,0.11497326203208556,103.00277008310249,103.9124726477024,0.21987951807228914,0.09931498399995968,0.17621003318395326,0.0955797269622049,0.17381374898578308,0.27095206542727734,0.3419736501833378,0.25652366040942526,0.35023644685646216,0.017295025968363638,0.03581807905679897,0.020236416817170966,0.032776258968644154,0.06680595133756616,0.15684022381162535,0.06436869721433186,0.15238763798288163,97.59428837041408,107.16655376057714,95.65519720346522,108.39006485039937,100.95465992762588,107.10146448016832,100.00274360708016,107.03788481791864,0.17758262257061855,0.25743524499600756,0.16699435631085138,0.2614194549135412
posterior_transition_distance,5-10,unseen/-5,7.237892496008516,1879,0.041511442256519426,0.30228845130388504,0.007982969664715274,0.03352847259180415,81.3293768545994,77.1243072050673,0.1130030959752322,0.026836354043909702,0.04970370539415132,0.026689548487381753,0.04623110560288963,0.25791066824314396,0.34869447470496734,0.2371049800809668,0.36228512660438184,0.0033515488782353163,0.013062403820941272,0.003622228157629011,0.014076774187266914,0.016712261970572156,0.04322400333952818,0.016150648888726755,0.03934114471494327,75.23541986502616,85.14123926585711,73.42041565256385,86.01702297918484,72.00300179277939,80.71852274179261,73.14423647025176,79.84416231167461,0.08894770628310465,0.12808186362525278,0.08641785957736878,0.12541540627817827
posterior_transition_distance,11-25,unseen/-5,17.190172543135784,2666,0.007876969242310577,0.18604651162790697,0.02213053263315829,-0.014253563390847712,66.71780821917808,76.15492300513299,0.06769825918762089,0.004387048254941111,0.010194480012631811,0.003921448641297776,0.009114916283587017,0.13860863116564875,0.24338717086223746,0.11979781108429892,0.2563216096549255,0.010808178490172262,0.03326993733035908,0.006386674970390761,0.03612315691847888,-0.025649537615186593,-0.0033720971446805515,-0.027899251592378594,0.0,65.47586173229952,67.57501190830519,65.18461035440761,67.82003864480883,68.79289823824688,85.06015683706539,66.34603933205324,87.0986980954282,0.03443924640292396,0.08989369791886642,0.031425583188741085,0.08058973250328032
posterior_transition_distance,26-50,unseen/-5,36.92374350086655,2308,0.00389948006932409,0.11265164644714037,0.036395147313691506,-0.03249566724436742,65.93655441678868,81.64102564102564,0.03717472118959108,0.0011687864962922723,0.0064600895901897335,0.0011435311335554236,0.007177101326452614,0.07882870595463184,0.14551284381633262,0.07294716923835297,0.14863466231367525,0.013419412941653264,0.06142684873759238,0.007645047613866496,0.057342429017458674,-0.05780980298573369,-0.009342418185690956,-0.05243454780735338,-0.004641356496277275,64.55209714080445,67.13324166650743,64.62449557410052,67.05551583929721,70.80283906995236,93.48968349244205,67.76899962744683,92.68580689462267,0.018939649858370534,0.05174230493341418,0.024012755092205254,0.049976391259550966
posterior_transition_distance,>50,unseen/-5,351.8119746097101,5829,0.004975124378109453,0.14307771487390633,0.0006862240521530279,0.004288900325956425,65.15084915084915,64.52764930625376,0.03592120509849363,0.0004496485953694201,0.011104171554297175,0.0002915349150098466,0.011797297867267659,0.06476436397869142,0.23700454899244836,0.06075130342366353,0.2473151138709623,0.00017872291806419246,0.0010817563804280895,0.00017054800280058807,0.0010271450047827332,-0.00040898412719377145,0.010797333833273387,-0.0005333175363355903,0.011383002378722475,64.18187275721681,66.73366081302228,64.15765555829607,66.94491475864653,64.30648543451957,64.71706907845535,64.3064708709515,64.7038314739266,0.009483919996096464,0.04775581216352858,0.007160486099007396,0.047632809826080105
posterior_transition_distance,0,unseen/0,0.0,340,0.23529411764705882,0.21176470588235294,0.08235294117647059,0.15294117647058825,107.93031358885017,145.63555555555556,0.35526315789473684,0.16174277918648913,0.2852873559767656,0.13077423130006688,0.2917643221802,0.17701291858126586,0.2622617544857589,0.17248817660796373,0.2841145553541536,0.053889365770021964,0.12200587654740412,0.05136163465597298,0.13663921174545782,0.04140866177587934,0.23017175772047543,-0.003144873831754428,0.23877205829690584,95.11594766866828,115.71739917149091,94.57164668239828,114.48385593972448,129.0079697874609,161.91640900698155,133.75533022344328,165.18964995269627,0.2730381217342596,0.40907546534562755,0.2584202769654812,0.40888018328365244
posterior_transition_distance,1,unseen/0,1.0,462,0.17316017316017315,0.2748917748917749,0.0670995670995671,0.10606060606060606,106.02197802197803,128.22695035460993,0.3526570048309179,0.1251026481445738,0.2096154467080908,0.10388453605285372,0.21356807821257376,0.24183768680700723,0.30577997932679324,0.24942343115538232,0.3128215959411375,0.043302575132652635,0.10140461380194313,0.041222130728620486,0.11127618798321412,0.028664695810706704,0.16228694612221653,-0.0007222767583484109,0.16920433974932536,98.89016871504309,111.38610206277913,97.28823656701512,111.18899045242415,120.15415062178988,138.56098446735314,121.11809401383492,140.20133248799925,0.2802267735966436,0.40793791574912736,0.2654383383171986,0.41274709555860717
posterior_transition_distance,2-4,unseen/0,2.9226190476190474,1008,0.09027777777777778,0.310515873015873,0.023809523809523808,0.06646825396825397,89.65289256198348,93.2370486656201,0.18811881188118812,0.05119677202795001,0.11933477360329958,0.03963550651533701,0.12292479636814035,0.2919094476141329,0.3260412075140727,0.2983142788953907,0.32410241356546593,0.013460068734116827,0.03872276214413358,0.01325738812376367,0.04194784237412108,0.016715944711105282,0.10347577574876875,0.00047053301521018796,0.10791686666140603,80.41862435727562,96.50070624068749,77.92703852617284,96.74604408145623,88.60879164121978,98.78683444659018,88.78536475262845,99.27608259823577,0.1297572444386335,0.22720347102285796,0.10663970679151367,0.23302950711146053
posterior_transition_distance,5-10,unseen/0,7.28689138576779,1335,0.04794007490636704,0.22846441947565543,0.00299625468164794,0.0449438202247191,75.90839694656489,74.112,0.14092140921409213,0.02129718445258738,0.07309241869041617,0.016022589258530888,0.073910110257792,0.18565098077233433,0.26940727309609236,0.1779730983414393,0.27234933026644204,0.0011879464418819905,0.004779917269511496,0.0007701733362289012,0.004703045192606921,0.018561689731895804,0.069723383680009,0.01450891774966746,0.06975615274799334,69.62079308364846,82.43797262056805,68.72408839221636,82.5412062471376,69.80622709826324,78.59501746808034,68.8434281527445,79.26926375426545,0.08619798136548837,0.1737882054757204,0.06555669604836122,0.1780782017331986
posterior_transition_distance,11-25,unseen/0,17.39080459770115,2175,0.022988505747126436,0.11632183908045977,0.006896551724137931,0.016091954022988506,68.23359173126615,68.90486257928119,0.132013201320132,0.009180859373569132,0.03962595437153338,0.005288084949725173,0.04175189983465764,0.06484864604685835,0.1799630016056612,0.0546920996645099,0.1838090568094977,0.0021083629933311616,0.012039844331541856,0.0023923307799083556,0.011939662659126922,0.005135289668690601,0.028760490699548495,0.002052250996060087,0.03131223401115098,65.89248446605974,71.2360717852691,65.18621228705209,71.80075423580448,66.25823089346245,72.65098614224905,65.71972906971367,72.89026748783846,0.060037772588155854,0.17833927811467915,0.03522994071437701,0.1801674916721148
posterior_transition_distance,26-50,unseen/0,36.849889624724064,2265,0.0030905077262693157,0.07770419426048565,0.003973509933774834,-0.0008830022075055188,64.82719004308281,66.7973102785783,0.03278688524590164,0.0007803231841991281,0.005905087367118511,0.0007240429312425817,0.0058486270726865785,0.027172987254130698,0.1423024479303115,0.022544638102819398,0.14288165675536085,0.0008493410833551617,0.007927860661214833,0.0007547936585178963,0.0075775332509760525,-0.003273414056049593,0.0015446284553961146,-0.0033207689123921644,0.00172624646457167,64.19026708524393,65.70446637331284,64.18871491993298,65.6927712558558,64.51305860353995,70.19986262333244,64.44347648004774,70.01231579922072,0.02173314627275366,0.036322484493947586,0.024881750879993454,0.035498980321053676
posterior_transition_distance,>50,unseen/0,405.34298375184636,6770,0.0008862629246676514,0.08611521418020679,0.001329394387001477,-0.0004431314623338257,64.36175710594316,64.67324809839779,0.015280135823429542,0.00036776775675994775,0.00125950135814656,0.00034006276233852463,0.0012734131992945693,0.03916682586173278,0.12047613812668768,0.03317923648497296,0.1231524319775192,0.0003887713749908843,0.003083933714961345,0.0003856162572541052,0.0033496083818248235,-0.0023939649151413734,0.0005462991602767973,-0.002528084808833096,0.0005667832980044603,64.24788184857111,64.46711646052408,64.24916982662842,64.47423889446992,64.34880822152199,65.25393357805916,64.34080727367387,65.35186297762525,0.007200756212492352,0.0442025410002049,0.00661898368429276,0.05394574089951057
posterior_transition_distance,0,unseen/5,0.0,412,0.30097087378640774,0.15048543689320387,0.06310679611650485,0.23786407766990292,107.94550408719346,128.0,0.3817204301075269,0.2321668463512041,0.34145460488608415,0.22903548328374043,0.34864322679042564,0.1301384658693095,0.18582246584567513,0.12766583065810594,0.1899056866862058,0.04759764075561646,0.08702419684673808,0.0467001244718252,0.08774244651671975,0.14526683975188423,0.29115528604692503,0.14428012297214948,0.3014383946689607,94.82027883462077,114.74270699057097,94.86186729007657,115.66564072400192,121.55676698589006,136.57762627170797,120.54533336614264,137.38822041155547,0.342743865551327,0.41229744764216186,0.34371035360588514,0.41547033529319144
posterior_transition_distance,1,unseen/5,1.0,591,0.24196277495769883,0.24196277495769883,0.030456852791878174,0.21150592216582065,107.11018711018711,124.78306878306879,0.34265734265734266,0.17975276344177668,0.2781086008922784,0.17966588072294395,0.2821252231831575,0.22240551917158607,0.27332853134655155,0.2222504580329869,0.27263553313277816,0.0219240976645573,0.046227588161190554,0.020843131560074907,0.045422443183793355,0.13774372378465122,0.2525309470612212,0.13524948394095238,0.25806559272504576,96.17293646464324,113.62582779717458,97.08604941749186,113.96118179348147,116.25156349226798,139.44734658937946,114.37002056621023,138.6436413315546,0.2779611536783672,0.37609881553727176,0.2804166318586676,0.3736315851717786
posterior_transition_distance,2-4,unseen/5,2.896697713801863,1181,0.13124470787468248,0.31329381879762913,0.013547840812870448,0.11769686706181202,90.88757396449704,90.26330532212886,0.2342857142857143,0.08352022492164557,0.16008163411224555,0.08390702731112765,0.16379966335428575,0.2889459409718137,0.33567017663135645,0.2941882000693354,0.3350474152453151,0.008826891931344305,0.021054881231106506,0.008905966374648588,0.019728859923199695,0.06609759861726333,0.14811949301357838,0.06505587470659718,0.15386371298284188,82.38895576868453,95.90989804346194,82.01747426766198,97.37836162673861,86.14254605395654,93.96016623774688,86.47574049074883,94.01112240142466,0.17639104833840616,0.26478120498986885,0.17508620722156448,0.26827043889964247
posterior_transition_distance,5-10,unseen/5,7.296895213454075,1546,0.0536869340232859,0.24191461836998707,0.0071151358344113845,0.04657179818887452,82.50980392156863,75.51656222023277,0.23194748358862144,0.021577430782658603,0.07866252077348596,0.021669422524630253,0.08320180918955553,0.15883082041705904,0.2982414186193541,0.16027402880957642,0.32306404268636457,0.002922820531717318,0.012005851746528802,0.0027583898565330923,0.011961932992116772,0.012967999036718135,0.07286959829200013,0.01279308619113827,0.07847714644587675,71.49189514059256,91.89167895077212,71.31834360310434,94.26901605043642,69.55162965311233,80.9412706936621,69.78417328776317,82.60187087269449,0.1543037879228709,0.26455087905815244,0.14907660495448377,0.26469760986534707
posterior_transition_distance,11-25,unseen/5,17.285289115646258,2352,0.03188775510204082,0.16284013605442177,0.00935374149659864,0.022534013605442178,72.38247011952191,69.8303664921466,0.19868995633187772,0.005834900949950475,0.0548416791041422,0.005794744320108411,0.06107346318787869,0.06834812501425762,0.24699608303337334,0.06846310487402266,0.2677167071254729,0.003993025074099583,0.014254025414697865,0.003559097671517148,0.01558972206776464,0.0012796354131599484,0.04111802931491567,0.0014459660745851717,0.04604578678027743,65.49016567341943,79.63389868932803,65.40803364790945,81.67852916862924,65.36466227204511,74.95084785785973,65.34417286999701,76.66714050407629,0.07869594771277989,0.2397274999407063,0.07488789686820062,0.24016371062989433
posterior_transition_distance,26-50,unseen/5,36.88483268144285,2301,0.03129074315514994,0.13255106475445458,0.007388092133854845,0.023902651021295088,69.5638350720318,68.05982465188241,0.18037135278514588,0.0033637864007147284,0.06018034721200538,0.0031288672521498045,0.06805462307037859,0.04046227184128631,0.2289291576298413,0.038079041501562286,0.2554144176276996,0.00030425304014815074,0.016334662370954295,0.0002809721143050248,0.0190962609044458,-0.006243460818031151,0.0530775216659454,-0.006403264223588942,0.060261897403066894,65.00700399476206,75.2222391488191,65.02723375840212,77.28535918283208,65.17733023416787,72.04071913626484,65.20216480013124,73.73824025711498,0.057306494159942434,0.21309717446959586,0.04935738833357416,0.2147150349358709
posterior_transition_distance,>50,unseen/5,178.4774844720497,6440,0.0009316770186335404,0.09642857142857143,0.004658385093167702,-0.0037267080745341614,64.36263736263736,66.39200826730968,0.012759170653907496,0.0003135211604513654,0.0017925789847279634,0.0003047723788249432,0.0018320801198034688,0.059051421983908114,0.1338362796250468,0.05947052145792016,0.1394786230008834,0.0018665461746542392,0.008446348195440705,0.0019428710793947545,0.009133550373937774,-0.007182690692141387,-0.0010137686795445198,-0.007632071334742155,-0.0011734650555880626,64.15750222394269,64.6604207641551,64.1521891890863,64.65849489663488,65.0092510312688,68.48032976987268,65.004982596246,68.64211529138713,0.0045493621827914655,0.021914461483025453,0.005072084380700437,0.021894719764576406
posterior_transition_distance,0,unseen/10,0.0,96,0.125,0.25,0.052083333333333336,0.07291666666666667,96.0,182.98591549295776,0.4166666666666667,0.05768297015632402,0.1848128536231063,0.05463576446666985,0.18979626251050738,0.21476638943560064,0.2793913080792007,0.21770713360207314,0.27734050201089205,0.03577157523085123,0.07547619568150467,0.035162292563322775,0.07813120039682536,-0.008451019535322263,0.14009325691940722,-0.016818085264208454,0.14822217051377504,90.41148368097187,101.30522374243122,89.42215053763441,102.82427953515034,149.7086918903828,209.90033584434917,150.80293747717775,211.89444007572448,0.2657303467808787,0.5153639436264047,0.25659371379301055,0.5192225130430199
posterior_transition_distance,1,unseen/10,1.0,155,0.1032258064516129,0.3161290322580645,0.01935483870967742,0.08387096774193549,81.98347107438016,133.33333333333334,0.3230769230769231,0.07851210358378542,0.13043552119749863,0.07560977300076233,0.1332936426087908,0.28674927271135436,0.3368469260404016,0.27977196822121814,0.34275285585932486,0.01035543011613554,0.028586480132150382,0.0103407100712612,0.028074212155880726,0.05805810523118632,0.11296456789597062,0.06085329981961095,0.11147680436332083,72.35747618003546,89.63390398347643,72.52070393374741,89.94807411908798,116.00748523308387,145.327459512181,114.1956682461856,145.486909935627,0.22599118394125492,0.40199900007433503,0.21437359442346254,0.4030557065217391
posterior_transition_distance,2-4,unseen/10,2.943298969072165,388,0.020618556701030927,0.32216494845360827,0.005154639175257732,0.015463917525773196,70.51228070175439,82.11320754716981,0.20300751879699247,0.009162568839960899,0.039379715309594124,0.008687921314266218,0.04004661460925726,0.28268751563503264,0.3541526890173602,0.2772457511060465,0.3590681497892304,0.0018339782147431681,0.00813464404742515,0.0015101469836540872,0.008310336445957807,0.004134642639613344,0.03441220388587332,0.003198581407039893,0.03560944444780978,69.07561575331026,72.4928331612399,69.02442722876143,72.6299939743733,74.49177857126838,89.53754722583449,73.34519442878836,91.09498415363862,0.11258752017816803,0.3172274483125608,0.11047492512236101,0.32080769611301463
posterior_transition_distance,5-10,unseen/10,7.402298850574713,609,0.0049261083743842365,0.13464696223316913,0.0049261083743842365,0.0,64.84210526315789,66.92015209125475,0.07058823529411765,0.0003128714882186824,0.009844114696798068,0.0,0.010136374829647415,0.10094216601856339,0.18128566953338454,0.10198792514305577,0.1828299073854926,0.0012925291799518975,0.009515771391913622,0.0012012554413544346,0.009846658310569927,-0.006609503687575639,0.0052330102554550145,-0.007133282547638223,0.005166551116806417,64.14773643337489,65.9570117809966,64.1350037396239,66.051514315546,65.18600046936736,68.57962143290659,65.05338619733746,68.88213316193732,0.01810193240948802,0.1372482517225453,0.014935717146719188,0.1358439336033312
posterior_transition_distance,11-25,unseen/10,17.459893048128343,1122,0.00267379679144385,0.022281639928698752,0.0,0.00267379679144385,64.58340929808568,64.0,0.10714285714285714,0.00016626048596922655,0.005511011685885753,0.0,0.00564566454694759,0.009130385477749572,0.039680121315980636,0.00800102244956493,0.041035500891377336,0.0,0.0,0.0,0.0,0.00016626048596922655,0.005511011685885753,0.0,0.00564566454694759,64.03595380558355,65.2119545094053,64.0,65.24984187439404,64.0,64.0,64.0,64.0,0.011613145019511287,0.17040741158190495,0.0,0.17098741109950943
posterior_transition_distance,26-50,unseen/10,37.10456942003515,1138,0.0,0.0035149384885764497,0.005272407732864675,-0.005272407732864675,64.0,65.58303886925795,0.0,0.0,0.0,0.0,0.0,0.00020569829473832468,0.0075744446032142854,0.0,0.007953611350416213,0.0012978104159230028,0.010507885018552755,0.0011909068481197526,0.010712511250646558,-0.010507885018552756,-0.001297810415923003,-0.01071251125064656,-0.0011909068481197537,64.0,64.0,64.0,64.0,64.34301119106507,67.26482868052308,64.31906601245888,67.41774113039472,0.0,0.0,0.0,0.0
posterior_transition_distance,>50,unseen/10,96.62504335761359,2883,0.000346860908775581,0.04162330905306972,0.003121748178980229,-0.002774887270204648,64.23163228374955,65.20536037667512,0.0,1.766652607781431e-05,0.0010593762124627242,1.3228406744539867e-05,0.001059229205181021,0.013642484189605305,0.07912317178181985,0.01157527625153227,0.08545409860302847,0.0012654436482427045,0.0070137783926701655,0.0011747218942650438,0.006947799450926251,-0.006098967059772769,-0.0011192500478245091,-0.006102941639950113,-0.0010332239823112484,64.04866089676037,64.63652201178543,64.04213451330791,64.64784924307496,64.57435440713438,66.72076584380248,64.54179156158295,66.6702456671432,0.0,0.0,0.0,0.0
posterior_transition_distance,0,unseen/15,0.0,314,0.16878980891719744,0.23885350318471338,0.08280254777070063,0.08598726114649681,110.7591836734694,146.33333333333334,0.3046875,0.12413548990125763,0.21555968305344497,0.13111805175952387,0.2160325907386066,0.1832429955607445,0.2836832416501449,0.17441249635219433,0.2877478353337544,0.06455616870512267,0.10188815965909012,0.059989373603069183,0.10456821805298547,0.029461481999399068,0.14441800401140273,0.03582315396507012,0.14670646642602772,96.7012557779649,122.557643816166,94.59020995907976,122.02852621192135,129.69208044295377,160.96046598710214,121.23754605065102,164.09425862548292,0.26750221303419264,0.3582023867326468,0.2572405532329505,0.36057368806403944
posterior_transition_distance,1,unseen/15,1.0,420,0.09047619047619047,0.3880952380952381,0.04523809523809524,0.04523809523809524,102.99641577060932,128.0,0.18407960199004975,0.07194563609093833,0.10943082135927625,0.07377831621748394,0.11129449951326392,0.3470996039697936,0.4243132821605936,0.345702437765763,0.4246081213946014,0.031838415389275995,0.05991320091981472,0.028935290112395526,0.06153390032851775,0.020039026249518182,0.06911544110202912,0.021499984354308162,0.07309090813206826,95.64019981236223,110.6335475365981,95.13132791025004,109.89945466525381,112.05981425320329,144.72186846982504,107.47940128619092,146.82193061883015,0.1433208528458384,0.23769167976485645,0.13647076071638808,0.23533495918526262
posterior_transition_distance,2-4,unseen/15,2.954118873826903,959,0.018769551616266946,0.35036496350364965,0.018769551616266946,0.0,74.61705426356589,85.82295081967213,0.07062146892655367,0.011747888242092153,0.025832635595647944,0.011811764554892395,0.026698230275696285,0.3058722942089214,0.3959463765660018,0.3050768146360681,0.3988677347777126,0.008914038649212072,0.02875074381257558,0.005450069024714798,0.030724449970671454,-0.013183580000091424,0.013297435674252957,-0.015579822529235903,0.01738239101414436,71.3364154456049,78.24808781723888,70.99366931918657,78.24838298178538,79.14144116076095,93.78015696086712,77.53887586903097,93.76711211382741,0.044414394190462544,0.09944767581518248,0.04768407812495364,0.09781036770030073
posterior_transition_distance,5-10,unseen/15,7.4109763880025525,1567,0.0025526483726866626,0.15890236119974474,0.0038289725590299937,-0.0012763241863433313,65.7428139183056,66.5912910618793,0.02766798418972332,0.0009531876347050329,0.004069709251472161,0.0008983863053288823,0.0043480558516991496,0.11157134233088713,0.20418836517596847,0.10808578912081142,0.20915607869503958,0.0011427109980324949,0.006954505057875504,0.001212982385922972,0.007002762571219879,-0.004729579064520853,0.001687817258673118,-0.004859298543585511,0.0019597606677440676,64.48995583313867,67.12458327257386,64.39091573065316,67.31659977963072,65.51320688448747,67.54322146244749,65.61914486324659,67.5406813292559,0.00832502752253064,0.043582085453417255,0.006235605067007284,0.04714394758660466
posterior_transition_distance,11-25,unseen/15,17.4975024975025,3003,0.0,0.04828504828504829,0.001665001665001665,-0.001665001665001665,64.29111266620014,65.14285714285714,0.0,0.0,0.0,0.0,0.0,0.024763935466022697,0.07319026611470872,0.021836880860336534,0.07633818000245504,0.000754303487378741,0.0026032075862514096,0.000698495845152918,0.0027952650428928337,-0.0026032075862514096,-0.0007543034873787411,-0.002795265042892834,-0.0006984958451529182,64.0564263396591,64.54192152656931,64.05184550507013,64.56502908894568,64.55364722753006,65.7091262599171,64.5260741145214,65.83249072998174,0.0,0.0,0.0,0.0
posterior_transition_distance,26-50,unseen/15,37.026582278481015,3160,0.0009493670886075949,0.013291139240506329,0.0006329113924050633,0.00031645569620253165,64.1025641025641,64.4725521669342,0.1111111111111111,4.401280388416475e-05,0.001918138975892141,0.0,0.0020027554899475428,0.0024253347405433956,0.02375314270564831,0.00198826560852644,0.02522131193284551,2.9341869256109837e-05,0.0012787593172614274,0.0,0.0013351703266316953,1.4670934628054918e-05,0.0006393796586307137,0.0,0.0006675851633158477,64.00473108902939,64.20749623551788,64.0,64.21569522791721,64.07819550075493,64.89895659046482,64.05282473009773,64.93904410431809,0.005119848182829457,0.5065039798910765,0.0,0.5810086813987372
posterior_transition_distance,>50,unseen/15,122.91124701670644,6704,0.0,0.038633651551312646,0.0010441527446300716,-0.0010441527446300716,64.02978591374496,64.41713221601489,0.003861003861003861,0.0,0.0,0.0,0.0,0.020598676072596783,0.0535074078532918,0.019946834638021903,0.053030305884801225,0.0004641812198163603,0.0016501011837935882,0.0004854291154261582,0.0016912025237539993,-0.0016501011837935884,-0.0004641812198163603,-0.0016912025237540002,-0.0004854291154261589,64.0019661430904,64.0531413823411,64.0,64.05689514659363,64.18705860859619,64.66350202650972,64.19023083974967,64.68486918895643,0.00034654874043635824,0.0062465334983068865,0.0,0.0064081191388391644
posterior_transition_distance,0,unseen/20,0.0,156,0.1858974358974359,0.26282051282051283,0.10897435897435898,0.07692307692307693,130.24561403508773,145.20430107526883,0.14285714285714285,0.13609123724269565,0.24490527063885725,0.13709391118143366,0.24157310036635507,0.21788550329366096,0.30377536481772466,0.21760312839315782,0.30033822385287384,0.06407054044348533,0.15121661912644213,0.06536695285370708,0.15232448938241094,-0.0020398059241189346,0.1677802745915536,-0.007185299879549085,0.168158211322678,110.83409434455686,151.21135704384804,111.3538452599566,150.14327865279077,125.07382252800973,167.7921998564994,125.82330675501352,169.27614832064972,0.10869229972808467,0.17755497470271128,0.11173125955293912,0.17817002159145287
posterior_transition_distance,1,unseen/20,1.0,227,0.0881057268722467,0.3788546255506608,0.03524229074889868,0.05286343612334802,96.43835616438356,114.10852713178295,0.12264150943396226,0.05531124820713374,0.11954088743450625,0.05350953014250604,0.12083791230810959,0.3329405038407043,0.42603460003339694,0.3322327364837965,0.420778480067971,0.022332535524988033,0.04756898345223164,0.023796679944884203,0.04521449671986019,0.015550571408367965,0.09141963109039998,0.01672875449103275,0.08694763457425306,87.51916569038187,104.94014879378199,89.64522671137014,104.11850854042775,105.2081761123812,123.61381923232878,105.34020311222466,123.87794499124827,0.09020383798460219,0.14515144410374758,0.09133840883460245,0.14617485793772486
posterior_transition_distance,2-4,unseen/20,2.964476021314387,563,0.019538188277087035,0.3285968028419183,0.012433392539964476,0.007104795737122558,73.09560723514213,80.91553133514986,0.07653061224489796,0.0090998600316213,0.029915839778639524,0.0072158648093364215,0.03040084076141517,0.2885423022922832,0.3657127433580406,0.2945666133716236,0.3590731272937239,0.006182226635365524,0.01818858561853064,0.00622799844334238,0.018727865556060284,-0.006370287117337703,0.02115120040662956,-0.009190951619660685,0.021571125948954356,69.38453759653976,76.63329735714395,69.40962879534673,76.54529687273748,76.45002456255139,85.10287138448267,76.16418502357995,85.55142305345535,0.05251776512714927,0.10061881418395238,0.04354469935129459,0.1074854546437897
posterior_transition_distance,5-10,unseen/20,7.418314255983351,961,0.001040582726326743,0.11550468262226847,0.002081165452653486,-0.001040582726326743,64.15094339622641,64.30224321133412,0.008928571428571428,6.0156802275107416e-05,0.002004309995470623,5.525966872018749e-05,0.0020594406769765343,0.08105016586707738,0.15953040103492877,0.07469801269353857,0.16172623398025227,8.886177120965994e-05,0.004761612889854808,0.0,0.005012639185872402,-0.004196344322529025,0.001330357870533836,-0.004376869451599965,0.001445695430989179,64.0422904889271,64.26802376220037,64.03831466885624,64.27481901137203,64.06777449588265,64.53395833005172,64.05821230062314,64.57257300861565,0.0004609837958556981,0.02022079627576318,0.0003733701319836067,0.02228922184022642
posterior_transition_distance,11-25,unseen/20,17.40273816314889,1753,0.0,0.02966343411294923,0.0,0.0,64.11287477954144,64.11287477954144,0.0,0.0,0.0,0.0,0.0,0.013907458350123969,0.05073251137706386,0.014354664101248835,0.049775071349948075,0.0,0.0,0.0,0.0,0.0,0.0,0.0,0.0,64.00590948961145,64.26764222706512,64.0,64.28394388713481,64.00590948961145,64.26764222706512,64.0,64.28394388713481,0.0,0.0,0.0,0.0
posterior_transition_distance,26-50,unseen/20,37.27354497354497,1890,0.0,0.00582010582010582,0.0010582010582010583,-0.0010582010582010583,64.03406067056945,64.47684938797232,0.0,0.0,0.0,0.0,0.0,0.0002528194397490719,0.013021413844622408,0.0,0.013713157417053704,6.002085853674235e-05,0.002394164568933869,4.505144257290647e-05,0.00225107997150106,-0.0023941645689338695,-6.002085853674251e-05,-0.0022510799715010606,-4.505144257290683e-05,64.00192438419748,64.07734532970001,64.00144674500527,64.07262516973094,64.0269413787648,65.0828346158001,64.02025443007369,65.01675237623323,0.0,0.0,0.0,0.0
posterior_transition_distance,>50,unseen/20,115.73185941043084,3528,0.0,0.011621315192743764,0.0002834467120181406,-0.0002834467120181406,64.0,64.1285140562249,0.0,0.0,0.0,0.0,0.0,0.005606556976914156,0.018306418598712425,0.005140059422172416,0.018499323058670008,1.4572430241054227e-05,0.0005132388015063526,1.5138698023289685e-05,0.0004891715273219027,-0.0005132388015063527,-1.457243024105424e-05,-0.0004891715273219027,-1.513869802328973e-05,64.0,64.0,64.0,64.0,64.00658387198631,64.2327195204308,64.00685825247848,64.22188763266068,0.0,0.0,0.0,0.0
uncertainty_persistence,1,all,1.0,1993,0.1535373808329152,0.24335173105870547,0.11038635223281486,0.04315102860010035,102.25959780621572,158.92751363990646,0.36788874841972186,0.13747135673830474,0.16826316914230416,0.13809845002342858,0.16795267962664223,0.23111761914707427,0.2562861646184099,0.231933429232764,0.25675141969124315,0.10100323506233928,0.12077747197995692,0.10013185591380008,0.12093862291924114,0.019688664415578747,0.0638273447998426,0.01925993742356459,0.06501638293703241,99.34717399018884,105.57505826833268,98.86005239308447,105.74105680687686,151.08590276555526,167.89057077457718,147.90648501301916,170.83816881068415,0.33754981864844347,0.40064014854082924,0.32588187329976165,0.4150929975077238
uncertainty_persistence,2-4,all,2.9547253443090074,6317,0.19502928605350642,0.2447364255184423,0.11967706189646984,0.07535222415703657,107.60371517027863,171.32879131970728,0.36537077033837295,0.1803217051604196,0.20795388266632303,0.17988780263652732,0.2073680898447779,0.233110395150899,0.25722490434085116,0.23382881353401994,0.256190989077617,0.11058678338532871,0.1298427178215283,0.11027496513288892,0.13052519121251663,0.05269083073958451,0.09632522779809535,0.051811028939430466,0.09548109296385254,104.71840516100168,110.62191597915043,104.54875468623503,111.00350772515664,163.6232976388262,180.3464704600326,161.95616764910466,181.68494087456966,0.34472362721822847,0.3877777972859586,0.34030183097886857,0.39084814672139856
uncertainty_persistence,5-10,all,6.89026620605568,4921,0.22068685226579962,0.2605161552529974,0.12660028449502134,0.0940865677707783,116.3710499490316,175.38964577656677,0.3450168918918919,0.19826811924617865,0.2398208001861463,0.2023049690666102,0.23819310424134998,0.24491244500949402,0.27565307851147874,0.24490462193641427,0.2754637756271368,0.11478775043653003,0.1396875273782484,0.11288400752786254,0.1415018507887383,0.06258437763977265,0.121436132260053,0.06390921486249103,0.12027392835837444,112.09911743057492,120.77908428348576,110.91435601056013,122.00802363087868,167.2973501054115,185.1119397479284,165.93022693838734,186.418339216742,0.3224757162888404,0.3683864811219185,0.3278767365398522,0.3631362969617101
uncertainty_persistence,11-25,all,14.495965238981999,1611,0.2737430167597765,0.21601489757914338,0.09683426443202979,0.17690875232774675,118.4168547780286,158.3673469387755,0.3333333333333333,0.24634882678069897,0.3001257695559815,0.25832980412559775,0.28948544118230907,0.1885422944717898,0.24414650169139246,0.18962877662222186,0.24253324446251104,0.07600419729155383,0.12146426770604705,0.08076215851242893,0.1153480947205315,0.1290274730114281,0.2199298299687113,0.14937851716168582,0.20232666783882147,112.27864936059413,124.07926749129147,111.35873196015538,125.69887508574762,146.8603409314043,171.37605950990772,144.84471185156843,174.15733655282702,0.2807910474038215,0.3799191525028143,0.2891651063952684,0.3707632317432172
uncertainty_persistence,26-50,all,27.294117647058822,136,0.21323529411764705,0.2426470588235294,0.08823529411764706,0.125,109.54954954954955,172.58426966292134,0.3709677419354839,0.18794239254980388,0.23353636901866587,0.1836513107583127,0.2407673301878891,0.14484351372028773,0.312783597885885,0.13000995190827383,0.291448395274174,0.05577063100262716,0.10801469944806347,0.0784957915538315,0.10649357502496884,0.09476505787400494,0.16079453622723838,0.08020469575843792,0.14916592735133513,97.98231715325907,119.90232849248606,100.27498107520228,125.6832564223886,126.99472210491244,213.49391163907674,138.1038720685687,215.41764756719385,0.15458056475068696,0.5096717858596932,0.16328830974955136,0.47669568310335103
uncertainty_persistence,>50,all,,0,,,,,,,,,,,,,,,,,,,,,,,,,,,,,,,,,,,
uncertainty_persistence,1,clean,1.0,398,0.12562814070351758,0.23869346733668342,0.08793969849246232,0.03768844221105527,90.47619047619048,153.46478873239437,0.3724137931034483,0.10343035035487076,0.14788261405036265,0.09620783625337662,0.15257389469632007,0.21359054575901457,0.2653593573997047,0.2053563296232201,0.27500730991949784,0.07041107041302616,0.10651411205101245,0.07159276372181836,0.1053320079464561,0.0036135893383689765,0.07088892733527787,-0.005152221844018262,0.07773779238194801,85.2027095144422,95.55569520534445,85.31268506133226,95.39110707618329,139.65424569591997,167.920368448014,136.82689912600824,171.45954237166896,0.33064163831656196,0.41161934158398755,0.32346944504581876,0.4259131913776194
uncertainty_persistence,2-4,clean,2.834553440702782,1366,0.18960468521229867,0.24377745241581258,0.12664714494875548,0.0629575402635432,91.63764291996482,174.96500530222693,0.375,0.16755661319674867,0.21059579843099657,0.1615778399957328,0.2166627653268347,0.2247463430341691,0.2646197240673119,0.2194672597975871,0.2695420490342034,0.10886444832692867,0.14498286091496282,0.1048288170733725,0.14873227738257047,0.027410979430657328,0.09642205652262928,0.015537749436650814,0.10872808982534922,88.68736912217207,94.83535995209529,88.42932417277629,95.05993646424353,162.58681734237288,188.37722872807976,159.74803150767343,193.29510318799683,0.3429802997258025,0.40909245380373754,0.33459672313794947,0.4198763366110887
uncertainty_persistence,5-10,clean,6.610759493670886,632,0.185126582278481,0.2563291139240506,0.15981012658227847,0.02531645569620253,113.76377952755905,177.77777777777777,0.35125448028673834,0.15235542916088615,0.22006184663742306,0.14951500762421427,0.21726068656034167,0.22057455518520555,0.29197849286336136,0.21571264992454833,0.2968607079049935,0.12176444632652403,0.19958601917659158,0.12193842029359755,0.20437845773677052,-0.03882949378072824,0.09161028401573545,-0.049551912384737815,0.08927714437501272,105.09807909310472,124.85027656392802,104.05942480637336,127.48561678283133,157.650637900011,202.36030115578907,155.71609373422555,206.857431768726,0.30850515806011247,0.3954829320764147,0.3165330310623235,0.39109003698929573
uncertainty_persistence,11-25,clean,14.633507853403142,191,0.193717277486911,0.18324607329842932,0.2774869109947644,-0.08376963350785341,101.1358024691358,238.03508771929825,0.4027777777777778,0.12585052193624985,0.25864609896733437,0.1351116434080687,0.24945345442919759,0.1306470847859209,0.23269861125543634,0.1383286257810745,0.22727586158861057,0.18707819367272469,0.3679115098688449,0.19275592335246644,0.3631574507188001,-0.23919025623867407,0.06698606091637632,-0.2213809890173558,0.05126515357350433,86.2448575002923,119.10255420163692,87.22186694876213,119.31137119367423,190.14124022861273,284.4331476603878,181.6245483583809,292.9204214736278,0.24537006336575304,0.5335549402738093,0.24579721748839395,0.549233810470857
uncertainty_persistence,26-50,clean,,0,,,,,,,,,,,,,,,,,,,,,,,,,,,,,,,,,,,
uncertainty_persistence,>50,clean,,0,,,,,,,,,,,,,,,,,,,,,,,,,,,,,,,,,,,
uncertainty_persistence,1,seen/-5,1.0,178,0.09550561797752809,0.2808988764044944,0.12921348314606743,-0.033707865168539325,100.11428571428571,169.91150442477877,0.3880597014925373,0.07078664557628707,0.11912311027324919,0.07017182503116699,0.12468271443767522,0.23780622892112874,0.3291517791934922,0.24361038293841333,0.32350200086058517,0.09087231663104264,0.17210501606347567,0.08841408157825312,0.16955135831846116,-0.09088160873879832,0.018813402262973032,-0.09338062550856475,0.02639976014210268,89.89085612141588,110.52199462847257,92.9834799524097,106.96594848907003,137.408452670041,210.74064773628288,135.48622738173097,205.77251306544423,0.3090676569463189,0.48554016540081574,0.28261785281885715,0.4956573927440253
uncertainty_persistence,2-4,seen/-5,3.11978221415608,551,0.14519056261343014,0.27404718693284935,0.16152450090744103,-0.016333938294010888,97.7860465116279,185.4915254237288,0.3203463203463203,0.11679048830669113,0.17137377271324658,0.11909272430713486,0.16926828901471996,0.24743397283016752,0.30555051361633684,0.24334733739529849,0.3132367851955158,0.12717457750903588,0.2013612534737035,0.12940766845844676,0.19345746584652374,-0.06823990523967258,0.027384181745241043,-0.049768607485580506,0.01462104877494959,92.33695265352368,103.91124680034027,92.05463342193443,104.03293170852855,166.72228634771065,209.8276892740706,168.86096529351224,205.84525302988143,0.27041381839762063,0.3737425704683437,0.28337612440365634,0.35966088070914337
uncertainty_persistence,5-10,seen/-5,6.839258114374034,647,0.14837712519319937,0.28438948995363217,0.18083462132921174,-0.03245749613601236,115.44303797468355,188.52173913043478,0.29285714285714287,0.12762167054416326,0.17103606329542845,0.1296715589025692,0.16978018189842614,0.2555651804585872,0.31251525533361113,0.25159107082505483,0.31166744419587067,0.1360418201015046,0.22746855085398643,0.13778274582621894,0.22074749361804463,-0.08763058054819642,0.024641974110009363,-0.07528570316055933,0.015723559545898727,105.17794410570647,124.54727453538108,105.11769279471456,125.36997576053123,169.13704881834474,205.67773267928692,168.07019665878352,204.39562508000716,0.2432173202602416,0.3436224322403649,0.2522117237643089,0.33091361801052244
uncertainty_persistence,11-25,seen/-5,16.915343915343914,189,0.23809523809523808,0.3862433862433862,0.17989417989417988,0.0582010582010582,117.23893805309734,198.7764705882353,0.2033898305084746,0.17248778657417826,0.3529254737139307,0.16888649912464637,0.34888352428561054,0.28555480935963906,0.4631497861740579,0.282064807669986,0.4691387320666657,0.10117889479092769,0.22893871126973733,0.10459429706118084,0.23080305799706927,-0.04555710478219317,0.24168865485821528,-0.04814280678372671,0.22270861100674477,100.75641501875661,129.01464581219238,99.12393988964725,131.8821701552292,155.39441036353992,231.2461629990029,161.72458853795368,222.54506918224902,0.13265102408048168,0.3130825034356076,0.12293030905176956,0.32270204315018836
uncertainty_persistence,26-50,seen/-5,28.142857142857142,56,0.23214285714285715,0.21428571428571427,0.05357142857142857,0.17857142857142858,91.42857142857143,105.14285714285714,0.08,0.19571809313668564,0.2646870291593652,0.1946808510638298,0.26666666666666666,0.1590205551039368,0.26366307872455413,0.1574468085106383,0.26666666666666666,0.004586401114853095,0.09733772886949116,0.0031914893617021275,0.1,0.16734930028987405,0.19113169202183253,0.16666666666666666,0.19148936170212766,90.2773563852074,92.71216029646854,90.24810126582278,92.8,99.386781926037,111.56080148234268,99.24050632911393,112.0,0.06334788168575559,0.1077591590981811,0.0625,0.10876132930513595
uncertainty_persistence,>50,seen/-5,,0,,,,,,,,,,,,,,,,,,,,,,,,,,,,,,,,,,,
uncertainty_persistence,1,seen/0,1.0,146,0.15753424657534246,0.2328767123287671,0.136986301369863,0.02054794520547945,102.72268907563026,173.91304347826087,0.2807017543859649,0.11560166262001806,0.20401626296754224,0.10406341964663851,0.21062563362032727,0.1861130704540545,0.27643987369000383,0.18884614606704236,0.2808085029103652,0.1043470496672843,0.171900723872834,0.10047189802181736,0.1732399650289184,-0.02820477655110981,0.0714154393568406,-0.03610925458327945,0.07558039164179634,91.72439258220962,114.46726162958598,90.59510790538303,114.35716994783259,156.85673320146248,189.41305429932711,157.9488288234258,189.54244656688604,0.20829337920103744,0.35133210563617884,0.2047140404718739,0.35375262713362526
uncertainty_persistence,2-4,seen/0,3.017167381974249,466,0.18454935622317598,0.22532188841201717,0.13304721030042918,0.05150214592274678,118.7390180878553,179.46391752577318,0.3507853403141361,0.1506353529669677,0.21623896918017743,0.15242040123764847,0.21551421470650117,0.18890795996568469,0.26157931710385324,0.1926006844399201,0.25714211267475146,0.10963644666369653,0.15648521061618903,0.11322488838883762,0.15494980402700934,0.014432717532449839,0.08557342768485451,0.016124373919265397,0.08318785551281993,108.9668193213135,128.53925086070882,109.5523004031157,129.03827709662363,161.23592800041487,199.02021484834088,159.62970339552203,202.877688040471,0.29915114760585776,0.4024114815791025,0.2912211100430476,0.41421906219349625
uncertainty_persistence,5-10,seen/0,7.102669404517454,487,0.17248459958932238,0.2648870636550308,0.19917864476386038,-0.026694045174537988,109.71428571428571,190.3826714801444,0.2676056338028169,0.1374001207430049,0.21072627333916777,0.13983108300636063,0.20425905671616415,0.22251896257148188,0.3048362791995967,0.2276153797710704,0.2972391167858943,0.14587693313043074,0.24125514735222145,0.14653742804063177,0.23643238350251886,-0.09706693830049166,0.059867145351310394,-0.08675228925795384,0.04637591943119324,100.81062311215847,118.43063486002728,99.87600426229479,118.37867181829004,172.69856940502768,206.59255704936686,170.2696977724036,208.7181559263794,0.2014317550925865,0.3430422562992211,0.22773884229042,0.3242311736240349
uncertainty_persistence,11-25,seen/0,15.138157894736842,304,0.20723684210526316,0.26644736842105265,0.0756578947368421,0.13157894736842105,115.90551181102362,156.0591133004926,0.2777777777777778,0.16249828794415444,0.2556280910507381,0.16017938758768477,0.2628620774902021,0.16797132734172307,0.3353646669708741,0.17918537734615472,0.33870852893038267,0.047409043024887104,0.10854154224792735,0.04677127915759055,0.10747082136267189,0.06504316091756403,0.1976166754598604,0.06306810884710724,0.20735191043087678,98.69509452742317,134.22444929937262,97.21868428219699,137.25615563600073,126.89436273941631,182.96503620881123,131.16637372542826,183.21530359047944,0.161263496236272,0.3690084857170081,0.16149068142784198,0.3657284510286469
uncertainty_persistence,26-50,seen/0,26.0,26,0.0,0.5769230769230769,0.23076923076923078,-0.23076923076923078,100.0,419.55555555555554,0.3333333333333333,0.0,0.0,0.0,0.0,0.5769230769230769,0.5769230769230769,0.5769230769230769,0.5769230769230769,0.23076923076923078,0.23076923076923078,0.23076923076923078,0.23076923076923078,-0.23076923076923078,-0.23076923076923078,-0.23076923076923078,-0.23076923076923078,100.0,100.0,100.0,100.0,419.55555555555554,419.55555555555554,419.55555555555554,419.55555555555554,0.3333333333333333,0.3333333333333333,0.3333333333333333,0.3333333333333333
uncertainty_persistence,>50,seen/0,,0,,,,,,,,,,,,,,,,,,,,,,,,,,,,,,,,,,,
uncertainty_persistence,1,seen/5,1.0,111,0.12612612612612611,0.24324324324324326,0.13513513513513514,-0.009009009009009009,107.6043956043956,162.8235294117647,0.4878048780487805,0.07984637734996221,0.1786014457487602,0.06665128703254007,0.184727734574855,0.1958689410819339,0.29514566408970977,0.20072878056740565,0.29391088541757643,0.10370539514895731,0.16578929318239763,0.10210108298343593,0.1657296505497922,-0.06344457476693337,0.05164472510071288,-0.08570312595066511,0.07328655578655573,94.0498521229024,122.44927669973893,92.21367741935484,121.08146261597234,135.46554576909296,191.47367898679414,131.22415159569863,195.55691522867752,0.36614173478622675,0.603428082807271,0.35267619680851064,0.5955938511326858
uncertainty_persistence,2-4,seen/5,2.9695121951219514,328,0.1402439024390244,0.2804878048780488,0.15548780487804878,-0.01524390243902439,117.04942965779468,205.55665024630542,0.39855072463768115,0.11182843197881785,0.16487257567248173,0.1111105354058722,0.1678857155864455,0.24288448029203386,0.31615828410275565,0.24701856993145102,0.31687682487534996,0.11987276874173057,0.19466197831948337,0.12461775561743714,0.19002319426353334,-0.0675954312452548,0.030954829511951814,-0.062239382376418136,0.030024487868369885,104.63084407004392,128.56014917593123,105.37988505163193,128.85386720805485,184.56631625661174,228.62385077073168,188.9741981127935,222.861107382613,0.34369033158969853,0.4511214996905504,0.35310323800851445,0.44161864913465754
uncertainty_persistence,5-10,seen/5,7.135064935064935,385,0.2519480519480519,0.2701298701298701,0.14805194805194805,0.1038961038961039,122.02666666666667,186.8436018957346,0.3681592039800995,0.20235281766946814,0.31862327883168967,0.18746082428901004,0.341185101147762,0.22776943920267045,0.3066037323501357,0.21915638227322612,0.3133206564218954,0.11760823325258435,0.17444659451247604,0.10633355462568064,0.17715749637591888,0.035897216432423086,0.19105446227281112,0.01786709167120784,0.22434094053596443,111.96814676350704,134.65642067817214,111.75469563431021,135.53113963658893,164.70025474100305,212.38617802518786,167.83829660609015,207.2297988895179,0.3114771366065534,0.4289858762521003,0.32732212443463243,0.41405831856507064
uncertainty_persistence,11-25,seen/5,12.904761904761905,189,0.2275132275132275,0.2857142857142857,0.09523809523809523,0.13227513227513227,127.05882352941177,154.2095238095238,0.23711340206185566,0.14107233698978297,0.32874297397797425,0.13342493686084544,0.33031745463923884,0.1738235854303556,0.39893458237644,0.18144753116960222,0.3839919153896532,0.061793016194694586,0.12535723976979174,0.0644958615043377,0.12671185420639203,0.04304779067802199,0.23633539541627394,0.03380145218182853,0.2396737882288303,110.10389649036794,147.14640090879934,109.4978285439072,148.57699601298253,127.40436763927485,184.2131799149005,127.31983919764598,185.4983183868929,0.13772848897918208,0.34144892580741737,0.1458402423282858,0.3188433763590854
uncertainty_persistence,26-50,seen/5,,0,,,,,,,,,,,,,,,,,,,,,,,,,,,,,,,,,,,
uncertainty_persistence,>50,seen/5,,0,,,,,,,,,,,,,,,,,,,,,,,,,,,,,,,,,,,
uncertainty_persistence,1,seen/10,1.0,185,0.14054054054054055,0.2918918918918919,0.15675675675675677,-0.016216216216216217,100.0,192.0,0.3875,0.10470970328250653,0.17580381639248893,0.10547898208446295,0.18379098061549834,0.24858007510930588,0.3345494327927012,0.24245479831874422,0.330743974306963,0.12621341919729018,0.181871570724987,0.12529090442333987,0.18727373481859275,-0.0589482496731725,0.029079965630955502,-0.05797790525170803,0.03320564604059205,90.52176976379788,109.4193746277546,90.25313297591181,111.17013574333484,165.5697865207248,216.24342319904918,163.22669738064278,219.56300986778388,0.31946392798371304,0.45892995911345574,0.31705497966375334,0.44919115280618116
uncertainty_persistence,2-4,seen/10,3.0418679549114334,621,0.15942028985507245,0.2689210950080515,0.1288244766505636,0.030595813204508857,107.05454545454545,170.61052631578949,0.35714285714285715,0.1390652412835459,0.17963341253308127,0.13833469786392574,0.17992422937653976,0.24539845770412544,0.29230206586648394,0.24576425673107227,0.29261164483984303,0.11257788825589456,0.1477774950215966,0.11052087515634995,0.1521734814064108,-0.0028704953005792896,0.061520896739539595,-0.010130026193448376,0.0639558228512041,101.26545553342889,113.56960220165044,100.87140790298983,113.68532190914955,156.06748786592263,185.33466195260254,152.75182025139944,190.63481264417769,0.32586936851732246,0.38389501042024327,0.32836008634530356,0.37981676860339664
uncertainty_persistence,5-10,seen/10,6.747474747474747,594,0.20707070707070707,0.2558922558922559,0.09090909090909091,0.11616161616161616,111.8688524590164,157.99455040871933,0.34545454545454546,0.17838280581084354,0.23247975790582878,0.17932353746823357,0.23491680219579428,0.23486134039848497,0.2771383390365212,0.23277099628536257,0.2767554945452613,0.07420052153054327,0.1099245731367117,0.07213661403416477,0.11302585027404691,0.07834968585307234,0.14575282025961572,0.080671612763319,0.14802688977688977,104.20887438127708,118.3973664686416,105.42078981478366,117.68008477635335,148.86711955679735,168.08970406244353,152.84300459034637,162.93635938966065,0.2957940084633804,0.39426714926154216,0.2829851024285138,0.40669055351631556
uncertainty_persistence,11-25,seen/10,14.559055118110237,127,0.2283464566929134,0.2440944881889764,0.047244094488188976,0.18110236220472442,134.33663366336634,178.73170731707316,0.36666666666666664,0.12837000924561429,0.34910400141382564,0.1258647097412709,0.3537695054178586,0.15735964755194862,0.306064186528015,0.1526073753141494,0.30701881315671803,0.014866778723177723,0.07386664905890965,0.014259382707481802,0.07378482665623998,0.06071534946624712,0.32643668591789143,0.05865982931179752,0.3336290453094891,96.5567983112719,165.91562350215042,94.12671939400691,167.1848399994108,118.95216865712179,218.54838896952103,125.88023212742314,219.1583783002949,0.18942613270895556,0.5031803517504447,0.19137423935091277,0.5128453302780082
uncertainty_persistence,26-50,seen/10,,0,,,,,,,,,,,,,,,,,,,,,,,,,,,,,,,,,,,
uncertainty_persistence,>50,seen/10,,0,,,,,,,,,,,,,,,,,,,,,,,,,,,,,,,,,,,
uncertainty_persistence,1,seen/15,1.0,130,0.1,0.24615384615384617,0.13846153846153847,-0.038461538461538464,102.51851851851852,180.09302325581396,0.26666666666666666,0.06172753712712017,0.1338708806714203,0.05998081925918795,0.13212341847696346,0.19618071829833042,0.30504255627877164,0.19487288213245177,0.3082721438750392,0.10637888810256042,0.166732956519154,0.0962694857722055,0.1723269805384261,-0.07961066822792612,-0.0012932384140802757,-0.07607365616764675,0.005699557245224099,90.5280821357665,115.00446812372705,90.56483643509421,115.79953421273466,156.11492949413142,207.42911307147997,154.25660392423,207.87880453452416,0.18218141971143031,0.3528990521694735,0.17320434600257975,0.3628220221606648
uncertainty_persistence,2-4,seen/15,2.923076923076923,520,0.17115384615384616,0.2673076923076923,0.11538461538461539,0.05576923076923077,120.88888888888889,193.02893890675242,0.4166666666666667,0.14016135551492992,0.202718451547925,0.13749292971726787,0.20218823741581538,0.2417763360408115,0.29502026166348216,0.24220168488377644,0.295092901038544,0.10046210721743407,0.1311572447275417,0.0970768990900638,0.13429135713493737,0.01577050980016146,0.09447003647457086,0.006430214800262793,0.10186008570565629,111.08471898651334,131.87489763934096,114.16455083766778,128.25925654462526,172.60742327949782,215.47599931338365,171.81949977639374,218.20060630428122,0.36365889278563107,0.4787934615171387,0.3659471039716347,0.47579643114807385
uncertainty_persistence,5-10,seen/15,6.436823104693141,277,0.16967509025270758,0.34657039711191334,0.09747292418772563,0.07220216606498195,125.88679245283019,192.40251572327045,0.34965034965034963,0.11960326653999977,0.20353044432352757,0.12152914305204911,0.2066170102836036,0.31142166723810455,0.3944116824502448,0.3092308087841351,0.3934576267650346,0.07474750432702267,0.12137147678871166,0.07335900154690878,0.12516931797971476,0.009369171080347816,0.11588402462740004,0.01206990411204055,0.11883928801152657,109.70744895770117,143.59780877273587,110.41591539280078,144.67673133991812,166.99530809668667,221.14744610781474,167.108056747879,222.32212077338284,0.2758785234550613,0.42049387917201675,0.2746232383472203,0.4299005871102261
uncertainty_persistence,11-25,seen/15,14.073170731707316,41,0.2926829268292683,0.24390243902439024,0.024390243902439025,0.2682926829268293,139.2941176470588,183.65217391304347,0.2727272727272727,0.08104984920642598,0.5918210143175937,0.07506318871528792,0.6133681973056149,0.1023375995104417,0.363100976205003,0.08988015888130152,0.36527495281176775,0.0014935436814522665,0.05728258150216163,0.0012232233884372362,0.06000162337662337,0.04653240099675043,0.5817282913165265,0.040885689830238235,0.6024176880557555,116.73729135053111,164.30243956043955,115.11083333333333,165.26442629535413,126.6543320626201,260.9241021047916,124.2966590366487,265.2616867469879,0.1436928736865891,0.43253629576619,0.13874236589255845,0.4375422297297295
uncertainty_persistence,26-50,seen/15,,0,,,,,,,,,,,,,,,,,,,,,,,,,,,,,,,,,,,
uncertainty_persistence,>50,seen/15,,0,,,,,,,,,,,,,,,,,,,,,,,,,,,,,,,,,,,
uncertainty_persistence,1,seen/20,1.0,126,0.15079365079365079,0.21428571428571427,0.15079365079365079,0.0,100.22641509433963,174.76923076923077,0.391304347826087,0.10962937256079712,0.19147205275964646,0.11970279401751414,0.18913555719063632,0.1674345004195946,0.26143651785609695,0.1616001203444163,0.2639170749754828,0.12048917510693823,0.18274128565720887,0.12388860559065366,0.1801200068575347,-0.051830732023057734,0.051643938531075795,-0.03832172148600917,0.04432007304533269,89.61516525912367,112.67918110775902,89.28102826929188,114.34823010808762,149.8960603527669,201.58261168908857,145.2947006900979,206.59910547079593,0.32583293785374595,0.46395390343880205,0.3286022639564459,0.4632269393976846
uncertainty_persistence,2-4,seen/20,2.866396761133603,494,0.14777327935222673,0.2813765182186235,0.11538461538461539,0.032388663967611336,102.9278350515464,174.93333333333334,0.3113207547169811,0.12371032286895604,0.171418561812778,0.11901416724249453,0.1715599836925395,0.2564015235137871,0.30857995114773923,0.2595561809008426,0.30706336113514426,0.09609606195398282,0.13335308076583222,0.09489950914775874,0.13475063025175735,-0.0016859854880135184,0.06775067478774406,-0.006428723828151811,0.06865500761301403,96.5572714376497,109.33520769409867,95.69567038563635,110.55896811519564,161.63564681260004,188.6093512108631,162.637446682386,187.43297485487122,0.27522507600111057,0.3474015844646514,0.27303322108413536,0.3522207254321715
uncertainty_persistence,5-10,seen/20,6.572254335260116,173,0.12716763005780346,0.3179190751445087,0.14450867052023122,-0.017341040462427744,106.51094890510949,224.0,0.38961038961038963,0.0911505181705357,0.17116614782288525,0.09719032924345736,0.1555573505654281,0.26742613546904287,0.3687456772952936,0.2662936537571235,0.38519484539893173,0.10594956384322354,0.18184867211612818,0.10638297872340426,0.18642415120381656,-0.0737614442554376,0.04698216821376315,-0.07602580936590939,0.03978214474933474,93.90778855754732,121.00543689591167,95.9074893092766,117.68318110900273,195.01316660514652,256.7397496581552,197.368715046705,255.8578202524417,0.32715056802946857,0.4485474473076951,0.3294816206035023,0.4428131798010268
uncertainty_persistence,11-25,seen/20,12.0,12,0.08333333333333333,0.3333333333333333,0.0,0.08333333333333333,96.0,109.71428571428571,0.6,0.08333333333333333,0.08333333333333333,0.08333333333333333,0.08333333333333333,0.3333333333333333,0.3333333333333333,0.3333333333333333,0.3333333333333333,0.0,0.0,0.0,0.0,0.08333333333333333,0.08333333333333333,0.08333333333333333,0.08333333333333333,96.0,96.0,96.0,96.0,109.71428571428571,109.71428571428571,109.71428571428571,109.71428571428571,0.6,0.6,0.6,0.6
uncertainty_persistence,26-50,seen/20,,0,,,,,,,,,,,,,,,,,,,,,,,,,,,,,,,,,,,
uncertainty_persistence,>50,seen/20,,0,,,,,,,,,,,,,,,,,,,,,,,,,,,,,,,,,,,
uncertainty_persistence,1,unseen/-5,1.0,201,0.23880597014925373,0.18407960199004975,0.0845771144278607,0.15422885572139303,109.8224852071006,124.58015267175573,0.29411764705882354,0.1550691144128083,0.308123830152712,0.15837147887323944,0.30686861571877905,0.12978725724265483,0.2501486222081279,0.12575997694601312,0.2634564228927624,0.06553298071910327,0.09855476327003347,0.047187026240329895,0.09764133096010293,0.06700750988939222,0.23278526356039608,0.0725783201360472,0.23398426796612276,97.93909718791976,124.77149330747525,95.29126598439558,128.83427896772736,106.08815674779378,151.63792939954618,105.51134052623296,157.84385023626828,0.1648469361388866,0.4306141762443545,0.12804756097560976,0.4618317984679728
uncertainty_persistence,2-4,unseen/-5,3.0798403193612773,501,0.25349301397205587,0.19760479041916168,0.08782435129740519,0.1656686626746507,109.53846153846153,125.92880258899676,0.3230088495575221,0.19717170891920888,0.31311938647672516,0.2106958811552797,0.30016179075996835,0.145641909491886,0.2651343189926899,0.16303097477823128,0.2667451307636266,0.05858574734930647,0.11580881303340018,0.06304674138762047,0.11884743023987154,0.0870711232612066,0.24982964893645399,0.09490617489436406,0.23450827112888983,96.35239679999538,119.19376504358561,91.4833380747574,121.52548851396725,102.2456023851364,152.08445154203204,101.25970946769122,157.08634603280794,0.16260658376240889,0.4390032581310811,0.11197695298530744,0.46932995953645806
uncertainty_persistence,5-10,unseen/-5,6.96242774566474,692,0.2991329479768786,0.20086705202312138,0.08526011560693642,0.2138728323699422,119.18021201413427,142.9433962264151,0.3092485549132948,0.22845572508228232,0.38590818335121235,0.22284252658687373,0.405000826063654,0.1245638283539851,0.2711594129262057,0.0946317825943849,0.26814337314599684,0.0455841251845742,0.12505060727253586,0.0582117164421964,0.10480466514346487,0.12038688113482471,0.3312719193543987,0.11824162447648795,0.3466401135366179,103.02498396622858,137.37598595194365,98.0594695218283,136.97487650250804,115.71263131372669,173.55865816775156,114.85197881560764,175.8979322176214,0.17544719738375175,0.40688684791063334,0.13870466040151946,0.41009343016075134
uncertainty_persistence,11-25,unseen/-5,12.87551867219917,241,0.33195020746887965,0.11618257261410789,0.029045643153526972,0.3029045643153527,108.0,107.10204081632654,0.5462962962962963,0.2884528808724049,0.40195318653401385,0.29396310302395023,0.43661525036207705,0.08111992881532426,0.15493693718471893,0.05977465837798193,0.1407282172037266,0.017639266948586394,0.03429116361220999,0.012129371950923774,0.0350469685019965,0.2550361539209076,0.3805022432793384,0.2602930326851336,0.42628613148700756,90.08675782423052,117.81990491810085,85.80865298840321,119.049667777434,90.90588472622412,117.10738265507389,88.27400114669507,119.64685360772464,0.4195349266339457,0.6591166887943973,0.34315414246049164,0.7164640018414822
uncertainty_persistence,26-50,unseen/-5,,0,,,,,,,,,,,,,,,,,,,,,,,,,,,,,,,,,,,
uncertainty_persistence,>50,unseen/-5,,0,,,,,,,,,,,,,,,,,,,,,,,,,,,,,,,,,,,
uncertainty_persistence,1,unseen/0,1.0,116,0.20689655172413793,0.19827586206896552,0.08620689655172414,0.1206896551724138,107.31313131313131,143.56756756756758,0.3829787234042553,0.1185324542861652,0.26892548051683995,0.09246711556529909,0.2720202351380124,0.15807530066578193,0.26820794323479796,0.15406708532753874,0.2817482213598512,0.04940045895442411,0.13186605575328547,0.049414965059924106,0.14744708232943524,-0.0023213134383347146,0.20998601541058318,-0.044778667637422644,0.21558016443346556,95.49460171680941,114.49977790838305,95.95062755716954,114.34074218464461,121.69666142606123,171.62079424986194,122.73365494780587,182.7103943659643,0.2853375435688031,0.4488416442606656,0.2667610824193552,0.4495348570714226
uncertainty_persistence,2-4,unseen/0,3.011111111111111,360,0.2777777777777778,0.2111111111111111,0.10555555555555556,0.17222222222222222,117.85113268608414,152.0,0.4659090909090909,0.19562818682710503,0.33989933969286756,0.16067783671956679,0.3461023751867733,0.18771125737513497,0.2420365744761791,0.18510629422401992,0.25231289180475763,0.07353504699213768,0.14735415786987915,0.07194165310157936,0.16098523132369646,0.052323466070449375,0.25931551958682947,0.0071169870462408575,0.2688364518778656,107.26401738008377,125.30576540422642,104.94093176463691,125.28326555260168,136.307922767954,165.72647023918512,140.5613319292949,164.04507925807775,0.3823665930396101,0.5167572038358187,0.3542796394141639,0.5222548346527524
uncertainty_persistence,5-10,unseen/0,6.917525773195877,388,0.23969072164948454,0.2706185567010309,0.1056701030927835,0.13402061855670103,123.47266881028939,180.0,0.3333333333333333,0.16545795933409946,0.29222976071057105,0.14319888761734623,0.29660413669864744,0.23820072066446435,0.3094015609739418,0.23786531719374152,0.32050401343433843,0.06173801521686338,0.17298401300042882,0.05747138928401164,0.18906237480241542,-0.0036061984670973783,0.2308674973217273,-0.04610535850035268,0.2376246095917539,117.28152354353962,129.79002202827374,116.751438946966,130.09466208254645,158.57527681137918,219.0382766246542,156.74157355407343,233.8850324343265,0.2723437174386375,0.3725283254533121,0.27803569202241335,0.3666936984146783
uncertainty_persistence,11-25,unseen/0,17.526315789473685,95,0.43157894736842106,0.06315789473684211,0.0,0.43157894736842106,101.44680851063829,115.49425287356321,0.2765957446808511,0.3724942815112566,0.5016611988209769,0.3667745198875885,0.5208991300136638,0.0058345355448162104,0.11403848028025627,0.004306712132089017,0.10802829942618672,0.0,0.0,0.0,0.0,0.3724942815112566,0.5016611988209769,0.3667745198875885,0.5208991300136638,87.01099448124569,112.61725791556192,85.33290218270008,113.4688782776242,100.48542627297546,129.01486573722775,101.81818181818181,125.47450537026569,0.21325281112147365,0.31104466411926357,0.2616471382419596,0.29384205659217977
uncertainty_persistence,26-50,unseen/0,,0,,,,,,,,,,,,,,,,,,,,,,,,,,,,,,,,,,,
uncertainty_persistence,>50,unseen/0,,0,,,,,,,,,,,,,,,,,,,,,,,,,,,,,,,,,,,
uncertainty_persistence,1,unseen/5,1.0,164,0.23780487804878048,0.25609756097560976,0.07926829268292683,0.15853658536585366,125.33333333333333,145.70212765957447,0.5432098765432098,0.1418202494543978,0.3028537404416566,0.13995649580767638,0.3141621277235821,0.22060996186225976,0.3124256399777745,0.21941988247064187,0.31625813147465454,0.04907109273051026,0.12111823484274335,0.049830742405269246,0.11535156249999999,0.02570141963116119,0.24810020127492893,0.027082006888804397,0.2632130983549136,110.669822349241,135.8877467474999,110.70959611870707,136.09903904940236,131.58777197701787,165.79121948195944,133.35826272532753,161.63863395863387,0.48300589753157075,0.5872893233762945,0.4877790015591945,0.5866781522003568
uncertainty_persistence,2-4,unseen/5,2.944206008583691,466,0.3369098712446352,0.2017167381974249,0.08369098712446352,0.2532188841201717,117.6349614395887,150.05243445692884,0.398406374501992,0.24151951489788556,0.38539683706084793,0.2384301490795422,0.39217926641030393,0.18256829965665397,0.23335715180168354,0.17953455767689852,0.23673547615332605,0.06299739091272086,0.12412878655936666,0.0591105902226366,0.11942036369880069,0.12198352687955197,0.3172545295061645,0.12066693995437153,0.32943779577282034,103.9861830586251,126.14366189006597,103.5832263421044,127.22919904370106,136.35568669074232,173.43303794414766,135.0594637141859,173.57419821195288,0.3032042928539835,0.4598824526786918,0.3029427658092546,0.46505619480212174
uncertainty_persistence,5-10,unseen/5,7.328125,384,0.4348958333333333,0.1640625,0.036458333333333336,0.3984375,118.47191011235955,158.25,0.46956521739130436,0.3662072456084685,0.47147838437733053,0.36804637949260044,0.47464531435641566,0.12252729792783609,0.19909369953829675,0.12220450501942448,0.2022902654921955,0.01843650307050232,0.06783778686744553,0.017746639442813662,0.07086817746266565,0.30331175495020485,0.44833588775528993,0.3036380038545126,0.45132614985731795,95.53300737966444,129.8154440846979,97.35414357062369,131.48004207749003,146.00198281426023,172.0418114527213,146.38694906278386,173.944277136089,0.4223002680220829,0.48946062530568435,0.4225860424826567,0.4893501306906324
uncertainty_persistence,11-25,unseen/5,13.45933014354067,209,0.430622009569378,0.11961722488038277,0.014354066985645933,0.41626794258373206,143.83157894736843,135.68,0.3826086956521739,0.37794305669447376,0.4654429023292759,0.377408937215736,0.4666748768472906,0.07424461013879802,0.22062392137093143,0.0735189473333074,0.22621610016879706,0.003805253048022953,0.0411928196647588,0.0030785637797056354,0.04093820729129643,0.3397621989997322,0.45448335836107717,0.3367361365987121,0.45523335156666384,134.14476575342974,147.42656895301923,133.58120913336793,147.47010594683437,125.46124752656466,140.15989086915096,125.18687508955315,140.58714144049196,0.19846578743816432,0.46841385322823237,0.19809188420780566,0.475521157011567
uncertainty_persistence,26-50,unseen/5,28.0,28,0.42857142857142855,0.17857142857142858,0.0,0.42857142857142855,116.57142857142857,91.42857142857143,0.7647058823529411,0.42857142857142855,0.42857142857142855,0.42857142857142855,0.42857142857142855,0.17857142857142858,0.17857142857142858,0.17857142857142858,0.17857142857142858,0.0,0.0,0.0,0.0,0.42857142857142855,0.42857142857142855,0.42857142857142855,0.42857142857142855,116.57142857142857,116.57142857142857,116.57142857142857,116.57142857142857,91.42857142857143,91.42857142857143,91.42857142857143,91.42857142857143,0.7647058823529411,0.7647058823529411,0.7647058823529411,0.7647058823529411
uncertainty_persistence,>50,unseen/5,,0,,,,,,,,,,,,,,,,,,,,,,,,,,,,,,,,,,,
uncertainty_persistence,1,unseen/10,1.0,48,0.14583333333333334,0.3125,0.125,0.020833333333333332,96.82051282051282,210.58064516129033,0.4090909090909091,0.09036250766961948,0.21475504545298307,0.1015618082201889,0.1977809086937527,0.20798479039329312,0.40960544665851006,0.20132602744862757,0.41875035755148743,0.05910750712790887,0.23694967381045584,0.06189464999029991,0.24249212738400586,-0.05922052083721296,0.07320037791219346,-0.06544526415992384,0.07518842288761275,82.26943929251367,115.126079663705,81.26540447504303,118.21655309700631,169.3719693443425,253.7622205658441,165.6027283302596,265.2687761194029,0.1797511801973364,0.5927826899115447,0.17360856541365985,0.6081909722222221
uncertainty_persistence,2-4,unseen/10,2.924812030075188,133,0.12030075187969924,0.2631578947368421,0.09774436090225563,0.022556390977443608,99.22935779816514,186.8505747126437,0.43137254901960786,0.07578954143140228,0.15491210997132218,0.07772619751626257,0.1547205520341033,0.20666905053028814,0.3056714564535831,0.19939672884018853,0.31898498928946534,0.05335897015275451,0.16469169857423546,0.04902414281998334,0.17254763812545473,-0.07487575027849905,0.09192427211015036,-0.08617734524232919,0.09927403545359748,88.62953770156503,110.00607350033883,88.02435235257187,112.12770428576799,154.70900543248237,209.11741149411324,150.3683332382174,213.38792089679617,0.3031557275555141,0.5221382222615147,0.27392155381846106,0.5227312740076824
uncertainty_persistence,5-10,unseen/10,6.166666666666667,60,0.25,0.35,0.03333333333333333,0.21666666666666667,94.89655172413794,203.1304347826087,0.6111111111111112,0.16248069699499165,0.33237157468268985,0.16516968236409607,0.3460692977308294,0.20948496915817855,0.4866603946273043,0.1995852425091752,0.48580977203896375,0.0017959814719057084,0.07462076775213575,0.0,0.08019572326477956,0.11568055105162468,0.3155986833237383,0.11267858554600589,0.3242633973100385,82.0777611915451,111.60097677573565,82.11731397459165,113.16369997349588,156.7985550916294,260.21305287906455,151.95883685451437,261.6266833973806,0.40584269552140406,0.7784044048325709,0.3887147496955123,0.7860932764790984
uncertainty_persistence,11-25,unseen/10,,0,,,,,,,,,,,,,,,,,,,,,,,,,,,,,,,,,,,
uncertainty_persistence,26-50,unseen/10,,0,,,,,,,,,,,,,,,,,,,,,,,,,,,,,,,,,,,
uncertainty_persistence,>50,unseen/10,,0,,,,,,,,,,,,,,,,,,,,,,,,,,,,,,,,,,,
uncertainty_persistence,1,unseen/15,1.0,139,0.14388489208633093,0.2733812949640288,0.08633093525179857,0.05755395683453238,96.91428571428571,138.1818181818182,0.22413793103448276,0.10159875242010391,0.19048322259648712,0.1000523230268871,0.1947994436439135,0.17552732984646105,0.35730085763326447,0.1704140804474338,0.3581958358290257,0.05429065546353978,0.12221134401204986,0.0530258279979799,0.12459174164346173,-0.00856465786226289,0.12392251433462813,-0.011399443327083234,0.12985476590061334,86.86400881562592,106.56495690218402,85.00273298723805,108.29005737538147,118.13526821262568,158.34046324483822,117.5126866298104,158.35567701863351,0.16903703378247414,0.2951137874560149,0.16511840701958505,0.30441206675224636
uncertainty_persistence,2-4,unseen/15,2.982905982905983,351,0.16524216524216523,0.24786324786324787,0.10256410256410256,0.06267806267806268,119.31428571428572,172.1904761904762,0.31724137931034485,0.12818665849137267,0.20512832217884547,0.1333755219330193,0.20238159481281642,0.2013853097378885,0.29112243473252714,0.20006229900069417,0.28919813415833195,0.08018868196212471,0.12515893203060055,0.07892662572823177,0.1254499279703866,0.006395563200713253,0.12094302387056452,0.007726366792662285,0.12234865770825075,106.49161448528068,131.0978416064843,105.89638482497561,129.7309369029511,151.217579967957,196.24251282348288,145.72631227369584,198.7340986438628,0.2746790220854188,0.37155124055255845,0.26449875631165176,0.3775350287634023
uncertainty_persistence,5-10,unseen/15,7.350877192982456,114,0.09649122807017543,0.38596491228070173,0.14035087719298245,-0.043859649122807015,110.13953488372093,195.87878787878788,0.36363636363636365,0.06709540203988533,0.12420056357441801,0.06750297873968018,0.12732415621868656,0.26467667555780855,0.4934429389720659,0.23793905258813108,0.4939343511959313,0.07434628807392243,0.2058080475434846,0.06232146360420991,0.21564648422580396,-0.12359044229519342,0.02894363617491096,-0.1296504506939117,0.04679955007367792,82.11320497142098,137.85192356042236,82.16730087374484,139.50103470894643,144.04049118318264,256.11956015070683,139.94480875860185,261.71999999999997,0.24730283956168178,0.45736902119587886,0.24974765200609708,0.4479100442676715
uncertainty_persistence,11-25,unseen/15,13.0,13,0.0,0.07692307692307693,0.8461538461538461,-0.8461538461538461,64.0,448.0,0.0,0.0,0.0,0.0,0.0,0.07692307692307693,0.07692307692307693,0.07692307692307693,0.07692307692307693,0.8461538461538461,0.8461538461538461,0.8461538461538461,0.8461538461538461,-0.8461538461538461,-0.8461538461538461,-0.8461538461538461,-0.8461538461538461,64.0,64.0,64.0,64.0,448.0,448.0,448.0,448.0,0.0,0.0,0.0,0.0
uncertainty_persistence,26-50,unseen/15,26.0,26,0.15384615384615385,0.038461538461538464,0.11538461538461539,0.038461538461538464,138.24,245.33333333333334,0.6,0.15384615384615385,0.15384615384615385,0.15384615384615385,0.15384615384615385,0.038461538461538464,0.038461538461538464,0.038461538461538464,0.038461538461538464,0.11538461538461539,0.11538461538461539,0.11538461538461539,0.11538461538461539,0.038461538461538464,0.038461538461538464,0.038461538461538464,0.038461538461538464,138.24,138.24,138.24,138.24,245.33333333333334,245.33333333333334,245.33333333333334,245.33333333333334,0.6,0.6,0.6,0.6
uncertainty_persistence,>50,unseen/15,,0,,,,,,,,,,,,,,,,,,,,,,,,,,,,,,,,,,,
uncertainty_persistence,1,unseen/20,1.0,51,0.11764705882352941,0.21568627450980393,0.058823529411764705,0.058823529411764705,99.90243902439025,133.4857142857143,0.29411764705882354,0.0590995522063694,0.1811077581072052,0.06101584499642752,0.1790808326159144,0.15645264824153235,0.28014586390499285,0.1650227261185313,0.27366818275290605,0.02192934453025181,0.1062457231235738,0.026000861517576263,0.09128471001757468,-0.027698153217458332,0.1364979353281239,-0.007146545738587051,0.12745915032679733,83.76270311780064,118.93092881775122,85.48702617156995,114.76156931124673,104.82440057937391,169.6442748091603,106.28833752093803,166.1900440426518,0.16830082417582418,0.4024131802373754,0.17933233682112606,0.3882936507936507
uncertainty_persistence,2-4,unseen/20,2.7125,160,0.2625,0.18125,0.0875,0.175,120.30075187969925,141.03703703703704,0.2535211267605634,0.19663554988063114,0.31678382325881144,0.18846860214324793,0.3144313662121773,0.12355586727753042,0.24519174156049894,0.1248383031996167,0.25485266384944993,0.0567316124374155,0.12320233457491651,0.059336907486575545,0.12594751281462868,0.08525834400958393,0.24654027755907335,0.06771066125765504,0.24637292520183152,103.35290808985653,142.2802681973389,103.8498861719239,143.81990970166297,118.61543991615143,170.54293124798892,115.01143551022486,172.65035513051802,0.2027588760971728,0.3175733986820474,0.19354745262213582,0.3179785814211089
uncertainty_persistence,5-10,unseen/20,7.340909090909091,88,0.07954545454545454,0.3181818181818182,0.14772727272727273,-0.06818181818181818,136.0,196.36363636363637,0.22857142857142856,0.04802854278579385,0.11428571428571428,0.0465155070370556,0.115125630813232,0.24923848983550542,0.37003655698277366,0.24696898620815247,0.3705736651881726,0.08917304055874403,0.21125218539718554,0.09054759235172398,0.21043852145333392,-0.12712646420108417,-0.01058066282602736,-0.12950538563838748,-0.011393952091626521,117.87507617798406,150.93014361339962,117.16892648747451,151.15491264767402,166.99076802019292,237.8524966432337,164.24012989355947,236.36938347828666,0.16396575024513968,0.28266933818581547,0.1618713597107853,0.2810767884959661
uncertainty_persistence,11-25,unseen/20,,0,,,,,,,,,,,,,,,,,,,,,,,,,,,,,,,,,,,
uncertainty_persistence,26-50,unseen/20,,0,,,,,,,,,,,,,,,,,,,,,,,,,,,,,,,,,,,
uncertainty_persistence,>50,unseen/20,,0,,,,,,,,,,,,,,,,,,,,,,,,,,,,,,,,,,,
