path	category	subcategory	duration_s	sample_rate
musan/music/fma-western-art/music-fma-wa-0000.wav	music	fma-western-art	96.6269	16000
musan/music/fma-western-art/music-fma-wa-0001.wav	music	fma-western-art	97.2278	16000
musan/music/fma-western-art/music-fma-wa-0002.wav	music	fma-western-art	73.9004	16000
musan/music/fma-western-art/music-fma-wa-0003.wav	music	fma-western-art	297.2474	16000
musan/music/fma-western-art/music-fma-wa-0004.wav	music	fma-western-art	273.6326	16000
musan/music/fma-western-art/music-fma-wa-0005.wav	music	fma-western-art	202.9192	16000
musan/music/fma-western-art/music-fma-wa-0006.wav	music	fma-western-art	157.4139	16000
musan/music/fma-western-art/music-fma-wa-0007.wav	music	fma-western-art	411.6898	16000
musan/music/fma-western-art/music-fma-wa-0008.wav	music	fma-western-art	334.7853	16000
musan/music/fma-western-art/music-fma-wa-0009.wav	music	fma-western-art	238.6286	16000
musan/music/fma-western-art/music-fma-wa-0010.wav	music	fma-western-art	319.1902	16000
musan/music/fma-western-art/music-fma-wa-0011.wav	music	fma-western-art	127.2686	16000
musan/music/fma-western-art/music-fma-wa-0012.wav	music	fma-western-art	200.5421	16000
musan/music/fma-western-art/music-fma-wa-0013.wav	music	fma-western-art	355.4221	16000
musan/music/fma-western-art/music-fma-wa-0014.wav	music	fma-western-art	135.3665	16000
musan/music/fma-western-art/music-fma-wa-0015.wav	music	fma-western-art	343.4057	16000
musan/music/fma-western-art/music-fma-wa-0016.wav	music	fma-western-art	481.0449	16000
musan/music/fma-western-art/music-fma-wa-0017.wav	music	fma-western-art	172.7739	16000
musan/music/fma-western-art/music-fma-wa-0018.wav	music	fma-western-art	153.1821	16000
musan/music/fma-western-art/music-fma-wa-0019.wav	music	fma-western-art	146.1551	16000
musan/music/fma-western-art/music-fma-wa-0020.wav	music	fma-western-art	271.4384	16000
musan/music/fma-western-art/music-fma-wa-0021.wav	music	fma-western-art	203.1021	16000
musan/music/fma-western-art/music-fma-wa-0022.wav	music	fma-western-art	446.7722	16000
musan/music/fma-western-art/music-fma-wa-0023.wav	music	fma-western-art	205.1135	16000
musan/music/fma-western-art/music-fma-wa-0024.wav	music	fma-western-art	174.0016	16000
musan/music/fma-western-art/music-fma-wa-0025.wav	music	fma-western-art	242.3641	16000
musan/music/fma-western-art/music-fma-wa-0026.wav	music	fma-western-art	136.0196	16000
musan/music/fma-western-art/music-fma-wa-0027.wav	music	fma-western-art	102.4000	16000
musan/music/fma-western-art/music-fma-wa-0028.wav	music	fma-western-art	134.9486	16000
musan/music/fma-western-art/music-fma-wa-0029.wav	music	fma-western-art	397.6359	16000
musan/music/fma-western-art/music-fma-wa-0030.wav	music	fma-western-art	333.0612	16000
musan/music/fma-western-art/music-fma-wa-0031.wav	music	fma-western-art	375.8759	16000
musan/music/fma-western-art/music-fma-wa-0032.wav	music	fma-western-art	450.9518	16000
musan/music/fma-western-art/music-fma-wa-0033.wav	music	fma-western-art	321.8808	16000
musan/music/fma-western-art/music-fma-wa-0034.wav	music	fma-western-art	646.1387	16000
musan/music/fma-western-art/music-fma-wa-0035.wav	music	fma-western-art	340.3755	16000
musan/music/fma-western-art/music-fma-wa-0036.wav	music	fma-western-art	198.7135	16000
musan/music/fma-western-art/music-fma-wa-0037.wav	music	fma-western-art	181.6294	16000
musan/music/fma-western-art/music-fma-wa-0038.wav	music	fma-western-art	402.6253	16000
musan/music/fma-western-art/music-fma-wa-0039.wav	music	fma-western-art	446.5894	16000
musan/music/fma-western-art/music-fma-wa-0040.wav	music	fma-western-art	360.3331	16000
musan/music/fma-western-art/music-fma-wa-0041.wav	music	fma-western-art	134.9486	16000
musan/music/fma-western-art/music-fma-wa-0042.wav	music	fma-western-art	208.9013	16000
musan/music/fma-western-art/music-fma-wa-0043.wav	music	fma-western-art	341.2376	16000
musan/music/fma-western-art/music-fma-wa-0044.wav	music	fma-western-art	720.0392	16000
musan/music/fma-western-art/music-fma-wa-0045.wav	music	fma-western-art	366.1845	16000
musan/music/fma-western-art/music-fma-wa-0046.wav	music	fma-western-art	426.2923	16000
musan/music/fma-western-art/music-fma-wa-0047.wav	music	fma-western-art	215.3280	16000
musan/music/fma-western-art/music-fma-wa-0048.wav	music	fma-western-art	254.1600	16000
musan/music/fma-western-art/music-fma-wa-0049.wav	music	fma-western-art	107.7600	16000
musan/music/fma-western-art/music-fma-wa-0050.wav	music	fma-western-art	159.0000	16000
musan/music/fma-western-art/music-fma-wa-0051.wav	music	fma-western-art	152.7600	16000
musan/music/fma-western-art/music-fma-wa-0052.wav	music	fma-western-art	208.8960	16000
musan/music/fma-western-art/music-fma-wa-0053.wav	music	fma-western-art	132.3840	16000
musan/music/fma-western-art/music-fma-wa-0054.wav	music	fma-western-art	208.0320	16000
musan/music/fma-western-art/music-fma-wa-0055.wav	music	fma-western-art	21.5249	16000
musan/music/fma-western-art/music-fma-wa-0056.wav	music	fma-western-art	406.1779	16000
musan/music/fma-western-art/music-fma-wa-0057.wav	music	fma-western-art	355.6832	16000
musan/music/fma-western-art/music-fma-wa-0058.wav	music	fma-western-art	84.9840	16000
musan/music/fma-western-art/music-fma-wa-0059.wav	music	fma-western-art	152.7379	16000
musan/music/fma-western-art/music-fma-wa-0060.wav	music	fma-western-art	437.6033	16000
musan/music/fma-western-art/music-fma-wa-0061.wav	music	fma-western-art	128.8800	16000
musan/music/fma-western-art/music-fma-wa-0062.wav	music	fma-western-art	353.5935	16000
musan/music/fma-western-art/music-fma-wa-0063.wav	music	fma-western-art	178.6776	16000
musan/music/fma-western-art/music-fma-wa-0064.wav	music	fma-western-art	237.5314	16000
musan/music/fma-western-art/music-fma-wa-0065.wav	music	fma-western-art	521.0906	16000
musan/music/fma-western-art/music-fma-wa-0066.wav	music	fma-western-art	128.3657	16000
musan/music/fma-western-art/music-fma-wa-0067.wav	music	fma-western-art	119.8759	16000
musan/music/fma-western-art/music-fma-wa-0068.wav	music	fma-western-art	86.0474	16000
musan/music/fma-western-art/music-fma-wa-0069.wav	music	fma-western-art	102.4080	16000
musan/music/fma-western-art/music-fma-wa-0070.wav	music	fma-western-art	139.0320	16000
musan/music/fma-western-art/music-fma-wa-0071.wav	music	fma-western-art	101.6400	16000
musan/music/fma-western-art/music-fma-wa-0072.wav	music	fma-western-art	163.6560	16000
musan/music/fma-western-art/music-fma-wa-0073.wav	music	fma-western-art	58.2000	16000
musan/music/fma-western-art/music-fma-wa-0074.wav	music	fma-western-art	63.6720	16000
musan/music/fma-western-art/music-fma-wa-0075.wav	music	fma-western-art	140.6640	16000
musan/music/fma-western-art/music-fma-wa-0076.wav	music	fma-western-art	42.7680	16000
musan/music/fma-western-art/music-fma-wa-0077.wav	music	fma-western-art	80.0640	16000
musan/music/fma-western-art/music-fma-wa-0078.wav	music	fma-western-art	130.2480	16000
musan/music/fma-western-art/music-fma-wa-0079.wav	music	fma-western-art	100.1760	16000
musan/music/fma-western-art/music-fma-wa-0080.wav	music	fma-western-art	113.2320	16000
musan/music/fma-western-art/music-fma-wa-0081.wav	music	fma-western-art	212.8560	16000
musan/music/fma-western-art/music-fma-wa-0082.wav	music	fma-western-art	329.4240	16000
musan/music/fma-western-art/music-fma-wa-0083.wav	music	fma-western-art	160.2612	16000
musan/music/fma-western-art/music-fma-wa-0084.wav	music	fma-western-art	223.8955	16000
musan/music/fma-western-art/music-fma-wa-0085.wav	music	fma-western-art	153.4694	16000
musan/music/fma-western-art/music-fma-wa-0086.wav	music	fma-western-art	99.3698	16000
musan/music/fma-western-art/music-fma-wa-0087.wav	music	fma-western-art	161.9853	16000
musan/music/fma-western-art/music-fma-wa-0088.wav	music	fma-western-art	59.0106	16000
musan/music/fma-western-art/music-fma-wa-0089.wav	music	fma-western-art	138.5274	16000
musan/music/fma-western-art/music-fma-wa-0090.wav	music	fma-western-art	169.2735	16000
musan/music/fma-western-art/music-fma-wa-0091.wav	music	fma-western-art	129.7502	16000
musan/music/fma-western-art/music-fma-wa-0092.wav	music	fma-western-art	154.2531	16000
musan/music/fma/music-fma-0000.wav	music	fma	297.9787	16000
musan/music/fma/music-fma-0001.wav	music	fma	218.0441	16000
musan/music/fma/music-fma-0002.wav	music	fma	249.5478	16000
musan/music/fma/music-fma-0003.wav	music	fma	324.7804	16000
musan/music/fma/music-fma-0004.wav	music	fma	322.2987	16000
musan/music/fma/music-fma-0005.wav	music	fma	302.4979	16000
musan/music/fma/music-fma-0006.wav	music	fma	284.6560	16000
musan/music/fma/music-fma-0007.wav	music	fma	283.4020	16000
musan/music/fma/music-fma-0008.wav	music	fma	182.3080	16000
musan/music/fma/music-fma-0009.wav	music	fma	360.0710	16000
musan/music/fma/music-fma-0010.wav	music	fma	145.6849	16000
musan/music/fma/music-fma-0011.wav	music	fma	147.8792	16000
musan/music/fma/music-fma-0012.wav	music	fma	170.0310	16000
musan/music/fma/music-fma-0013.wav	music	fma	277.2376	16000
musan/music/fma/music-fma-0014.wav	music	fma	318.3021	16000
musan/music/fma/music-fma-0015.wav	music	fma	304.1176	16000
musan/music/fma/music-fma-0016.wav	music	fma	308.7935	16000
musan/music/fma/music-fma-0017.wav	music	fma	175.2816	16000
musan/music/fma/music-fma-0018.wav	music	fma	224.5747	16000
musan/music/fma/music-fma-0019.wav	music	fma	238.3935	16000
musan/music/fma/music-fma-0020.wav	music	fma	220.9959	16000
musan/music/fma/music-fma-0021.wav	music	fma	252.3680	16000
musan/music/fma/music-fma-0022.wav	music	fma	207.6730	16000
musan/music/fma/music-fma-0023.wav	music	fma	227.8660	16000
musan/music/fma/music-fma-0024.wav	music	fma	238.3410	16000
musan/music/fma/music-fma-0025.wav	music	fma	166.7650	16000
musan/music/fma/music-fma-0026.wav	music	fma	330.5013	16000
musan/music/fma/music-fma-0027.wav	music	fma	235.3894	16000
musan/music/fma/music-fma-0028.wav	music	fma	279.3012	16000
musan/music/fma/music-fma-0029.wav	music	fma	270.0278	16000
musan/music/fma/music-fma-0030.wav	music	fma	176.0392	16000
musan/music/fma/music-fma-0031.wav	music	fma	216.0326	16000
musan/music/fma/music-fma-0032.wav	music	fma	159.2947	16000
musan/music/fma/music-fma-0033.wav	music	fma	148.8457	16000
musan/music/fma/music-fma-0034.wav	music	fma	302.3930	16000
musan/music/fma/music-fma-0035.wav	music	fma	196.6230	16000
musan/music/fma/music-fma-0036.wav	music	fma	284.3680	16000
musan/music/fma/music-fma-0037.wav	music	fma	293.9030	16000
musan/music/fma/music-fma-0038.wav	music	fma	327.2880	16000
musan/music/fma/music-fma-0039.wav	music	fma	268.9040	16000
musan/music/fma/music-fma-0040.wav	music	fma	100.0480	16000
musan/music/fma/music-fma-0041.wav	music	fma	164.2050	16000
musan/music/fma/music-fma-0042.wav	music	fma	286.9551	16000
musan/music/fma/music-fma-0043.wav	music	fma	232.0718	16000
musan/music/fma/music-fma-0044.wav	music	fma	248.7379	16000
musan/music/fma/music-fma-0045.wav	music	fma	207.1771	16000
musan/music/fma/music-fma-0046.wav	music	fma	252.1861	16000
musan/music/fma/music-fma-0047.wav	music	fma	166.8702	16000
musan/music/fma/music-fma-0048.wav	music	fma	180.5580	16000
musan/music/fma/music-fma-0049.wav	music	fma	232.4890	16000
musan/music/fma/music-fma-0050.wav	music	fma	187.3502	16000
musan/music/fma/music-fma-0051.wav	music	fma	256.1567	16000
musan/music/fma/music-fma-0052.wav	music	fma	139.4150	16000
musan/music/fma/music-fma-0053.wav	music	fma	240.1698	16000
musan/music/fma/music-fma-0054.wav	music	fma	279.1706	16000
musan/music/fma/music-fma-0055.wav	music	fma	266.7620	16000
musan/music/fma/music-fma-0056.wav	music	fma	338.5730	16000
musan/music/fma/music-fma-0057.wav	music	fma	218.3310	16000
musan/music/fma/music-fma-0058.wav	music	fma	153.3910	16000
musan/music/fma/music-fma-0059.wav	music	fma	152.9208	16000
musan/music/fma/music-fma-0060.wav	music	fma	133.4335	16000
musan/music/fma/music-fma-0061.wav	music	fma	155.5592	16000
musan/music/fma/music-fma-0062.wav	music	fma	161.2800	16000
musan/music/fma/music-fma-0063.wav	music	fma	241.6060	16000
musan/music/fma/music-fma-0064.wav	music	fma	202.5790	16000
musan/music/fma/music-fma-0065.wav	music	fma	235.5720	16000
musan/music/fma/music-fma-0066.wav	music	fma	164.4400	16000
musan/music/fma/music-fma-0067.wav	music	fma	277.0020	16000
musan/music/fma/music-fma-0068.wav	music	fma	251.1670	16000
musan/music/fma/music-fma-0069.wav	music	fma	225.5410	16000
musan/music/fma/music-fma-0070.wav	music	fma	236.0163	16000
musan/music/fma/music-fma-0071.wav	music	fma	246.2300	16000
musan/music/fma/music-fma-0072.wav	music	fma	130.6906	16000
musan/music/fma/music-fma-0073.wav	music	fma	229.2240	16000
musan/music/fma/music-fma-0074.wav	music	fma	346.9061	16000
musan/music/fma/music-fma-0075.wav	music	fma	304.7184	16000
musan/music/fma/music-fma-0076.wav	music	fma	235.9379	16000
musan/music/fma/music-fma-0077.wav	music	fma	256.9143	16000
musan/music/fma/music-fma-0078.wav	music	fma	299.3894	16000
musan/music/fma/music-fma-0079.wav	music	fma	222.5110	16000
musan/music/fma/music-fma-0080.wav	music	fma	216.0326	16000
musan/music/fma/music-fma-0081.wav	music	fma	282.0440	16000
musan/music/fma/music-fma-0082.wav	music	fma	74.0830	16000
musan/music/fma/music-fma-0083.wav	music	fma	259.0300	16000
musan/music/fma/music-fma-0084.wav	music	fma	260.0480	16000
musan/music/fma/music-fma-0085.wav	music	fma	78.5760	16000
musan/music/fma/music-fma-0086.wav	music	fma	299.7280	16000
musan/music/fma/music-fma-0087.wav	music	fma	160.4170	16000
musan/music/fma/music-fma-0088.wav	music	fma	167.8106	16000
musan/music/fma/music-fma-0089.wav	music	fma	186.5926	16000
musan/music/fma/music-fma-0090.wav	music	fma	229.6947	16000
musan/music/fma/music-fma-0091.wav	music	fma	240.7706	16000
musan/music/fma/music-fma-0092.wav	music	fma	257.3845	16000
musan/music/fma/music-fma-0093.wav	music	fma	218.4098	16000
musan/music/fma/music-fma-0094.wav	music	fma	272.0650	16000
musan/music/fma/music-fma-0095.wav	music	fma	202.1094	16000
musan/music/fma/music-fma-0096.wav	music	fma	204.2253	16000
musan/music/fma/music-fma-0097.wav	music	fma	242.2850	16000
musan/music/fma/music-fma-0098.wav	music	fma	201.5860	16000
musan/music/fma/music-fma-0099.wav	music	fma	170.9970	16000
musan/music/fma/music-fma-0100.wav	music	fma	48.0650	16000
musan/music/fma/music-fma-0101.wav	music	fma	262.5045	16000
musan/music/fma/music-fma-0102.wav	music	fma	212.0098	16000
musan/music/fma/music-fma-0103.wav	music	fma	160.9926	16000
musan/music/fma/music-fma-0104.wav	music	fma	198.0343	16000
musan/music/fma/music-fma-0105.wav	music	fma	203.7812	16000
musan/music/fma/music-fma-0106.wav	music	fma	199.3404	16000
musan/music/fma/music-fma-0107.wav	music	fma	185.6523	16000
musan/music/fma/music-fma-0108.wav	music	fma	176.5094	16000
musan/music/fma/music-fma-0109.wav	music	fma	232.8294	16000
musan/music/fma/music-fma-0110.wav	music	fma	225.9592	16000
musan/music/fma/music-fma-0111.wav	music	fma	238.6024	16000
musan/music/fma/music-fma-0112.wav	music	fma	229.6686	16000
musan/music/fma/music-fma-0113.wav	music	fma	177.2408	16000
musan/music/fma/music-fma-0114.wav	music	fma	206.7853	16000
musan/music/fma/music-fma-0115.wav	music	fma	166.1910	16000
musan/music/fma/music-fma-0116.wav	music	fma	83.0955	16000
musan/music/fma/music-fma-0117.wav	music	fma	121.8874	16000
musan/music/fma/music-fma-0118.wav	music	fma	170.1350	16000
musan/music/fma/music-fma-0119.wav	music	fma	702.5370	16000
musan/music/fma/music-fma-0120.wav	music	fma	500.5320	16000
musan/music/fma/music-fma-0121.wav	music	fma	655.1240	16000
musan/music/fma/music-fma-0122.wav	music	fma	440.9730	16000
musan/music/fma/music-fma-0123.wav	music	fma	521.9260	16000
musan/music/fma/music-fma-0124.wav	music	fma	225.1230	16000
musan/music/fma/music-fma-0125.wav	music	fma	148.0098	16000
musan/music/fma/music-fma-0126.wav	music	fma	260.0490	16000
musan/music/fma/music-fma-0127.wav	music	fma	226.8212	16000
musan/music/hd-classical/music-hd-0000.wav	music	hd-classical	207.9608	16000
musan/music/hd-classical/music-hd-0001.wav	music	hd-classical	190.0408	16000
musan/music/hd-classical/music-hd-0002.wav	music	hd-classical	284.5257	16000
musan/music/hd-classical/music-hd-0003.wav	music	hd-classical	160.0261	16000
musan/music/hd-classical/music-hd-0004.wav	music	hd-classical	99.6833	16000
musan/music/hd-classical/music-hd-0005.wav	music	hd-classical	96.3918	16000
musan/music/hd-classical/music-hd-0006.wav	music	hd-classical	157.2049	16000
musan/music/hd-classical/music-hd-0007.wav	music	hd-classical	86.2302	16000
musan/music/hd-classical/music-hd-0008.wav	music	hd-classical	102.7135	16000
musan/music/hd-classical/music-hd-0009.wav	music	hd-classical	353.0188	16000
musan/music/hd-classical/music-hd-0010.wav	music	hd-classical	251.7421	16000
musan/music/hd-classical/music-hd-0011.wav	music	hd-classical	330.9192	16000
musan/music/hd-classical/music-hd-0012.wav	music	hd-classical	250.2008	16000
musan/music/hd-classical/music-hd-0013.wav	music	hd-classical	261.7208	16000
musan/music/hd-classical/music-hd-0014.wav	music	hd-classical	281.4171	16000
musan/music/hd-classical/music-hd-0015.wav	music	hd-classical	369.2931	16000
musan/music/hd-classical/music-hd-0016.wav	music	hd-classical	465.9200	16000
musan/music/hd-classical/music-hd-0017.wav	music	hd-classical	134.8702	16000
musan/music/hd-classical/music-hd-0018.wav	music	hd-classical	128.9926	16000
musan/music/hd-classical/music-hd-0019.wav	music	hd-classical	163.5788	16000
musan/music/hd-classical/music-hd-0020.wav	music	hd-classical	280.8163	16000
musan/music/hd-classical/music-hd-0021.wav	music	hd-classical	193.7763	16000
musan/music/hd-classical/music-hd-0022.wav	music	hd-classical	166.4522	16000
musan/music/hd-classical/music-hd-0023.wav	music	hd-classical	674.9518	16000
musan/music/hd-classical/music-hd-0024.wav	music	hd-classical	465.7371	16000
musan/music/hd-classical/music-hd-0025.wav	music	hd-classical	465.7371	16000
musan/music/hd-classical/music-hd-0026.wav	music	hd-classical	434.2335	16000
musan/music/hd-classical/music-hd-0027.wav	music	hd-classical	760.6335	16000
musan/music/hd-classical/music-hd-0028.wav	music	hd-classical	674.1159	16000
musan/music/hd-classical/music-hd-0029.wav	music	hd-classical	379.1674	16000
musan/music/hd-classical/music-hd-0030.wav	music	hd-classical	667.6637	16000
musan/music/hd-classical/music-hd-0031.wav	music	hd-classical	295.9935	16000
musan/music/hd-classical/music-hd-0032.wav	music	hd-classical	363.7551	16000
musan/music/hd-classical/music-hd-0033.wav	music	hd-classical	803.7094	16000
musan/music/hd-classical/music-hd-0034.wav	music	hd-classical	981.6555	16000
musan/music/hd-classical/music-hd-0035.wav	music	hd-classical	630.9355	16000
musan/music/hd-classical/music-hd-0036.wav	music	hd-classical	568.4768	16000
musan/music/hd-classical/music-hd-0037.wav	music	hd-classical	657.9984	16000
musan/music/hd-classical/music-hd-0038.wav	music	hd-classical	533.9951	16000
musan/music/hd-classical/music-hd-0039.wav	music	hd-classical	187.0629	16000
musan/music/hd-classical/music-hd-0040.wav	music	hd-classical	117.8906	16000
musan/music/hd-classical/music-hd-0041.wav	music	hd-classical	181.3943	16000
musan/music/hd-classical/music-hd-0042.wav	music	hd-classical	70.3739	16000
musan/music/hd-classical/music-hd-0043.wav	music	hd-classical	86.7788	16000
musan/music/hd-classical/music-hd-0044.wav	music	hd-classical	159.1370	16000
musan/music/hd-classical/music-hd-0045.wav	music	hd-classical	68.1535	16000
musan/music/hd-classical/music-hd-0046.wav	music	hd-classical	218.6449	16000
musan/music/hd-classical/music-hd-0047.wav	music	hd-classical	262.5020	16000
musan/music/hd-classical/music-hd-0048.wav	music	hd-classical	345.1821	16000
musan/music/hd-classical/music-hd-0049.wav	music	hd-classical	176.2482	16000
musan/music/hd-classical/music-hd-0050.wav	music	hd-classical	304.2743	16000
musan/music/hd-classical/music-hd-0051.wav	music	hd-classical	368.1698	16000
musan/music/hd-classical/music-hd-0052.wav	music	hd-classical	339.9576	16000
musan/music/hd-classical/music-hd-0053.wav	music	hd-classical	126.1714	16000
musan/music/hd-classical/music-hd-0054.wav	music	hd-classical	414.2759	16000
musan/music/hd-classical/music-hd-0055.wav	music	hd-classical	124.4996	16000
musan/music/hd-classical/music-hd-0056.wav	music	hd-classical	176.0392	16000
musan/music/hd-classical/music-hd-0057.wav	music	hd-classical	93.5706	16000
musan/music/hd-classical/music-hd-0058.wav	music	hd-classical	195.4221	16000
musan/music/hd-classical/music-hd-0059.wav	music	hd-classical	243.5135	16000
musan/music/hd-classical/music-hd-0060.wav	music	hd-classical	305.3714	16000
musan/music/hd-classical/music-hd-0061.wav	music	hd-classical	221.1004	16000
musan/music/hd-classical/music-hd-0062.wav	music	hd-classical	156.3951	16000
musan/music/hd-classical/music-hd-0063.wav	music	hd-classical	272.2221	16000
musan/music/hd-classical/music-hd-0064.wav	music	hd-classical	251.8726	16000
musan/music/hd-classical/music-hd-0065.wav	music	hd-classical	86.7004	16000
musan/music/hd-classical/music-hd-0066.wav	music	hd-classical	105.6131	16000
musan/music/hd-classical/music-hd-0067.wav	music	hd-classical	89.7829	16000
musan/music/hd-classical/music-hd-0068.wav	music	hd-classical	79.4906	16000
musan/music/hd-classical/music-hd-0069.wav	music	hd-classical	143.3077	16000
musan/music/hd-classical/music-hd-0070.wav	music	hd-classical	90.2269	16000
musan/music/hd-classical/music-hd-0071.wav	music	hd-classical	192.7576	16000
musan/music/hd-classical/music-hd-0072.wav	music	hd-classical	139.6506	16000
musan/music/hd-classical/music-hd-0073.wav	music	hd-classical	144.6661	16000
musan/music/hd-classical/music-hd-0074.wav	music	hd-classical	357.9037	16000
musan/music/jamendo/music-jamendo-0000.wav	music	jamendo	471.8490	16000
musan/music/jamendo/music-jamendo-0001.wav	music	jamendo	307.1730	16000
musan/music/jamendo/music-jamendo-0002.wav	music	jamendo	354.5600	16000
musan/music/jamendo/music-jamendo-0003.wav	music	jamendo	165.1720	16000
musan/music/jamendo/music-jamendo-0004.wav	music	jamendo	376.8160	16000
musan/music/jamendo/music-jamendo-0005.wav	music	jamendo	294.6080	16000
musan/music/jamendo/music-jamendo-0006.wav	music	jamendo	422.3730	16000
musan/music/jamendo/music-jamendo-0007.wav	music	jamendo	371.6960	16000
musan/music/jamendo/music-jamendo-0008.wav	music	jamendo	409.5730	16000
musan/music/jamendo/music-jamendo-0009.wav	music	jamendo	178.4940	16000
musan/music/jamendo/music-jamendo-0010.wav	music	jamendo	176.7960	16000
musan/music/jamendo/music-jamendo-0011.wav	music	jamendo	191.6080	16000
musan/music/jamendo/music-jamendo-0012.wav	music	jamendo	177.6060	16000
musan/music/jamendo/music-jamendo-0013.wav	music	jamendo	204.6950	16000
musan/music/jamendo/music-jamendo-0014.wav	music	jamendo	197.1980	16000
musan/music/jamendo/music-jamendo-0015.wav	music	jamendo	174.6540	16000
musan/music/jamendo/music-jamendo-0016.wav	music	jamendo	200.4370	16000
musan/music/jamendo/music-jamendo-0017.wav	music	jamendo	168.9070	16000
musan/music/jamendo/music-jamendo-0018.wav	music	jamendo	339.5910	16000
musan/music/jamendo/music-jamendo-0019.wav	music	jamendo	460.1730	16000
musan/music/jamendo/music-jamendo-0020.wav	music	jamendo	360.1500	16000
musan/music/jamendo/music-jamendo-0021.wav	music	jamendo	248.5020	16000
musan/music/jamendo/music-jamendo-0022.wav	music	jamendo	350.0930	16000
musan/music/jamendo/music-jamendo-0023.wav	music	jamendo	301.1130	16000
musan/music/jamendo/music-jamendo-0024.wav	music	jamendo	48.0390	16000
musan/music/jamendo/music-jamendo-0025.wav	music	jamendo	230.7390	16000
musan/music/jamendo/music-jamendo-0026.wav	music	jamendo	204.6950	16000
musan/music/jamendo/music-jamendo-0027.wav	music	jamendo	201.2470	16000
musan/music/jamendo/music-jamendo-0028.wav	music	jamendo	279.0920	16000
musan/music/jamendo/music-jamendo-0029.wav	music	jamendo	190.6670	16000
musan/music/jamendo/music-jamendo-0030.wav	music	jamendo	150.6480	16000
musan/music/jamendo/music-jamendo-0031.wav	music	jamendo	286.7980	16000
musan/music/jamendo/music-jamendo-0032.wav	music	jamendo	191.2940	16000
musan/music/jamendo/music-jamendo-0033.wav	music	jamendo	248.0060	16000
musan/music/jamendo/music-jamendo-0034.wav	music	jamendo	264.6720	16000
musan/music/jamendo/music-jamendo-0035.wav	music	jamendo	236.3550	16000
musan/music/jamendo/music-jamendo-0036.wav	music	jamendo	228.8320	16000
musan/music/jamendo/music-jamendo-0037.wav	music	jamendo	206.0010	16000
musan/music/jamendo/music-jamendo-0038.wav	music	jamendo	173.8440	16000
musan/music/jamendo/music-jamendo-0039.wav	music	jamendo	320.0520	16000
musan/music/jamendo/music-jamendo-0040.wav	music	jamendo	289.8540	16000
musan/music/jamendo/music-jamendo-0041.wav	music	jamendo	199.0790	16000
musan/music/jamendo/music-jamendo-0042.wav	music	jamendo	306.5460	16000
musan/music/jamendo/music-jamendo-0043.wav	music	jamendo	304.6920	16000
musan/music/jamendo/music-jamendo-0044.wav	music	jamendo	238.0270	16000
musan/music/jamendo/music-jamendo-0045.wav	music	jamendo	263.2880	16000
musan/music/jamendo/music-jamendo-0046.wav	music	jamendo	288.8090	16000
musan/music/jamendo/music-jamendo-0047.wav	music	jamendo	284.4730	16000
musan/music/jamendo/music-jamendo-0048.wav	music	jamendo	312.9200	16000
musan/music/jamendo/music-jamendo-0049.wav	music	jamendo	312.9200	16000
musan/music/jamendo/music-jamendo-0050.wav	music	jamendo	341.3680	16000
musan/music/jamendo/music-jamendo-0051.wav	music	jamendo	256.0260	16000
musan/music/jamendo/music-jamendo-0052.wav	music	jamendo	227.6040	16000
musan/music/jamendo/music-jamendo-0053.wav	music	jamendo	270.2620	16000
musan/music/jamendo/music-jamendo-0054.wav	music	jamendo	341.3680	16000
musan/music/jamendo/music-jamendo-0055.wav	music	jamendo	312.9200	16000
musan/music/jamendo/music-jamendo-0056.wav	music	jamendo	411.0880	16000
musan/music/jamendo/music-jamendo-0057.wav	music	jamendo	239.4120	16000
musan/music/jamendo/music-jamendo-0058.wav	music	jamendo	200.6460	16000
musan/music/jamendo/music-jamendo-0059.wav	music	jamendo	236.6430	16000
musan/music/jamendo/music-jamendo-0060.wav	music	jamendo	367.9600	16000
musan/music/jamendo/music-jamendo-0061.wav	music	jamendo	252.0030	16000
musan/music/jamendo/music-jamendo-0062.wav	music	jamendo	147.9830	16000
musan/music/jamendo/music-jamendo-0063.wav	music	jamendo	81.8670	16000
musan/music/jamendo/music-jamendo-0064.wav	music	jamendo	205.4260	16000
musan/music/jamendo/music-jamendo-0065.wav	music	jamendo	217.6520	16000
musan/music/jamendo/music-jamendo-0066.wav	music	jamendo	209.2930	16000
musan/music/jamendo/music-jamendo-0067.wav	music	jamendo	239.0720	16000
musan/music/jamendo/music-jamendo-0068.wav	music	jamendo	239.0720	16000
musan/music/jamendo/music-jamendo-0069.wav	music	jamendo	274.2330	16000
musan/music/jamendo/music-jamendo-0070.wav	music	jamendo	318.6930	16000
musan/music/jamendo/music-jamendo-0071.wav	music	jamendo	213.3150	16000
musan/music/jamendo/music-jamendo-0072.wav	music	jamendo	256.5480	16000
musan/music/jamendo/music-jamendo-0073.wav	music	jamendo	195.1600	16000
musan/music/jamendo/music-jamendo-0074.wav	music	jamendo	204.0420	16000
musan/music/jamendo/music-jamendo-0075.wav	music	jamendo	169.7170	16000
musan/music/jamendo/music-jamendo-0076.wav	music	jamendo	244.0620	16000
musan/music/jamendo/music-jamendo-0077.wav	music	jamendo	231.4440	16000
musan/music/jamendo/music-jamendo-0078.wav	music	jamendo	210.5730	16000
musan/music/jamendo/music-jamendo-0079.wav	music	jamendo	181.4200	16000
musan/music/jamendo/music-jamendo-0080.wav	music	jamendo	209.6320	16000
musan/music/jamendo/music-jamendo-0081.wav	music	jamendo	218.8010	16000
musan/music/jamendo/music-jamendo-0082.wav	music	jamendo	198.6610	16000
musan/music/jamendo/music-jamendo-0083.wav	music	jamendo	209.5280	16000
musan/music/jamendo/music-jamendo-0084.wav	music	jamendo	115.2520	16000
musan/music/jamendo/music-jamendo-0085.wav	music	jamendo	184.2150	16000
musan/music/jamendo/music-jamendo-0086.wav	music	jamendo	87.5880	16000
musan/music/jamendo/music-jamendo-0087.wav	music	jamendo	293.9550	16000
musan/music/jamendo/music-jamendo-0088.wav	music	jamendo	200.0190	16000
musan/music/jamendo/music-jamendo-0089.wav	music	jamendo	260.0480	16000
musan/music/jamendo/music-jamendo-0090.wav	music	jamendo	309.8900	16000
musan/music/jamendo/music-jamendo-0091.wav	music	jamendo	334.1840	16000
musan/music/jamendo/music-jamendo-0092.wav	music	jamendo	189.9100	16000
musan/music/jamendo/music-jamendo-0093.wav	music	jamendo	300.0420	16000
musan/music/jamendo/music-jamendo-0094.wav	music	jamendo	300.0420	16000
musan/music/jamendo/music-jamendo-0095.wav	music	jamendo	176.0650	16000
musan/music/jamendo/music-jamendo-0096.wav	music	jamendo	222.3280	16000
musan/music/jamendo/music-jamendo-0097.wav	music	jamendo	235.7550	16000
musan/music/jamendo/music-jamendo-0098.wav	music	jamendo	212.1140	16000
musan/music/jamendo/music-jamendo-0099.wav	music	jamendo	114.0760	16000
musan/music/jamendo/music-jamendo-0100.wav	music	jamendo	259.8660	16000
musan/music/jamendo/music-jamendo-0101.wav	music	jamendo	64.8350	16000
musan/music/jamendo/music-jamendo-0102.wav	music	jamendo	214.0990	16000
musan/music/jamendo/music-jamendo-0103.wav	music	jamendo	169.2730	16000
musan/music/jamendo/music-jamendo-0104.wav	music	jamendo	191.8950	16000
musan/music/jamendo/music-jamendo-0105.wav	music	jamendo	122.3830	16000
musan/music/jamendo/music-jamendo-0106.wav	music	jamendo	230.5820	16000
musan/music/jamendo/music-jamendo-0107.wav	music	jamendo	364.8780	16000
musan/music/jamendo/music-jamendo-0108.wav	music	jamendo	340.0090	16000
musan/music/jamendo/music-jamendo-0109.wav	music	jamendo	363.0230	16000
musan/music/jamendo/music-jamendo-0110.wav	music	jamendo	309.3940	16000
musan/music/jamendo/music-jamendo-0111.wav	music	jamendo	229.0930	16000
musan/music/jamendo/music-jamendo-0112.wav	music	jamendo	140.8780	16000
musan/music/jamendo/music-jamendo-0113.wav	music	jamendo	252.2120	16000
musan/music/jamendo/music-jamendo-0114.wav	music	jamendo	173.5310	16000
musan/music/jamendo/music-jamendo-0115.wav	music	jamendo	213.4720	16000
musan/music/jamendo/music-jamendo-0116.wav	music	jamendo	245.1590	16000
musan/music/jamendo/music-jamendo-0117.wav	music	jamendo	267.9110	16000
musan/music/jamendo/music-jamendo-0118.wav	music	jamendo	126.2490	16000
musan/music/jamendo/music-jamendo-0119.wav	music	jamendo	186.9840	16000
musan/music/jamendo/music-jamendo-0120.wav	music	jamendo	284.7080	16000
musan/music/jamendo/music-jamendo-0121.wav	music	jamendo	295.4180	16000
musan/music/jamendo/music-jamendo-0122.wav	music	jamendo	219.9770	16000
musan/music/jamendo/music-jamendo-0123.wav	music	jamendo	208.0130	16000
musan/music/jamendo/music-jamendo-0124.wav	music	jamendo	220.6040	16000
musan/music/jamendo/music-jamendo-0125.wav	music	jamendo	204.0940	16000
musan/music/jamendo/music-jamendo-0126.wav	music	jamendo	220.5250	16000
musan/music/jamendo/music-jamendo-0127.wav	music	jamendo	204.9820	16000
musan/music/jamendo/music-jamendo-0128.wav	music	jamendo	205.6620	16000
musan/music/jamendo/music-jamendo-0129.wav	music	jamendo	106.9190	16000
musan/music/jamendo/music-jamendo-0130.wav	music	jamendo	218.0700	16000
musan/music/jamendo/music-jamendo-0131.wav	music	jamendo	208.0650	16000
musan/music/jamendo/music-jamendo-0132.wav	music	jamendo	132.0480	16000
musan/music/jamendo/music-jamendo-0133.wav	music	jamendo	244.0880	16000
musan/music/jamendo/music-jamendo-0134.wav	music	jamendo	317.9620	16000
musan/music/jamendo/music-jamendo-0135.wav	music	jamendo	263.9410	16000
musan/music/jamendo/music-jamendo-0136.wav	music	jamendo	229.9820	16000
musan/music/jamendo/music-jamendo-0137.wav	music	jamendo	230.3210	16000
musan/music/jamendo/music-jamendo-0138.wav	music	jamendo	250.3830	16000
musan/music/jamendo/music-jamendo-0139.wav	music	jamendo	232.4630	16000
musan/music/jamendo/music-jamendo-0140.wav	music	jamendo	243.4610	16000
musan/music/jamendo/music-jamendo-0141.wav	music	jamendo	212.0620	16000
musan/music/jamendo/music-jamendo-0142.wav	music	jamendo	170.5010	16000
musan/music/jamendo/music-jamendo-0143.wav	music	jamendo	248.3980	16000
musan/music/jamendo/music-jamendo-0144.wav	music	jamendo	174.1320	16000
musan/music/jamendo/music-jamendo-0145.wav	music	jamendo	209.8150	16000
musan/music/jamendo/music-jamendo-0146.wav	music	jamendo	168.6720	16000
musan/music/jamendo/music-jamendo-0147.wav	music	jamendo	74.5790	16000
musan/music/jamendo/music-jamendo-0148.wav	music	jamendo	124.0290	16000
musan/music/jamendo/music-jamendo-0149.wav	music	jamendo	80.9790	16000
musan/music/jamendo/music-jamendo-0150.wav	music	jamendo	202.0310	16000
musan/music/jamendo/music-jamendo-0151.wav	music	jamendo	41.0120	16000
musan/music/jamendo/music-jamendo-0152.wav	music	jamendo	282.3050	16000
musan/music/jamendo/music-jamendo-0153.wav	music	jamendo	230.5820	16000
musan/music/jamendo/music-jamendo-0154.wav	music	jamendo	232.0710	16000
musan/music/jamendo/music-jamendo-0155.wav	music	jamendo	270.0530	16000
musan/music/jamendo/music-jamendo-0156.wav	music	jamendo	364.8780	16000
musan/music/jamendo/music-jamendo-0157.wav	music	jamendo	275.5390	16000
musan/music/jamendo/music-jamendo-0158.wav	music	jamendo	293.7200	16000
musan/music/jamendo/music-jamendo-0159.wav	music	jamendo	316.6300	16000
musan/music/jamendo/music-jamendo-0160.wav	music	jamendo	260.9630	16000
musan/music/jamendo/music-jamendo-0161.wav	music	jamendo	215.0660	16000
musan/music/jamendo/music-jamendo-0162.wav	music	jamendo	228.8320	16000
musan/music/jamendo/music-jamendo-0163.wav	music	jamendo	266.6310	16000
musan/music/jamendo/music-jamendo-0164.wav	music	jamendo	229.9030	16000
musan/music/jamendo/music-jamendo-0165.wav	music	jamendo	222.7460	16000
musan/music/jamendo/music-jamendo-0166.wav	music	jamendo	249.6520	16000
musan/music/jamendo/music-jamendo-0167.wav	music	jamendo	267.4930	16000
musan/music/jamendo/music-jamendo-0168.wav	music	jamendo	244.4530	16000
musan/music/jamendo/music-jamendo-0169.wav	music	jamendo	266.9450	16000
musan/music/jamendo/music-jamendo-0170.wav	music	jamendo	212.6620	16000
musan/music/jamendo/music-jamendo-0171.wav	music	jamendo	231.7840	16000
musan/music/jamendo/music-jamendo-0172.wav	music	jamendo	258.2200	16000
musan/music/jamendo/music-jamendo-0173.wav	music	jamendo	224.5220	16000
musan/music/jamendo/music-jamendo-0174.wav	music	jamendo	316.9430	16000
musan/music/jamendo/music-jamendo-0175.wav	music	jamendo	256.4960	16000
musan/music/jamendo/music-jamendo-0176.wav	music	jamendo	229.9820	16000
musan/music/jamendo/music-jamendo-0177.wav	music	jamendo	206.3670	16000
musan/music/jamendo/music-jamendo-0178.wav	music	jamendo	202.9970	16000
musan/music/jamendo/music-jamendo-0179.wav	music	jamendo	240.0650	16000
musan/music/jamendo/music-jamendo-0180.wav	music	jamendo	209.2140	16000
musan/music/jamendo/music-jamendo-0181.wav	music	jamendo	251.8720	16000
musan/music/jamendo/music-jamendo-0182.wav	music	jamendo	271.1240	16000
musan/music/jamendo/music-jamendo-0183.wav	music	jamendo	249.7820	16000
musan/music/jamendo/music-jamendo-0184.wav	music	jamendo	248.9460	16000
musan/music/jamendo/music-jamendo-0185.wav	music	jamendo	233.3250	16000
musan/music/jamendo/music-jamendo-0186.wav	music	jamendo	255.9730	16000
musan/music/jamendo/music-jamendo-0187.wav	music	jamendo	341.5510	16000
musan/music/jamendo/music-jamendo-0188.wav	music	jamendo	319.7120	16000
musan/music/jamendo/music-jamendo-0189.wav	music	jamendo	347.8460	16000
musan/music/jamendo/music-jamendo-0190.wav	music	jamendo	320.0000	16000
musan/music/jamendo/music-jamendo-0191.wav	music	jamendo	155.1930	16000
musan/music/jamendo/music-jamendo-0192.wav	music	jamendo	633.9910	16000
musan/music/jamendo/music-jamendo-0193.wav	music	jamendo	168.7240	16000
musan/music/jamendo/music-jamendo-0194.wav	music	jamendo	240.1690	16000
musan/music/jamendo/music-jamendo-0195.wav	music	jamendo	183.9020	16000
musan/music/jamendo/music-jamendo-0196.wav	music	jamendo	240.1170	16000
musan/music/jamendo/music-jamendo-0197.wav	music	jamendo	206.7330	16000
musan/music/jamendo/music-jamendo-0198.wav	music	jamendo	225.3580	16000
musan/music/jamendo/music-jamendo-0199.wav	music	jamendo	188.0550	16000
musan/music/jamendo/music-jamendo-0200.wav	music	jamendo	208.4040	16000
musan/music/jamendo/music-jamendo-0201.wav	music	jamendo	273.1100	16000
musan/music/jamendo/music-jamendo-0202.wav	music	jamendo	209.2140	16000
musan/music/jamendo/music-jamendo-0203.wav	music	jamendo	309.7600	16000
musan/music/jamendo/music-jamendo-0204.wav	music	jamendo	315.9510	16000
musan/music/jamendo/music-jamendo-0205.wav	music	jamendo	365.8970	16000
musan/music/jamendo/music-jamendo-0206.wav	music	jamendo	148.0620	16000
musan/music/jamendo/music-jamendo-0207.wav	music	jamendo	309.9950	16000
musan/music/jamendo/music-jamendo-0208.wav	music	jamendo	357.6420	16000
musan/music/jamendo/music-jamendo-0209.wav	music	jamendo	229.9290	16000
musan/music/jamendo/music-jamendo-0210.wav	music	jamendo	152.5810	16000
musan/music/jamendo/music-jamendo-0211.wav	music	jamendo	302.0270	16000
musan/music/jamendo/music-jamendo-0212.wav	music	jamendo	233.1680	16000
musan/music/jamendo/music-jamendo-0213.wav	music	jamendo	201.6390	16000
musan/music/jamendo/music-jamendo-0214.wav	music	jamendo	185.8080	16000
musan/music/jamendo/music-jamendo-0215.wav	music	jamendo	121.0510	16000
musan/music/jamendo/music-jamendo-0216.wav	music	jamendo	145.2930	16000
musan/music/rfm/music-rfm-0000.wav	music	rfm	171.9840	16000
musan/music/rfm/music-rfm-0001.wav	music	rfm	307.6441	16000
musan/music/rfm/music-rfm-0002.wav	music	rfm	150.8833	16000
musan/music/rfm/music-rfm-0003.wav	music	rfm	46.3151	16000
musan/music/rfm/music-rfm-0004.wav	music	rfm	216.8160	16000
musan/music/rfm/music-rfm-0005.wav	music	rfm	255.2686	16000
musan/music/rfm/music-rfm-0006.wav	music	rfm	228.3886	16000
musan/music/rfm/music-rfm-0007.wav	music	rfm	106.1355	16000
musan/music/rfm/music-rfm-0008.wav	music	rfm	169.0906	16000
musan/music/rfm/music-rfm-0009.wav	music	rfm	161.5200	16000
musan/music/rfm/music-rfm-0010.wav	music	rfm	52.3200	16000
musan/music/rfm/music-rfm-0011.wav	music	rfm	156.0555	16000
musan/music/rfm/music-rfm-0012.wav	music	rfm	230.9224	16000
musan/music/rfm/music-rfm-0013.wav	music	rfm	149.0808	16000
musan/music/rfm/music-rfm-0014.wav	music	rfm	197.5680	16000
musan/music/rfm/music-rfm-0015.wav	music	rfm	204.0424	16000
musan/music/rfm/music-rfm-0016.wav	music	rfm	218.2269	16000
musan/music/rfm/music-rfm-0017.wav	music	rfm	247.7760	16000
musan/music/rfm/music-rfm-0018.wav	music	rfm	188.6041	16000
musan/music/rfm/music-rfm-0019.wav	music	rfm	231.2359	16000
musan/music/rfm/music-rfm-0020.wav	music	rfm	145.6587	16000
musan/music/rfm/music-rfm-0021.wav	music	rfm	288.2840	16000
musan/music/rfm/music-rfm-0022.wav	music	rfm	76.5910	16000
musan/music/rfm/music-rfm-0023.wav	music	rfm	136.5943	16000
musan/music/rfm/music-rfm-0024.wav	music	rfm	218.3576	16000
musan/music/rfm/music-rfm-0025.wav	music	rfm	53.9168	16000
musan/music/rfm/music-rfm-0026.wav	music	rfm	194.1682	16000
musan/music/rfm/music-rfm-0027.wav	music	rfm	222.3282	16000
musan/music/rfm/music-rfm-0028.wav	music	rfm	214.8049	16000
musan/music/rfm/music-rfm-0029.wav	music	rfm	220.3951	16000
musan/music/rfm/music-rfm-0030.wav	music	rfm	200.0718	16000
musan/music/rfm/music-rfm-0031.wav	music	rfm	146.8082	16000
musan/music/rfm/music-rfm-0032.wav	music	rfm	221.2833	16000
musan/music/rfm/music-rfm-0033.wav	music	rfm	142.7069	16000
musan/music/rfm/music-rfm-0034.wav	music	rfm	177.4320	16000
musan/music/rfm/music-rfm-0035.wav	music	rfm	120.0326	16000
musan/music/rfm/music-rfm-0036.wav	music	rfm	244.1520	16000
musan/music/rfm/music-rfm-0037.wav	music	rfm	234.8931	16000
musan/music/rfm/music-rfm-0038.wav	music	rfm	365.6621	16000
musan/music/rfm/music-rfm-0039.wav	music	rfm	170.9453	16000
musan/music/rfm/music-rfm-0040.wav	music	rfm	166.0343	16000
musan/music/rfm/music-rfm-0041.wav	music	rfm	187.1935	16000
musan/music/rfm/music-rfm-0042.wav	music	rfm	245.5249	16000
musan/music/rfm/music-rfm-0043.wav	music	rfm	145.4498	16000
musan/music/rfm/music-rfm-0044.wav	music	rfm	210.0506	16000
musan/music/rfm/music-rfm-0045.wav	music	rfm	181.8123	16000
musan/music/rfm/music-rfm-0046.wav	music	rfm	225.3845	16000
musan/music/rfm/music-rfm-0047.wav	music	rfm	277.7600	16000
musan/music/rfm/music-rfm-0048.wav	music	rfm	139.4400	16000
musan/music/rfm/music-rfm-0049.wav	music	rfm	268.2776	16000
musan/music/rfm/music-rfm-0050.wav	music	rfm	212.8979	16000
musan/music/rfm/music-rfm-0051.wav	music	rfm	205.7404	16000
musan/music/rfm/music-rfm-0052.wav	music	rfm	142.4400	16000
musan/music/rfm/music-rfm-0053.wav	music	rfm	301.9755	16000
musan/music/rfm/music-rfm-0054.wav	music	rfm	250.6971	16000
musan/music/rfm/music-rfm-0055.wav	music	rfm	175.9347	16000
musan/music/rfm/music-rfm-0056.wav	music	rfm	50.0400	16000
musan/music/rfm/music-rfm-0057.wav	music	rfm	190.0408	16000
musan/music/rfm/music-rfm-0058.wav	music	rfm	120.5290	16000
musan/music/rfm/music-rfm-0059.wav	music	rfm	283.4547	16000
musan/music/rfm/music-rfm-0060.wav	music	rfm	142.3200	16000
musan/music/rfm/music-rfm-0061.wav	music	rfm	188.0294	16000
musan/music/rfm/music-rfm-0062.wav	music	rfm	166.9486	16000
musan/music/rfm/music-rfm-0063.wav	music	rfm	55.0400	16000
musan/music/rfm/music-rfm-0064.wav	music	rfm	193.8000	16000
musan/music/rfm/music-rfm-0065.wav	music	rfm	118.3869	16000
musan/music/rfm/music-rfm-0066.wav	music	rfm	62.6416	16000
musan/music/rfm/music-rfm-0067.wav	music	rfm	204.0424	16000
musan/music/rfm/music-rfm-0068.wav	music	rfm	241.8939	16000
musan/music/rfm/music-rfm-0069.wav	music	rfm	200.7510	16000
musan/music/rfm/music-rfm-0070.wav	music	rfm	186.1486	16000
musan/music/rfm/music-rfm-0071.wav	music	rfm	200.6987	16000
musan/music/rfm/music-rfm-0072.wav	music	rfm	218.9845	16000
musan/music/rfm/music-rfm-0073.wav	music	rfm	379.8204	16000
musan/music/rfm/music-rfm-0074.wav	music	rfm	165.1984	16000
musan/music/rfm/music-rfm-0075.wav	music	rfm	254.6939	16000
musan/music/rfm/music-rfm-0076.wav	music	rfm	274.3379	16000
musan/music/rfm/music-rfm-0077.wav	music	rfm	166.0604	16000
musan/music/rfm/music-rfm-0078.wav	music	rfm	166.7135	16000
musan/music/rfm/music-rfm-0079.wav	music	rfm	53.3682	16000
musan/music/rfm/music-rfm-0080.wav	music	rfm	203.6400	16000
musan/music/rfm/music-rfm-0081.wav	music	rfm	410.5404	16000
musan/music/rfm/music-rfm-0082.wav	music	rfm	237.3747	16000
musan/music/rfm/music-rfm-0083.wav	music	rfm	237.7926	16000
musan/music/rfm/music-rfm-0084.wav	music	rfm	69.2245	16000
musan/music/rfm/music-rfm-0085.wav	music	rfm	176.8751	16000
musan/music/rfm/music-rfm-0086.wav	music	rfm	167.2080	16000
musan/music/rfm/music-rfm-0087.wav	music	rfm	145.7632	16000
musan/music/rfm/music-rfm-0088.wav	music	rfm	169.0800	16000
musan/music/rfm/music-rfm-0089.wav	music	rfm	153.4433	16000
musan/music/rfm/music-rfm-0090.wav	music	rfm	186.3314	16000
musan/music/rfm/music-rfm-0091.wav	music	rfm	161.7241	16000
musan/music/rfm/music-rfm-0092.wav	music	rfm	159.0857	16000
musan/music/rfm/music-rfm-0093.wav	music	rfm	161.5935	16000
musan/music/rfm/music-rfm-0094.wav	music	rfm	161.5412	16000
musan/music/rfm/music-rfm-0095.wav	music	rfm	168.5421	16000
musan/music/rfm/music-rfm-0096.wav	music	rfm	65.0449	16000
musan/music/rfm/music-rfm-0097.wav	music	rfm	155.6114	16000
musan/music/rfm/music-rfm-0098.wav	music	rfm	235.9118	16000
musan/music/rfm/music-rfm-0099.wav	music	rfm	115.5918	16000
musan/music/rfm/music-rfm-0100.wav	music	rfm	255.6343	16000
musan/music/rfm/music-rfm-0101.wav	music	rfm	13.2963	16000
musan/music/rfm/music-rfm-0102.wav	music	rfm	200.8555	16000
musan/music/rfm/music-rfm-0103.wav	music	rfm	117.6555	16000
musan/music/rfm/music-rfm-0104.wav	music	rfm	216.9208	16000
musan/music/rfm/music-rfm-0105.wav	music	rfm	219.4547	16000
musan/music/rfm/music-rfm-0106.wav	music	rfm	206.1840	16000
musan/music/rfm/music-rfm-0107.wav	music	rfm	203.8596	16000
musan/music/rfm/music-rfm-0108.wav	music	rfm	333.3120	16000
musan/music/rfm/music-rfm-0109.wav	music	rfm	146.9387	16000
musan/music/rfm/music-rfm-0110.wav	music	rfm	99.3437	16000
musan/music/rfm/music-rfm-0111.wav	music	rfm	139.4416	16000
musan/music/rfm/music-rfm-0112.wav	music	rfm	130.7429	16000
musan/music/rfm/music-rfm-0113.wav	music	rfm	204.6955	16000
musan/music/rfm/music-rfm-0114.wav	music	rfm	177.6326	16000
musan/music/rfm/music-rfm-0115.wav	music	rfm	411.9249	16000
musan/music/rfm/music-rfm-0116.wav	music	rfm	222.6416	16000
musan/music/rfm/music-rfm-0117.wav	music	rfm	215.3274	16000
musan/music/rfm/music-rfm-0118.wav	music	rfm	157.5706	16000
musan/music/rfm/music-rfm-0119.wav	music	rfm	74.5274	16000
musan/music/rfm/music-rfm-0120.wav	music	rfm	228.7543	16000
musan/music/rfm/music-rfm-0121.wav	music	rfm	166.4784	16000
musan/music/rfm/music-rfm-0122.wav	music	rfm	101.0939	16000
musan/music/rfm/music-rfm-0123.wav	music	rfm	654.0277	16000
musan/music/rfm/music-rfm-0124.wav	music	rfm	208.0914	16000
musan/music/rfm/music-rfm-0125.wav	music	rfm	344.4767	16000
musan/music/rfm/music-rfm-0126.wav	music	rfm	134.3477	16000
musan/music/rfm/music-rfm-0127.wav	music	rfm	200.0457	16000
musan/music/rfm/music-rfm-0128.wav	music	rfm	24.6480	16000
musan/music/rfm/music-rfm-0129.wav	music	rfm	224.6160	16000
musan/music/rfm/music-rfm-0130.wav	music	rfm	241.9680	16000
musan/music/rfm/music-rfm-0131.wav	music	rfm	76.4082	16000
musan/music/rfm/music-rfm-0132.wav	music	rfm	172.5387	16000
musan/music/rfm/music-rfm-0133.wav	music	rfm	284.5518	16000
musan/music/rfm/music-rfm-0134.wav	music	rfm	987.0367	16000
musan/music/rfm/music-rfm-0135.wav	music	rfm	260.1796	16000
musan/music/rfm/music-rfm-0136.wav	music	rfm	187.1674	16000
musan/music/rfm/music-rfm-0137.wav	music	rfm	316.8392	16000
musan/music/rfm/music-rfm-0138.wav	music	rfm	309.0286	16000
musan/music/rfm/music-rfm-0139.wav	music	rfm	51.8880	16000
musan/music/rfm/music-rfm-0140.wav	music	rfm	61.4139	16000
musan/music/rfm/music-rfm-0141.wav	music	rfm	213.3600	16000
musan/music/rfm/music-rfm-0142.wav	music	rfm	80.2743	16000
musan/music/rfm/music-rfm-0143.wav	music	rfm	282.6960	16000
musan/music/rfm/music-rfm-0144.wav	music	rfm	195.3600	16000
musan/music/rfm/music-rfm-0145.wav	music	rfm	142.0277	16000
musan/music/rfm/music-rfm-0146.wav	music	rfm	117.5771	16000
musan/noise/free-sound/noise-free-sound-0000.wav	noise	free-sound	17.6588	16000
musan/noise/free-sound/noise-free-sound-0001.wav	noise	free-sound	40.5365	16000
musan/noise/free-sound/noise-free-sound-0002.wav	noise	free-sound	71.2175	16000
musan/noise/free-sound/noise-free-sound-0003.wav	noise	free-sound	14.2358	16000
musan/noise/free-sound/noise-free-sound-0004.wav	noise	free-sound	2.9865	16000
musan/noise/free-sound/noise-free-sound-0005.wav	noise	free-sound	21.1853	16000
musan/noise/free-sound/noise-free-sound-0006.wav	noise	free-sound	7.7702	16000
musan/noise/free-sound/noise-free-sound-0007.wav	noise	free-sound	16.6139	16000
musan/noise/free-sound/noise-free-sound-0008.wav	noise	free-sound	20.8051	16000
musan/noise/free-sound/noise-free-sound-0009.wav	noise	free-sound	8.3867	16000
musan/noise/free-sound/noise-free-sound-0010.wav	noise	free-sound	8.2416	16000
musan/noise/free-sound/noise-free-sound-0011.wav	noise	free-sound	34.8502	16000
musan/noise/free-sound/noise-free-sound-0012.wav	noise	free-sound	32.1562	16000
musan/noise/free-sound/noise-free-sound-0013.wav	noise	free-sound	1.5445	16000
musan/noise/free-sound/noise-free-sound-0014.wav	noise	free-sound	3.4159	16000
musan/noise/free-sound/noise-free-sound-0015.wav	noise	free-sound	91.2449	16000
musan/noise/free-sound/noise-free-sound-0016.wav	noise	free-sound	4.0000	16000
musan/noise/free-sound/noise-free-sound-0017.wav	noise	free-sound	7.8773	16000
musan/noise/free-sound/noise-free-sound-0018.wav	noise	free-sound	14.5763	16000
musan/noise/free-sound/noise-free-sound-0019.wav	noise	free-sound	11.5578	16000
musan/noise/free-sound/noise-free-sound-0020.wav	noise	free-sound	60.1857	16000
musan/noise/free-sound/noise-free-sound-0021.wav	noise	free-sound	18.0453	16000
musan/noise/free-sound/noise-free-sound-0022.wav	noise	free-sound	24.8320	16000
musan/noise/free-sound/noise-free-sound-0023.wav	noise	free-sound	11.2400	16000
musan/noise/free-sound/noise-free-sound-0024.wav	noise	free-sound	19.7791	16000
musan/noise/free-sound/noise-free-sound-0025.wav	noise	free-sound	2.3467	16000
musan/noise/free-sound/noise-free-sound-0026.wav	noise	free-sound	3.7973	16000
musan/noise/free-sound/noise-free-sound-0027.wav	noise	free-sound	23.0400	16000
musan/noise/free-sound/noise-free-sound-0028.wav	noise	free-sound	19.6179	16000
musan/noise/free-sound/noise-free-sound-0029.wav	noise	free-sound	8.9078	16000
musan/noise/free-sound/noise-free-sound-0030.wav	noise	free-sound	73.0122	16000
musan/noise/free-sound/noise-free-sound-0031.wav	noise	free-sound	35.4743	16000
musan/noise/free-sound/noise-free-sound-0032.wav	noise	free-sound	61.4200	16000
musan/noise/free-sound/noise-free-sound-0033.wav	noise	free-sound	5.5263	16000
musan/noise/free-sound/noise-free-sound-0034.wav	noise	free-sound	20.6890	16000
musan/noise/free-sound/noise-free-sound-0035.wav	noise	free-sound	31.9333	16000
musan/noise/free-sound/noise-free-sound-0036.wav	noise	free-sound	4.5700	16000
musan/noise/free-sound/noise-free-sound-0037.wav	noise	free-sound	0.9400	16000
musan/noise/free-sound/noise-free-sound-0038.wav	noise	free-sound	0.9133	16000
musan/noise/free-sound/noise-free-sound-0039.wav	noise	free-sound	3.4467	16000
musan/noise/free-sound/noise-free-sound-0040.wav	noise	free-sound	16.7300	16000
musan/noise/free-sound/noise-free-sound-0041.wav	noise	free-sound	57.7829	16000
musan/noise/free-sound/noise-free-sound-0042.wav	noise	free-sound	319.5559	16000
musan/noise/free-sound/noise-free-sound-0043.wav	noise	free-sound	1.5325	16000
musan/noise/free-sound/noise-free-sound-0044.wav	noise	free-sound	4.5976	16000
musan/noise/free-sound/noise-free-sound-0045.wav	noise	free-sound	4.6440	16000
musan/noise/free-sound/noise-free-sound-0046.wav	noise	free-sound	4.6208	16000
musan/noise/free-sound/noise-free-sound-0047.wav	noise	free-sound	5.2967	16000
musan/noise/free-sound/noise-free-sound-0048.wav	noise	free-sound	494.6599	16000
musan/noise/free-sound/noise-free-sound-0049.wav	noise	free-sound	3.4667	16000
musan/noise/free-sound/noise-free-sound-0050.wav	noise	free-sound	4.1331	16000
musan/noise/free-sound/noise-free-sound-0051.wav	noise	free-sound	6.5200	16000
musan/noise/free-sound/noise-free-sound-0052.wav	noise	free-sound	5.6642	16000
musan/noise/free-sound/noise-free-sound-0053.wav	noise	free-sound	5.2719	16000
musan/noise/free-sound/noise-free-sound-0054.wav	noise	free-sound	10.0534	16000
musan/noise/free-sound/noise-free-sound-0055.wav	noise	free-sound	40.0977	16000
musan/noise/free-sound/noise-free-sound-0056.wav	noise	free-sound	9.7427	16000
musan/noise/free-sound/noise-free-sound-0057.wav	noise	free-sound	8.1304	16000
musan/noise/free-sound/noise-free-sound-0058.wav	noise	free-sound	2.0000	16000
musan/noise/free-sound/noise-free-sound-0059.wav	noise	free-sound	30.4428	16000
musan/noise/free-sound/noise-free-sound-0060.wav	noise	free-sound	1.0449	16000
musan/noise/free-sound/noise-free-sound-0061.wav	noise	free-sound	11.0498	16000
musan/noise/free-sound/noise-free-sound-0062.wav	noise	free-sound	6.0667	16000
musan/noise/free-sound/noise-free-sound-0063.wav	noise	free-sound	6.2667	16000
musan/noise/free-sound/noise-free-sound-0064.wav	noise	free-sound	100.1333	16000
musan/noise/free-sound/noise-free-sound-0065.wav	noise	free-sound	6.9753	16000
musan/noise/free-sound/noise-free-sound-0066.wav	noise	free-sound	60.9437	16000
musan/noise/free-sound/noise-free-sound-0067.wav	noise	free-sound	39.8890	16000
musan/noise/free-sound/noise-free-sound-0068.wav	noise	free-sound	20.0750	16000
musan/noise/free-sound/noise-free-sound-0069.wav	noise	free-sound	2.5714	16000
musan/noise/free-sound/noise-free-sound-0070.wav	noise	free-sound	17.9803	16000
musan/noise/free-sound/noise-free-sound-0071.wav	noise	free-sound	9.3919	16000
musan/noise/free-sound/noise-free-sound-0072.wav	noise	free-sound	26.6226	16000
musan/noise/free-sound/noise-free-sound-0073.wav	noise	free-sound	124.5686	16000
musan/noise/free-sound/noise-free-sound-0074.wav	noise	free-sound	17.2400	16000
musan/noise/free-sound/noise-free-sound-0075.wav	noise	free-sound	20.3113	16000
musan/noise/free-sound/noise-free-sound-0076.wav	noise	free-sound	80.0000	16000
musan/noise/free-sound/noise-free-sound-0077.wav	noise	free-sound	11.7233	16000
musan/noise/free-sound/noise-free-sound-0078.wav	noise	free-sound	10.3706	16000
musan/noise/free-sound/noise-free-sound-0079.wav	noise	free-sound	6.0006	16000
musan/noise/free-sound/noise-free-sound-0080.wav	noise	free-sound	30.3746	16000
musan/noise/free-sound/noise-free-sound-0081.wav	noise	free-sound	21.5824	16000
musan/noise/free-sound/noise-free-sound-0082.wav	noise	free-sound	20.2037	16000
musan/noise/free-sound/noise-free-sound-0083.wav	noise	free-sound	0.5913	16000
musan/noise/free-sound/noise-free-sound-0084.wav	noise	free-sound	19.4194	16000
musan/noise/free-sound/noise-free-sound-0085.wav	noise	free-sound	4.6714	16000
musan/noise/free-sound/noise-free-sound-0086.wav	noise	free-sound	51.6850	16000
musan/noise/free-sound/noise-free-sound-0087.wav	noise	free-sound	2.8000	16000
musan/noise/free-sound/noise-free-sound-0088.wav	noise	free-sound	44.8667	16000
musan/noise/free-sound/noise-free-sound-0089.wav	noise	free-sound	13.8710	16000
musan/noise/free-sound/noise-free-sound-0090.wav	noise	free-sound	5.8442	16000
musan/noise/free-sound/noise-free-sound-0091.wav	noise	free-sound	5.0621	16000
musan/noise/free-sound/noise-free-sound-0092.wav	noise	free-sound	15.0796	16000
musan/noise/free-sound/noise-free-sound-0093.wav	noise	free-sound	5.3174	16000
musan/noise/free-sound/noise-free-sound-0094.wav	noise	free-sound	5.5898	16000
musan/noise/free-sound/noise-free-sound-0095.wav	noise	free-sound	4.0684	16000
musan/noise/free-sound/noise-free-sound-0096.wav	noise	free-sound	7.7842	16000
musan/noise/free-sound/noise-free-sound-0097.wav	noise	free-sound	2.7369	16000
musan/noise/free-sound/noise-free-sound-0098.wav	noise	free-sound	2.7660	16000
musan/noise/free-sound/noise-free-sound-0099.wav	noise	free-sound	7.4947	16000
musan/noise/free-sound/noise-free-sound-0100.wav	noise	free-sound	7.3231	16000
musan/noise/free-sound/noise-free-sound-0101.wav	noise	free-sound	112.9013	16000
musan/noise/free-sound/noise-free-sound-0102.wav	noise	free-sound	143.6213	16000
musan/noise/free-sound/noise-free-sound-0103.wav	noise	free-sound	5.2382	16000
musan/noise/free-sound/noise-free-sound-0104.wav	noise	free-sound	15.8880	16000
musan/noise/free-sound/noise-free-sound-0105.wav	noise	free-sound	306.4163	16000
musan/noise/free-sound/noise-free-sound-0106.wav	noise	free-sound	153.9520	16000
musan/noise/free-sound/noise-free-sound-0107.wav	noise	free-sound	11.7660	16000
musan/noise/free-sound/noise-free-sound-0108.wav	noise	free-sound	19.3963	16000
musan/noise/free-sound/noise-free-sound-0109.wav	noise	free-sound	37.1019	16000
musan/noise/free-sound/noise-free-sound-0110.wav	noise	free-sound	40.8932	16000
musan/noise/free-sound/noise-free-sound-0111.wav	noise	free-sound	16.4452	16000
musan/noise/free-sound/noise-free-sound-0112.wav	noise	free-sound	1.0144	16000
musan/noise/free-sound/noise-free-sound-0113.wav	noise	free-sound	5.8462	16000
musan/noise/free-sound/noise-free-sound-0114.wav	noise	free-sound	99.9298	16000
musan/noise/free-sound/noise-free-sound-0115.wav	noise	free-sound	2.5771	16000
musan/noise/free-sound/noise-free-sound-0116.wav	noise	free-sound	8.8208	16000
musan/noise/free-sound/noise-free-sound-0117.wav	noise	free-sound	33.6573	16000
musan/noise/free-sound/noise-free-sound-0118.wav	noise	free-sound	17.4100	16000
musan/noise/free-sound/noise-free-sound-0119.wav	noise	free-sound	70.7280	16000
musan/noise/free-sound/noise-free-sound-0120.wav	noise	free-sound	18.4344	16000
musan/noise/free-sound/noise-free-sound-0121.wav	noise	free-sound	44.0000	16000
musan/noise/free-sound/noise-free-sound-0122.wav	noise	free-sound	8.0000	16000
musan/noise/free-sound/noise-free-sound-0123.wav	noise	free-sound	7.5000	16000
musan/noise/free-sound/noise-free-sound-0124.wav	noise	free-sound	5.0000	16000
musan/noise/free-sound/noise-free-sound-0125.wav	noise	free-sound	1.1250	16000
musan/noise/free-sound/noise-free-sound-0126.wav	noise	free-sound	19.7823	16000
musan/noise/free-sound/noise-free-sound-0127.wav	noise	free-sound	2.4480	16000
musan/noise/free-sound/noise-free-sound-0128.wav	noise	free-sound	4.0560	16000
musan/noise/free-sound/noise-free-sound-0129.wav	noise	free-sound	8.2939	16000
musan/noise/free-sound/noise-free-sound-0130.wav	noise	free-sound	38.8702	16000
musan/noise/free-sound/noise-free-sound-0131.wav	noise	free-sound	55.5974	16000
musan/noise/free-sound/noise-free-sound-0132.wav	noise	free-sound	0.7158	16000
musan/noise/free-sound/noise-free-sound-0133.wav	noise	free-sound	0.5209	16000
musan/noise/free-sound/noise-free-sound-0134.wav	noise	free-sound	2.5134	16000
musan/noise/free-sound/noise-free-sound-0135.wav	noise	free-sound	3.0046	16000
musan/noise/free-sound/noise-free-sound-0136.wav	noise	free-sound	0.6250	16000
musan/noise/free-sound/noise-free-sound-0137.wav	noise	free-sound	113.2500	16000
musan/noise/free-sound/noise-free-sound-0138.wav	noise	free-sound	3.2500	16000
musan/noise/free-sound/noise-free-sound-0139.wav	noise	free-sound	15.5147	16000
musan/noise/free-sound/noise-free-sound-0140.wav	noise	free-sound	24.7748	16000
musan/noise/free-sound/noise-free-sound-0141.wav	noise	free-sound	135.0721	16000
musan/noise/free-sound/noise-free-sound-0142.wav	noise	free-sound	38.9997	16000
musan/noise/free-sound/noise-free-sound-0143.wav	noise	free-sound	13.0431	16000
musan/noise/free-sound/noise-free-sound-0144.wav	noise	free-sound	25.5478	16000
musan/noise/free-sound/noise-free-sound-0145.wav	noise	free-sound	2.9122	16000
musan/noise/free-sound/noise-free-sound-0146.wav	noise	free-sound	2.0775	16000
musan/noise/free-sound/noise-free-sound-0147.wav	noise	free-sound	8.6333	16000
musan/noise/free-sound/noise-free-sound-0148.wav	noise	free-sound	2.2149	16000
musan/noise/free-sound/noise-free-sound-0149.wav	noise	free-sound	1.7618	16000
musan/noise/free-sound/noise-free-sound-0150.wav	noise	free-sound	0.4504	16000
musan/noise/free-sound/noise-free-sound-0151.wav	noise	free-sound	53.7600	16000
musan/noise/free-sound/noise-free-sound-0152.wav	noise	free-sound	97.1560	16000
musan/noise/free-sound/noise-free-sound-0153.wav	noise	free-sound	72.1493	16000
musan/noise/free-sound/noise-free-sound-0154.wav	noise	free-sound	62.4640	16000
musan/noise/free-sound/noise-free-sound-0155.wav	noise	free-sound	72.6613	16000
musan/noise/free-sound/noise-free-sound-0156.wav	noise	free-sound	90.1974	16000
musan/noise/free-sound/noise-free-sound-0157.wav	noise	free-sound	3.0933	16000
musan/noise/free-sound/noise-free-sound-0158.wav	noise	free-sound	64.8840	16000
musan/noise/free-sound/noise-free-sound-0159.wav	noise	free-sound	5.2160	16000
musan/noise/free-sound/noise-free-sound-0160.wav	noise	free-sound	34.3254	16000
musan/noise/free-sound/noise-free-sound-0161.wav	noise	free-sound	76.4760	16000
musan/noise/free-sound/noise-free-sound-0162.wav	noise	free-sound	14.9333	16000
musan/noise/free-sound/noise-free-sound-0163.wav	noise	free-sound	0.3627	16000
musan/noise/free-sound/noise-free-sound-0164.wav	noise	free-sound	24.9600	16000
musan/noise/free-sound/noise-free-sound-0165.wav	noise	free-sound	33.8374	16000
musan/noise/free-sound/noise-free-sound-0166.wav	noise	free-sound	0.7680	16000
musan/noise/free-sound/noise-free-sound-0167.wav	noise	free-sound	2.0054	16000
musan/noise/free-sound/noise-free-sound-0168.wav	noise	free-sound	1.3440	16000
musan/noise/free-sound/noise-free-sound-0169.wav	noise	free-sound	2.3040	16000
musan/noise/free-sound/noise-free-sound-0170.wav	noise	free-sound	5.2907	16000
musan/noise/free-sound/noise-free-sound-0171.wav	noise	free-sound	4.6293	16000
musan/noise/free-sound/noise-free-sound-0172.wav	noise	free-sound	49.5543	16000
musan/noise/free-sound/noise-free-sound-0173.wav	noise	free-sound	106.8020	16000
musan/noise/free-sound/noise-free-sound-0174.wav	noise	free-sound	9.1091	16000
musan/noise/free-sound/noise-free-sound-0175.wav	noise	free-sound	4.7188	16000
musan/noise/free-sound/noise-free-sound-0176.wav	noise	free-sound	2.9843	16000
musan/noise/free-sound/noise-free-sound-0177.wav	noise	free-sound	106.7379	16000
musan/noise/free-sound/noise-free-sound-0178.wav	noise	free-sound	4.8846	16000
musan/noise/free-sound/noise-free-sound-0179.wav	noise	free-sound	2.8130	16000
musan/noise/free-sound/noise-free-sound-0180.wav	noise	free-sound	15.5155	16000
musan/noise/free-sound/noise-free-sound-0181.wav	noise	free-sound	4.7964	16000
musan/noise/free-sound/noise-free-sound-0182.wav	noise	free-sound	2.2523	16000
musan/noise/free-sound/noise-free-sound-0183.wav	noise	free-sound	8.0914	16000
musan/noise/free-sound/noise-free-sound-0184.wav	noise	free-sound	32.4074	16000
musan/noise/free-sound/noise-free-sound-0185.wav	noise	free-sound	2.6693	16000
musan/noise/free-sound/noise-free-sound-0186.wav	noise	free-sound	2.8362	16000
musan/noise/free-sound/noise-free-sound-0187.wav	noise	free-sound	6.4231	16000
musan/noise/free-sound/noise-free-sound-0188.wav	noise	free-sound	9.5512	16000
musan/noise/free-sound/noise-free-sound-0189.wav	noise	free-sound	6.8402	16000
musan/noise/free-sound/noise-free-sound-0190.wav	noise	free-sound	6.1311	16000
musan/noise/free-sound/noise-free-sound-0191.wav	noise	free-sound	3.9623	16000
musan/noise/free-sound/noise-free-sound-0192.wav	noise	free-sound	6.6733	16000
musan/noise/free-sound/noise-free-sound-0193.wav	noise	free-sound	4.0040	16000
musan/noise/free-sound/noise-free-sound-0194.wav	noise	free-sound	7.8829	16000
musan/noise/free-sound/noise-free-sound-0195.wav	noise	free-sound	4.2959	16000
musan/noise/free-sound/noise-free-sound-0196.wav	noise	free-sound	3.6286	16000
musan/noise/free-sound/noise-free-sound-0197.wav	noise	free-sound	10.5939	16000
musan/noise/free-sound/noise-free-sound-0198.wav	noise	free-sound	9.1341	16000
musan/noise/free-sound/noise-free-sound-0199.wav	noise	free-sound	6.2562	16000
musan/noise/free-sound/noise-free-sound-0200.wav	noise	free-sound	8.7587	16000
musan/noise/free-sound/noise-free-sound-0201.wav	noise	free-sound	7.0487	16000
musan/noise/free-sound/noise-free-sound-0202.wav	noise	free-sound	10.5522	16000
musan/noise/free-sound/noise-free-sound-0203.wav	noise	free-sound	11.0944	16000
musan/noise/free-sound/noise-free-sound-0204.wav	noise	free-sound	6.3814	16000
musan/noise/free-sound/noise-free-sound-0205.wav	noise	free-sound	14.3894	16000
musan/noise/free-sound/noise-free-sound-0206.wav	noise	free-sound	2.3357	16000
musan/noise/free-sound/noise-free-sound-0207.wav	noise	free-sound	7.0904	16000
musan/noise/free-sound/noise-free-sound-0208.wav	noise	free-sound	6.4648	16000
musan/noise/free-sound/noise-free-sound-0209.wav	noise	free-sound	9.6763	16000
musan/noise/free-sound/noise-free-sound-0210.wav	noise	free-sound	5.6723	16000
musan/noise/free-sound/noise-free-sound-0211.wav	noise	free-sound	6.2146	16000
musan/noise/free-sound/noise-free-sound-0212.wav	noise	free-sound	9.5512	16000
musan/noise/free-sound/noise-free-sound-0213.wav	noise	free-sound	5.7141	16000
musan/noise/free-sound/noise-free-sound-0214.wav	noise	free-sound	8.2583	16000
musan/noise/free-sound/noise-free-sound-0215.wav	noise	free-sound	6.4375	16000
musan/noise/free-sound/noise-free-sound-0216.wav	noise	free-sound	38.4588	16000
musan/noise/free-sound/noise-free-sound-0217.wav	noise	free-sound	4.8382	16000
musan/noise/free-sound/noise-free-sound-0218.wav	noise	free-sound	6.1311	16000
musan/noise/free-sound/noise-free-sound-0219.wav	noise	free-sound	6.5899	16000
musan/noise/free-sound/noise-free-sound-0220.wav	noise	free-sound	8.4668	16000
musan/noise/free-sound/noise-free-sound-0221.wav	noise	free-sound	10.9276	16000
musan/noise/free-sound/noise-free-sound-0222.wav	noise	free-sound	1.2096	16000
musan/noise/free-sound/noise-free-sound-0223.wav	noise	free-sound	3.5869	16000
musan/noise/free-sound/noise-free-sound-0224.wav	noise	free-sound	12.8044	16000
musan/noise/free-sound/noise-free-sound-0225.wav	noise	free-sound	12.4520	16000
musan/noise/free-sound/noise-free-sound-0226.wav	noise	free-sound	26.1973	16000
musan/noise/free-sound/noise-free-sound-0227.wav	noise	free-sound	31.1654	16000
musan/noise/free-sound/noise-free-sound-0228.wav	noise	free-sound	16.6487	16000
musan/noise/free-sound/noise-free-sound-0229.wav	noise	free-sound	5.3339	16000
musan/noise/free-sound/noise-free-sound-0230.wav	noise	free-sound	41.5920	16000
musan/noise/free-sound/noise-free-sound-0231.wav	noise	free-sound	22.3307	16000
musan/noise/free-sound/noise-free-sound-0232.wav	noise	free-sound	44.2891	16000
musan/noise/free-sound/noise-free-sound-0233.wav	noise	free-sound	44.3495	16000
musan/noise/free-sound/noise-free-sound-0234.wav	noise	free-sound	75.0172	16000
musan/noise/free-sound/noise-free-sound-0235.wav	noise	free-sound	200.7829	16000
musan/noise/free-sound/noise-free-sound-0236.wav	noise	free-sound	5.5641	16000
musan/noise/free-sound/noise-free-sound-0237.wav	noise	free-sound	5.3029	16000
musan/noise/free-sound/noise-free-sound-0238.wav	noise	free-sound	13.9440	16000
musan/noise/free-sound/noise-free-sound-0239.wav	noise	free-sound	37.5052	16000
musan/noise/free-sound/noise-free-sound-0240.wav	noise	free-sound	26.2262	16000
musan/noise/free-sound/noise-free-sound-0241.wav	noise	free-sound	52.6185	16000
musan/noise/free-sound/noise-free-sound-0242.wav	noise	free-sound	23.0038	16000
musan/noise/free-sound/noise-free-sound-0243.wav	noise	free-sound	90.0006	16000
musan/noise/free-sound/noise-free-sound-0244.wav	noise	free-sound	118.8402	16000
musan/noise/free-sound/noise-free-sound-0245.wav	noise	free-sound	29.5629	16000
musan/noise/free-sound/noise-free-sound-0246.wav	noise	free-sound	24.7247	16000
musan/noise/free-sound/noise-free-sound-0247.wav	noise	free-sound	77.7346	16000
musan/noise/free-sound/noise-free-sound-0248.wav	noise	free-sound	60.3028	16000
musan/noise/free-sound/noise-free-sound-0249.wav	noise	free-sound	40.6846	16000
musan/noise/free-sound/noise-free-sound-0250.wav	noise	free-sound	8.6204	16000
musan/noise/free-sound/noise-free-sound-0251.wav	noise	free-sound	31.9739	16000
musan/noise/free-sound/noise-free-sound-0252.wav	noise	free-sound	20.9502	16000
musan/noise/free-sound/noise-free-sound-0253.wav	noise	free-sound	0.9751	16000
musan/noise/free-sound/noise-free-sound-0254.wav	noise	free-sound	64.1421	16000
musan/noise/free-sound/noise-free-sound-0255.wav	noise	free-sound	5.5375	16000
musan/noise/free-sound/noise-free-sound-0256.wav	noise	free-sound	37.5069	16000
musan/noise/free-sound/noise-free-sound-0257.wav	noise	free-sound	5.0000	16000
musan/noise/free-sound/noise-free-sound-0258.wav	noise	free-sound	25.7581	16000
musan/noise/free-sound/noise-free-sound-0259.wav	noise	free-sound	14.7069	16000
musan/noise/free-sound/noise-free-sound-0260.wav	noise	free-sound	14.4000	16000
musan/noise/free-sound/noise-free-sound-0261.wav	noise	free-sound	88.0000	16000
musan/noise/free-sound/noise-free-sound-0262.wav	noise	free-sound	35.0302	16000
musan/noise/free-sound/noise-free-sound-0263.wav	noise	free-sound	0.9043	16000
musan/noise/free-sound/noise-free-sound-0264.wav	noise	free-sound	29.6314	16000
musan/noise/free-sound/noise-free-sound-0265.wav	noise	free-sound	1.3326	16000
musan/noise/free-sound/noise-free-sound-0266.wav	noise	free-sound	34.6746	16000
musan/noise/free-sound/noise-free-sound-0267.wav	noise	free-sound	36.1389	16000
musan/noise/free-sound/noise-free-sound-0268.wav	noise	free-sound	22.7109	16000
musan/noise/free-sound/noise-free-sound-0269.wav	noise	free-sound	49.1251	16000
musan/noise/free-sound/noise-free-sound-0270.wav	noise	free-sound	398.0611	16000
musan/noise/free-sound/noise-free-sound-0271.wav	noise	free-sound	29.6983	16000
musan/noise/free-sound/noise-free-sound-0272.wav	noise	free-sound	41.0581	16000
musan/noise/free-sound/noise-free-sound-0273.wav	noise	free-sound	10.6433	16000
musan/noise/free-sound/noise-free-sound-0274.wav	noise	free-sound	3.9678	16000
musan/noise/free-sound/noise-free-sound-0275.wav	noise	free-sound	12.0960	16000
musan/noise/free-sound/noise-free-sound-0276.wav	noise	free-sound	2.8715	16000
musan/noise/free-sound/noise-free-sound-0277.wav	noise	free-sound	5.7051	16000
musan/noise/free-sound/noise-free-sound-0278.wav	noise	free-sound	37.5983	16000
musan/noise/free-sound/noise-free-sound-0279.wav	noise	free-sound	17.3333	16000
musan/noise/free-sound/noise-free-sound-0280.wav	noise	free-sound	62.1033	16000
musan/noise/free-sound/noise-free-sound-0281.wav	noise	free-sound	0.1000	16000
musan/noise/free-sound/noise-free-sound-0282.wav	noise	free-sound	37.7268	16000
musan/noise/free-sound/noise-free-sound-0283.wav	noise	free-sound	22.9637	16000
musan/noise/free-sound/noise-free-sound-0284.wav	noise	free-sound	2.7860	16000
musan/noise/free-sound/noise-free-sound-0285.wav	noise	free-sound	4.0925	16000
musan/noise/free-sound/noise-free-sound-0286.wav	noise	free-sound	9.5603	16000
musan/noise/free-sound/noise-free-sound-0287.wav	noise	free-sound	60.6563	16000
musan/noise/free-sound/noise-free-sound-0288.wav	noise	free-sound	59.6880	16000
musan/noise/free-sound/noise-free-sound-0289.wav	noise	free-sound	22.2822	16000
musan/noise/free-sound/noise-free-sound-0290.wav	noise	free-sound	44.3040	16000
musan/noise/free-sound/noise-free-sound-0291.wav	noise	free-sound	9.0906	16000
musan/noise/free-sound/noise-free-sound-0292.wav	noise	free-sound	17.9722	16000
musan/noise/free-sound/noise-free-sound-0293.wav	noise	free-sound	43.0382	16000
musan/noise/free-sound/noise-free-sound-0294.wav	noise	free-sound	6.5875	16000
musan/noise/free-sound/noise-free-sound-0295.wav	noise	free-sound	6.8963	16000
musan/noise/free-sound/noise-free-sound-0296.wav	noise	free-sound	1.8617	16000
musan/noise/free-sound/noise-free-sound-0297.wav	noise	free-sound	1.7990	16000
musan/noise/free-sound/noise-free-sound-0298.wav	noise	free-sound	32.0000	16000
musan/noise/free-sound/noise-free-sound-0299.wav	noise	free-sound	0.2126	16000
musan/noise/free-sound/noise-free-sound-0300.wav	noise	free-sound	6.1126	16000
musan/noise/free-sound/noise-free-sound-0301.wav	noise	free-sound	180.9496	16000
musan/noise/free-sound/noise-free-sound-0302.wav	noise	free-sound	17.9141	16000
musan/noise/free-sound/noise-free-sound-0303.wav	noise	free-sound	8.1955	16000
musan/noise/free-sound/noise-free-sound-0304.wav	noise	free-sound	62.0408	16000
musan/noise/free-sound/noise-free-sound-0305.wav	noise	free-sound	29.5000	16000
musan/noise/free-sound/noise-free-sound-0306.wav	noise	free-sound	24.5000	16000
musan/noise/free-sound/noise-free-sound-0307.wav	noise	free-sound	10.7040	16000
musan/noise/free-sound/noise-free-sound-0308.wav	noise	free-sound	58.2818	16000
musan/noise/free-sound/noise-free-sound-0309.wav	noise	free-sound	3.3729	16000
musan/noise/free-sound/noise-free-sound-0310.wav	noise	free-sound	22.0358	16000
musan/noise/free-sound/noise-free-sound-0311.wav	noise	free-sound	13.7464	16000
musan/noise/free-sound/noise-free-sound-0312.wav	noise	free-sound	1.5130	16000
musan/noise/free-sound/noise-free-sound-0313.wav	noise	free-sound	2.7875	16000
musan/noise/free-sound/noise-free-sound-0314.wav	noise	free-sound	0.6109	16000
musan/noise/free-sound/noise-free-sound-0315.wav	noise	free-sound	2.7838	16000
musan/noise/free-sound/noise-free-sound-0316.wav	noise	free-sound	11.1456	16000
musan/noise/free-sound/noise-free-sound-0317.wav	noise	free-sound	7.2569	16000
musan/noise/free-sound/noise-free-sound-0318.wav	noise	free-sound	0.4093	16000
musan/noise/free-sound/noise-free-sound-0319.wav	noise	free-sound	1.5151	16000
musan/noise/free-sound/noise-free-sound-0320.wav	noise	free-sound	6.7396	16000
musan/noise/free-sound/noise-free-sound-0321.wav	noise	free-sound	113.0000	16000
musan/noise/free-sound/noise-free-sound-0322.wav	noise	free-sound	31.0335	16000
musan/noise/free-sound/noise-free-sound-0323.wav	noise	free-sound	10.7317	16000
musan/noise/free-sound/noise-free-sound-0324.wav	noise	free-sound	36.2057	16000
musan/noise/free-sound/noise-free-sound-0325.wav	noise	free-sound	1.6457	16000
musan/noise/free-sound/noise-free-sound-0326.wav	noise	free-sound	16.0775	16000
musan/noise/free-sound/noise-free-sound-0327.wav	noise	free-sound	5.1597	16000
musan/noise/free-sound/noise-free-sound-0328.wav	noise	free-sound	0.7182	16000
musan/noise/free-sound/noise-free-sound-0329.wav	noise	free-sound	9.6922	16000
musan/noise/free-sound/noise-free-sound-0330.wav	noise	free-sound	8.4288	16000
musan/noise/free-sound/noise-free-sound-0331.wav	noise	free-sound	6.3750	16000
musan/noise/free-sound/noise-free-sound-0332.wav	noise	free-sound	3.6250	16000
musan/noise/free-sound/noise-free-sound-0333.wav	noise	free-sound	15.6735	16000
musan/noise/free-sound/noise-free-sound-0334.wav	noise	free-sound	178.1493	16000
musan/noise/free-sound/noise-free-sound-0335.wav	noise	free-sound	34.0376	16000
musan/noise/free-sound/noise-free-sound-0336.wav	noise	free-sound	48.0827	16000
musan/noise/free-sound/noise-free-sound-0337.wav	noise	free-sound	1.4255	16000
musan/noise/free-sound/noise-free-sound-0338.wav	noise	free-sound	9.2400	16000
musan/noise/free-sound/noise-free-sound-0339.wav	noise	free-sound	20.3280	16000
musan/noise/free-sound/noise-free-sound-0340.wav	noise	free-sound	33.6720	16000
musan/noise/free-sound/noise-free-sound-0341.wav	noise	free-sound	23.0719	16000
musan/noise/free-sound/noise-free-sound-0342.wav	noise	free-sound	13.8060	16000
musan/noise/free-sound/noise-free-sound-0343.wav	noise	free-sound	2.8096	16000
musan/noise/free-sound/noise-free-sound-0344.wav	noise	free-sound	20.5440	16000
musan/noise/free-sound/noise-free-sound-0345.wav	noise	free-sound	5.9024	16000
musan/noise/free-sound/noise-free-sound-0346.wav	noise	free-sound	18.5469	16000
musan/noise/free-sound/noise-free-sound-0347.wav	noise	free-sound	13.7802	16000
musan/noise/free-sound/noise-free-sound-0348.wav	noise	free-sound	50.1141	16000
musan/noise/free-sound/noise-free-sound-0349.wav	noise	free-sound	1.0000	16000
musan/noise/free-sound/noise-free-sound-0350.wav	noise	free-sound	9.0000	16000
musan/noise/free-sound/noise-free-sound-0351.wav	noise	free-sound	4.9680	16000
musan/noise/free-sound/noise-free-sound-0352.wav	noise	free-sound	10.0000	16000
musan/noise/free-sound/noise-free-sound-0353.wav	noise	free-sound	26.0963	16000
musan/noise/free-sound/noise-free-sound-0354.wav	noise	free-sound	0.9999	16000
musan/noise/free-sound/noise-free-sound-0355.wav	noise	free-sound	14.6640	16000
musan/noise/free-sound/noise-free-sound-0356.wav	noise	free-sound	24.9600	16000
musan/noise/free-sound/noise-free-sound-0357.wav	noise	free-sound	8.1763	16000
musan/noise/free-sound/noise-free-sound-0358.wav	noise	free-sound	21.2462	16000
musan/noise/free-sound/noise-free-sound-0359.wav	noise	free-sound	18.3078	16000
musan/noise/free-sound/noise-free-sound-0360.wav	noise	free-sound	13.8938	16000
musan/noise/free-sound/noise-free-sound-0361.wav	noise	free-sound	7.7391	16000
musan/noise/free-sound/noise-free-sound-0362.wav	noise	free-sound	12.8750	16000
musan/noise/free-sound/noise-free-sound-0363.wav	noise	free-sound	4.7219	16000
musan/noise/free-sound/noise-free-sound-0364.wav	noise	free-sound	11.8401	16000
musan/noise/free-sound/noise-free-sound-0365.wav	noise	free-sound	10.0571	16000
musan/noise/free-sound/noise-free-sound-0366.wav	noise	free-sound	4.0490	16000
musan/noise/free-sound/noise-free-sound-0367.wav	noise	free-sound	1.0449	16000
musan/noise/free-sound/noise-free-sound-0368.wav	noise	free-sound	1.6457	16000
musan/noise/free-sound/noise-free-sound-0369.wav	noise	free-sound	4.0490	16000
musan/noise/free-sound/noise-free-sound-0370.wav	noise	free-sound	72.2547	16000
musan/noise/free-sound/noise-free-sound-0371.wav	noise	free-sound	21.2800	16000
musan/noise/free-sound/noise-free-sound-0372.wav	noise	free-sound	22.8888	16000
musan/noise/free-sound/noise-free-sound-0373.wav	noise	free-sound	3.2346	16000
musan/noise/free-sound/noise-free-sound-0374.wav	noise	free-sound	0.7431	16000
musan/noise/free-sound/noise-free-sound-0375.wav	noise	free-sound	0.7500	16000
musan/noise/free-sound/noise-free-sound-0376.wav	noise	free-sound	5.0867	16000
musan/noise/free-sound/noise-free-sound-0377.wav	noise	free-sound	8.9861	16000
musan/noise/free-sound/noise-free-sound-0378.wav	noise	free-sound	22.2824	16000
musan/noise/free-sound/noise-free-sound-0379.wav	noise	free-sound	6.9893	16000
musan/noise/free-sound/noise-free-sound-0380.wav	noise	free-sound	0.1440	16000
musan/noise/free-sound/noise-free-sound-0381.wav	noise	free-sound	44.2776	16000
musan/noise/free-sound/noise-free-sound-0382.wav	noise	free-sound	60.5520	16000
musan/noise/free-sound/noise-free-sound-0383.wav	noise	free-sound	32.9040	16000
musan/noise/free-sound/noise-free-sound-0384.wav	noise	free-sound	178.2114	16000
musan/noise/free-sound/noise-free-sound-0385.wav	noise	free-sound	8.4084	16000
musan/noise/free-sound/noise-free-sound-0386.wav	noise	free-sound	26.7351	16000
musan/noise/free-sound/noise-free-sound-0387.wav	noise	free-sound	5.9603	16000
musan/noise/free-sound/noise-free-sound-0388.wav	noise	free-sound	4.3824	16000
musan/noise/free-sound/noise-free-sound-0389.wav	noise	free-sound	13.7295	16000
musan/noise/free-sound/noise-free-sound-0390.wav	noise	free-sound	15.7635	16000
musan/noise/free-sound/noise-free-sound-0391.wav	noise	free-sound	23.3910	16000
musan/noise/free-sound/noise-free-sound-0392.wav	noise	free-sound	13.2210	16000
musan/noise/free-sound/noise-free-sound-0393.wav	noise	free-sound	5.5379	16000
musan/noise/free-sound/noise-free-sound-0394.wav	noise	free-sound	23.7200	16000
musan/noise/free-sound/noise-free-sound-0395.wav	noise	free-sound	7.7322	16000
musan/noise/free-sound/noise-free-sound-0396.wav	noise	free-sound	9.7959	16000
musan/noise/free-sound/noise-free-sound-0397.wav	noise	free-sound	45.3280	16000
musan/noise/free-sound/noise-free-sound-0398.wav	noise	free-sound	44.8801	16000
musan/noise/free-sound/noise-free-sound-0399.wav	noise	free-sound	16.9025	16000
musan/noise/free-sound/noise-free-sound-0400.wav	noise	free-sound	14.8607	16000
musan/noise/free-sound/noise-free-sound-0401.wav	noise	free-sound	10.3516	16000
musan/noise/free-sound/noise-free-sound-0402.wav	noise	free-sound	29.6706	16000
musan/noise/free-sound/noise-free-sound-0403.wav	noise	free-sound	13.0090	16000
musan/noise/free-sound/noise-free-sound-0404.wav	noise	free-sound	19.0404	16000
musan/noise/free-sound/noise-free-sound-0405.wav	noise	free-sound	2.3069	16000
musan/noise/free-sound/noise-free-sound-0406.wav	noise	free-sound	19.8315	16000
musan/noise/free-sound/noise-free-sound-0407.wav	noise	free-sound	2.9594	16000
musan/noise/free-sound/noise-free-sound-0408.wav	noise	free-sound	15.0000	16000
musan/noise/free-sound/noise-free-sound-0409.wav	noise	free-sound	8.6187	16000
musan/noise/free-sound/noise-free-sound-0410.wav	noise	free-sound	1.1808	16000
musan/noise/free-sound/noise-free-sound-0411.wav	noise	free-sound	2.3626	16000
musan/noise/free-sound/noise-free-sound-0412.wav	noise	free-sound	2.6249	16000
musan/noise/free-sound/noise-free-sound-0413.wav	noise	free-sound	21.9951	16000
musan/noise/free-sound/noise-free-sound-0414.wav	noise	free-sound	28.3785	16000
musan/noise/free-sound/noise-free-sound-0415.wav	noise	free-sound	6.6240	16000
musan/noise/free-sound/noise-free-sound-0416.wav	noise	free-sound	14.9701	16000
musan/noise/free-sound/noise-free-sound-0417.wav	noise	free-sound	10.1517	16000
musan/noise/free-sound/noise-free-sound-0418.wav	noise	free-sound	40.9958	16000
musan/noise/free-sound/noise-free-sound-0419.wav	noise	free-sound	11.9902	16000
musan/noise/free-sound/noise-free-sound-0420.wav	noise	free-sound	0.8214	16000
musan/noise/free-sound/noise-free-sound-0421.wav	noise	free-sound	3.3698	16000
musan/noise/free-sound/noise-free-sound-0422.wav	noise	free-sound	9.1627	16000
musan/noise/free-sound/noise-free-sound-0423.wav	noise	free-sound	12.2500	16000
musan/noise/free-sound/noise-free-sound-0424.wav	noise	free-sound	16.6661	16000
musan/noise/free-sound/noise-free-sound-0425.wav	noise	free-sound	1.4106	16000
musan/noise/free-sound/noise-free-sound-0426.wav	noise	free-sound	3.8923	16000
musan/noise/free-sound/noise-free-sound-0427.wav	noise	free-sound	21.9951	16000
musan/noise/free-sound/noise-free-sound-0428.wav	noise	free-sound	18.6224	16000
musan/noise/free-sound/noise-free-sound-0429.wav	noise	free-sound	24.0000	16000
musan/noise/free-sound/noise-free-sound-0430.wav	noise	free-sound	67.2000	16000
musan/noise/free-sound/noise-free-sound-0431.wav	noise	free-sound	22.9355	16000
musan/noise/free-sound/noise-free-sound-0432.wav	noise	free-sound	22.2541	16000
musan/noise/free-sound/noise-free-sound-0433.wav	noise	free-sound	42.2371	16000
musan/noise/free-sound/noise-free-sound-0434.wav	noise	free-sound	21.5280	16000
musan/noise/free-sound/noise-free-sound-0435.wav	noise	free-sound	5.2767	16000
musan/noise/free-sound/noise-free-sound-0436.wav	noise	free-sound	51.2121	16000
musan/noise/free-sound/noise-free-sound-0437.wav	noise	free-sound	1.1900	16000
musan/noise/free-sound/noise-free-sound-0438.wav	noise	free-sound	7.5232	16000
musan/noise/free-sound/noise-free-sound-0439.wav	noise	free-sound	30.7876	16000
musan/noise/free-sound/noise-free-sound-0440.wav	noise	free-sound	4.1883	16000
musan/noise/free-sound/noise-free-sound-0441.wav	noise	free-sound	45.5680	16000
musan/noise/free-sound/noise-free-sound-0442.wav	noise	free-sound	76.0722	16000
musan/noise/free-sound/noise-free-sound-0443.wav	noise	free-sound	42.2400	16000
musan/noise/free-sound/noise-free-sound-0444.wav	noise	free-sound	20.2478	16000
musan/noise/free-sound/noise-free-sound-0445.wav	noise	free-sound	18.3902	16000
musan/noise/free-sound/noise-free-sound-0446.wav	noise	free-sound	31.4160	16000
musan/noise/free-sound/noise-free-sound-0447.wav	noise	free-sound	28.5779	16000
musan/noise/free-sound/noise-free-sound-0448.wav	noise	free-sound	0.5740	16000
musan/noise/free-sound/noise-free-sound-0449.wav	noise	free-sound	4.7381	16000
musan/noise/free-sound/noise-free-sound-0450.wav	noise	free-sound	16.1713	16000
musan/noise/free-sound/noise-free-sound-0451.wav	noise	free-sound	44.0400	16000
musan/noise/free-sound/noise-free-sound-0452.wav	noise	free-sound	17.8446	16000
musan/noise/free-sound/noise-free-sound-0453.wav	noise	free-sound	0.9404	16000
musan/noise/free-sound/noise-free-sound-0454.wav	noise	free-sound	41.8850	16000
musan/noise/free-sound/noise-free-sound-0455.wav	noise	free-sound	168.2695	16000
musan/noise/free-sound/noise-free-sound-0456.wav	noise	free-sound	28.9632	16000
musan/noise/free-sound/noise-free-sound-0457.wav	noise	free-sound	44.3667	16000
musan/noise/free-sound/noise-free-sound-0458.wav	noise	free-sound	20.7056	16000
musan/noise/free-sound/noise-free-sound-0459.wav	noise	free-sound	40.3069	16000
musan/noise/free-sound/noise-free-sound-0460.wav	noise	free-sound	13.1040	16000
musan/noise/free-sound/noise-free-sound-0461.wav	noise	free-sound	53.3407	16000
musan/noise/free-sound/noise-free-sound-0462.wav	noise	free-sound	18.7638	16000
musan/noise/free-sound/noise-free-sound-0463.wav	noise	free-sound	15.1106	16000
musan/noise/free-sound/noise-free-sound-0464.wav	noise	free-sound	8.0832	16000
musan/noise/free-sound/noise-free-sound-0465.wav	noise	free-sound	9.0074	16000
musan/noise/free-sound/noise-free-sound-0466.wav	noise	free-sound	13.9531	16000
musan/noise/free-sound/noise-free-sound-0467.wav	noise	free-sound	14.1738	16000
musan/noise/free-sound/noise-free-sound-0468.wav	noise	free-sound	23.1238	16000
musan/noise/free-sound/noise-free-sound-0469.wav	noise	free-sound	10.7805	16000
musan/noise/free-sound/noise-free-sound-0470.wav	noise	free-sound	4.7574	16000
musan/noise/free-sound/noise-free-sound-0471.wav	noise	free-sound	7.9151	16000
musan/noise/free-sound/noise-free-sound-0472.wav	noise	free-sound	94.0000	16000
musan/noise/free-sound/noise-free-sound-0473.wav	noise	free-sound	9.1167	16000
musan/noise/free-sound/noise-free-sound-0474.wav	noise	free-sound	35.9350	16000
musan/noise/free-sound/noise-free-sound-0475.wav	noise	free-sound	36.3624	16000
musan/noise/free-sound/noise-free-sound-0476.wav	noise	free-sound	9.5608	16000
musan/noise/free-sound/noise-free-sound-0477.wav	noise	free-sound	15.1249	16000
musan/noise/free-sound/noise-free-sound-0478.wav	noise	free-sound	8.5195	16000
musan/noise/free-sound/noise-free-sound-0479.wav	noise	free-sound	3.7156	16000
musan/noise/free-sound/noise-free-sound-0480.wav	noise	free-sound	35.2898	16000
musan/noise/free-sound/noise-free-sound-0481.wav	noise	free-sound	7.9079	16000
musan/noise/free-sound/noise-free-sound-0482.wav	noise	free-sound	13.5314	16000
musan/noise/free-sound/noise-free-sound-0483.wav	noise	free-sound	22.5959	16000
musan/noise/free-sound/noise-free-sound-0484.wav	noise	free-sound	10.6318	16000
musan/noise/free-sound/noise-free-sound-0485.wav	noise	free-sound	10.8931	16000
musan/noise/free-sound/noise-free-sound-0486.wav	noise	free-sound	6.4098	16000
musan/noise/free-sound/noise-free-sound-0487.wav	noise	free-sound	1.9302	16000
musan/noise/free-sound/noise-free-sound-0488.wav	noise	free-sound	5.6569	16000
musan/noise/free-sound/noise-free-sound-0489.wav	noise	free-sound	62.8613	16000
musan/noise/free-sound/noise-free-sound-0490.wav	noise	free-sound	12.9799	16000
musan/noise/free-sound/noise-free-sound-0491.wav	noise	free-sound	1.5441	16000
musan/noise/free-sound/noise-free-sound-0492.wav	noise	free-sound	20.0000	16000
musan/noise/free-sound/noise-free-sound-0493.wav	noise	free-sound	14.0277	16000
musan/noise/free-sound/noise-free-sound-0494.wav	noise	free-sound	56.0588	16000
musan/noise/free-sound/noise-free-sound-0495.wav	noise	free-sound	18.2067	16000
musan/noise/free-sound/noise-free-sound-0496.wav	noise	free-sound	5.9733	16000
musan/noise/free-sound/noise-free-sound-0497.wav	noise	free-sound	302.0000	16000
musan/noise/free-sound/noise-free-sound-0498.wav	noise	free-sound	5.0000	16000
musan/noise/free-sound/noise-free-sound-0499.wav	noise	free-sound	7.8890	16000
musan/noise/free-sound/noise-free-sound-0500.wav	noise	free-sound	34.3749	16000
musan/noise/free-sound/noise-free-sound-0501.wav	noise	free-sound	12.0079	16000
musan/noise/free-sound/noise-free-sound-0502.wav	noise	free-sound	73.2000	16000
musan/noise/free-sound/noise-free-sound-0503.wav	noise	free-sound	5.0648	16000
musan/noise/free-sound/noise-free-sound-0504.wav	noise	free-sound	58.0034	16000
musan/noise/free-sound/noise-free-sound-0505.wav	noise	free-sound	9.3739	16000
musan/noise/free-sound/noise-free-sound-0506.wav	noise	free-sound	24.5813	16000
musan/noise/free-sound/noise-free-sound-0507.wav	noise	free-sound	1.1199	16000
musan/noise/free-sound/noise-free-sound-0508.wav	noise	free-sound	7.3199	16000
musan/noise/free-sound/noise-free-sound-0509.wav	noise	free-sound	10.7973	16000
musan/noise/free-sound/noise-free-sound-0510.wav	noise	free-sound	19.8451	16000
musan/noise/free-sound/noise-free-sound-0511.wav	noise	free-sound	4.0000	16000
musan/noise/free-sound/noise-free-sound-0512.wav	noise	free-sound	3.7877	16000
musan/noise/free-sound/noise-free-sound-0513.wav	noise	free-sound	10.7886	16000
musan/noise/free-sound/noise-free-sound-0514.wav	noise	free-sound	5.3290	16000
musan/noise/free-sound/noise-free-sound-0515.wav	noise	free-sound	4.0751	16000
musan/noise/free-sound/noise-free-sound-0516.wav	noise	free-sound	1.0992	16000
musan/noise/free-sound/noise-free-sound-0517.wav	noise	free-sound	9.9620	16000
musan/noise/free-sound/noise-free-sound-0518.wav	noise	free-sound	18.7821	16000
musan/noise/free-sound/noise-free-sound-0519.wav	noise	free-sound	33.5935	16000
musan/noise/free-sound/noise-free-sound-0520.wav	noise	free-sound	12.5000	16000
musan/noise/free-sound/noise-free-sound-0521.wav	noise	free-sound	7.0008	16000
musan/noise/free-sound/noise-free-sound-0522.wav	noise	free-sound	79.2853	16000
musan/noise/free-sound/noise-free-sound-0523.wav	noise	free-sound	8.4240	16000
musan/noise/free-sound/noise-free-sound-0524.wav	noise	free-sound	22.6495	16000
musan/noise/free-sound/noise-free-sound-0525.wav	noise	free-sound	0.9583	16000
musan/noise/free-sound/noise-free-sound-0526.wav	noise	free-sound	1.4187	16000
musan/noise/free-sound/noise-free-sound-0527.wav	noise	free-sound	9.3093	16000
musan/noise/free-sound/noise-free-sound-0528.wav	noise	free-sound	3.0697	16000
musan/noise/free-sound/noise-free-sound-0529.wav	noise	free-sound	1.8594	16000
musan/noise/free-sound/noise-free-sound-0530.wav	noise	free-sound	7.7573	16000
musan/noise/free-sound/noise-free-sound-0531.wav	noise	free-sound	46.7388	16000
musan/noise/free-sound/noise-free-sound-0532.wav	noise	free-sound	6.0000	16000
musan/noise/free-sound/noise-free-sound-0533.wav	noise	free-sound	37.9188	16000
musan/noise/free-sound/noise-free-sound-0534.wav	noise	free-sound	17.4776	16000
musan/noise/free-sound/noise-free-sound-0535.wav	noise	free-sound	18.1376	16000
musan/noise/free-sound/noise-free-sound-0536.wav	noise	free-sound	0.6927	16000
musan/noise/free-sound/noise-free-sound-0537.wav	noise	free-sound	12.1733	16000
musan/noise/free-sound/noise-free-sound-0538.wav	noise	free-sound	0.5738	16000
musan/noise/free-sound/noise-free-sound-0539.wav	noise	free-sound	1.5151	16000
musan/noise/free-sound/noise-free-sound-0540.wav	noise	free-sound	3.0041	16000
musan/noise/free-sound/noise-free-sound-0541.wav	noise	free-sound	16.3788	16000
musan/noise/free-sound/noise-free-sound-0542.wav	noise	free-sound	8.2240	16000
musan/noise/free-sound/noise-free-sound-0543.wav	noise	free-sound	4.3560	16000
musan/noise/free-sound/noise-free-sound-0544.wav	noise	free-sound	107.0640	16000
musan/noise/free-sound/noise-free-sound-0545.wav	noise	free-sound	31.0733	16000
musan/noise/free-sound/noise-free-sound-0546.wav	noise	free-sound	117.6241	16000
musan/noise/free-sound/noise-free-sound-0547.wav	noise	free-sound	4.8489	16000
musan/noise/free-sound/noise-free-sound-0548.wav	noise	free-sound	8.2024	16000
musan/noise/free-sound/noise-free-sound-0549.wav	noise	free-sound	5.8320	16000
musan/noise/free-sound/noise-free-sound-0550.wav	noise	free-sound	6.3739	16000
musan/noise/free-sound/noise-free-sound-0551.wav	noise	free-sound	33.1853	16000
musan/noise/free-sound/noise-free-sound-0552.wav	noise	free-sound	77.7360	16000
musan/noise/free-sound/noise-free-sound-0553.wav	noise	free-sound	16.4310	16000
musan/noise/free-sound/noise-free-sound-0554.wav	noise	free-sound	0.7837	16000
musan/noise/free-sound/noise-free-sound-0555.wav	noise	free-sound	21.5771	16000
musan/noise/free-sound/noise-free-sound-0556.wav	noise	free-sound	19.9053	16000
musan/noise/free-sound/noise-free-sound-0557.wav	noise	free-sound	9.1167	16000
musan/noise/free-sound/noise-free-sound-0558.wav	noise	free-sound	8.3857	16000
musan/noise/free-sound/noise-free-sound-0559.wav	noise	free-sound	14.2046	16000
musan/noise/free-sound/noise-free-sound-0560.wav	noise	free-sound	269.5440	16000
musan/noise/free-sound/noise-free-sound-0561.wav	noise	free-sound	1.1755	16000
musan/noise/free-sound/noise-free-sound-0562.wav	noise	free-sound	9.0645	16000
musan/noise/free-sound/noise-free-sound-0563.wav	noise	free-sound	24.3319	16000
musan/noise/free-sound/noise-free-sound-0564.wav	noise	free-sound	0.1036	16000
musan/noise/free-sound/noise-free-sound-0565.wav	noise	free-sound	7.4294	16000
musan/noise/free-sound/noise-free-sound-0566.wav	noise	free-sound	6.1883	16000
musan/noise/free-sound/noise-free-sound-0567.wav	noise	free-sound	98.8800	16000
musan/noise/free-sound/noise-free-sound-0568.wav	noise	free-sound	113.6384	16000
musan/noise/free-sound/noise-free-sound-0569.wav	noise	free-sound	3.8400	16000
musan/noise/free-sound/noise-free-sound-0570.wav	noise	free-sound	6.3739	16000
musan/noise/free-sound/noise-free-sound-0571.wav	noise	free-sound	7.1314	16000
musan/noise/free-sound/noise-free-sound-0572.wav	noise	free-sound	123.4286	16000
musan/noise/free-sound/noise-free-sound-0573.wav	noise	free-sound	0.3910	16000
musan/noise/free-sound/noise-free-sound-0574.wav	noise	free-sound	20.8457	16000
musan/noise/free-sound/noise-free-sound-0575.wav	noise	free-sound	6.6351	16000
musan/noise/free-sound/noise-free-sound-0576.wav	noise	free-sound	3.7326	16000
musan/noise/free-sound/noise-free-sound-0577.wav	noise	free-sound	13.4531	16000
musan/noise/free-sound/noise-free-sound-0578.wav	noise	free-sound	19.3568	16000
musan/noise/free-sound/noise-free-sound-0579.wav	noise	free-sound	17.2661	16000
musan/noise/free-sound/noise-free-sound-0580.wav	noise	free-sound	135.6800	16000
musan/noise/free-sound/noise-free-sound-0581.wav	noise	free-sound	51.4863	16000
musan/noise/free-sound/noise-free-sound-0582.wav	noise	free-sound	1.4744	16000
musan/noise/free-sound/noise-free-sound-0583.wav	noise	free-sound	2.0438	16000
musan/noise/free-sound/noise-free-sound-0584.wav	noise	free-sound	15.7739	16000
musan/noise/free-sound/noise-free-sound-0585.wav	noise	free-sound	0.9288	16000
musan/noise/free-sound/noise-free-sound-0586.wav	noise	free-sound	10.8333	16000
musan/noise/free-sound/noise-free-sound-0587.wav	noise	free-sound	6.1227	16000
musan/noise/free-sound/noise-free-sound-0588.wav	noise	free-sound	5.8027	16000
musan/noise/free-sound/noise-free-sound-0589.wav	noise	free-sound	2.2465	16000
musan/noise/free-sound/noise-free-sound-0590.wav	noise	free-sound	3.7877	16000
musan/noise/free-sound/noise-free-sound-0591.wav	noise	free-sound	12.2569	16000
musan/noise/free-sound/noise-free-sound-0592.wav	noise	free-sound	32.8751	16000
musan/noise/free-sound/noise-free-sound-0593.wav	noise	free-sound	61.6490	16000
musan/noise/free-sound/noise-free-sound-0594.wav	noise	free-sound	141.1773	16000
musan/noise/free-sound/noise-free-sound-0595.wav	noise	free-sound	26.8986	16000
musan/noise/free-sound/noise-free-sound-0596.wav	noise	free-sound	13.3392	16000
musan/noise/free-sound/noise-free-sound-0597.wav	noise	free-sound	6.2432	16000
musan/noise/free-sound/noise-free-sound-0598.wav	noise	free-sound	57.9201	16000
musan/noise/free-sound/noise-free-sound-0599.wav	noise	free-sound	3.8400	16000
musan/noise/free-sound/noise-free-sound-0600.wav	noise	free-sound	45.3950	16000
musan/noise/free-sound/noise-free-sound-0601.wav	noise	free-sound	4.2399	16000
musan/noise/free-sound/noise-free-sound-0602.wav	noise	free-sound	4.1250	16000
musan/noise/free-sound/noise-free-sound-0603.wav	noise	free-sound	7.3741	16000
musan/noise/free-sound/noise-free-sound-0604.wav	noise	free-sound	7.3581	16000
musan/noise/free-sound/noise-free-sound-0605.wav	noise	free-sound	32.0000	16000
musan/noise/free-sound/noise-free-sound-0606.wav	noise	free-sound	88.8400	16000
musan/noise/free-sound/noise-free-sound-0607.wav	noise	free-sound	20.0098	16000
musan/noise/free-sound/noise-free-sound-0608.wav	noise	free-sound	3.5265	16000
musan/noise/free-sound/noise-free-sound-0609.wav	noise	free-sound	10.1616	16000
musan/noise/free-sound/noise-free-sound-0610.wav	noise	free-sound	11.1804	16000
musan/noise/free-sound/noise-free-sound-0611.wav	noise	free-sound	0.1270	16000
musan/noise/free-sound/noise-free-sound-0612.wav	noise	free-sound	11.0498	16000
musan/noise/free-sound/noise-free-sound-0613.wav	noise	free-sound	28.5518	16000
musan/noise/free-sound/noise-free-sound-0614.wav	noise	free-sound	30.0000	16000
musan/noise/free-sound/noise-free-sound-0615.wav	noise	free-sound	10.0829	16000
musan/noise/free-sound/noise-free-sound-0616.wav	noise	free-sound	22.6482	16000
musan/noise/free-sound/noise-free-sound-0617.wav	noise	free-sound	8.2027	16000
musan/noise/free-sound/noise-free-sound-0618.wav	noise	free-sound	3.0206	16000
musan/noise/free-sound/noise-free-sound-0619.wav	noise	free-sound	0.5454	16000
musan/noise/free-sound/noise-free-sound-0620.wav	noise	free-sound	11.5664	16000
musan/noise/free-sound/noise-free-sound-0621.wav	noise	free-sound	6.7244	16000
musan/noise/free-sound/noise-free-sound-0622.wav	noise	free-sound	11.9902	16000
musan/noise/free-sound/noise-free-sound-0623.wav	noise	free-sound	34.9518	16000
musan/noise/free-sound/noise-free-sound-0624.wav	noise	free-sound	0.1040	16000
musan/noise/free-sound/noise-free-sound-0625.wav	noise	free-sound	20.8196	16000
musan/noise/free-sound/noise-free-sound-0626.wav	noise	free-sound	1.3236	16000
musan/noise/free-sound/noise-free-sound-0627.wav	noise	free-sound	0.3135	16000
musan/noise/free-sound/noise-free-sound-0628.wav	noise	free-sound	29.0221	16000
musan/noise/free-sound/noise-free-sound-0629.wav	noise	free-sound	3.5000	16000
musan/noise/free-sound/noise-free-sound-0630.wav	noise	free-sound	3.1086	16000
musan/noise/free-sound/noise-free-sound-0631.wav	noise	free-sound	5.6000	16000
musan/noise/free-sound/noise-free-sound-0632.wav	noise	free-sound	2.5680	16000
musan/noise/free-sound/noise-free-sound-0633.wav	noise	free-sound	18.2726	16000
musan/noise/free-sound/noise-free-sound-0634.wav	noise	free-sound	64.0000	16000
musan/noise/free-sound/noise-free-sound-0635.wav	noise	free-sound	16.8760	16000
musan/noise/free-sound/noise-free-sound-0636.wav	noise	free-sound	31.3992	16000
musan/noise/free-sound/noise-free-sound-0637.wav	noise	free-sound	14.6842	16000
musan/noise/free-sound/noise-free-sound-0638.wav	noise	free-sound	5.5927	16000
musan/noise/free-sound/noise-free-sound-0639.wav	noise	free-sound	6.2038	16000
musan/noise/free-sound/noise-free-sound-0640.wav	noise	free-sound	32.7837	16000
musan/noise/free-sound/noise-free-sound-0641.wav	noise	free-sound	35.1347	16000
musan/noise/free-sound/noise-free-sound-0642.wav	noise	free-sound	4.4931	16000
musan/noise/free-sound/noise-free-sound-0643.wav	noise	free-sound	2.7843	16000
musan/noise/free-sound/noise-free-sound-0644.wav	noise	free-sound	94.5982	16000
musan/noise/free-sound/noise-free-sound-0645.wav	noise	free-sound	1.7241	16000
musan/noise/free-sound/noise-free-sound-0646.wav	noise	free-sound	35.8130	16000
musan/noise/free-sound/noise-free-sound-0647.wav	noise	free-sound	60.1034	16000
musan/noise/free-sound/noise-free-sound-0648.wav	noise	free-sound	12.2880	16000
musan/noise/free-sound/noise-free-sound-0649.wav	noise	free-sound	50.4279	16000
musan/noise/free-sound/noise-free-sound-0650.wav	noise	free-sound	16.2360	16000
musan/noise/free-sound/noise-free-sound-0651.wav	noise	free-sound	65.2095	16000
musan/noise/free-sound/noise-free-sound-0652.wav	noise	free-sound	5.6993	16000
musan/noise/free-sound/noise-free-sound-0653.wav	noise	free-sound	29.1250	16000
musan/noise/free-sound/noise-free-sound-0654.wav	noise	free-sound	5.9821	16000
musan/noise/free-sound/noise-free-sound-0655.wav	noise	free-sound	21.3400	16000
musan/noise/free-sound/noise-free-sound-0656.wav	noise	free-sound	4.8849	16000
musan/noise/free-sound/noise-free-sound-0657.wav	noise	free-sound	9.6671	16000
musan/noise/free-sound/noise-free-sound-0658.wav	noise	free-sound	19.0000	16000
musan/noise/free-sound/noise-free-sound-0659.wav	noise	free-sound	11.1242	16000
musan/noise/free-sound/noise-free-sound-0660.wav	noise	free-sound	41.8373	16000
musan/noise/free-sound/noise-free-sound-0661.wav	noise	free-sound	35.5151	16000
musan/noise/free-sound/noise-free-sound-0662.wav	noise	free-sound	1.4106	16000
musan/noise/free-sound/noise-free-sound-0663.wav	noise	free-sound	29.3544	16000
musan/noise/free-sound/noise-free-sound-0664.wav	noise	free-sound	15.6474	16000
musan/noise/free-sound/noise-free-sound-0665.wav	noise	free-sound	17.2669	16000
musan/noise/free-sound/noise-free-sound-0666.wav	noise	free-sound	13.6856	16000
musan/noise/free-sound/noise-free-sound-0667.wav	noise	free-sound	13.7598	16000
musan/noise/free-sound/noise-free-sound-0668.wav	noise	free-sound	4.0229	16000
musan/noise/free-sound/noise-free-sound-0669.wav	noise	free-sound	4.0229	16000
musan/noise/free-sound/noise-free-sound-0670.wav	noise	free-sound	4.7601	16000
musan/noise/free-sound/noise-free-sound-0671.wav	noise	free-sound	70.1910	16000
musan/noise/free-sound/noise-free-sound-0672.wav	noise	free-sound	6.2955	16000
musan/noise/free-sound/noise-free-sound-0673.wav	noise	free-sound	3.8298	16000
musan/noise/free-sound/noise-free-sound-0674.wav	noise	free-sound	31.1319	16000
musan/noise/free-sound/noise-free-sound-0675.wav	noise	free-sound	8.7691	16000
musan/noise/free-sound/noise-free-sound-0676.wav	noise	free-sound	2.1631	16000
musan/noise/free-sound/noise-free-sound-0677.wav	noise	free-sound	107.7600	16000
musan/noise/free-sound/noise-free-sound-0678.wav	noise	free-sound	2.0637	16000
musan/noise/free-sound/noise-free-sound-0679.wav	noise	free-sound	22.0000	16000
musan/noise/free-sound/noise-free-sound-0680.wav	noise	free-sound	14.5680	16000
musan/noise/free-sound/noise-free-sound-0681.wav	noise	free-sound	96.7053	16000
musan/noise/free-sound/noise-free-sound-0682.wav	noise	free-sound	18.1812	16000
musan/noise/free-sound/noise-free-sound-0683.wav	noise	free-sound	27.6160	16000
musan/noise/free-sound/noise-free-sound-0684.wav	noise	free-sound	139.0062	16000
musan/noise/free-sound/noise-free-sound-0685.wav	noise	free-sound	43.8786	16000
musan/noise/free-sound/noise-free-sound-0686.wav	noise	free-sound	15.6038	16000
musan/noise/free-sound/noise-free-sound-0687.wav	noise	free-sound	20.8021	16000
musan/noise/free-sound/noise-free-sound-0688.wav	noise	free-sound	19.2523	16000
musan/noise/free-sound/noise-free-sound-0689.wav	noise	free-sound	1.0500	16000
musan/noise/free-sound/noise-free-sound-0690.wav	noise	free-sound	5.2053	16000
musan/noise/free-sound/noise-free-sound-0691.wav	noise	free-sound	10.0693	16000
musan/noise/free-sound/noise-free-sound-0692.wav	noise	free-sound	0.9279	16000
musan/noise/free-sound/noise-free-sound-0693.wav	noise	free-sound	1.4106	16000
musan/noise/free-sound/noise-free-sound-0694.wav	noise	free-sound	19.8465	16000
musan/noise/free-sound/noise-free-sound-0695.wav	noise	free-sound	9.4238	16000
musan/noise/free-sound/noise-free-sound-0696.wav	noise	free-sound	29.5706	16000
musan/noise/free-sound/noise-free-sound-0697.wav	noise	free-sound	6.1126	16000
musan/noise/free-sound/noise-free-sound-0698.wav	noise	free-sound	76.1689	16000
musan/noise/free-sound/noise-free-sound-0699.wav	noise	free-sound	119.5102	16000
musan/noise/free-sound/noise-free-sound-0700.wav	noise	free-sound	41.0400	16000
musan/noise/free-sound/noise-free-sound-0701.wav	noise	free-sound	6.0576	16000
musan/noise/free-sound/noise-free-sound-0702.wav	noise	free-sound	21.8122	16000
musan/noise/free-sound/noise-free-sound-0703.wav	noise	free-sound	8.1931	16000
musan/noise/free-sound/noise-free-sound-0704.wav	noise	free-sound	20.1600	16000
musan/noise/free-sound/noise-free-sound-0705.wav	noise	free-sound	11.3307	16000
musan/noise/free-sound/noise-free-sound-0706.wav	noise	free-sound	28.2906	16000
musan/noise/free-sound/noise-free-sound-0707.wav	noise	free-sound	40.0718	16000
musan/noise/free-sound/noise-free-sound-0708.wav	noise	free-sound	63.0596	16000
musan/noise/free-sound/noise-free-sound-0709.wav	noise	free-sound	31.8577	16000
musan/noise/free-sound/noise-free-sound-0710.wav	noise	free-sound	45.7404	16000
musan/noise/free-sound/noise-free-sound-0711.wav	noise	free-sound	0.3927	16000
musan/noise/free-sound/noise-free-sound-0712.wav	noise	free-sound	2.8474	16000
musan/noise/free-sound/noise-free-sound-0713.wav	noise	free-sound	1.6979	16000
musan/noise/free-sound/noise-free-sound-0714.wav	noise	free-sound	1.1233	16000
musan/noise/free-sound/noise-free-sound-0715.wav	noise	free-sound	60.0555	16000
musan/noise/free-sound/noise-free-sound-0716.wav	noise	free-sound	0.6240	16000
musan/noise/free-sound/noise-free-sound-0717.wav	noise	free-sound	5.9821	16000
musan/noise/free-sound/noise-free-sound-0718.wav	noise	free-sound	13.0351	16000
musan/noise/free-sound/noise-free-sound-0719.wav	noise	free-sound	7.0008	16000
musan/noise/free-sound/noise-free-sound-0720.wav	noise	free-sound	10.7363	16000
musan/noise/free-sound/noise-free-sound-0721.wav	noise	free-sound	9.0300	16000
musan/noise/free-sound/noise-free-sound-0722.wav	noise	free-sound	7.7700	16000
musan/noise/free-sound/noise-free-sound-0723.wav	noise	free-sound	89.7219	16000
musan/noise/free-sound/noise-free-sound-0724.wav	noise	free-sound	0.9109	16000
musan/noise/free-sound/noise-free-sound-0725.wav	noise	free-sound	33.2296	16000
musan/noise/free-sound/noise-free-sound-0726.wav	noise	free-sound	120.0138	16000
musan/noise/free-sound/noise-free-sound-0727.wav	noise	free-sound	29.0220	16000
musan/noise/free-sound/noise-free-sound-0728.wav	noise	free-sound	123.8400	16000
musan/noise/free-sound/noise-free-sound-0729.wav	noise	free-sound	187.1413	16000
musan/noise/free-sound/noise-free-sound-0730.wav	noise	free-sound	1.4890	16000
musan/noise/free-sound/noise-free-sound-0731.wav	noise	free-sound	1.4367	16000
musan/noise/free-sound/noise-free-sound-0732.wav	noise	free-sound	31.7387	16000
musan/noise/free-sound/noise-free-sound-0733.wav	noise	free-sound	31.9477	16000
musan/noise/free-sound/noise-free-sound-0734.wav	noise	free-sound	21.1592	16000
musan/noise/free-sound/noise-free-sound-0735.wav	noise	free-sound	21.8122	16000
musan/noise/free-sound/noise-free-sound-0736.wav	noise	free-sound	0.9194	16000
musan/noise/free-sound/noise-free-sound-0737.wav	noise	free-sound	4.8469	16000
musan/noise/free-sound/noise-free-sound-0738.wav	noise	free-sound	27.8987	16000
musan/noise/free-sound/noise-free-sound-0739.wav	noise	free-sound	19.2240	16000
musan/noise/free-sound/noise-free-sound-0740.wav	noise	free-sound	64.0714	16000
musan/noise/free-sound/noise-free-sound-0741.wav	noise	free-sound	18.6960	16000
musan/noise/free-sound/noise-free-sound-0742.wav	noise	free-sound	22.5437	16000
musan/noise/free-sound/noise-free-sound-0743.wav	noise	free-sound	43.9641	16000
musan/noise/free-sound/noise-free-sound-0744.wav	noise	free-sound	1.0449	16000
musan/noise/free-sound/noise-free-sound-0745.wav	noise	free-sound	4.7333	16000
musan/noise/free-sound/noise-free-sound-0746.wav	noise	free-sound	0.2270	16000
musan/noise/free-sound/noise-free-sound-0747.wav	noise	free-sound	17.4237	16000
musan/noise/free-sound/noise-free-sound-0748.wav	noise	free-sound	5.6400	16000
musan/noise/free-sound/noise-free-sound-0749.wav	noise	free-sound	1.0000	16000
musan/noise/free-sound/noise-free-sound-0750.wav	noise	free-sound	5.4596	16000
musan/noise/free-sound/noise-free-sound-0751.wav	noise	free-sound	1.4464	16000
musan/noise/free-sound/noise-free-sound-0752.wav	noise	free-sound	33.6083	16000
musan/noise/free-sound/noise-free-sound-0753.wav	noise	free-sound	24.6960	16000
musan/noise/free-sound/noise-free-sound-0754.wav	noise	free-sound	80.7232	16000
musan/noise/free-sound/noise-free-sound-0755.wav	noise	free-sound	14.4196	16000
musan/noise/free-sound/noise-free-sound-0756.wav	noise	free-sound	4.1588	16000
musan/noise/free-sound/noise-free-sound-0757.wav	noise	free-sound	13.7665	16000
musan/noise/free-sound/noise-free-sound-0758.wav	noise	free-sound	12.6444	16000
musan/noise/free-sound/noise-free-sound-0759.wav	noise	free-sound	2.7314	16000
musan/noise/free-sound/noise-free-sound-0760.wav	noise	free-sound	0.6233	16000
musan/noise/free-sound/noise-free-sound-0761.wav	noise	free-sound	32.3991	16000
musan/noise/free-sound/noise-free-sound-0762.wav	noise	free-sound	12.8000	16000
musan/noise/free-sound/noise-free-sound-0763.wav	noise	free-sound	20.4916	16000
musan/noise/free-sound/noise-free-sound-0764.wav	noise	free-sound	0.0646	16000
musan/noise/free-sound/noise-free-sound-0765.wav	noise	free-sound	0.2028	16000
musan/noise/free-sound/noise-free-sound-0766.wav	noise	free-sound	0.0261	16000
musan/noise/free-sound/noise-free-sound-0767.wav	noise	free-sound	29.6386	16000
musan/noise/free-sound/noise-free-sound-0768.wav	noise	free-sound	0.4229	16000
musan/noise/free-sound/noise-free-sound-0769.wav	noise	free-sound	25.7616	16000
musan/noise/free-sound/noise-free-sound-0770.wav	noise	free-sound	55.5624	16000
musan/noise/free-sound/noise-free-sound-0771.wav	noise	free-sound	3.1579	16000
musan/noise/free-sound/noise-free-sound-0772.wav	noise	free-sound	4.6536	16000
musan/noise/free-sound/noise-free-sound-0773.wav	noise	free-sound	9.0454	16000
musan/noise/free-sound/noise-free-sound-0774.wav	noise	free-sound	3.1472	16000
musan/noise/free-sound/noise-free-sound-0775.wav	noise	free-sound	29.5102	16000
musan/noise/free-sound/noise-free-sound-0776.wav	noise	free-sound	15.6619	16000
musan/noise/free-sound/noise-free-sound-0777.wav	noise	free-sound	6.9224	16000
musan/noise/free-sound/noise-free-sound-0778.wav	noise	free-sound	18.2613	16000
musan/noise/free-sound/noise-free-sound-0779.wav	noise	free-sound	12.5126	16000
musan/noise/free-sound/noise-free-sound-0780.wav	noise	free-sound	30.2759	16000
musan/noise/free-sound/noise-free-sound-0781.wav	noise	free-sound	60.7201	16000
musan/noise/free-sound/noise-free-sound-0782.wav	noise	free-sound	9.8987	16000
musan/noise/free-sound/noise-free-sound-0783.wav	noise	free-sound	8.6146	16000
musan/noise/free-sound/noise-free-sound-0784.wav	noise	free-sound	35.8041	16000
musan/noise/free-sound/noise-free-sound-0785.wav	noise	free-sound	26.9199	16000
musan/noise/free-sound/noise-free-sound-0786.wav	noise	free-sound	19.8000	16000
musan/noise/free-sound/noise-free-sound-0787.wav	noise	free-sound	34.9853	16000
musan/noise/free-sound/noise-free-sound-0788.wav	noise	free-sound	34.8718	16000
musan/noise/free-sound/noise-free-sound-0789.wav	noise	free-sound	8.8515	16000
musan/noise/free-sound/noise-free-sound-0790.wav	noise	free-sound	16.1381	16000
musan/noise/free-sound/noise-free-sound-0791.wav	noise	free-sound	9.0000	16000
musan/noise/free-sound/noise-free-sound-0792.wav	noise	free-sound	41.5869	16000
musan/noise/free-sound/noise-free-sound-0793.wav	noise	free-sound	9.4302	16000
musan/noise/free-sound/noise-free-sound-0794.wav	noise	free-sound	4.4341	16000
musan/noise/free-sound/noise-free-sound-0795.wav	noise	free-sound	45.8141	16000
musan/noise/free-sound/noise-free-sound-0796.wav	noise	free-sound	10.2400	16000
musan/noise/free-sound/noise-free-sound-0797.wav	noise	free-sound	16.3840	16000
musan/noise/free-sound/noise-free-sound-0798.wav	noise	free-sound	12.9707	16000
musan/noise/free-sound/noise-free-sound-0799.wav	noise	free-sound	5.6319	16000
musan/noise/free-sound/noise-free-sound-0800.wav	noise	free-sound	9.6000	16000
musan/noise/free-sound/noise-free-sound-0801.wav	noise	free-sound	6.0107	16000
musan/noise/free-sound/noise-free-sound-0802.wav	noise	free-sound	5.1245	16000
musan/noise/free-sound/noise-free-sound-0803.wav	noise	free-sound	14.0277	16000
musan/noise/free-sound/noise-free-sound-0804.wav	noise	free-sound	59.6985	16000
musan/noise/free-sound/noise-free-sound-0805.wav	noise	free-sound	15.1600	16000
musan/noise/free-sound/noise-free-sound-0806.wav	noise	free-sound	11.7812	16000
musan/noise/free-sound/noise-free-sound-0807.wav	noise	free-sound	4.1013	16000
musan/noise/free-sound/noise-free-sound-0808.wav	noise	free-sound	1.6979	16000
musan/noise/free-sound/noise-free-sound-0809.wav	noise	free-sound	25.1298	16000
musan/noise/free-sound/noise-free-sound-0810.wav	noise	free-sound	4.0084	16000
musan/noise/free-sound/noise-free-sound-0811.wav	noise	free-sound	7.9761	16000
musan/noise/free-sound/noise-free-sound-0812.wav	noise	free-sound	12.1980	16000
musan/noise/free-sound/noise-free-sound-0813.wav	noise	free-sound	78.8018	16000
musan/noise/free-sound/noise-free-sound-0814.wav	noise	free-sound	15.6616	16000
musan/noise/free-sound/noise-free-sound-0815.wav	noise	free-sound	2.4718	16000
musan/noise/free-sound/noise-free-sound-0816.wav	noise	free-sound	1.3246	16000
musan/noise/free-sound/noise-free-sound-0817.wav	noise	free-sound	1.6123	16000
musan/noise/free-sound/noise-free-sound-0818.wav	noise	free-sound	57.6784	16000
musan/noise/free-sound/noise-free-sound-0819.wav	noise	free-sound	109.9043	16000
musan/noise/free-sound/noise-free-sound-0820.wav	noise	free-sound	18.4509	16000
musan/noise/free-sound/noise-free-sound-0821.wav	noise	free-sound	3.3437	16000
musan/noise/free-sound/noise-free-sound-0822.wav	noise	free-sound	4.9894	16000
musan/noise/free-sound/noise-free-sound-0823.wav	noise	free-sound	2.7491	16000
musan/noise/free-sound/noise-free-sound-0824.wav	noise	free-sound	33.1232	16000
musan/noise/free-sound/noise-free-sound-0825.wav	noise	free-sound	2.6736	16000
musan/noise/free-sound/noise-free-sound-0826.wav	noise	free-sound	11.1817	16000
musan/noise/free-sound/noise-free-sound-0827.wav	noise	free-sound	0.5480	16000
musan/noise/free-sound/noise-free-sound-0828.wav	noise	free-sound	60.0816	16000
musan/noise/free-sound/noise-free-sound-0829.wav	noise	free-sound	6.7504	16000
musan/noise/free-sound/noise-free-sound-0830.wav	noise	free-sound	0.9582	16000
musan/noise/free-sound/noise-free-sound-0831.wav	noise	free-sound	11.4416	16000
musan/noise/free-sound/noise-free-sound-0832.wav	noise	free-sound	14.9421	16000
musan/noise/free-sound/noise-free-sound-0833.wav	noise	free-sound	4.9737	16000
musan/noise/free-sound/noise-free-sound-0834.wav	noise	free-sound	17.0667	16000
musan/noise/free-sound/noise-free-sound-0835.wav	noise	free-sound	5.0516	16000
musan/noise/free-sound/noise-free-sound-0836.wav	noise	free-sound	64.8960	16000
musan/noise/free-sound/noise-free-sound-0837.wav	noise	free-sound	13.6533	16000
musan/noise/free-sound/noise-free-sound-0838.wav	noise	free-sound	1.0029	16000
musan/noise/free-sound/noise-free-sound-0839.wav	noise	free-sound	2.1421	16000
musan/noise/free-sound/noise-free-sound-0840.wav	noise	free-sound	70.1910	16000
musan/noise/free-sound/noise-free-sound-0841.wav	noise	free-sound	90.0000	16000
musan/noise/free-sound/noise-free-sound-0842.wav	noise	free-sound	300.0000	16000
musan/noise/sound-bible/noise-sound-bible-0000.wav	noise	sound-bible	6.7499	16000
musan/noise/sound-bible/noise-sound-bible-0001.wav	noise	sound-bible	2.0630	16000
musan/noise/sound-bible/noise-sound-bible-0002.wav	noise	sound-bible	1.0440	16000
musan/noise/sound-bible/noise-sound-bible-0003.wav	noise	sound-bible	6.5568	16000
musan/noise/sound-bible/noise-sound-bible-0004.wav	noise	sound-bible	11.0490	16000
musan/noise/sound-bible/noise-sound-bible-0005.wav	noise	sound-bible	12.4080	16000
musan/noise/sound-bible/noise-sound-bible-0006.wav	noise	sound-bible	0.7680	16000
musan/noise/sound-bible/noise-sound-bible-0007.wav	noise	sound-bible	21.0600	16000
musan/noise/sound-bible/noise-sound-bible-0008.wav	noise	sound-bible	9.2470	16000
musan/noise/sound-bible/noise-sound-bible-0009.wav	noise	sound-bible	2.1150	16000
musan/noise/sound-bible/noise-sound-bible-0010.wav	noise	sound-bible	7.4970	16000
musan/noise/sound-bible/noise-sound-bible-0011.wav	noise	sound-bible	5.0930	16000
musan/noise/sound-bible/noise-sound-bible-0012.wav	noise	sound-bible	3.1340	16000
musan/noise/sound-bible/noise-sound-bible-0013.wav	noise	sound-bible	5.1200	16000
musan/noise/sound-bible/noise-sound-bible-0014.wav	noise	sound-bible	27.5060	16000
musan/noise/sound-bible/noise-sound-bible-0015.wav	noise	sound-bible	22.2300	16000
musan/noise/sound-bible/noise-sound-bible-0016.wav	noise	sound-bible	7.0260	16000
musan/noise/sound-bible/noise-sound-bible-0017.wav	noise	sound-bible	3.2392	16000
musan/noise/sound-bible/noise-sound-bible-0018.wav	noise	sound-bible	3.6830	16000
musan/noise/sound-bible/noise-sound-bible-0019.wav	noise	sound-bible	6.9220	16000
musan/noise/sound-bible/noise-sound-bible-0020.wav	noise	sound-bible	4.3360	16000
musan/noise/sound-bible/noise-sound-bible-0021.wav	noise	sound-bible	12.7210	16000
musan/noise/sound-bible/noise-sound-bible-0022.wav	noise	sound-bible	4.1530	16000
musan/noise/sound-bible/noise-sound-bible-0023.wav	noise	sound-bible	2.5600	16000
musan/noise/sound-bible/noise-sound-bible-0024.wav	noise	sound-bible	2.4550	16000
musan/noise/sound-bible/noise-sound-bible-0025.wav	noise	sound-bible	5.5370	16000
musan/noise/sound-bible/noise-sound-bible-0026.wav	noise	sound-bible	0.6530	16000
musan/noise/sound-bible/noise-sound-bible-0027.wav	noise	sound-bible	3.0040	16000
musan/noise/sound-bible/noise-sound-bible-0028.wav	noise	sound-bible	12.6170	16000
musan/noise/sound-bible/noise-sound-bible-0029.wav	noise	sound-bible	3.0041	16000
musan/noise/sound-bible/noise-sound-bible-0030.wav	noise	sound-bible	14.8890	16000
musan/noise/sound-bible/noise-sound-bible-0031.wav	noise	sound-bible	9.7690	16000
musan/noise/sound-bible/noise-sound-bible-0032.wav	noise	sound-bible	25.1520	16000
musan/noise/sound-bible/noise-sound-bible-0033.wav	noise	sound-bible	6.6870	16000
musan/noise/sound-bible/noise-sound-bible-0034.wav	noise	sound-bible	20.2188	16000
musan/noise/sound-bible/noise-sound-bible-0035.wav	noise	sound-bible	6.5045	16000
musan/noise/sound-bible/noise-sound-bible-0036.wav	noise	sound-bible	20.0350	16000
musan/noise/sound-bible/noise-sound-bible-0037.wav	noise	sound-bible	1.0440	16000
musan/noise/sound-bible/noise-sound-bible-0038.wav	noise	sound-bible	16.2480	16000
musan/noise/sound-bible/noise-sound-bible-0039.wav	noise	sound-bible	4.0480	16000
musan/noise/sound-bible/noise-sound-bible-0040.wav	noise	sound-bible	9.1420	16000
musan/noise/sound-bible/noise-sound-bible-0041.wav	noise	sound-bible	2.6380	16000
musan/noise/sound-bible/noise-sound-bible-0042.wav	noise	sound-bible	6.2690	16000
musan/noise/sound-bible/noise-sound-bible-0043.wav	noise	sound-bible	23.9280	16000
musan/noise/sound-bible/noise-sound-bible-0044.wav	noise	sound-bible	30.0408	16000
musan/noise/sound-bible/noise-sound-bible-0045.wav	noise	sound-bible	61.4139	16000
musan/noise/sound-bible/noise-sound-bible-0046.wav	noise	sound-bible	0.8098	16000
musan/noise/sound-bible/noise-sound-bible-0047.wav	noise	sound-bible	6.1640	16000
musan/noise/sound-bible/noise-sound-bible-0048.wav	noise	sound-bible	62.6416	16000
musan/noise/sound-bible/noise-sound-bible-0049.wav	noise	sound-bible	49.3453	16000
musan/noise/sound-bible/noise-sound-bible-0050.wav	noise	sound-bible	1.0560	16000
musan/noise/sound-bible/noise-sound-bible-0051.wav	noise	sound-bible	2.0630	16000
musan/noise/sound-bible/noise-sound-bible-0052.wav	noise	sound-bible	6.7650	16000
musan/noise/sound-bible/noise-sound-bible-0053.wav	noise	sound-bible	12.8780	16000
musan/noise/sound-bible/noise-sound-bible-0054.wav	noise	sound-bible	37.1720	16000
musan/noise/sound-bible/noise-sound-bible-0055.wav	noise	sound-bible	18.1020	16000
musan/noise/sound-bible/noise-sound-bible-0056.wav	noise	sound-bible	7.8880	16000
musan/noise/sound-bible/noise-sound-bible-0057.wav	noise	sound-bible	4.1796	16000
musan/noise/sound-bible/noise-sound-bible-0058.wav	noise	sound-bible	1.3320	16000
musan/noise/sound-bible/noise-sound-bible-0059.wav	noise	sound-bible	49.5280	16000
musan/noise/sound-bible/noise-sound-bible-0060.wav	noise	sound-bible	45.1390	16000
musan/noise/sound-bible/noise-sound-bible-0061.wav	noise	sound-bible	19.4640	16000
musan/noise/sound-bible/noise-sound-bible-0062.wav	noise	sound-bible	15.9080	16000
musan/noise/sound-bible/noise-sound-bible-0063.wav	noise	sound-bible	14.3935	16000
musan/noise/sound-bible/noise-sound-bible-0064.wav	noise	sound-bible	2.8470	16000
musan/noise/sound-bible/noise-sound-bible-0065.wav	noise	sound-bible	7.2350	16000
musan/noise/sound-bible/noise-sound-bible-0066.wav	noise	sound-bible	2.7160	16000
musan/noise/sound-bible/noise-sound-bible-0067.wav	noise	sound-bible	27.7421	16000
musan/noise/sound-bible/noise-sound-bible-0068.wav	noise	sound-bible	5.7840	16000
musan/noise/sound-bible/noise-sound-bible-0069.wav	noise	sound-bible	1.1750	16000
musan/noise/sound-bible/noise-sound-bible-0070.wav	noise	sound-bible	2.0630	16000
musan/noise/sound-bible/noise-sound-bible-0071.wav	noise	sound-bible	4.0490	16000
musan/noise/sound-bible/noise-sound-bible-0072.wav	noise	sound-bible	4.8320	16000
musan/noise/sound-bible/noise-sound-bible-0073.wav	noise	sound-bible	7.8960	16000
musan/noise/sound-bible/noise-sound-bible-0074.wav	noise	sound-bible	2.0630	16000
musan/noise/sound-bible/noise-sound-bible-0075.wav	noise	sound-bible	32.6790	16000
musan/noise/sound-bible/noise-sound-bible-0076.wav	noise	sound-bible	57.7040	16000
musan/noise/sound-bible/noise-sound-bible-0077.wav	noise	sound-bible	5.1460	16000
musan/noise/sound-bible/noise-sound-bible-0078.wav	noise	sound-bible	23.4057	16000
musan/noise/sound-bible/noise-sound-bible-0079.wav	noise	sound-bible	21.3940	16000
musan/noise/sound-bible/noise-sound-bible-0080.wav	noise	sound-bible	4.7020	16000
musan/noise/sound-bible/noise-sound-bible-0081.wav	noise	sound-bible	16.8480	16000
musan/noise/sound-bible/noise-sound-bible-0082.wav	noise	sound-bible	3.6040	16000
musan/noise/sound-bible/noise-sound-bible-0083.wav	noise	sound-bible	58.6187	16000
musan/noise/sound-bible/noise-sound-bible-0084.wav	noise	sound-bible	8.0450	16000
musan/noise/sound-bible/noise-sound-bible-0085.wav	noise	sound-bible	2.0630	16000
musan/noise/sound-bible/noise-sound-bible-0086.wav	noise	sound-bible	0.5520	16000
musan/speech/librivox/speech-librivox-0000.wav	speech	librivox	444.0294	16000
musan/speech/librivox/speech-librivox-0001.wav	speech	librivox	79.9347	16000
musan/speech/librivox/speech-librivox-0002.wav	speech	librivox	253.7274	16000
musan/speech/librivox/speech-librivox-0003.wav	speech	librivox	234.5796	16000
musan/speech/librivox/speech-librivox-0004.wav	speech	librivox	214.0474	16000
musan/speech/librivox/speech-librivox-0005.wav	speech	librivox	157.1788	16000
musan/speech/librivox/speech-librivox-0006.wav	speech	librivox	443.4808	16000
musan/speech/librivox/speech-librivox-0007.wav	speech	librivox	411.3241	16000
musan/speech/librivox/speech-librivox-0008.wav	speech	librivox	418.0114	16000
musan/speech/librivox/speech-librivox-0009.wav	speech	librivox	63.6343	16000
musan/speech/librivox/speech-librivox-0010.wav	speech	librivox	652.1992	16000
musan/speech/librivox/speech-librivox-0011.wav	speech	librivox	427.4939	16000
musan/speech/librivox/speech-librivox-0012.wav	speech	librivox	815.9869	16000
musan/speech/librivox/speech-librivox-0013.wav	speech	librivox	871.2098	16000
musan/speech/librivox/speech-librivox-0014.wav	speech	librivox	718.3412	16000
musan/speech/librivox/speech-librivox-0015.wav	speech	librivox	591.6735	16000
musan/speech/librivox/speech-librivox-0016.wav	speech	librivox	630.2302	16000
musan/speech/librivox/speech-librivox-0017.wav	speech	librivox	296.7771	16000
musan/speech/librivox/speech-librivox-0018.wav	speech	librivox	690.9910	16000
musan/speech/librivox/speech-librivox-0019.wav	speech	librivox	658.8604	16000
musan/speech/librivox/speech-librivox-0020.wav	speech	librivox	638.5633	16000
musan/speech/librivox/speech-librivox-0021.wav	speech	librivox	434.1812	16000
musan/speech/librivox/speech-librivox-0022.wav	speech	librivox	624.9013	16000
musan/speech/librivox/speech-librivox-0023.wav	speech	librivox	632.5551	16000
musan/speech/librivox/speech-librivox-0024.wav	speech	librivox	442.2792	16000
musan/speech/librivox/speech-librivox-0025.wav	speech	librivox	298.3184	16000
musan/speech/librivox/speech-librivox-0026.wav	speech	librivox	1047.9543	16000
musan/speech/librivox/speech-librivox-0027.wav	speech	librivox	318.0147	16000
musan/speech/librivox/speech-librivox-0028.wav	speech	librivox	290.0637	16000
musan/speech/librivox/speech-librivox-0029.wav	speech	librivox	377.0776	16000
musan/speech/librivox/speech-librivox-0030.wav	speech	librivox	589.9755	16000
musan/speech/librivox/speech-librivox-0031.wav	speech	librivox	80.6139	16000
musan/speech/librivox/speech-librivox-0032.wav	speech	librivox	375.7192	16000
musan/speech/librivox/speech-librivox-0033.wav	speech	librivox	639.0857	16000
musan/speech/librivox/speech-librivox-0034.wav	speech	librivox	740.4147	16000
musan/speech/librivox/speech-librivox-0035.wav	speech	librivox	553.1690	16000
musan/speech/librivox/speech-librivox-0036.wav	speech	librivox	527.1510	16000
musan/speech/librivox/speech-librivox-0037.wav	speech	librivox	541.5706	16000
musan/speech/librivox/speech-librivox-0038.wav	speech	librivox	586.5535	16000
musan/speech/librivox/speech-librivox-0039.wav	speech	librivox	146.2074	16000
musan/speech/librivox/speech-librivox-0040.wav	speech	librivox	273.7110	16000
musan/speech/librivox/speech-librivox-0041.wav	speech	librivox	498.2074	16000
musan/speech/librivox/speech-librivox-0042.wav	speech	librivox	332.6955	16000
musan/speech/librivox/speech-librivox-0043.wav	speech	librivox	448.8882	16000
musan/speech/librivox/speech-librivox-0044.wav	speech	librivox	486.4000	16000
musan/speech/librivox/speech-librivox-0045.wav	speech	librivox	567.0661	16000
musan/speech/librivox/speech-librivox-0046.wav	speech	librivox	351.7126	16000
musan/speech/librivox/speech-librivox-0047.wav	speech	librivox	528.5355	16000
musan/speech/librivox/speech-librivox-0048.wav	speech	librivox	696.3984	16000
musan/speech/librivox/speech-librivox-0049.wav	speech	librivox	691.7747	16000
musan/speech/librivox/speech-librivox-0050.wav	speech	librivox	474.2269	16000
musan/speech/librivox/speech-librivox-0051.wav	speech	librivox	315.5592	16000
musan/speech/librivox/speech-librivox-0052.wav	speech	librivox	795.4024	16000
musan/speech/librivox/speech-librivox-0053.wav	speech	librivox	205.0613	16000
musan/speech/librivox/speech-librivox-0054.wav	speech	librivox	282.8016	16000
musan/speech/librivox/speech-librivox-0055.wav	speech	librivox	328.0457	16000
musan/speech/librivox/speech-librivox-0056.wav	speech	librivox	161.8808	16000
musan/speech/librivox/speech-librivox-0057.wav	speech	librivox	578.2726	16000
musan/speech/librivox/speech-librivox-0058.wav	speech	librivox	642.7429	16000
musan/speech/librivox/speech-librivox-0059.wav	speech	librivox	583.7061	16000
musan/speech/librivox/speech-librivox-0060.wav	speech	librivox	604.9437	16000
musan/speech/librivox/speech-librivox-0061.wav	speech	librivox	980.1143	16000
musan/speech/librivox/speech-librivox-0062.wav	speech	librivox	361.9526	16000
musan/speech/librivox/speech-librivox-0063.wav	speech	librivox	520.0196	16000
musan/speech/librivox/speech-librivox-0064.wav	speech	librivox	598.4392	16000
musan/speech/librivox/speech-librivox-0065.wav	speech	librivox	132.0490	16000
musan/speech/librivox/speech-librivox-0066.wav	speech	librivox	322.1159	16000
musan/speech/librivox/speech-librivox-0067.wav	speech	librivox	226.2726	16000
musan/speech/librivox/speech-librivox-0068.wav	speech	librivox	253.4139	16000
musan/speech/librivox/speech-librivox-0069.wav	speech	librivox	411.1151	16000
musan/speech/librivox/speech-librivox-0070.wav	speech	librivox	676.8587	16000
musan/speech/librivox/speech-librivox-0071.wav	speech	librivox	397.5053	16000
musan/speech/librivox/speech-librivox-0072.wav	speech	librivox	329.9265	16000
musan/speech/librivox/speech-librivox-0073.wav	speech	librivox	414.0931	16000
musan/speech/librivox/speech-librivox-0074.wav	speech	librivox	226.7167	16000
musan/speech/librivox/speech-librivox-0075.wav	speech	librivox	312.7641	16000
musan/speech/librivox/speech-librivox-0076.wav	speech	librivox	222.2237	16000
musan/speech/librivox/speech-librivox-0077.wav	speech	librivox	166.8702	16000
musan/speech/librivox/speech-librivox-0078.wav	speech	librivox	410.8800	16000
musan/speech/librivox/speech-librivox-0079.wav	speech	librivox	254.1453	16000
musan/speech/librivox/speech-librivox-0080.wav	speech	librivox	634.4098	16000
musan/speech/librivox/speech-librivox-0081.wav	speech	librivox	183.4318	16000
musan/speech/librivox/speech-librivox-0082.wav	speech	librivox	248.4245	16000
musan/speech/librivox/speech-librivox-0083.wav	speech	librivox	536.2677	16000
musan/speech/librivox/speech-librivox-0084.wav	speech	librivox	391.3143	16000
musan/speech/librivox/speech-librivox-0085.wav	speech	librivox	593.1886	16000
musan/speech/librivox/speech-librivox-0086.wav	speech	librivox	365.4531	16000
musan/speech/librivox/speech-librivox-0087.wav	speech	librivox	565.1331	16000
musan/speech/librivox/speech-librivox-0088.wav	speech	librivox	304.2482	16000
musan/speech/librivox/speech-librivox-0089.wav	speech	librivox	145.0579	16000
musan/speech/librivox/speech-librivox-0090.wav	speech	librivox	607.8694	16000
musan/speech/librivox/speech-librivox-0091.wav	speech	librivox	56.2677	16000
musan/speech/librivox/speech-librivox-0092.wav	speech	librivox	238.5120	16000
musan/speech/librivox/speech-librivox-0093.wav	speech	librivox	314.1486	16000
musan/speech/librivox/speech-librivox-0094.wav	speech	librivox	176.5355	16000
musan/speech/librivox/speech-librivox-0095.wav	speech	librivox	548.0751	16000
musan/speech/librivox/speech-librivox-0096.wav	speech	librivox	377.0253	16000
musan/speech/librivox/speech-librivox-0097.wav	speech	librivox	345.9918	16000
musan/speech/librivox/speech-librivox-0098.wav	speech	librivox	349.5184	16000
musan/speech/librivox/speech-librivox-0099.wav	speech	librivox	369.9461	16000
musan/speech/librivox/speech-librivox-0100.wav	speech	librivox	259.5526	16000
musan/speech/librivox/speech-librivox-0101.wav	speech	librivox	196.6498	16000
musan/speech/librivox/speech-librivox-0102.wav	speech	librivox	545.5412	16000
musan/speech/librivox/speech-librivox-0103.wav	speech	librivox	307.2000	16000
musan/speech/librivox/speech-librivox-0104.wav	speech	librivox	196.2318	16000
musan/speech/librivox/speech-librivox-0105.wav	speech	librivox	265.3779	16000
musan/speech/librivox/speech-librivox-0106.wav	speech	librivox	168.4637	16000
musan/speech/librivox/speech-librivox-0107.wav	speech	librivox	467.1477	16000
musan/speech/librivox/speech-librivox-0108.wav	speech	librivox	436.6368	16000
musan/speech/librivox/speech-librivox-0109.wav	speech	librivox	211.1478	16000
musan/speech/librivox/speech-librivox-0110.wav	speech	librivox	64.1568	16000
musan/speech/librivox/speech-librivox-0111.wav	speech	librivox	258.8996	16000
musan/speech/librivox/speech-librivox-0112.wav	speech	librivox	576.6008	16000
musan/speech/librivox/speech-librivox-0113.wav	speech	librivox	404.8979	16000
musan/speech/librivox/speech-librivox-0114.wav	speech	librivox	131.2653	16000
musan/speech/librivox/speech-librivox-0115.wav	speech	librivox	231.7061	16000
musan/speech/librivox/speech-librivox-0116.wav	speech	librivox	889.7045	16000
musan/speech/librivox/speech-librivox-0117.wav	speech	librivox	415.2960	16000
musan/speech/librivox/speech-librivox-0118.wav	speech	librivox	415.2686	16000
musan/speech/librivox/speech-librivox-0119.wav	speech	librivox	681.0906	16000
musan/speech/librivox/speech-librivox-0120.wav	speech	librivox	668.5518	16000
musan/speech/librivox/speech-librivox-0121.wav	speech	librivox	505.4171	16000
musan/speech/librivox/speech-librivox-0122.wav	speech	librivox	1004.6955	16000
musan/speech/librivox/speech-librivox-0123.wav	speech	librivox	197.9821	16000
musan/speech/librivox/speech-librivox-0124.wav	speech	librivox	202.3706	16000
musan/speech/librivox/speech-librivox-0125.wav	speech	librivox	241.1886	16000
musan/speech/librivox/speech-librivox-0126.wav	speech	librivox	194.0898	16000
musan/speech/librivox/speech-librivox-0127.wav	speech	librivox	380.6302	16000
musan/speech/librivox/speech-librivox-0128.wav	speech	librivox	79.8041	16000
musan/speech/librivox/speech-librivox-0129.wav	speech	librivox	81.7110	16000
musan/speech/librivox/speech-librivox-0130.wav	speech	librivox	121.3910	16000
musan/speech/librivox/speech-librivox-0131.wav	speech	librivox	433.6326	16000
musan/speech/librivox/speech-librivox-0132.wav	speech	librivox	62.2498	16000
musan/speech/librivox/speech-librivox-0133.wav	speech	librivox	499.3045	16000
musan/speech/librivox/speech-librivox-0134.wav	speech	librivox	787.8269	16000
musan/speech/librivox/speech-librivox-0135.wav	speech	librivox	180.0098	16000
musan/speech/librivox/speech-librivox-0136.wav	speech	librivox	669.2880	16000
musan/speech/librivox/speech-librivox-0137.wav	speech	librivox	658.1290	16000
musan/speech/librivox/speech-librivox-0138.wav	speech	librivox	162.4294	16000
musan/speech/librivox/speech-librivox-0139.wav	speech	librivox	108.7216	16000
musan/speech/librivox/speech-librivox-0140.wav	speech	librivox	251.4024	16000
musan/speech/librivox/speech-librivox-0141.wav	speech	librivox	81.4237	16000
musan/speech/librivox/speech-librivox-0142.wav	speech	librivox	451.2653	16000
musan/speech/librivox/speech-librivox-0143.wav	speech	librivox	545.1232	16000
musan/speech/librivox/speech-librivox-0144.wav	speech	librivox	118.4914	16000
musan/speech/librivox/speech-librivox-0145.wav	speech	librivox	519.8368	16000
musan/speech/librivox/speech-librivox-0146.wav	speech	librivox	120.8163	16000
musan/speech/librivox/speech-librivox-0147.wav	speech	librivox	252.4996	16000
musan/speech/librivox/speech-librivox-0148.wav	speech	librivox	545.0449	16000
musan/speech/librivox/speech-librivox-0149.wav	speech	librivox	318.6155	16000
musan/speech/librivox/speech-librivox-0150.wav	speech	librivox	799.7387	16000
musan/speech/librivox/speech-librivox-0151.wav	speech	librivox	407.7192	16000
musan/speech/librivox/speech-librivox-0152.wav	speech	librivox	329.1951	16000
musan/speech/librivox/speech-librivox-0153.wav	speech	librivox	646.2694	16000
musan/speech/librivox/speech-librivox-0154.wav	speech	librivox	624.1176	16000
musan/speech/librivox/speech-librivox-0155.wav	speech	librivox	687.0726	16000
musan/speech/librivox/speech-librivox-0156.wav	speech	librivox	549.5902	16000
musan/speech/librivox/speech-librivox-0157.wav	speech	librivox	623.9869	16000
musan/speech/librivox/speech-librivox-0158.wav	speech	librivox	593.0057	16000
musan/speech/librivox/speech-librivox-0159.wav	speech	librivox	609.9069	16000
musan/speech/librivox/speech-librivox-0160.wav	speech	librivox	667.2457	16000
musan/speech/librivox/speech-librivox-0161.wav	speech	librivox	173.3224	16000
musan/speech/librivox/speech-librivox-0162.wav	speech	librivox	548.0490	16000
musan/speech/librivox/speech-librivox-0163.wav	speech	librivox	367.3077	16000
musan/speech/librivox/speech-librivox-0164.wav	speech	librivox	559.3861	16000
musan/speech/librivox/speech-librivox-0165.wav	speech	librivox	705.2539	16000
musan/speech/librivox/speech-librivox-0166.wav	speech	librivox	642.7951	16000
musan/speech/librivox/speech-librivox-0167.wav	speech	librivox	533.1069	16000
musan/speech/librivox/speech-librivox-0168.wav	speech	librivox	288.3657	16000
musan/speech/librivox/speech-librivox-0169.wav	speech	librivox	338.6776	16000
musan/speech/librivox/speech-librivox-0170.wav	speech	librivox	784.0392	16000
musan/speech/librivox/speech-librivox-0171.wav	speech	librivox	548.5192	16000
musan/speech/librivox/speech-librivox-0172.wav	speech	librivox	384.4963	16000
musan/speech/us-gov/speech-us-gov-0000.wav	speech	us-gov	600.0480	16000
musan/speech/us-gov/speech-us-gov-0001.wav	speech	us-gov	600.0120	16000
musan/speech/us-gov/speech-us-gov-0002.wav	speech	us-gov	600.0120	16000
musan/speech/us-gov/speech-us-gov-0003.wav	speech	us-gov	600.0120	16000
musan/speech/us-gov/speech-us-gov-0004.wav	speech	us-gov	599.9760	16000
musan/speech/us-gov/speech-us-gov-0005.wav	speech	us-gov	26.7840	16000
musan/speech/us-gov/speech-us-gov-0006.wav	speech	us-gov	600.0065	16000
musan/speech/us-gov/speech-us-gov-0007.wav	speech	us-gov	599.9804	16000
musan/speech/us-gov/speech-us-gov-0008.wav	speech	us-gov	599.9543	16000
musan/speech/us-gov/speech-us-gov-0009.wav	speech	us-gov	599.9804	16000
musan/speech/us-gov/speech-us-gov-0010.wav	speech	us-gov	599.9543	16000
musan/speech/us-gov/speech-us-gov-0011.wav	speech	us-gov	599.9804	16000
musan/speech/us-gov/speech-us-gov-0012.wav	speech	us-gov	599.9281	16000
musan/speech/us-gov/speech-us-gov-0013.wav	speech	us-gov	599.9804	16000
musan/speech/us-gov/speech-us-gov-0014.wav	speech	us-gov	374.2564	16000
musan/speech/us-gov/speech-us-gov-0015.wav	speech	us-gov	600.0065	16000
musan/speech/us-gov/speech-us-gov-0016.wav	speech	us-gov	600.0065	16000
musan/speech/us-gov/speech-us-gov-0017.wav	speech	us-gov	599.9804	16000
musan/speech/us-gov/speech-us-gov-0018.wav	speech	us-gov	599.9543	16000
musan/speech/us-gov/speech-us-gov-0019.wav	speech	us-gov	599.9804	16000
musan/speech/us-gov/speech-us-gov-0020.wav	speech	us-gov	536.1371	16000
musan/speech/us-gov/speech-us-gov-0021.wav	speech	us-gov	600.0065	16000
musan/speech/us-gov/speech-us-gov-0022.wav	speech	us-gov	599.9804	16000
musan/speech/us-gov/speech-us-gov-0023.wav	speech	us-gov	600.0065	16000
musan/speech/us-gov/speech-us-gov-0024.wav	speech	us-gov	599.9543	16000
musan/speech/us-gov/speech-us-gov-0025.wav	speech	us-gov	600.0065	16000
musan/speech/us-gov/speech-us-gov-0026.wav	speech	us-gov	600.0065	16000
musan/speech/us-gov/speech-us-gov-0027.wav	speech	us-gov	599.9804	16000
musan/speech/us-gov/speech-us-gov-0028.wav	speech	us-gov	599.9804	16000
musan/speech/us-gov/speech-us-gov-0029.wav	speech	us-gov	599.9804	16000
musan/speech/us-gov/speech-us-gov-0030.wav	speech	us-gov	600.0065	16000
musan/speech/us-gov/speech-us-gov-0031.wav	speech	us-gov	599.9804	16000
musan/speech/us-gov/speech-us-gov-0032.wav	speech	us-gov	567.8237	16000
musan/speech/us-gov/speech-us-gov-0033.wav	speech	us-gov	600.0065	16000
musan/speech/us-gov/speech-us-gov-0034.wav	speech	us-gov	599.9804	16000
musan/speech/us-gov/speech-us-gov-0035.wav	speech	us-gov	599.9804	16000
musan/speech/us-gov/speech-us-gov-0036.wav	speech	us-gov	599.9543	16000
musan/speech/us-gov/speech-us-gov-0037.wav	speech	us-gov	599.9804	16000
musan/speech/us-gov/speech-us-gov-0038.wav	speech	us-gov	599.9804	16000
musan/speech/us-gov/speech-us-gov-0039.wav	speech	us-gov	599.9543	16000
musan/speech/us-gov/speech-us-gov-0040.wav	speech	us-gov	599.9543	16000
musan/speech/us-gov/speech-us-gov-0041.wav	speech	us-gov	599.9804	16000
musan/speech/us-gov/speech-us-gov-0042.wav	speech	us-gov	599.9804	16000
musan/speech/us-gov/speech-us-gov-0043.wav	speech	us-gov	600.0065	16000
musan/speech/us-gov/speech-us-gov-0044.wav	speech	us-gov	599.9282	16000
musan/speech/us-gov/speech-us-gov-0045.wav	speech	us-gov	599.9804	16000
musan/speech/us-gov/speech-us-gov-0046.wav	speech	us-gov	599.9804	16000
musan/speech/us-gov/speech-us-gov-0047.wav	speech	us-gov	552.2286	16000
musan/speech/us-gov/speech-us-gov-0048.wav	speech	us-gov	600.0065	16000
musan/speech/us-gov/speech-us-gov-0049.wav	speech	us-gov	599.9804	16000
musan/speech/us-gov/speech-us-gov-0050.wav	speech	us-gov	600.0065	16000
musan/speech/us-gov/speech-us-gov-0051.wav	speech	us-gov	599.9543	16000
musan/speech/us-gov/speech-us-gov-0052.wav	speech	us-gov	600.0065	16000
musan/speech/us-gov/speech-us-gov-0053.wav	speech	us-gov	599.9804	16000
musan/speech/us-gov/speech-us-gov-0054.wav	speech	us-gov	599.9804	16000
musan/speech/us-gov/speech-us-gov-0055.wav	speech	us-gov	599.9543	16000
musan/speech/us-gov/speech-us-gov-0056.wav	speech	us-gov	600.0065	16000
musan/speech/us-gov/speech-us-gov-0057.wav	speech	us-gov	387.0302	16000
musan/speech/us-gov/speech-us-gov-0058.wav	speech	us-gov	600.0065	16000
musan/speech/us-gov/speech-us-gov-0059.wav	speech	us-gov	599.9804	16000
musan/speech/us-gov/speech-us-gov-0060.wav	speech	us-gov	599.9804	16000
musan/speech/us-gov/speech-us-gov-0061.wav	speech	us-gov	599.9543	16000
musan/speech/us-gov/speech-us-gov-0062.wav	speech	us-gov	600.0065	16000
musan/speech/us-gov/speech-us-gov-0063.wav	speech	us-gov	600.0065	16000
musan/speech/us-gov/speech-us-gov-0064.wav	speech	us-gov	600.0065	16000
musan/speech/us-gov/speech-us-gov-0065.wav	speech	us-gov	599.9804	16000
musan/speech/us-gov/speech-us-gov-0066.wav	speech	us-gov	599.9804	16000
musan/speech/us-gov/speech-us-gov-0067.wav	speech	us-gov	157.7535	16000
musan/speech/us-gov/speech-us-gov-0068.wav	speech	us-gov	600.0065	16000
musan/speech/us-gov/speech-us-gov-0069.wav	speech	us-gov	599.9804	16000
musan/speech/us-gov/speech-us-gov-0070.wav	speech	us-gov	599.9543	16000
musan/speech/us-gov/speech-us-gov-0071.wav	speech	us-gov	599.9543	16000
musan/speech/us-gov/speech-us-gov-0072.wav	speech	us-gov	599.9543	16000
musan/speech/us-gov/speech-us-gov-0073.wav	speech	us-gov	599.9804	16000
musan/speech/us-gov/speech-us-gov-0074.wav	speech	us-gov	599.9804	16000
musan/speech/us-gov/speech-us-gov-0075.wav	speech	us-gov	599.9543	16000
musan/speech/us-gov/speech-us-gov-0076.wav	speech	us-gov	600.0065	16000
musan/speech/us-gov/speech-us-gov-0077.wav	speech	us-gov	600.0065	16000
musan/speech/us-gov/speech-us-gov-0078.wav	speech	us-gov	599.9804	16000
musan/speech/us-gov/speech-us-gov-0079.wav	speech	us-gov	599.9282	16000
musan/speech/us-gov/speech-us-gov-0080.wav	speech	us-gov	599.9543	16000
musan/speech/us-gov/speech-us-gov-0081.wav	speech	us-gov	599.9804	16000
musan/speech/us-gov/speech-us-gov-0082.wav	speech	us-gov	214.9616	16000
musan/speech/us-gov/speech-us-gov-0083.wav	speech	us-gov	600.0065	16000
musan/speech/us-gov/speech-us-gov-0084.wav	speech	us-gov	599.9804	16000
musan/speech/us-gov/speech-us-gov-0085.wav	speech	us-gov	599.9804	16000
musan/speech/us-gov/speech-us-gov-0086.wav	speech	us-gov	599.9543	16000
musan/speech/us-gov/speech-us-gov-0087.wav	speech	us-gov	599.9804	16000
musan/speech/us-gov/speech-us-gov-0088.wav	speech	us-gov	599.9804	16000
musan/speech/us-gov/speech-us-gov-0089.wav	speech	us-gov	599.9804	16000
musan/speech/us-gov/speech-us-gov-0090.wav	speech	us-gov	367.6212	16000
musan/speech/us-gov/speech-us-gov-0091.wav	speech	us-gov	552.0979	16000
musan/speech/us-gov/speech-us-gov-0092.wav	speech	us-gov	600.0065	16000
musan/speech/us-gov/speech-us-gov-0093.wav	speech	us-gov	599.9804	16000
musan/speech/us-gov/speech-us-gov-0094.wav	speech	us-gov	599.9804	16000
musan/speech/us-gov/speech-us-gov-0095.wav	speech	us-gov	599.9282	16000
musan/speech/us-gov/speech-us-gov-0096.wav	speech	us-gov	599.9804	16000
musan/speech/us-gov/speech-us-gov-0097.wav	speech	us-gov	599.9543	16000
musan/speech/us-gov/speech-us-gov-0098.wav	speech	us-gov	599.9543	16000
musan/speech/us-gov/speech-us-gov-0099.wav	speech	us-gov	599.9804	16000
musan/speech/us-gov/speech-us-gov-0100.wav	speech	us-gov	599.9543	16000
musan/speech/us-gov/speech-us-gov-0101.wav	speech	us-gov	599.9543	16000
musan/speech/us-gov/speech-us-gov-0102.wav	speech	us-gov	599.9543	16000
musan/speech/us-gov/speech-us-gov-0103.wav	speech	us-gov	525.4792	16000
musan/speech/us-gov/speech-us-gov-0104.wav	speech	us-gov	601.0510	16000
musan/speech/us-gov/speech-us-gov-0105.wav	speech	us-gov	593.6849	16000
musan/speech/us-gov/speech-us-gov-0106.wav	speech	us-gov	591.0726	16000
musan/speech/us-gov/speech-us-gov-0107.wav	speech	us-gov	634.3575	16000
musan/speech/us-gov/speech-us-gov-0108.wav	speech	us-gov	575.1641	16000
musan/speech/us-gov/speech-us-gov-0109.wav	speech	us-gov	19.6702	16000
musan/speech/us-gov/speech-us-gov-0110.wav	speech	us-gov	600.0060	16000
musan/speech/us-gov/speech-us-gov-0111.wav	speech	us-gov	421.3551	16000
musan/speech/us-gov/speech-us-gov-0112.wav	speech	us-gov	600.0320	16000
musan/speech/us-gov/speech-us-gov-0113.wav	speech	us-gov	600.0320	16000
musan/speech/us-gov/speech-us-gov-0114.wav	speech	us-gov	600.0060	16000
musan/speech/us-gov/speech-us-gov-0115.wav	speech	us-gov	599.9804	16000
musan/speech/us-gov/speech-us-gov-0116.wav	speech	us-gov	600.0065	16000
musan/speech/us-gov/speech-us-gov-0117.wav	speech	us-gov	600.0065	16000
musan/speech/us-gov/speech-us-gov-0118.wav	speech	us-gov	600.0060	16000
musan/speech/us-gov/speech-us-gov-0119.wav	speech	us-gov	600.0065	16000
musan/speech/us-gov/speech-us-gov-0120.wav	speech	us-gov	599.9804	16000
musan/speech/us-gov/speech-us-gov-0121.wav	speech	us-gov	600.0065	16000
musan/speech/us-gov/speech-us-gov-0122.wav	speech	us-gov	600.0060	16000
musan/speech/us-gov/speech-us-gov-0123.wav	speech	us-gov	600.0065	16000
musan/speech/us-gov/speech-us-gov-0124.wav	speech	us-gov	600.0065	16000
musan/speech/us-gov/speech-us-gov-0125.wav	speech	us-gov	600.0320	16000
musan/speech/us-gov/speech-us-gov-0126.wav	speech	us-gov	600.0060	16000
musan/speech/us-gov/speech-us-gov-0127.wav	speech	us-gov	600.0320	16000
musan/speech/us-gov/speech-us-gov-0128.wav	speech	us-gov	600.0320	16000
musan/speech/us-gov/speech-us-gov-0129.wav	speech	us-gov	600.0065	16000
musan/speech/us-gov/speech-us-gov-0130.wav	speech	us-gov	53.2897	16000
musan/speech/us-gov/speech-us-gov-0131.wav	speech	us-gov	600.0065	16000
musan/speech/us-gov/speech-us-gov-0132.wav	speech	us-gov	576.4702	16000
musan/speech/us-gov/speech-us-gov-0133.wav	speech	us-gov	648.3070	16000
musan/speech/us-gov/speech-us-gov-0134.wav	speech	us-gov	586.2400	16000
musan/speech/us-gov/speech-us-gov-0135.wav	speech	us-gov	584.5159	16000
musan/speech/us-gov/speech-us-gov-0136.wav	speech	us-gov	628.7413	16000
musan/speech/us-gov/speech-us-gov-0137.wav	speech	us-gov	553.9526	16000
musan/speech/us-gov/speech-us-gov-0138.wav	speech	us-gov	621.4009	16000
musan/speech/us-gov/speech-us-gov-0139.wav	speech	us-gov	596.9764	16000
musan/speech/us-gov/speech-us-gov-0140.wav	speech	us-gov	568.6596	16000
musan/speech/us-gov/speech-us-gov-0141.wav	speech	us-gov	599.9804	16000
musan/speech/us-gov/speech-us-gov-0142.wav	speech	us-gov	599.9281	16000
musan/speech/us-gov/speech-us-gov-0143.wav	speech	us-gov	599.9281	16000
musan/speech/us-gov/speech-us-gov-0144.wav	speech	us-gov	599.9480	16000
musan/speech/us-gov/speech-us-gov-0145.wav	speech	us-gov	599.9543	16000
musan/speech/us-gov/speech-us-gov-0146.wav	speech	us-gov	599.9543	16000
musan/speech/us-gov/speech-us-gov-0147.wav	speech	us-gov	215.8759	16000
musan/speech/us-gov/speech-us-gov-0148.wav	speech	us-gov	599.9804	16000
musan/speech/us-gov/speech-us-gov-0149.wav	speech	us-gov	599.9281	16000
musan/speech/us-gov/speech-us-gov-0150.wav	speech	us-gov	599.9020	16000
musan/speech/us-gov/speech-us-gov-0151.wav	speech	us-gov	599.9281	16000
musan/speech/us-gov/speech-us-gov-0152.wav	speech	us-gov	599.9543	16000
musan/speech/us-gov/speech-us-gov-0153.wav	speech	us-gov	599.9281	16000
musan/speech/us-gov/speech-us-gov-0154.wav	speech	us-gov	599.9281	16000
musan/speech/us-gov/speech-us-gov-0155.wav	speech	us-gov	599.9480	16000
musan/speech/us-gov/speech-us-gov-0156.wav	speech	us-gov	599.9543	16000
musan/speech/us-gov/speech-us-gov-0157.wav	speech	us-gov	599.9543	16000
musan/speech/us-gov/speech-us-gov-0158.wav	speech	us-gov	599.9281	16000
musan/speech/us-gov/speech-us-gov-0159.wav	speech	us-gov	173.8971	16000
musan/speech/us-gov/speech-us-gov-0160.wav	speech	us-gov	599.9804	16000
musan/speech/us-gov/speech-us-gov-0161.wav	speech	us-gov	599.9543	16000
musan/speech/us-gov/speech-us-gov-0162.wav	speech	us-gov	599.9281	16000
musan/speech/us-gov/speech-us-gov-0163.wav	speech	us-gov	599.9480	16000
musan/speech/us-gov/speech-us-gov-0164.wav	speech	us-gov	599.9543	16000
musan/speech/us-gov/speech-us-gov-0165.wav	speech	us-gov	599.9543	16000
musan/speech/us-gov/speech-us-gov-0166.wav	speech	us-gov	599.9281	16000
musan/speech/us-gov/speech-us-gov-0167.wav	speech	us-gov	599.9480	16000
musan/speech/us-gov/speech-us-gov-0168.wav	speech	us-gov	599.9543	16000
musan/speech/us-gov/speech-us-gov-0169.wav	speech	us-gov	599.9543	16000
musan/speech/us-gov/speech-us-gov-0170.wav	speech	us-gov	599.9281	16000
musan/speech/us-gov/speech-us-gov-0171.wav	speech	us-gov	599.9480	16000
musan/speech/us-gov/speech-us-gov-0172.wav	speech	us-gov	599.9543	16000
musan/speech/us-gov/speech-us-gov-0173.wav	speech	us-gov	599.9543	16000
musan/speech/us-gov/speech-us-gov-0174.wav	speech	us-gov	599.9020	16000
musan/speech/us-gov/speech-us-gov-0175.wav	speech	us-gov	599.9480	16000
musan/speech/us-gov/speech-us-gov-0176.wav	speech	us-gov	348.9175	16000
musan/speech/us-gov/speech-us-gov-0177.wav	speech	us-gov	599.9804	16000
musan/speech/us-gov/speech-us-gov-0178.wav	speech	us-gov	599.9543	16000
musan/speech/us-gov/speech-us-gov-0179.wav	speech	us-gov	599.9281	16000
musan/speech/us-gov/speech-us-gov-0180.wav	speech	us-gov	599.9480	16000
musan/speech/us-gov/speech-us-gov-0181.wav	speech	us-gov	599.9543	16000
musan/speech/us-gov/speech-us-gov-0182.wav	speech	us-gov	599.9543	16000
musan/speech/us-gov/speech-us-gov-0183.wav	speech	us-gov	599.9281	16000
musan/speech/us-gov/speech-us-gov-0184.wav	speech	us-gov	599.9281	16000
musan/speech/us-gov/speech-us-gov-0185.wav	speech	us-gov	599.9281	16000
musan/speech/us-gov/speech-us-gov-0186.wav	speech	us-gov	599.9543	16000
musan/speech/us-gov/speech-us-gov-0187.wav	speech	us-gov	599.9281	16000
musan/speech/us-gov/speech-us-gov-0188.wav	speech	us-gov	388.9110	16000
musan/speech/us-gov/speech-us-gov-0189.wav	speech	us-gov	599.9804	16000
musan/speech/us-gov/speech-us-gov-0190.wav	speech	us-gov	572.4474	16000
musan/speech/us-gov/speech-us-gov-0191.wav	speech	us-gov	627.4090	16000
musan/speech/us-gov/speech-us-gov-0192.wav	speech	us-gov	599.9480	16000
musan/speech/us-gov/speech-us-gov-0193.wav	speech	us-gov	591.0204	16000
musan/speech/us-gov/speech-us-gov-0194.wav	speech	us-gov	626.7559	16000
musan/speech/us-gov/speech-us-gov-0195.wav	speech	us-gov	582.0343	16000
musan/speech/us-gov/speech-us-gov-0196.wav	speech	us-gov	625.3100	16000
musan/speech/us-gov/speech-us-gov-0197.wav	speech	us-gov	556.1209	16000
musan/speech/us-gov/speech-us-gov-0198.wav	speech	us-gov	613.4250	16000
musan/speech/us-gov/speech-us-gov-0199.wav	speech	us-gov	604.8652	16000
musan/speech/us-gov/speech-us-gov-0200.wav	speech	us-gov	599.9480	16000
musan/speech/us-gov/speech-us-gov-0201.wav	speech	us-gov	58.0180	16000
musan/speech/us-gov/speech-us-gov-0202.wav	speech	us-gov	599.9804	16000
musan/speech/us-gov/speech-us-gov-0203.wav	speech	us-gov	599.9543	16000
musan/speech/us-gov/speech-us-gov-0204.wav	speech	us-gov	599.9281	16000
musan/speech/us-gov/speech-us-gov-0205.wav	speech	us-gov	599.9480	16000
musan/speech/us-gov/speech-us-gov-0206.wav	speech	us-gov	599.9543	16000
musan/speech/us-gov/speech-us-gov-0207.wav	speech	us-gov	599.9281	16000
musan/speech/us-gov/speech-us-gov-0208.wav	speech	us-gov	599.9281	16000
musan/speech/us-gov/speech-us-gov-0209.wav	speech	us-gov	599.9281	16000
musan/speech/us-gov/speech-us-gov-0210.wav	speech	us-gov	123.8465	16000
musan/speech/us-gov/speech-us-gov-0211.wav	speech	us-gov	599.9960	16000
musan/speech/us-gov/speech-us-gov-0212.wav	speech	us-gov	599.9543	16000
musan/speech/us-gov/speech-us-gov-0213.wav	speech	us-gov	599.9281	16000
musan/speech/us-gov/speech-us-gov-0214.wav	speech	us-gov	599.9543	16000
musan/speech/us-gov/speech-us-gov-0215.wav	speech	us-gov	537.0253	16000
musan/speech/us-gov/speech-us-gov-0216.wav	speech	us-gov	603.8460	16000
musan/speech/us-gov/speech-us-gov-0217.wav	speech	us-gov	596.1665	16000
musan/speech/us-gov/speech-us-gov-0218.wav	speech	us-gov	599.9543	16000
musan/speech/us-gov/speech-us-gov-0219.wav	speech	us-gov	600.0320	16000
musan/speech/us-gov/speech-us-gov-0220.wav	speech	us-gov	599.9804	16000
musan/speech/us-gov/speech-us-gov-0221.wav	speech	us-gov	599.9804	16000
musan/speech/us-gov/speech-us-gov-0222.wav	speech	us-gov	599.9543	16000
musan/speech/us-gov/speech-us-gov-0223.wav	speech	us-gov	615.6539	16000
musan/speech/us-gov/speech-us-gov-0224.wav	speech	us-gov	584.3070	16000
musan/speech/us-gov/speech-us-gov-0225.wav	speech	us-gov	599.9804	16000
musan/speech/us-gov/speech-us-gov-0226.wav	speech	us-gov	599.9804	16000
musan/speech/us-gov/speech-us-gov-0227.wav	speech	us-gov	599.9804	16000
musan/speech/us-gov/speech-us-gov-0228.wav	speech	us-gov	599.9804	16000
musan/speech/us-gov/speech-us-gov-0229.wav	speech	us-gov	100.4660	16000
musan/speech/us-gov/speech-us-gov-0230.wav	speech	us-gov	600.0320	16000
musan/speech/us-gov/speech-us-gov-0231.wav	speech	us-gov	605.4660	16000
musan/speech/us-gov/speech-us-gov-0232.wav	speech	us-gov	594.5209	16000
musan/speech/us-gov/speech-us-gov-0233.wav	speech	us-gov	600.0320	16000
musan/speech/us-gov/speech-us-gov-0234.wav	speech	us-gov	600.0320	16000
musan/speech/us-gov/speech-us-gov-0235.wav	speech	us-gov	600.0320	16000
musan/speech/us-gov/speech-us-gov-0236.wav	speech	us-gov	600.0060	16000
musan/speech/us-gov/speech-us-gov-0237.wav	speech	us-gov	600.0065	16000
musan/speech/us-gov/speech-us-gov-0238.wav	speech	us-gov	600.0320	16000
musan/speech/us-gov/speech-us-gov-0239.wav	speech	us-gov	600.0320	16000
musan/speech/us-gov/speech-us-gov-0240.wav	speech	us-gov	599.9804	16000
musan/speech/us-gov/speech-us-gov-0241.wav	speech	us-gov	468.4016	16000
musan/speech/us-gov/speech-us-gov-0242.wav	speech	us-gov	583.9150	16000
musan/speech/us-gov/speech-us-gov-0243.wav	speech	us-gov	617.5870	16000
musan/speech/us-gov/speech-us-gov-0244.wav	speech	us-gov	595.8270	16000
musan/speech/us-gov/speech-us-gov-0245.wav	speech	us-gov	602.6449	16000
musan/speech/us-gov/speech-us-gov-0246.wav	speech	us-gov	599.9804	16000
musan/speech/us-gov/speech-us-gov-0247.wav	speech	us-gov	599.9804	16000
musan/speech/us-gov/speech-us-gov-0248.wav	speech	us-gov	576.2870	16000
musan/speech/us-gov/speech-us-gov-0249.wav	speech	us-gov	601.8351	16000
musan/speech/us-gov/speech-us-gov-0250.wav	speech	us-gov	126.1191	16000
musan/speech/us-gov/speech-us-gov-0251.wav	speech	us-gov	600.0320	16000
musan/speech/us-gov/speech-us-gov-0252.wav	speech	us-gov	231.5490	16000
