scope,seed,group,frames,non_monotone_rate,never_correct_rate,unstable_correct_rate,first_correct_defined_rate,stable_sufficient_defined_rate,stable_sufficient_long_rate,mean_first_correct_index,mean_stable_sufficient_index,long_history_share,first_correct_H64,stable_sufficient_H64,first_correct_H128,stable_sufficient_H128,first_correct_H256,stable_sufficient_H256,first_correct_H384,stable_sufficient_H384,first_correct_HFULL,stable_sufficient_HFULL,delta_v_h64_h128,delta_v_h128_h256,delta_v_h256_h384,delta_v_h384_hfull,source_ci95_low_non_monotone_rate,source_ci95_high_non_monotone_rate,source_ci95_low_never_correct_rate,source_ci95_high_never_correct_rate,source_ci95_low_unstable_correct_rate,source_ci95_high_unstable_correct_rate,source_ci95_low_first_correct_defined_rate,source_ci95_high_first_correct_defined_rate,source_ci95_low_stable_sufficient_defined_rate,source_ci95_high_stable_sufficient_defined_rate,source_ci95_low_stable_sufficient_long_rate,source_ci95_high_stable_sufficient_long_rate,source_ci95_low_mean_first_correct_index,source_ci95_high_mean_first_correct_index,source_ci95_low_mean_stable_sufficient_index,source_ci95_high_mean_stable_sufficient_index,source_ci95_low_long_history_share,source_ci95_high_long_history_share
seed,41,all,298300,0.0035105067985166873,0.11258129399932953,0.008870264834059671,0.8874187060006705,0.8785484411666108,0.0034723414647175764,0.04075295504255488,0.04328216399372689,0.9291439834948892,257850,255051,4045,3944,2020,2166,505,573,297,337,-0.013007835224542852,-0.008361663860962876,-0.0021156483707573948,-0.006093143725996342,0.001803704196862252,0.005151971395162472,0.09667076371313583,0.1291422027579824,0.0071686253715963705,0.010585369013763559,0.8708577972420176,0.9033292362868642,0.8614485179708397,0.8949724104193655,0.001981340690976194,0.005264778287138902,0.031108628847684294,0.05081179166598943,0.03298593289607581,0.05433057983054765,0.8614870882748231,0.9933189282886477
seed,41,clean,57735,0.0016236162361623616,0.0683987182818048,0.008157963107300598,0.9316012817181952,0.9234433186108946,0.004614086092094158,0.08015096865355296,0.0834849479508581,0.9658635947483009,50960,50429,1643,1635,945,1005,174,178,64,68,-0.039742004659173824,-0.024723504719963707,-0.004270236533396643,-0.0012689214937293969,0.0006316895240920747,0.0027912323934812964,0.05913018876778662,0.07774506492055272,0.006235566903865549,0.010289318086993446,0.9222549350794473,0.9408698112322134,0.9140351296405174,0.9329832765350007,0.0029889612379999453,0.00635353894682597,0.06250063431491296,0.09913294750557895,0.06479061709738515,0.1033692709276627,0.9442761003009429,0.9830620613164388
seed,41,seen,164375,0.0016991391028545538,0.09377946768060837,0.00832851711026616,0.9062205323193916,0.8978920152091254,0.001348320697061474,0.021844790547798067,0.023050185986950425,1.0152611047293085,146719,145304,1450,1421,615,667,130,149,46,50,-0.008604500236219836,-0.003546155701361131,-0.00043797899723149736,-5.202469041765134e-05,0.0007715741555950933,0.002790773276190993,0.0838110231742845,0.10381759183662177,0.006231092368372728,0.010666434853768397,0.8961824081633782,0.9161889768257154,0.8872189060488613,0.9081716721358345,0.0005452129780917816,0.0023975392898047065,0.015662938865715546,0.02905066339166463,0.016238321632754706,0.031010487935686355,0.9845754721035617,1.0541113806566573
seed,41,unseen,76190,0.006305012797303202,0.1866255414096338,0.010578816117600734,0.8133744585903662,0.8027956424727655,0.007602386986021417,0.05200819738264672,0.05705877544347258,0.7086385190299394,60171,59318,952,888,460,494,201,246,187,219,-0.002249217510894741,-0.006352191118347783,-0.004102415081655486,-0.022782150315485694,0.002813557015529001,0.009489982896660606,0.13858281269949485,0.24057140709856698,0.008030772938545714,0.013184044156407298,0.7594285929014329,0.8614171873005052,0.7486096233883555,0.8507655420522959,0.002592656011913831,0.014202490485716575,0.02999523374010881,0.07657233384522592,0.033035858288483655,0.08569054462768474,0.4573117309013755,0.9492514594564418
seed,41,seen/-5,29295,0.0028368794326241137,0.1259600614439324,0.0068953746373101215,0.8740399385560675,0.8671445639187575,0.003975908357280636,0.03612575668814685,0.03944416013856631,0.9330199731991677,25065,24839,267,256,188,207,58,72,27,29,-0.013592639789383576,-0.007318623948591507,-0.0018580926145696508,-0.00019007151014388546,0.0002763807733453047,0.005272992207936562,0.10592584477378875,0.1499251091129408,0.0025025808872110107,0.01454659096169675,0.8500748908870592,0.8940741552262113,0.8393157098239906,0.8885451441322582,0.0008618812140168673,0.0076742268907078375,0.011824220202525947,0.06008231354688234,0.011733390623597543,0.06653542276852707,0.875568420337038,0.9792490220380321
seed,41,seen/0,24179,0.0,0.1223375656561479,0.008850655527523885,0.877662434343852,0.8688117788163282,0.0009520635978483362,0.01696432778851138,0.01747036702051697,0.9964153648682974,20986,20769,133,133,83,85,15,16,4,4,-0.007407938905987732,-0.00015201834092509747,0.0010110981247564155,0.00023544279607412566,0.0,0.0,0.09570669763002387,0.1509639566048689,0.0046506449220103585,0.014294502945515423,0.8490360433951312,0.9042933023699762,0.8415139554680549,0.8931983990973126,0.00029609924015707427,0.0018730512598229274,0.009394573465955191,0.028238405746132483,0.009780463052552708,0.029084172076046678,0.9542388106775762,1.040340211461068
seed,41,seen/5,20673,0.0015600624024961,0.10583853335268224,0.009674454602621778,0.8941614666473178,0.8844870120446959,0.0024063439978124147,0.03024073573167433,0.031063713426305716,0.9904762369588667,18109,17907,246,242,87,92,33,34,10,10,-0.014338865230948128,-0.004447136948986019,-0.00027787131527923226,-0.00011493608279872225,0.0,0.005035074208426349,0.0847018654578284,0.12790576527770225,0.004442919135167515,0.01610786112096848,0.8720942347222976,0.9152981345421716,0.8631418209106851,0.9064996446075156,0.00017716128789336294,0.004994287718011741,0.01159047250149987,0.05026123192688087,0.012398901939636298,0.051459781923452554,0.965832637291912,1.0177071942340836
seed,41,seen/10,33027,0.0018714909544603868,0.08653525903049021,0.008447633754201107,0.9134647409695098,0.9050171072153087,0.0005352960856473737,0.01498226656501707,0.015590498494479759,1.1201090612300202,29821,29541,258,252,78,81,10,12,2,4,-0.0023619024284936563,-0.0005601946462807927,-0.0005021636501091609,-0.0001255846832565466,0.0,0.004156391268707565,0.06972213081114464,0.10277033794006858,0.005471868007969679,0.011796483128494522,0.8972296620599314,0.9302778691888554,0.8872457806557119,0.9231441545160933,0.00016373914936752116,0.0010447000727792173,0.01057810323497343,0.02021845282409798,0.011124202720220076,0.02099753247459808,0.9876898077254501,1.3904266106313654
seed,41,seen/15,28497,0.0030554343081623746,0.06877916973716532,0.007965750780783942,0.9312208302628346,0.9232550794820508,0.00041809198023565186,0.015751592116667296,0.01619156214367161,0.979680080036807,26206,25979,256,249,65,71,8,9,2,2,-0.0041112177189190635,-0.003430336819676194,-0.00030898441025004053,-0.00015895449716263332,0.000828080478855339,0.005607235113003769,0.056605531487677184,0.08407269626065988,0.0037426703446049227,0.014031056388321054,0.9159273037393401,0.9433944685123228,0.9081345842803206,0.9359917876279907,0.0,0.0011565563694628106,0.010494569187614274,0.021672659251932267,0.010818385922510405,0.022294006947072214,0.9274176723281612,1.0125717673499068
seed,41,seen/20,28704,0.00046040515653775324,0.061350334448160536,0.008605072463768116,0.9386496655518395,0.9300445930880713,0.0002622115672759964,0.020042311546598374,0.021463889721306563,1.0305632631637485,26532,26269,290,289,114,131,6,6,1,1,-0.012035274008133923,-0.005456838220896293,-0.000378790230378373,8.282122057018393e-05,0.0,0.0013486860090029338,0.05207842215547881,0.07287486838272847,0.005198201315936878,0.01290084340037935,0.9271251316172715,0.9479215778445211,0.9180578349769967,0.9396672370997513,6.949433351695762e-05,0.0004981212922816682,0.012316406183209193,0.028941855834719234,0.01313406894067709,0.031008072201199922,1.0146007119930043,1.0534247701656516
seed,41,unseen/-5,15416,0.01064684612294094,0.28113648157758175,0.012714063310845874,0.7188635184224182,0.7061494551115723,0.02379202645599853,0.1296697347049269,0.13889399228366708,0.706462974308328,10438,10236,215,188,185,203,124,118,120,141,0.007183412098656472,-0.014177490606662957,-0.012703804003870833,-0.04752945914907991,0.0,0.018868579846603086,0.14863730920083865,0.4024170080937095,0.00573922333177598,0.020962746886599444,0.5975829919062905,0.8513626907991614,0.5827734163248615,0.8446752843366999,0.0028633086765859714,0.044487018618034634,0.030536942681084582,0.2264932724339666,0.03414523185660021,0.2401666320216757,0.06876867292479351,2.114282523461684
seed,41,unseen/0,14355,0.004559803577692038,0.1793103448275862,0.015534656913967259,0.8206896551724138,0.8051549982584465,0.003374286208686624,0.036329683388506916,0.040664474822633676,0.7092457441591619,11504,11271,157,150,95,98,19,32,6,7,-0.00246733305018193,-0.008611315796860808,0.0015969180515325032,-0.004284907911527747,0.0007008994448738669,0.0105470387600041,0.10166529243078677,0.31650564338361875,0.006952063374009069,0.02470821208296583,0.6834943566163814,0.8983347075692132,0.6706629771658544,0.8801733272724063,0.000474381837247279,0.009449740748955273,0.009431195229021775,0.09746431234119109,0.010640329142088881,0.1081479124392384,0.2130670359430333,1.0292762601333245
seed,41,unseen/5,14823,0.004227336777829967,0.2702556837347366,0.006004182689064292,0.7297443162652635,0.7237401335761992,0.012397464578672633,0.05112323194970879,0.06347874720357942,0.06601019248824833,10565,10445,100,85,63,65,29,66,60,67,0.020145003745105305,-0.002542312464593355,-0.007534835052901423,-0.06266892959883763,0.0,0.007293233993848904,0.10253256238470605,0.46067744198788657,0.002014841861574997,0.011127695342380112,0.5393225580121134,0.8974674376152939,0.535785011130478,0.8898271067653875,0.0007177751710163478,0.04043105821459257,0.008180927024630063,0.12569728195312754,0.00902079999314398,0.168583086923255,-0.7397992093954003,0.8632015527189176
seed,41,unseen/10,6391,0.0,0.1419183226412142,0.004381161007667032,0.8580816773587858,0.8537005163511188,0.004032258064516129,0.025711159737417943,0.02877565982404692,0.6318324994217334,5397,5362,55,55,11,17,20,20,1,2,-0.010854806976308917,-0.004990808088181364,-0.0037966947529066153,-0.002040746731826193,0.0,0.0,0.07579482301807289,0.27690093069916655,0.0017929697245989697,0.007337649207713523,0.7230990693008333,0.9242051769819272,0.718512096817779,0.9195375326065658,0.0,0.014026426197029266,0.005107689280288808,0.07336383021235937,0.00644623843011739,0.08232058930762592,-0.15415079986604685,1.065895920558601
seed,41,unseen/15,16127,0.005879470847623714,0.1047932039436969,0.010851367272276306,0.895206796056303,0.8843554287840268,0.000560931145701865,0.02929971600748078,0.03015004908147525,0.9630045205101667,14086,13915,284,274,62,65,5,6,0,2,-0.019035886608882724,-0.0030207017868359998,-0.00014714487239519958,-1.9831311938167673e-06,0.0,0.01275679674458001,0.06655167688493122,0.14445567622666727,0.005491511539462304,0.01751071122823044,0.8555443237733328,0.9334483231150688,0.844031877357529,0.9227935389018023,0.00012906035397926334,0.0012186488244866906,0.012068660165167227,0.05658164254965281,0.012667692151347653,0.057817816241877665,0.9246206588466225,1.0025416231796513
seed,41,unseen/20,9078,0.005574136008918618,0.07799074686054197,0.010464860101343908,0.922009253139458,0.9115443930381141,0.00048338368580060423,0.028793309438470728,0.029003021148036254,1.027737155936613,8181,8089,141,136,44,46,4,4,0,0,-0.018609095937348885,-0.002588896010147751,-0.0001452279869249562,5.154224925882356e-05,0.0,0.01097996176121176,0.058344957037349834,0.09776955927816934,0.0036463688980108207,0.017636507756926267,0.9022304407218306,0.9416550429626502,0.8873314449435923,0.9364196291476439,0.0,0.0015025530828475372,0.006906254665060247,0.060685810158567784,0.006821142046147425,0.06163199983871134,0.9864541817035384,1.089220106226983
seed,41,noise/Babble_noise,23330,0.0005861664712778429,0.14012001714530647,0.005572224603514788,0.8598799828546936,0.8543077582511788,0.0007525964577793388,0.010567768306664673,0.010987908283578346,1.2058697031695074,19918,19787,90,88,40,41,10,11,3,4,-0.004436133462371594,-0.00031061581563807117,0.00019853002022413024,4.512807246653816e-05,0.0,0.0013631569427129556,0.1142501550847585,0.17275253968941523,0.0017319046942444575,0.010039222100234694,0.8272474603105848,0.8857498449152416,0.8233291111131146,0.8789443572544534,0.0002205327774792929,0.0012962497897103262,0.004009448495726406,0.01709732932136703,0.004251687113551156,0.017501551425620158,0.991889438277295,1.757335098601954
seed,41,noise/City_noise,27887,0.0026070763500931097,0.08082619141535483,0.014020869939398287,0.9191738085846451,0.9051529386452469,0.0010696458283812693,0.022275972379354737,0.022937960541953885,0.9802228290235276,25202,24812,321,314,85,89,20,21,5,6,-0.008063105100440615,-0.00035449657330041684,0.00041219199754094493,0.00032225168216676314,0.0,0.006392564959464381,0.06944360801649205,0.09363059374287903,0.009402754778044756,0.019645667539896116,0.906369406257121,0.9305563919835079,0.8926301009885315,0.9171009363575959,0.0002893872075661848,0.002078336950736272,0.017291022564836125,0.02793249649488672,0.017816622429065558,0.028868548167610197,0.9140658413663626,1.0271303446958218
seed,41,noise/Domestic_noise,28968,0.0016972165648336728,0.09144573322286662,0.00980392156862745,0.9085542667771334,0.8987503452085059,0.0005761474937584022,0.015198145826209203,0.015402342999807951,1.017928442570509,26022,25740,216,211,66,69,8,8,7,7,-0.004326832644039852,-0.0014278340002089052,0.0007069859580991211,0.0006905954484685006,0.0,0.005292237438826618,0.07608096878588558,0.11018279980158774,0.004808725545864476,0.01642187676689512,0.8898172001984123,0.9239190312141145,0.8765411852286471,0.9167545201895381,6.896644125930327e-05,0.001360631385195751,0.009193959277444352,0.024150955736623105,0.009208961850360851,0.02441808029475737,0.9837460114887696,1.0559409153420647
seed,41,noise/Nature_noise,28954,0.0010228435049437436,0.08427160323271396,0.0049734060924224634,0.915728396767286,0.9107549906748635,0.0008722032612817596,0.026702873953383117,0.027493363670838072,0.9830558947151462,26021,25871,308,305,163,171,14,14,8,9,-0.013722827348631783,-0.007276955021696174,-0.001191480529355332,-0.00033256965484498857,0.0,0.0021859120535794438,0.067471708806357,0.10140445427712493,0.0033579093724885895,0.007295723813270939,0.898595545722875,0.932528291193643,0.8937436962374614,0.9274338102890459,5.9211794529099725e-05,0.0022128750658754965,0.013034712003641924,0.045568436337482865,0.013611180065612908,0.046725898660179316,0.9459708544801142,1.0120287021184393
seed,41,noise/Office_noise,29305,0.003188097768331562,0.07534550418017404,0.0071660126258317695,0.924654495819826,0.9174884831939942,0.003496113363335441,0.035538989556039416,0.03905233012236397,0.976654082558065,26482,26241,366,358,171,194,57,72,21,22,-0.013701816854083532,-0.008141515123294224,-0.002837323824414567,-0.0011225576740670762,0.0,0.005410988250005602,0.060041276019692835,0.09169415545260064,0.0038407064591991723,0.011403595410836916,0.9083058445473994,0.9399587239803071,0.898578641334401,0.9342796406668226,0.0004493590867053798,0.007202922655949957,0.016980106099964788,0.05601918089904917,0.017782650858818694,0.06345764890356044,0.9440963429763416,1.0138740286792407
seed,41,noise/Public_noise,25931,0.001400070003500175,0.10007327137403109,0.008098415024488064,0.8999267286259689,0.8918283136014808,0.0010810343336504367,0.017140898183064794,0.018507307792095477,1.0305460570779699,23074,22853,149,145,90,103,21,23,2,2,-0.006240088956143863,-0.0028969680609461923,0.00034887321777121727,0.00015153971675024858,0.0,0.003631436443947007,0.08286115651449645,0.12191037750422312,0.004117375784389302,0.013042011060396423,0.8780896224957769,0.9171388434855035,0.8684811197389257,0.9105628111311225,0.00020228955137980022,0.0026091977800550654,0.0075769310536476986,0.029710240560469097,0.008479310612005356,0.03183056122361206,0.982762955064239,1.0818391697781329
seed,41,noise/SSN_noise,31279,0.005557580174927114,0.31698583714313117,0.0060423926596118805,0.6830141628568688,0.676971770197257,0.015064935064935066,0.0890282718592024,0.10177095631641087,0.1498744544638116,20303,20068,563,514,263,274,127,183,108,136,0.0007063601949875986,-0.011825813386114326,-0.008920108999895482,-0.05234010506013498,0.0025574825220957367,0.00787252469428699,0.21844091897754003,0.43063838947132327,0.002734867039477181,0.010035634966587192,0.5693616105286767,0.78155908102246,0.5621742970202555,0.7768213601317324,0.003313330736740008,0.03545715675629511,0.032564528640071436,0.17623331280613833,0.037363246707437216,0.2007381244576435,-0.33134818469412614,0.5440237653985199
seed,41,noise/Street_noise,26258,0.01071630005640158,0.11565998933658314,0.015423870820321426,0.8843400106634168,0.8689161398430955,0.005741584852734923,0.04383962792300073,0.04404803646563815,0.994256308616886,22712,22317,216,203,152,165,66,52,75,79,-0.003683565776054054,-0.004441205888844391,-0.0019138478854363594,-0.0045222697382380495,0.0,0.018183026620170555,0.0719270709612746,0.19014325884889285,0.010242084186091757,0.020219212800566523,0.8098567411511072,0.9280729290387254,0.7913689166954218,0.9158972362546293,0.0005805427477420131,0.01649902132239071,0.01630365702854453,0.09778281549612254,0.01694086323928725,0.09561241974719356,0.9619242478792793,1.033970734650858
seed,41,noise/Transport_noise,18653,0.0013360053440213762,0.06792473060633679,0.011365464000428885,0.9320752693936633,0.9207098053932343,0.0008734132991731687,0.017427815483722537,0.01921509258180971,1.2235906017441633,17156,16933,173,171,45,55,8,11,4,4,-0.005186246316756349,0.00013635124787569897,0.000895453927635792,0.0010786400271141083,0.0,0.0033587909998845774,0.05601623090222203,0.08129725903720066,0.0068554599831687725,0.016078881797098113,0.9187027409627994,0.9439837690977779,0.9073810505766067,0.9329309762526696,0.0,0.0024119038422065974,0.009166029458577404,0.027426598136249924,0.010356638579672959,0.02999441692713316,1.0155010263078692,1.712718036296767
seed,59,all,298300,0.007597602868533888,0.107334897753939,0.00991954408313778,0.892665102246061,0.8827455581629232,0.007367377707226486,0.053007713626906816,0.061077080239857515,0.9678118763364381,258419,254890,3991,3795,2343,2698,678,868,851,1072,-0.008855051624606758,-0.007237599043969367,-0.002081481486900516,-0.0060261276974855615,0.005138104166117367,0.010260412236984238,0.09398808683370931,0.12212013831311314,0.008153652626066417,0.011651709001527602,0.8778798616868868,0.9060119131662907,0.8674210747414179,0.8967029393969904,0.0035091046854554423,0.012139940303963676,0.035464051480488056,0.07200707224393323,0.04002316506857082,0.08473781093456861,0.7396968360223212,1.3150228531883061
seed,59,clean,57735,0.017293857221914778,0.07960509223174851,0.01002857885164978,0.9203949077682515,0.9103663289166017,0.007001522070015221,0.07977191892959973,0.0887937595129376,1.0128118036463947,50507,49798,1439,1356,887,1038,198,237,108,131,-0.028147077684270105,-0.02354194955220043,-0.004492747730287794,-0.001011999511176559,0.010862949305112377,0.024699446259731674,0.06797759488513594,0.09285763548988231,0.00795645498837985,0.012124898978404583,0.9071423645101178,0.932022405114864,0.8971181759245294,0.9225818975231465,0.003922525959364848,0.011048572796114785,0.053076011972716206,0.11264713336091392,0.05981994433493596,0.12500945027804866,0.915283013342198,1.120892371480334
seed,59,seen,164375,0.004049275692939432,0.09464942965779467,0.007744486692015209,0.9053505703422053,0.8976060836501901,0.001470747709157946,0.019493740634470524,0.021397006994523668,0.8841592356774904,146841,145488,1279,1236,523,603,120,153,54,64,-0.005314377258151981,-0.002607850293613101,-0.00033643923787746166,1.0775332977053242e-05,0.0015484950390220681,0.00761873693072334,0.08533428693464248,0.10438470897929286,0.005910218298058486,0.009803857739950076,0.895615291020707,0.9146657130653575,0.8871621571036511,0.9075264611104467,0.0007053759927417816,0.002382880548574232,0.014343294985818583,0.02550363820896741,0.01583012134873711,0.028093554281523072,0.8456663276835763,0.9195156842264564
seed,59,unseen,76190,0.0070771876446854955,0.15571597322483266,0.014529465809161307,0.8442840267751673,0.8297545609660061,0.021433429823312613,0.10843204924913721,0.1306411047311726,1.0932285002164166,61071,59604,1273,1203,933,1057,360,478,689,877,-0.0018747815685800084,-0.004870927226763633,-0.004019096175458148,-0.02284994481874625,0.004022739874387592,0.010609946678752919,0.11988897705674677,0.19671845934597093,0.010830343028672244,0.018794777999671802,0.803281540654029,0.8801110229432532,0.78822897721469,0.8667217799681065,0.006928536755889811,0.041015332174536456,0.04914366340137796,0.18173184010857468,0.05816575631825838,0.22278144552984439,0.2147544282169932,2.447424992192496
seed,59,seen/-5,29295,0.010473696738871698,0.13063662741082097,0.008568015019627923,0.8693633725891791,0.8607953575695512,0.0030931514454534638,0.024697659808386997,0.028631478764325653,0.7190009882184788,25094,24823,198,173,120,143,33,49,23,29,-0.005167843522434434,-0.00359564988251726,-0.0005288243103027113,9.44727492187547e-05,0.0018414853620580163,0.018887834434755876,0.10919951751333597,0.15474674479143824,0.00397269073912473,0.015019737099573903,0.8452532552085618,0.890800482486664,0.8340795521322703,0.8853223039178312,0.0005689022385296979,0.0058389582307241455,0.008499574833317817,0.042989354499142825,0.010463652052686278,0.049467068122412354,0.6072265824581753,0.8230579575513235
seed,59,seen/0,24179,0.0019206145966709346,0.12146904338475537,0.007030894577939534,0.8785309566152446,0.8715000620373051,0.0013287775246772968,0.014593729404010922,0.015280941533788913,0.8367525402805956,21055,20882,96,92,65,70,20,22,6,6,-0.007265338132191934,-0.0008958106839528357,0.0008371918797385747,0.0006227832160354829,0.0,0.005889053916217803,0.09526720377146074,0.14908041302138175,0.0035501338876173533,0.011837071042539761,0.8509195869786182,0.9047327962285392,0.845211399954156,0.8951176545814716,0.00036357747565944057,0.0027625693639896274,0.008234390668300264,0.023039405802219713,0.008556206504274402,0.024193984921825888,0.7432947374339358,0.9349058921432186
seed,59,seen/5,20673,0.0011806375442739079,0.10627388380980023,0.005514439123494413,0.8937261161901998,0.8882116770667053,0.0031042370112188216,0.029281229703399005,0.032839559960788585,0.9044199781796217,18132,17996,209,207,90,102,28,36,17,21,-0.011517424806631649,-0.004867070181605981,-0.0014577999801872465,-0.0006034212033724229,0.0,0.0031532954434578975,0.08554845552488803,0.12894140799716705,0.0028448530634367455,0.008514176902035762,0.8710585920028329,0.914451544475112,0.8665223928446246,0.9088361601056333,0.00040274275544948377,0.005927317246747414,0.01224439042083386,0.04609762394761456,0.014382250602711316,0.05113136600484484,0.8584524118294222,0.953082005141736
seed,59,seen/10,33027,0.002173913043478261,0.08447633754201109,0.008901807611953855,0.9155236624579889,0.9066218548460351,0.0010353004041011255,0.01914872507193174,0.020038072337441138,0.8752216431048232,29807,29505,317,313,83,94,24,25,6,6,0.0012474272581021462,0.0007234925313507334,-9.27884601520379e-05,-9.333634221511677e-05,0.0004992076561774254,0.004089573631276171,0.06954105123103636,0.09963789968685685,0.005181151674780821,0.013311925725645164,0.9003621003131431,0.9304589487689636,0.8904853115184224,0.92210876779883,0.0002705449874835704,0.0019054696760047198,0.013255647496983713,0.025394878582879612,0.013761182148556091,0.02664591894695687,0.798275674291173,0.9407944477818713
seed,59,seen/15,28497,0.0017683465959328027,0.06909499245534617,0.007018282626241359,0.9309050075446538,0.9238867249184125,0.00030385900941962927,0.014136007237635705,0.015382862351868733,0.9224249798881677,26235,26023,215,213,74,84,4,8,0,0,-0.0031875509297135673,-0.003738934261333704,-0.00039914767903251325,-9.792259255639313e-05,0.000373671177723605,0.0037716534380463486,0.05875779166851864,0.0826063845909477,0.004685356638030309,0.01018131005684679,0.9173936154090523,0.9412422083314813,0.9101200427128207,0.935103965069069,9.609889764269391e-05,0.0005756375810066066,0.009185482482894202,0.020052641416858235,0.010098360522565044,0.02159241259679266,0.859510813963317,0.9714282293963132
seed,59,seen/20,28704,0.003202195791399817,0.06403288740245262,0.008500557413600892,0.9359671125975474,0.9274665551839465,0.0005634437683119225,0.017382565324201592,0.018969273533168057,0.9615446737778859,26518,26259,244,238,91,110,11,13,2,2,-0.009014548261654959,-0.004124876619996026,-0.0005391798753743848,7.988387754148674e-05,0.0004936825551759666,0.0065066513691694585,0.05568458454306129,0.07581581827083311,0.004553540668511477,0.013387711664800711,0.9241841817291669,0.9443154154569388,0.9156338308592885,0.9361081075445351,0.000218204925686093,0.0010068470504142227,0.01204194068740968,0.023377763372629257,0.013211260074440559,0.02564748820220449,0.9332458018321019,0.9838848821796947
seed,59,unseen/-5,15416,0.004093063334769496,0.20433316035288013,0.023871302542812663,0.7956668396471199,0.7717955371043073,0.07060010085728693,0.3058046632969183,0.37123886367456715,3.492574822108555,10774,10201,409,397,393,460,204,260,486,580,0.003527621710602946,-0.019493718457879616,-0.015362897006102827,-0.05301744696030797,0.0025587392531415403,0.0057871208100109366,0.10790940066608676,0.3433698577470203,0.012615814630219217,0.03483447373358698,0.6566301422529796,0.8920905993339132,0.6383545757859794,0.8682995547590102,0.005505017664652152,0.1255215143858502,0.04487301965458995,0.5239684852592658,0.04965955239112252,0.6400191235291233,-1.270048379411953,9.231026531090023
seed,59,unseen/0,14355,0.010424710424710425,0.15047021943573669,0.020689655172413793,0.8495297805642633,0.8288401253918495,0.0041183392166750715,0.05625256252562526,0.058581274163724995,0.6692412894837242,11765,11476,227,205,159,168,35,40,9,9,-0.004019851544292907,-0.00271415760334226,0.0024598409248597353,-0.009159629771990863,0.0020038828281250154,0.029071581533983596,0.09467816690233605,0.23846920139914368,0.008202303293965589,0.04009323301553014,0.7615307986008563,0.9053218330976639,0.7269394304386407,0.8891500897081329,0.0,0.017380039387922284,0.009610589010782052,0.15655756489074757,0.009876579695703911,0.16802910396585724,0.32866318469990646,0.9579505371136371
seed,59,unseen/5,14823,0.0097426929802648,0.2242461040275248,0.01153612629022465,0.7757538959724752,0.7642177696822505,0.033103813559322036,0.14175145664840422,0.1784074858757062,-0.34741443588849547,10820,10557,186,167,220,229,88,104,185,271,0.01676769369008918,0.009379012937381859,0.0005910935353763414,-0.05159515754022109,0.0013548764030150422,0.01367245718615374,0.10870590504439183,0.3490185868504453,0.0037075980594544733,0.01997294141048263,0.6509814131495548,0.8912940949556081,0.6321767607635149,0.8873945616092856,0.0010839272434504327,0.09572323860017777,0.011783393434202677,0.3716498804251342,0.012483731873074274,0.4926361906614384,-1.683643560944607,0.6586782688710208
seed,59,unseen/10,6391,0.00830367734282325,0.10655609450790174,0.010327022375215147,0.8934439054920983,0.8831168831168831,0.008681785967399007,0.04483362521891419,0.0705173635719348,0.8494691102685078,5548,5432,90,84,56,79,10,40,6,9,-0.000826650512165128,-0.013439641690052961,-0.007854869685756716,-0.002288407050237695,0.0,0.028735632183908046,0.06938719398888935,0.180915290081706,0.0030774095261578024,0.015155884633209988,0.819084709918294,0.9306128060111106,0.8133095667123068,0.918179920795476,0.0005782257475957645,0.026345676740818107,0.010330094429247101,0.12468063693748846,0.013246717206095576,0.1992229255959814,0.7606857062116522,0.9222552359796267
seed,59,unseen/15,16127,0.005154639175257732,0.11310225088361134,0.008371054752898866,0.8868977491163886,0.8785266943634898,0.0024703557312252965,0.028805145773613927,0.03373800112930548,0.9209474739582885,13993,13839,232,223,57,71,18,27,3,8,-0.011232163788453597,-0.001963353013929192,-0.0030474277852505227,-0.0007869956771994202,0.0,0.012032488241737,0.07547597548099362,0.15136465622996,0.004700261588234284,0.013180505592072811,0.8486353437700399,0.9245240245190063,0.8380515531449512,0.9180257345227616,0.0005287907354559024,0.005722080056946986,0.014262664167849676,0.05055024237202368,0.015393451598320075,0.06224282402951451,0.8704713745774528,0.9632256537997295
seed,59,unseen/20,9078,0.004410143329658214,0.07986340603657194,0.007710949548358669,0.9201365939634281,0.9124256444150693,0.0008451044307618013,0.028732192026816712,0.029940842689846675,0.914175939732242,8171,8099,129,127,48,50,5,7,0,0,-0.022211913396231464,-0.005850232863903904,-0.0015539737011356636,-2.3946971009491946e-06,0.0,0.012642625102017952,0.05967642354988924,0.10117359114643475,0.0024815314324176303,0.013602759616302675,0.8988264088535652,0.9403235764501108,0.8881826347721776,0.9342134843826504,0.0,0.001785344730817904,0.005508929665010617,0.06966667402224844,0.005816508009621782,0.07174136681373952,0.8213987294489441,0.979826655947815
seed,59,noise/Babble_noise,23330,0.0,0.13660522931847408,0.005057865409344192,0.8633947706815259,0.8583369052721818,0.0004993757802746567,0.01077297324132453,0.01083645443196005,0.8929018448829634,19989,19871,103,103,41,41,8,8,2,2,-0.0048178576570352405,3.4117213819184755e-05,0.000232900899448385,9.178684606186982e-05,0.0,0.0,0.1109611453672777,0.16912033337788565,0.0022083977870712237,0.008313494302915158,0.8308796666221142,0.8890388546327223,0.8270179580129574,0.88293299113489,5.01535340581376e-05,0.0010492897066064382,0.003968509330444928,0.017780438005831956,0.003988553983826952,0.017878173858667905,0.8250165251714502,0.949997007952811
seed,59,noise/City_noise,27887,0.0029250457038391227,0.08200953849463907,0.011367303761609352,0.9179904615053609,0.9066231577437516,0.0015029861962583555,0.0246875,0.025511213068069454,0.9097172555037406,25152,24832,305,299,106,114,33,34,4,4,-0.003848096772670423,-0.0002401801470320042,0.0006353819360346014,0.0012892626220830095,0.0008884644387567864,0.004959803022738834,0.07138673993212691,0.09531196231093353,0.006327021136748433,0.017628242479845825,0.9046880376890665,0.928613260067873,0.8931039035987983,0.9182020344215719,0.00047706270876247253,0.00264029708591673,0.017877231556364434,0.03253583588923628,0.018681123373130035,0.033261417711774384,0.8625134332037929,0.9455842779088506
seed,59,noise/Domestic_noise,28968,0.0020352781546811396,0.09299917149958575,0.007111295222314278,0.9070008285004143,0.8998895332781,0.0011508362743593678,0.013625637512369643,0.015497928494706154,0.827181721979314,26020,25800,180,175,54,63,10,17,10,13,-0.004824341995180309,-0.002057595126876005,0.0002302573155683052,0.0003060231870419261,0.0,0.005020784667578887,0.07856672445871432,0.11074011604097152,0.003475899779998174,0.012771875004291328,0.8892598839590286,0.9214332755412856,0.8801989659846915,0.9153163394636564,0.0002604612851439792,0.002623952706022032,0.007695681683188058,0.02280030802097992,0.008848803549529901,0.025869821782346453,0.7570798832479241,0.8965933380688352
seed,59,noise/Nature_noise,28954,0.0051795580110497235,0.08789804517510534,0.005733232023209228,0.9121019548248946,0.9063687228016855,0.0010288457874480814,0.018554280737627323,0.0205007049498914,0.8865978519472384,26058,25879,242,230,89,107,10,14,10,13,-0.008715446063427112,-0.0035811941543258674,-0.0007499209731340051,-0.00048724632466651263,0.0009841314675283611,0.009861489881082588,0.06986933406541336,0.10841629676544133,0.0034429720417157397,0.008384774182856828,0.8915837032345586,0.9301306659345866,0.8842906604378763,0.9245323111597988,0.0004450520211357765,0.0017609672204685525,0.012631899146179576,0.025272046844964535,0.014162591159851497,0.027835256152396008,0.7986173502075887,0.9506536916867582
seed,59,noise/Office_noise,29305,0.012636012636012635,0.07944036853779218,0.00948643576181539,0.9205596314622078,0.9110731957003925,0.0034458219408966626,0.031360047447825924,0.03625603955204315,0.9087783385042195,26456,26139,287,271,166,197,45,65,23,27,-0.004937779882941973,-0.0066527798679104355,-0.0026323854548875314,-0.0012235200363749088,0.0013427778556781588,0.026836951542216114,0.06574504161747977,0.09331191979750866,0.005902568716616369,0.012678592023739386,0.9066880802024914,0.9342549583825203,0.8952500947560249,0.9263934242799415,0.0009838783280961508,0.006179773189192387,0.016036801450024913,0.04944072945265501,0.018465542870905613,0.05682053724894662,0.8611099084039234,0.9601578060933748
seed,59,noise/Public_noise,25931,0.00216998191681736,0.0970652886506498,0.007250009640970267,0.9029347113493502,0.8956847017083799,0.0008611039352449841,0.015289997437430597,0.016576250753465943,0.8775705377052062,23166,22967,162,158,67,81,14,15,5,5,-0.004513441990828482,-0.002487733509774437,0.0005295013664641801,0.00018411347674907041,0.0003173319675430086,0.005138452851496329,0.0802358487949653,0.11954617445586631,0.00376081054800259,0.011563180352783363,0.8804538255441337,0.9197641512050347,0.8725711559841616,0.9128890403000344,0.0,0.002730684862145171,0.007408570096033808,0.02685022261131277,0.008424023532902796,0.028657789565564237,0.7368458661085735,0.9842060893673356
seed,59,noise/SSN_noise,31279,0.0084991500849915,0.2390741391988235,0.016304869081492375,0.7609258608011765,0.7446209917196841,0.04933236013910953,0.23725893870005463,0.29019793053110643,1.3216542117310093,21278,20462,869,815,775,865,288,382,591,767,-0.00024086544580959046,-0.008194066242713904,-0.007476422397863058,-0.05062701275169801,0.004086449931476752,0.013300031511995289,0.17335921847692118,0.31847938949381915,0.007607909923123925,0.027108854294213065,0.6815206105061807,0.8266407815230787,0.6584702631039334,0.8154415004768052,0.009811003706993017,0.10766285184918133,0.07686473302453237,0.46551917409334925,0.09169994428890865,0.5712623029900097,-0.6753569545323167,4.6025665595482605
seed,59,noise/Street_noise,26258,0.0035239902412577935,0.12152486861147078,0.012796100236118517,0.8784751313885292,0.8656790311524107,0.008226650829264001,0.04374214245458881,0.05129558752364612,0.8429031732750117,22569,22181,227,218,116,145,70,90,85,97,-0.0017058416450325686,-0.004887878323617312,-0.0036365435892964926,-0.006556636926455139,0.0013903951921888519,0.006628875108863134,0.07799447997062997,0.19999283735089196,0.008102498418635298,0.018842524109171508,0.8000071626491079,0.92200552002937,0.7873314855975082,0.9114563015910124,0.0010767301395547774,0.023542324893425965,0.016910606768908307,0.09833684175409288,0.018380930377634927,0.11971831551980051,0.6994806703276623,0.9419676135277983
seed,59,noise/Transport_noise,18653,0.006298110566829951,0.06406476170053074,0.013992387283546882,0.9359352382994692,0.9219428510159223,0.0011048438681165319,0.018272425249169437,0.019421992207943245,1.0058876657178206,17224,16961,177,170,42,47,2,6,13,13,-0.004852494907808841,0.0007254683761468983,0.0012399313859620398,0.0007928595150883122,0.0012392856914316774,0.012791567389175466,0.05382366766559254,0.07593517685167946,0.008480770774543725,0.020305717974588418,0.9240648231483205,0.9461763323344075,0.9092869290942039,0.9337077628657368,0.00012877496653318187,0.002785762472151662,0.009843315049050417,0.028413006212013245,0.010706232985855744,0.029873363500622117,0.9159964055092741,1.1387377077103829
seed,71,all,298300,0.006025205883126793,0.10373114314448542,0.012105263157894737,0.8962688568555146,0.8841635936976199,0.0058730748523200356,0.043238067452881356,0.05244439726100111,0.8333749488772204,260293,256058,4087,3908,1966,2231,503,734,508,815,-0.009506744588326677,-0.006125601213843035,-0.001544520811081418,-0.005084979506686682,0.0038015349050834766,0.00813346304047282,0.09133930101483305,0.11597042869041299,0.009568573976103261,0.015140859308195885,0.884029571309587,0.9086606989851669,0.8700386941492513,0.8978150121790593,0.0029491070764557387,0.009303090826213382,0.03164126247827139,0.055881896675407675,0.0364642328176744,0.06991062591920627,0.7353600987996847,0.9121821800544752
seed,71,clean,57735,0.005110732538330494,0.06763661557114402,0.008504373430328224,0.932363384428856,0.9238590109985277,0.008830311779373441,0.08002972320267508,0.0884156058418793,0.7100780610981444,51278,50658,1366,1337,794,873,214,251,178,220,-0.03285923061040483,-0.022942670807549526,-0.006623958440314048,-0.005275341744752554,0.001911760868600892,0.010335386797409259,0.057694092720506386,0.07736594418040839,0.006751138589711669,0.010181992346392957,0.9226340558195917,0.9423059072794936,0.9139953041658793,0.9337860214348834,0.004880224157460907,0.013329895581101812,0.05753829334026039,0.10589827145423558,0.06337397093723456,0.11612201784264732,0.4477466120286284,0.9138284571919836
seed,71,seen,164375,0.0029462738301559792,0.09244714828897338,0.009758174904942966,0.9075528517110266,0.8977946768060836,0.0007792647806200237,0.019138082437876645,0.02001694053870913,0.9753688520168998,147065,145447,1497,1449,518,564,74,83,25,32,-0.008017089781318099,-0.0022703548181117195,4.1211012298258964e-05,0.00024667430932762135,0.001423490307438691,0.004735751509284076,0.08334336510794282,0.10170716947544625,0.007508760189194811,0.012697551308219217,0.8982928305245538,0.9166566348920572,0.88758459701233,0.9076009310309165,0.00034361129757673177,0.0013243282834905,0.014375868871782573,0.024614785555198842,0.01479467400869171,0.02606640821963631,0.9428245027837272,1.0043914356427286
seed,71,unseen,76190,0.010182584269662922,0.15542722142013388,0.01989762436015225,0.8445727785798661,0.8246751542197138,0.015326585179526356,0.06833157207683223,0.09807104660045836,0.6862234932091152,61950,59953,1224,1122,654,794,215,400,305,563,0.004975389177031775,-0.0016994641001233934,-0.0011165556836929547,-0.016443425919504873,0.0056142264377962315,0.014251514979972738,0.12304950971649412,0.19065245717981213,0.01288694525322381,0.029154069091143518,0.8093475428201878,0.8769504902835058,0.7813085488482092,0.8622837944309404,0.005451324018676048,0.02900925364043298,0.038105010492612196,0.10351072058006365,0.04930520979670938,0.1599625347000457,0.5164957735877765,0.8465861472643197
seed,71,seen/-5,29295,0.003775484520513466,0.1202594299368493,0.01003584229390681,0.8797405700631508,0.8697047277692439,0.001452233299317058,0.024794350457861245,0.026925190360310856,0.964749507025164,25322,25013,304,291,113,137,23,27,10,10,-0.01241787310299669,-0.004663103945043101,7.595820301692369e-05,0.0014485419701035784,0.0,0.007933214030870672,0.1016091710403879,0.14157935061483568,0.003321194926165719,0.022544147569522187,0.8584206493851644,0.8983908289596121,0.8422826623548235,0.8916291577184624,0.00012150734771872938,0.0034346021870561385,0.007261397304461166,0.043369283458856246,0.007798295306830133,0.04702558178960531,0.8919921164746697,1.01543914381157
seed,71,seen/0,24179,0.0009603072983354673,0.12225484924934861,0.008850655527523885,0.8777451507506514,0.8688944952231276,0.0009519729639678234,0.0134759459077416,0.013756009329335047,0.9776462737659269,21055,20842,75,72,74,75,13,13,6,7,-0.007928834058104961,-0.0002790717422126443,0.0010189038868387845,-4.0373427556084085e-05,0.0,0.002721128124528691,0.09635818151600536,0.14932985051073577,0.004668299072931979,0.014669301095464158,0.8506701494892642,0.9036418184839946,0.8431160062595773,0.8923377410398471,4.27496933020596e-05,0.0026371991504335226,0.007090721900677701,0.023576297490340837,0.007173028278119307,0.02399320623019066,0.9331894901603611,1.0097925164256418
seed,71,seen/5,20673,0.0,0.10467759880036763,0.010303294151792193,0.8953224011996324,0.8850191070478401,0.0014757324005247048,0.025393052028742775,0.027710975076519456,0.9446077219754954,18183,17957,207,207,98,105,17,18,4,9,-0.01380899753718956,-0.003962473355351159,0.00019429231791245893,8.848447079773392e-05,0.0,0.0,0.08347221863089895,0.1276698374205036,0.0038840283029958535,0.018872188292439727,0.8723301625794964,0.9165277813691011,0.8638298004200484,0.9076651246153542,0.00011311386845390842,0.002788292247056167,0.010072221707905608,0.04017042670318818,0.010450375270588933,0.044169310487759836,0.8466865227881132,1.005614124446416
seed,71,seen/10,33027,0.007382343894186404,0.08614164168710449,0.009900990099009901,0.9138583583128955,0.9039573682138856,0.0007033997655334115,0.016499900603008415,0.016580137330430414,0.9262014458877048,29776,29465,336,312,53,57,12,15,5,6,-0.0021664102887508085,0.0008869968218464253,-0.0003812823228230289,-0.00011665572810742875,0.0013739432926824719,0.01592505599968116,0.07147586157261511,0.10169152746633217,0.007769081253007218,0.012267235078671035,0.8983084725336679,0.9285241384273849,0.8880629197930486,0.918710548101824,0.0002579160019825718,0.0013107781661184203,0.011333810407949192,0.02266812658464212,0.01100182277167873,0.023101093742356152,0.79976351224842,1.0303708355381094
seed,71,seen/15,28497,0.0030782761653474055,0.06691932484121135,0.0108432466575429,0.9330806751587887,0.9222374285012458,0.00026635211749933413,0.01692365550959007,0.01731288763745672,1.008831851875992,26223,25915,290,284,71,75,6,7,0,0,-0.002669909899797651,-0.0028709524407524722,-0.00013960154734884989,3.4578782391325724e-06,0.00047321614049039275,0.005952825159914709,0.05478943127577137,0.08258592427470053,0.007438457291240532,0.015874195054331502,0.9174140757252994,0.9452105687242286,0.9052577881220527,0.9352199838990072,3.864696973514402e-05,0.0005962956575445997,0.011071924252429567,0.024125205913779146,0.011271636457323006,0.024742413650553585,0.9762728075581879,1.0402217471694675
seed,71,seen/20,28704,0.0009099181073703367,0.06274386845039019,0.008605072463768116,0.9372561315496098,0.9286510590858417,0.00011254501800720288,0.01903133479537598,0.0195828331332533,1.0068630087107062,26506,26255,285,283,109,115,3,3,0,0,-0.011469077496290753,-0.003323626259682938,-0.0002624366293287883,3.530002082066663e-05,0.0,0.00254096769833449,0.05450393543475912,0.07360797461770079,0.00562175569435246,0.01215090816934477,0.9263920253822993,0.9454960645652409,0.9177792401747425,0.9366456254059684,0.0,0.00024508445922963957,0.011588366229792285,0.027521791510667585,0.011955124274324502,0.02821942360198763,0.9854862729127197,1.024393804854054
seed,71,unseen/-5,15416,0.014382022471910113,0.2224312402698495,0.023741567202906072,0.7775687597301505,0.7538271925272444,0.04139058600808881,0.17377158588470842,0.2479993115910851,0.1759519079229769,10966,10381,397,364,338,395,134,196,152,285,0.005171175968867958,-0.0181018080408214,-0.008302917170080693,-0.03674973912654689,0.0,0.021449728688334575,0.13141944398865626,0.32892004474260933,0.011106727710777042,0.035203489718228356,0.6710799552573906,0.8685805560113437,0.6443661145884956,0.8513062401622915,0.00564742885807727,0.07760020147617151,0.03449407954613514,0.2925635516958497,0.038648010148149524,0.42732111150883034,-0.6115430746953401,0.8925882871769508
seed,71,unseen/0,14355,0.012265235722499043,0.15130616509926856,0.020828979449669105,0.8486938349007315,0.8278648554510624,0.012032985526758667,0.07165722728392021,0.08229552339279704,0.7415283373561059,11746,11428,200,170,121,143,33,50,83,93,0.001046142037787412,-0.0024724272786447177,0.004353176261063629,-0.005066353482017172,0.0033631721810320836,0.023955566140446364,0.09606855182040515,0.2398147418384645,0.009109062091785934,0.03400308148694087,0.7601852581615355,0.9039314481795948,0.7288475459322109,0.8859303814667966,0.0005010381435550545,0.04802036084530316,0.011803258879098017,0.204051885177201,0.01241954859975257,0.23928354163206023,0.4104065507457379,0.989700238339552
seed,71,unseen/5,14823,0.009335529928610654,0.22903595763340753,0.029683599811104366,0.7709640423665924,0.7412804425554881,0.02275209319257372,0.04488974448722436,0.10111030214779759,0.49996797878569843,11181,10588,121,92,41,58,30,97,55,153,0.040250881912511194,0.024724006575536972,0.00334098962155438,-0.039497413467101006,0.001415403141770046,0.01596353725535804,0.11161420565997261,0.35686731050777337,0.0041427092609753625,0.06504069906021541,0.6431326894922266,0.8883857943400273,0.585802190034159,0.8855842061189941,0.0008823995814519597,0.07062312427740991,0.006509177150932079,0.11645755917248353,0.008695018331392886,0.2995379385607415,0.048340411726267435,0.9043987027175653
seed,71,unseen/10,6391,0.014084507042253521,0.10624315443592552,0.016272883742763262,0.8937568455640745,0.8774839618213112,0.005884450784593438,0.03799019607843137,0.06686875891583452,0.9777718175822678,5539,5377,129,122,44,76,0,31,0,2,-0.0019892060997387384,-0.010567657592011837,-0.006225592724633078,-0.0004728387337282758,0.0,0.0333959514421114,0.06875656304798751,0.1767773903896173,0.005671688856765725,0.02266429256216899,0.8232226096103827,0.9312434369520125,0.8095158480386647,0.9127953757706674,0.0,0.01876001116497072,0.008830548716761708,0.09863560495133343,0.013070054711659361,0.1881412494130192,0.8480114690764415,1.0483461024551204
seed,71,unseen/15,16127,0.0016042780748663102,0.09319774291560737,0.01314565635270044,0.9068022570843927,0.8936566007316922,0.003746877601998335,0.03460065645514223,0.041978906466833193,0.9549360340081935,14257,14016,274,271,62,71,16,24,15,30,-0.011115153022319302,-0.004187964445785952,-0.0014720467051960173,-0.0015263535836449738,0.0,0.003721672736794495,0.06377864116120122,0.12225700217932998,0.007682270049960627,0.019946381181058286,0.87774299782067,0.9362213588387988,0.8639579898374995,0.9239240238349721,0.00023811380568984245,0.011896187472811277,0.015915137050809828,0.06219213439193334,0.017172342840141387,0.08241718393025976,0.854280731023343,1.0126839596518165
seed,71,unseen/20,9078,0.0,0.07314386428728795,0.010464860101343908,0.9268561357127121,0.9163912756113681,0.00024041351123933166,0.02436415497979558,0.02536362543574949,0.8744061189559567,8261,8163,103,103,48,51,2,2,0,0,-0.013255458240276463,-0.005104621131042014,-0.0006123023261347116,-5.018305621698471e-05,0.0,0.0,0.055626988216852996,0.09276294440815651,0.0025411440178939484,0.01864992944362072,0.9072370555918435,0.944373011783147,0.8913313454840424,0.9382108198224838,0.0,0.0005126848197335134,0.005574512425455642,0.05324786669059672,0.005593257612342497,0.054726888883150686,0.5665289015869736,1.034701151077011
seed,71,noise/Babble_noise,23330,0.0011682242990654205,0.13883411915987998,0.007201028718388341,0.86116588084012,0.8539648521217317,0.0005521256838829494,0.012393609078691952,0.012397731265371682,0.8732522467349756,19906,19741,133,129,41,42,10,10,1,1,-0.007418629755532813,-0.0002594927325636487,0.00024891885515015977,1.1261112955962549e-05,0.0,0.003239078265134527,0.11192279257092057,0.1720213907662755,0.002940486166479378,0.011106269156258088,0.8279786092337245,0.8880772074290794,0.8230422008760873,0.8789458784479973,4.295682823196443e-05,0.0010944071938194396,0.004476107201177805,0.021133843737887615,0.0044528994561715916,0.02128063106951356,0.6568338393171722,1.0108263585799555
seed,71,noise/City_noise,27887,0.006488824801730353,0.08570301574210205,0.0124789328360885,0.914296984257898,0.9018180514218095,0.0010736013360372182,0.020512217123583167,0.02099487057139449,0.9267541067822742,25113,24774,273,256,89,92,16,20,6,7,-0.010941270312037177,-0.0006691173415411811,0.00035553867047541377,0.0001707095226012867,0.0005851674316460514,0.014825790181939346,0.0752707139796519,0.09908374245036022,0.008579648368982274,0.01737332200616945,0.9009162575496398,0.9247292860203481,0.8886505839764864,0.9120475467514093,0.00037798211310347257,0.002290129782709205,0.015488768083438229,0.027065755243332594,0.015458033264115352,0.02793469635479609,0.8460652532622018,0.9990584921809748
seed,71,noise/Domestic_noise,28968,0.0010645848119233499,0.08947804473902236,0.01132283899475283,0.9105219552609777,0.8991991162662248,0.00019195331695331694,0.01091901728844404,0.01190110565110565,0.9864430316038306,26150,25814,167,164,56,65,3,4,0,1,-0.0024919544723371045,-0.000651960529795742,0.0007793937723978572,0.0014929793411823378,0.0,0.0035491942730906385,0.0760246740799223,0.1060652793456707,0.0042836365147005135,0.022886161019087144,0.8939347206543293,0.9239753259200777,0.8765188639658661,0.9166819947003101,3.408385310827525e-05,0.0004424953588274123,0.005673007623961162,0.017993004348063852,0.006148598577666028,0.020100730160382083,0.9223091753233026,1.0415539124577873
seed,71,noise/Nature_noise,28954,0.003700962250185048,0.07953995993645092,0.007667334392484631,0.9204600400635491,0.9127927056710644,0.00034053501835105374,0.01943641889610146,0.020205077755495855,0.9817468861261651,26252,26027,293,283,97,110,5,5,4,4,-0.008961703938614507,-0.004750524072468065,-7.954761128697863e-05,-3.045785025335146e-05,0.0,0.00916719952818475,0.06596347835722803,0.094209890674403,0.005077569384236405,0.010769607365252934,0.905790109325597,0.934036521642772,0.8980544615141405,0.9260173847261339,3.3031026240005566e-05,0.000969337634429706,0.011597192552383262,0.028742147331478753,0.011876004070487566,0.02997487385310741,0.9438354008113129,1.0083873212846617
seed,71,noise/Office_noise,29305,0.0035285815102328866,0.07592560996416994,0.00880395836887903,0.92407439003583,0.915270431666951,0.0016031615837745134,0.030945347119645496,0.03273432257102379,1.031850184232734,26471,26200,426,418,145,161,30,34,8,9,-0.01018428286953399,-0.0042425128446602345,-0.0013934310560784202,-0.00046879038855293653,0.00035915686201963397,0.006648018815872313,0.06102949611289496,0.09199609224163115,0.006632791855752833,0.011043823106786095,0.9080039077583688,0.938970503887105,0.8980444900765345,0.9308366038965246,6.589420388316186e-05,0.0035891184205599186,0.015809307912888475,0.04731602524610809,0.01619819071464396,0.050948442849981825,1.0114404492736446,1.056299389734806
seed,71,noise/Public_noise,25931,0.002175489485134155,0.09436581697582044,0.01079788669931742,0.9056341830241795,0.8948362963248622,0.0008619203585588692,0.01869357860671095,0.019694880193070162,0.9797070795811142,23173,22891,205,199,90,94,10,10,6,10,-0.008079085763403049,-0.0026114082348813183,0.0004478082676750983,0.0002658958293582092,0.0,0.00685169330289192,0.07803176952973934,0.1162566687679998,0.005859568517716406,0.018339352054034818,0.8837433312320002,0.9219682304702606,0.8695979369984576,0.9131159224738246,4.0673236457554385e-05,0.0022319926077016576,0.009655401951163843,0.03093797244016266,0.010111434971562357,0.03370610460475786,0.9068992706379521,1.0216218619263222
seed,71,noise/SSN_noise,31279,0.009897723523589575,0.24323028229802743,0.026439464177243518,0.7567697177019725,0.730330253524729,0.03510768691997899,0.1226817624941912,0.2014533356680091,0.22190086542064066,22186,20885,689,616,420,541,129,304,247,498,0.020798561747952804,0.005369473696669513,-0.0010329654029371804,-0.03850395286615571,0.005083951963611119,0.014978160622829848,0.17720814808811647,0.32325085921424834,0.011399380720787533,0.04643702627050196,0.6767491407857517,0.8227918519118835,0.6364271789298306,0.8089914513962447,0.00913782205142975,0.07857827027139024,0.04996185369311552,0.22733696676057846,0.07273893311905033,0.3946608634974532,-0.17464584018449048,0.5838709604591322
seed,71,noise/Street_noise,26258,0.012264922322158627,0.11421281133368878,0.015652372610252114,0.8857871886663112,0.8701348160560591,0.005952380952380952,0.050174126144718174,0.05361519607843137,0.9878400541979708,22589,22169,343,323,206,220,72,82,49,54,-0.007802002351350479,-0.012286381935964819,-0.003010050214798332,-0.0018329071924922946,0.0006518692620056497,0.01860102417355712,0.07477212221566842,0.17942216014392134,0.010191287647847824,0.02041712420926456,0.8205778398560786,0.9252278777843316,0.8052932484744016,0.9129580934985393,0.0007924473532008308,0.0164489239561232,0.016350202002270185,0.11725842402248124,0.018177087122192685,0.1216801662232078,0.9291698973122028,1.031152215522888
seed,71,noise/Transport_noise,18653,0.006765899864682003,0.06620918887042299,0.014903768830751086,0.933790811129577,0.9188870422988259,0.0014585764294049008,0.01871627052474452,0.019544924154025672,0.9731190683525662,17175,16899,192,183,28,33,14,14,9,11,-0.003571454123969142,0.001350017655499719,0.0014087624423995693,-1.774524452544113e-05,0.0,0.016383466718719496,0.05491828421042637,0.07872840564731322,0.008705361348119271,0.022183259157363733,0.9212715943526868,0.9450817157895737,0.9075087893261554,0.9300284158226393,6.972122518950224e-05,0.004011690767141429,0.009600787297835353,0.030160150195927878,0.010137082412236542,0.031368842714324476,0.8677105547092488,1.0249449290225965
seed,83,all,298300,0.008539205155746509,0.11209855849815621,0.008897083473013745,0.8879014415018438,0.87900435802883,0.0030624659143348577,0.022932783611026162,0.02705877417460251,0.8636591801897802,261060,258232,2269,2044,1008,1128,307,417,217,386,-0.00032884549558376275,-0.0008529438316349225,-0.0006283794814796462,-0.003490153464624557,0.005709774430272532,0.012179011965213756,0.09733468500096681,0.12694614994522618,0.006667239517015203,0.011416884147312203,0.8730538500547739,0.9026653149990332,0.8625072097638226,0.8947647957033878,0.0016175159782323794,0.004852518801080701,0.016932521416435108,0.03019734797838552,0.01951990531456393,0.035472929689586444,0.7887595543289412,0.9318680581198995
seed,83,clean,57735,0.017853786882165008,0.06935134667013076,0.01044427123928293,0.9306486533298692,0.9202043820905863,0.003802138232193947,0.03960469747445609,0.043743412136726396,0.9236418329032522,52414,51778,726,664,440,484,82,116,69,86,-0.013231830694092894,-0.009104885335540741,-0.0020428922480702494,-0.0009051536267359883,0.009983327846814171,0.028595115446790213,0.05988063306139502,0.07940856123894417,0.00731904536039177,0.014785023749949862,0.9205914387610558,0.940119366938605,0.9105271698113541,0.9300334224560779,0.002218546699258167,0.005770885692800827,0.029181934052649756,0.05129459111029735,0.03221190810578058,0.0567166423075468,0.7855708318982584,1.014936054896382
seed,83,seen,164375,0.005931612002791347,0.09736882129277566,0.0062053231939163496,0.9026311787072243,0.896425855513308,0.0007804546996946046,0.010763631461885826,0.011856124872751951,0.9214906316104261,147179,146153,875,790,242,292,58,87,16,28,-0.0026667474419042603,-0.0005015642021595768,-0.00013474212509423378,8.719461465517275e-05,0.0031422585800467665,0.009059152530314502,0.08770932465859452,0.10737972646015505,0.0048381609058216245,0.007900780088997651,0.892620273539845,0.9122906753414054,0.8857642327984344,0.9068006063682824,0.000345298912073722,0.0013237578768940776,0.0085641538209812,0.013161139006556332,0.009213834151608537,0.014868781230077819,0.86507161998944,0.969902069340423
seed,83,unseen,76190,0.008218433743123005,0.17626985168657305,0.013531959574747341,0.823730148313427,0.8101981887386797,0.007873122843396134,0.0374282982791587,0.04898831991446484,0.67534287990202,61467,60301,668,590,326,352,167,214,132,272,0.014492607226064158,0.004642105599169777,-0.0006214854780246526,-0.013166903119069095,0.0048263573883043105,0.011866051526089445,0.1338645282970073,0.2257549215499461,0.008052764540634957,0.020934643976320916,0.774245078450054,0.8661354717029928,0.7576990545365098,0.8571177671411554,0.0022823481179915397,0.015707740710202447,0.016974230235033926,0.06445177120807578,0.023299485840682397,0.08225657626114066,0.4108254566506933,0.887589343069997
seed,83,seen/-5,29295,0.008589276418532014,0.12565284178187405,0.008329066393582522,0.8743471582181259,0.8660180918245435,0.001931415057154119,0.009682205044116498,0.014702404414662988,0.7387168264378049,25453,25177,104,79,34,65,16,32,7,17,-0.0012320947512617364,0.0008254422982820198,0.0002743063435297066,0.0006303278431836201,0.0016187005434596202,0.014915947708574849,0.10611038109957766,0.14930132299835056,0.003197748493744269,0.015731355771927927,0.8506986770016495,0.8938896189004224,0.8377891378329616,0.8886462060280997,0.00025231183582588037,0.0037002396557731052,0.004693188431978876,0.015025445456307946,0.004817382851808855,0.02484334775647678,0.4971013434038031,0.9497511170782108
seed,83,seen/0,24179,0.002216592780240659,0.12556350552132015,0.004466685967161587,0.8744364944786799,0.8699698085115183,0.0002376990729736154,0.007425625502530388,0.007606370335155693,0.9889098308384279,21021,20916,90,83,29,31,3,5,0,0,-0.004226910625146296,-0.00033407016948155954,0.00025894784365199097,-1.1898192562864729e-06,0.0,0.006734504180684,0.09943669921029687,0.15286388835497372,0.002105159866075049,0.007804329361301997,0.8471361116450261,0.900563300789703,0.8428948653774704,0.8954218215278781,3.747247518116425e-05,0.0005740068646332968,0.0036164749229938443,0.012950121179925864,0.003775878332755108,0.01326262512400951,0.8508830304450237,1.2307413883758138
seed,83,seen/5,20673,0.007395234182415777,0.10622551153678711,0.005707928215546849,0.8937744884632128,0.8880665602476661,0.0015796067323928318,0.017643556854467717,0.018138242823683207,0.9761571865295041,18239,18128,176,161,38,41,22,26,2,3,-0.006412936300707384,-0.000602254596463736,-0.0002401682287535567,8.004336299272108e-06,0.0012104475294414496,0.01683789041391981,0.0853845800318932,0.1286072157537683,0.003059438261620624,0.008582424677309691,0.8713927842462317,0.9146154199681068,0.8659717442961519,0.9087746237623939,0.0,0.0033423413699388716,0.009403143888879268,0.02538096284427089,0.009198514608201848,0.026635126162579167,0.8947895855590858,1.1235420355627717
seed,83,seen/10,33027,0.0017953321364452424,0.09362037121143307,0.005086747206830775,0.9063796287885669,0.9012928815817361,0.0003023482379816575,0.010322365124436279,0.010481405583364129,0.9391074937023721,29685,29519,201,196,42,43,4,6,3,3,0.000715374263780516,-6.797084466036996e-05,-0.0003824264981866221,-0.00010311245243357914,0.0007002739842874497,0.003066103324865565,0.07606909696920644,0.10999446355585613,0.003422546626051153,0.00713765640383046,0.8900055364441438,0.9239309030307936,0.8839828778469843,0.9190043119380679,8.21609318377773e-05,0.0006900865005536126,0.007278935867335664,0.013575383957649545,0.007431355705052299,0.013746371098506216,0.8846492642504821,0.9784736085345751
seed,83,seen/15,28497,0.009158307893589184,0.07302523072604133,0.006211180124223602,0.9269747692739586,0.9207635891497351,0.0004954457105834826,0.010523924894003634,0.010366248713746713,0.929680039617922,26204,26040,160,143,41,43,8,9,3,4,-0.0012808268714262216,-0.0015260486893030056,-0.00020484941359985576,-0.00010023454780888619,0.0013054263179026978,0.01901679332019888,0.06012910750599051,0.08984578817241783,0.004198965448921807,0.008901460778652327,0.9101542118275822,0.9398708924940095,0.9035790172410563,0.9339267136252355,0.00010901524680601567,0.001003461273357689,0.006635647081681083,0.015708507752317108,0.006577837924650035,0.01545692369117386,0.8092822377173166,0.9913779812089661
seed,83,seen/20,28704,0.007992477668077104,0.06685479375696766,0.007141861761426979,0.9331452062430323,0.9260033444816054,0.0003762227238525207,0.01041627776740713,0.011173814898419865,0.9420461203764756,26577,26373,144,128,58,69,5,9,1,1,-0.005386086724139705,-0.0014062630076610294,-0.0004533218216881407,6.940964634902236e-05,0.00218415129652921,0.015839406531907782,0.0571580748836391,0.07931955731258106,0.00422160679783101,0.010828279749076375,0.920680442687419,0.9428419251163609,0.9133228557185225,0.9361715591093003,0.00013814209426553256,0.0007198105346722066,0.006779742614849313,0.014435358475036264,0.006983162372126896,0.016070744561427052,0.8935930899560641,0.975872355775161
seed,83,unseen/-5,15416,0.0090595340811044,0.271536066424494,0.031525687597301504,0.728463933575506,0.6969382459782044,0.016846612062546538,0.06731967943009795,0.10163812360387194,-0.14622246771194927,10780,10226,261,228,99,109,63,78,27,103,0.03812018113889071,0.018348011504630612,0.0003992302125396252,-0.022915916585965923,0.0010345732250277484,0.01659101169535848,0.15376056331291693,0.3866010299654496,0.008267910866095468,0.06571591085963366,0.6133989700345502,0.8462394366870829,0.5656569664759722,0.831814749977289,0.0018502151567679347,0.03761743355503892,0.013688407793748542,0.1389666647350401,0.0212311311774845,0.20866324127107727,-0.9936954980204575,1.0022189367222643
seed,83,unseen/0,14355,0.009722722362261434,0.16976663183559734,0.01281783350748868,0.8302333681644026,0.817415534656914,0.012612919720470428,0.06620238295015943,0.0673257201295381,0.7944066265741062,11578,11403,129,112,65,71,54,56,92,92,0.00762997525851522,-0.002932194585110015,-0.0006873609131439196,-0.009118445274522602,0.0033805315689492466,0.017261269188433872,0.09756476050356556,0.2979180492806466,0.004835452476123026,0.022914071191583826,0.7020819507193532,0.9024352394964344,0.680809142574164,0.8918945948997689,0.00013875514335267544,0.05531312198942392,0.006292124388207865,0.24390011265275205,0.006651569591331716,0.24746727425917525,0.47711003419390857,1.042718308385855
seed,83,unseen/5,14823,0.008651399491094147,0.25676313836605275,0.01160358901706807,0.7432368616339472,0.7316332726168792,0.010235131396957123,0.019969138603975672,0.04785615491009682,0.455789387353539,10893,10654,61,46,38,34,17,39,8,72,0.04472748827290152,0.014874272322479065,0.0007099334178350958,-0.03501890626914772,0.0023025975904610364,0.01688363316570521,0.10783599437771013,0.42701283417808317,0.0034976599144573364,0.021128149634031576,0.5729871658219168,0.8921640056222898,0.554566721994445,0.8893506815332014,0.00011332440246380942,0.031154301662452328,0.0027466157834101384,0.0493259929933599,0.0021840035173680693,0.13610458350292218,-0.24324397882474957,1.0269262552845149
seed,83,unseen/10,6391,0.008101851851851851,0.11594429666718824,0.004850571115631357,0.8840557033328118,0.8792051322171804,0.004449190247374978,0.036814159292035395,0.04342409681437978,0.9551437091801227,5527,5484,57,51,47,59,19,25,0,0,-0.007672694606723707,-0.011413916938775526,-0.006235686682942887,-0.000505109700587425,0.0,0.014035773026315786,0.0778937843447202,0.19128793421808815,0.001430581903499093,0.0068107312320905165,0.8087120657819118,0.9221062156552798,0.8049971573695196,0.9166461578879314,0.0001684739440790506,0.014139718756923823,0.0033959976273840384,0.11641914424951585,0.004542646354841673,0.1339504707714061,0.8549031875166287,1.0177280790028378
seed,83,unseen/15,16127,0.0063327576280944155,0.09729025857258014,0.0058287344205369875,0.9027097414274199,0.8968810070068829,0.0011753318584070797,0.01689792553922242,0.016662057522123894,0.946408404127253,14390,14303,110,103,43,41,10,12,5,5,-0.007184722256594861,-0.0020605273188078754,-0.0005130590359983256,0.00020127084846566223,0.000823824301900353,0.011852291460600062,0.0679203109912241,0.12728437379413585,0.002812785986776486,0.009807950513611687,0.8727156262058641,0.9320796890087759,0.8666091171552643,0.9264809873814738,0.00013049685916998238,0.0036411690906028664,0.008022358739262603,0.0295753223815831,0.007872228877499563,0.02957555749719783,0.873526896822402,1.0188849997065246
seed,83,unseen/20,9078,0.0,0.076118087684512,0.007050011015642212,0.923881912315488,0.9168319012998458,0.00048059593896431575,0.015500178848217479,0.016580559894268893,0.921210344722313,8299,8231,50,50,34,38,4,4,0,0,-0.010033995849839134,-0.0001524716782730362,-0.0006648393927474461,5.310873978259245e-06,0.0,0.0,0.05765134832988398,0.09603554007015815,0.0016838186907046334,0.013025110894938772,0.9039644599298418,0.9423486516701159,0.8952191690729677,0.9381675372377065,0.0,0.0014968764427413846,0.0034178100234663555,0.031423775865870585,0.004286071323741772,0.03288734231533928,0.7910656313973925,0.9865307550240411
seed,83,noise/Babble_noise,23330,0.0002933411557641537,0.14243463351907415,0.002700385769395628,0.8575653664809259,0.8548649807115302,0.00015042117930204573,0.005648023191882841,0.005716004813477738,0.9587219982862442,19921,19858,63,62,20,21,2,2,1,1,-0.002426059493212507,-0.0005869869795256943,-9.546829175227645e-05,-1.1868269228831885e-05,0.0,0.0009557617970535778,0.11763189222225927,0.17397765716581837,0.0011665416924890209,0.004263228368501546,0.8260223428341817,0.8823681077777408,0.8243572740546372,0.8784904769056054,0.0,0.00045489984809383993,0.0022963840515017545,0.00947701858181822,0.002258643787289213,0.009800201458014683,0.9177851745007138,0.991995383109268
seed,83,noise/City_noise,27887,0.009433962264150943,0.09441675332592248,0.008642019579015312,0.9055832466740775,0.8969412270950622,0.0005996881621556791,0.01659143106042607,0.016351497221444848,0.8705673477035615,24919,24696,266,244,57,58,9,11,3,4,-0.0020141083848627117,0.0007201766844966428,0.00013526883260631117,5.2413591919403535e-05,0.002613146035559559,0.018594375291855165,0.0826195183805102,0.10794232706722783,0.0055948189266659286,0.012474411010495476,0.8920576729327722,0.9173804816194897,0.883495454527179,0.9084959778602527,0.0001812703582298499,0.0011660165588483545,0.012569369636999249,0.02141763086131054,0.012555105618286457,0.020944363838914706,0.7227596720815657,0.969416990838981
seed,83,noise/Domestic_noise,28968,0.005792903692976104,0.09151477492405413,0.007180336923501795,0.9084852250759459,0.901304888152444,7.660193802903213e-05,0.004977771022532963,0.004519514343712896,0.8957210046834198,26206,26012,92,78,18,17,1,2,0,0,-0.001199866657396742,0.0006774992801060475,0.0008323315662829844,0.0010837575530389665,0.00043119253293271575,0.013933099704742236,0.07571730509246033,0.11050044521639775,0.003372065822384449,0.01403471081300151,0.8894995547836022,0.9242826949075397,0.8780179187844208,0.9190634571338581,0.0,0.0002696011423572263,0.0027774742022779316,0.007748054627968686,0.0022594309281718547,0.00729413094103488,0.8334690834970907,0.9489715501371805
seed,83,noise/Nature_noise,28954,0.004830917874396135,0.08548041721351109,0.006251295157836568,0.9145195827864889,0.9082682876286523,0.0009506426344208685,0.011367498772612259,0.013841356757167845,0.9261734132136847,26263,26065,145,134,61,74,6,18,4,7,-0.0033562920318501166,-0.0018777219306124748,-0.000550281046108464,-0.00031559375211490104,0.0010073158292234464,0.009966943079804905,0.06896027686719616,0.10280512783114354,0.00324697731702586,0.010069417668701567,0.8971948721688564,0.9310397231328038,0.8905309015249621,0.924752387687642,0.0002064684569479966,0.001984424153640076,0.007444738891804251,0.01582821991742649,0.008254660437835785,0.02058707221575768,0.7429329883856656,1.0818462035138285
seed,83,noise/Office_noise,29305,0.012678288431061807,0.07674458283569356,0.007336631974065859,0.9232554171643065,0.9159187851902406,0.001862821802466376,0.01445150798344175,0.018851756640959727,0.9279937633804388,26781,26536,193,168,54,87,22,36,6,14,-0.0026331077790898716,-0.0008743275883333068,-0.0015167304406821236,-0.0004614598543600801,0.004318815051353126,0.02235935612368171,0.06189825826339411,0.09363146403168718,0.004495148616775846,0.010131392820308546,0.9063685359683128,0.9381017417366059,0.8981461659615255,0.9321898310911503,0.0003624180931725408,0.003611222190157694,0.008948838019304768,0.0199282910850974,0.010302620261483672,0.027700229680377924,0.848020924524205,1.0315350786134048
seed,83,noise/Public_noise,25931,0.00422237860661506,0.10311981797848135,0.004319154679726968,0.8968801820215186,0.8925610273417917,0.0008641175199827177,0.010405469321064625,0.010196586735796069,0.9609220803997519,23089,22986,116,104,32,35,18,18,2,2,-0.004491927113100425,-0.0010979077200747867,0.00048499628477344237,0.00017023398255072708,0.0,0.01135595403341305,0.0856599859494179,0.12589043421599097,0.002536832642500788,0.00713013286083669,0.874109565784009,0.9143400140505821,0.8694493666170486,0.9106003265916105,3.666491977281718e-05,0.002662827802794336,0.004818564973298056,0.0194886986562091,0.004601699074016577,0.01946318986281335,0.9259219812326092,0.9964633936256282
seed,83,noise/SSN_noise,31279,0.009106374462123486,0.2892355893730618,0.01131749736244765,0.7107644106269382,0.6994469132644906,0.020202943596306793,0.08424793091039942,0.11212176615778408,0.2702600633619895,21286,20810,423,370,243,256,156,197,124,245,0.0324068199573726,0.006305441671315748,-0.004279609307212606,-0.03440257948458614,0.004898004520542227,0.013151356629860396,0.1984355130621988,0.3948125353383574,0.005072607106133337,0.01844879765179282,0.6051874646616424,0.8015644869378011,0.589397641393647,0.7947579688589256,0.004633808302992038,0.04673973303330942,0.028864266874295736,0.1755920553383734,0.03986774430568824,0.23306006702169083,-0.3638403030273057,0.7594319235365751
seed,83,noise/Street_noise,26258,0.0069172932330827065,0.1192398507121639,0.01824205956279991,0.8807601492878361,0.8625180897250362,0.0018103143765453903,0.01223677952177109,0.016557753444012717,0.953978723302348,22933,22439,129,111,49,57,8,14,8,27,0.0031088646964947952,0.005378175013269704,0.003123784371324878,0.0026266277284868744,0.0027962163441076797,0.012632910184992997,0.0791762011104693,0.18920677115609336,0.0057520435982584784,0.04001448386479864,0.8107932288439066,0.9208237988895307,0.7706505854479029,0.9141626352376632,0.0006171615920697336,0.003666875466971674,0.007551987427416725,0.016581896632449723,0.009440202507734669,0.023849223492301435,0.889853434799496,1.0225976745650256
seed,83,noise/Transport_noise,18653,0.00498220640569395,0.06712057041762719,0.0106149144909666,0.9328794295823728,0.9222645150914062,0.00017438818810672557,0.011091316591000518,0.011393361622972737,0.9637268953121175,17248,17052,116,109,34,39,3,3,0,0,0.00047747032148234836,0.0008167048767077356,0.00024052918712039184,0.00021025809048905164,0.0,0.014803241242521456,0.056158931069240935,0.0791450176079385,0.005965849414414059,0.01601898341720869,0.9208549823920615,0.943841068930759,0.909469588310213,0.9341746617842841,0.0,0.00045090176662160384,0.006004609945793983,0.017082126469345853,0.0061673324250182135,0.01754579589330706,0.9098845093844989,0.9967537272477304
seed,97,all,298300,0.007815736419122317,0.1009353000335233,0.009684880992289641,0.8990646999664768,0.889379818974187,0.0077006581179184476,0.04179111155855342,0.05470369616512503,0.7814503055661186,262091,258251,3057,2857,1749,2151,523,818,771,1225,-0.003994774010438629,-0.0052577345636923845,-0.0026644340896014307,-0.006961834438096448,0.00560132555158601,0.010526420758717694,0.08913637750970331,0.11286401165467687,0.008224802543172495,0.011184211588327051,0.8871359883453231,0.9108636224902967,0.8765716242343243,0.9018308184432055,0.00363357130443401,0.012984225603811952,0.02899179383029507,0.056385116757119984,0.03545631897358375,0.07840538051202207,0.6962544240240317,0.8559266144476223
seed,97,clean,57735,0.014079356372280125,0.06372217892093185,0.008902745301809994,0.9362778210790682,0.9273750757772582,0.007564155242613275,0.05621947609886044,0.06936610511374248,0.746980766000813,52266,51548,917,860,606,729,158,224,109,181,-0.018220472589281278,-0.01698658707921033,-0.004861910339525516,-0.0033545633630769067,0.009940795442622344,0.019046112093862522,0.05535743050499022,0.0732959382155757,0.0071032278356711704,0.010977706693336232,0.9267040617844243,0.9446425694950098,0.9173153249629225,0.9361860076589127,0.005466645327854432,0.009852347788591722,0.04355629253665151,0.07039009965383816,0.05460378957147052,0.08593835963832412,0.6276853410042598,0.8485135017082301
seed,97,seen,164375,0.004273757939098949,0.09143726235741445,0.008225095057034221,0.9085627376425855,0.9003376425855514,0.0012635732771144582,0.0174629214235495,0.019487408188225117,0.9099503974070503,147528,146097,1194,1139,486,570,106,143,31,44,-0.005347225329761146,-0.0017053766356099342,-0.00027245649080709367,-8.966979028821043e-05,0.0022100611767725,0.006787547151760331,0.08219658552560959,0.1009677875296277,0.006550712011700772,0.010147028545185035,0.8990322124703723,0.9178034144743904,0.8902189225828484,0.9101107980640997,0.0005024430080212471,0.0024933199246327522,0.012572472924042335,0.023852968804932376,0.013533776789447947,0.02736653587557659,0.8462029387095372,0.9611030858485692
seed,97,unseen,76190,0.009645145037069027,0.14962593516209477,0.01342695891849324,0.8503740648379052,0.836947105919412,0.022754716389354994,0.08583114678191078,0.12412376307494472,0.5707208392617557,62297,60606,946,858,657,852,259,451,631,1000,0.00970295394681453,-0.004033867054112683,-0.006159775033458159,-0.024521591092509842,0.005277074734234591,0.015425679909982264,0.11741816702278089,0.18433011407022348,0.010247792175814922,0.0169836953516684,0.8156698859297765,0.8825818329772191,0.8005139410583509,0.8705790524033332,0.007186367567365861,0.04556256611408487,0.042440215888406435,0.14566984844184058,0.054824057399522154,0.22428468997488712,0.31368148018313446,0.7851790641234122
seed,97,seen/-5,29295,0.00730110775427996,0.12121522444103089,0.00914831882573818,0.8787847755589691,0.869636456733231,0.003689747213063275,0.02831727781230578,0.035288114303658344,0.6920823665019794,25323,24998,201,183,155,201,42,62,23,32,-0.008437867443905733,-0.004602904635855332,-0.0014149339803232186,-0.00039180710971126187,0.0013801278292371426,0.013346240631401947,0.1012355300775638,0.14561547207769554,0.004686194529426545,0.016209162176837138,0.8543845279223045,0.8987644699224362,0.8416376903274997,0.8915405928230823,0.00041680634950261314,0.008396713076108174,0.008914403133324084,0.050944393048418614,0.009983966892696886,0.06463651917977742,0.20333524721947666,0.9585601204751454
seed,97,seen/0,24179,0.00032216494845360824,0.1208486703337607,0.008354357086728152,0.8791513296662393,0.8707969725795112,0.0006649251959154595,0.012466481629580844,0.012823557349798148,0.9203162016866347,21075,20871,113,113,56,57,12,13,1,1,-0.007219562761325793,0.0006345061717722422,0.0006688055505819079,4.55102769762461e-05,0.0,0.0011862572203976895,0.09383093935286822,0.14918752671339566,0.004137412834788946,0.01369868398421997,0.8508124732866043,0.9061690606471318,0.8448080524247573,0.8964064488452353,0.0001605295524394466,0.0014477969750052385,0.006932803285895676,0.020771701337416994,0.007183789909306446,0.02116617346779257,0.8703755117428661,0.9714708252102519
seed,97,seen/5,20673,0.0028973509933774835,0.1001306051371354,0.009335848691530015,0.8998693948628647,0.8905335461713346,0.001792504073872895,0.026984894909423213,0.027810972297664313,0.9243273046204146,18257,18063,223,220,94,94,25,28,4,5,-0.01173513269766141,-0.0022295082558050905,4.006398768646724e-05,5.5162248733697794e-05,0.0,0.007700792373521908,0.07939578254054783,0.12422067089477572,0.00447787072391633,0.015119133383996354,0.8757793291052243,0.9206042174594521,0.8687162197395615,0.9111992092549958,9.547903414008369e-05,0.004115997674035731,0.01046755064485616,0.0429047279185111,0.010874836769287223,0.04417383233867652,0.8448623270802932,0.9747196704756965
seed,97,seen/10,33027,0.004775549188156638,0.08462772882792867,0.007932903382081328,0.9153722711720713,0.90743936778999,0.0009676343009676343,0.01468642498015348,0.015982649315982648,0.908254724584256,29886,29619,271,257,55,65,17,24,3,5,-0.0003827669984485804,7.949849089075589e-05,-0.00027976906072216257,-0.0001566867876572342,0.0017228810478829913,0.008060145421291399,0.07056795500218901,0.09934637324602831,0.00579205106783475,0.010195253116679475,0.9006536267539716,0.929432044997811,0.8913578661602385,0.9224291391234059,0.0003551435892652369,0.0016993906243024139,0.009798639021531236,0.021003948304824716,0.010697688263798993,0.02257716111315677,0.8105292753779081,0.9677060518247504
seed,97,seen/15,28497,0.004644681839294009,0.06670877636242412,0.008562304804014457,0.9332912236375759,0.9247289188335615,0.00018973891924711596,0.011693487742517671,0.01271250758955677,0.9429072618330733,26344,26095,195,185,55,67,2,4,0,1,-0.0012577883193315431,-0.0015811287747672376,-8.793948409996366e-05,-6.653602971781747e-05,0.0008723370644520672,0.00959023539668701,0.05363005010213729,0.08337807234267372,0.005269945515179651,0.013443443099762316,0.9166219276573263,0.9463699498978627,0.9074332625488347,0.9379981753716237,3.428729608257307e-05,0.0003985076358400378,0.007507099317096233,0.016773064778513837,0.008262509606302702,0.017858395228298903,0.8939401998711237,0.9825179226774328
seed,97,seen/20,28704,0.0048520135856380394,0.062395484949832776,0.006375418060200669,0.9376045150501672,0.9312290969899666,0.0004489337822671156,0.013264964886857652,0.014552936775158997,0.9924474429943793,26643,26451,191,181,71,86,8,12,0,0,-0.005787200081928151,-0.002518759186528996,-0.0002991880121563095,5.4651864552196505e-05,0.0018649496838926928,0.008110759603920535,0.05295261975884023,0.07460306840279557,0.004313796797360533,0.009068407028215156,0.9253969315972044,0.9470473802411598,0.9191873838447316,0.9407389479664706,0.00011670712191860712,0.0009607532829130761,0.009016895764963524,0.018341161749794985,0.009699931033658038,0.02049782228722545,0.9704685743994553,1.0178595374938841
seed,97,unseen/-5,15416,0.014538845979100408,0.22904774260508562,0.024649714582252204,0.7709522573949144,0.7463025428126622,0.04632768361581921,0.17063525452250736,0.25206431986093003,0.1849852862862346,11014,10383,286,244,256,345,86,166,243,367,0.030984686282073293,-0.003102780045340814,-0.013302296202079567,-0.05255237601590523,0.004296464728216944,0.028046519535809483,0.13655341869479978,0.3375443145199076,0.013879415724466831,0.039996651029196265,0.6624556854800924,0.8634465813052001,0.62899889634406,0.8452040251435543,0.00506147218285303,0.08446006394742313,0.033083906931434634,0.2986092262767902,0.04140283816838205,0.44694211732487654,0.06127991273162896,0.5073248987948982
seed,97,unseen/0,14355,0.0126232741617357,0.1453848833159178,0.016231278300243818,0.8546151166840822,0.8383838383838383,0.017947652679684255,0.08379523964786437,0.10419609472372247,0.7856493282754133,11820,11526,144,128,143,165,46,68,115,148,-0.0054953177190486535,-0.010545973235453754,-0.0004003826147401246,-0.007402395885790947,0.002511018332496233,0.026656765175254497,0.09237444367407958,0.22964245349583182,0.006674173861335369,0.029472408506264106,0.7703575465041682,0.9076255563259205,0.7416979010675735,0.8941617896812889,0.0004747594492865733,0.07246661632620617,0.010853907009585356,0.2673191248708925,0.012809352182932407,0.35106312425642433,0.4252163867295798,1.1234775038736606
seed,97,unseen/5,14823,0.0066945606694560665,0.19968967145652028,0.009647169938608919,0.8003103285434797,0.7906631586048708,0.05401023890784983,0.1417010874146506,0.24044368600682595,-0.18333625791316474,11238,10777,185,169,87,141,90,165,263,468,0.041980437005205984,0.003487245592608712,-0.014007149170994104,-0.06340227808522236,0.001969237034730689,0.008624653720521016,0.10063345326775341,0.3074075967870644,0.003939107987790536,0.016130552515041592,0.6925924032129356,0.8993665467322466,0.678650915037803,0.894688923390324,0.0010668280112757695,0.15279833524889366,0.009869923814541236,0.37062378185591344,0.011887567201280872,0.6561207075948198,-1.0548842224026118,0.7470650771505416
seed,97,unseen/10,6391,0.003740648379052369,0.09309967141292443,0.0057893913315600065,0.9069003285870756,0.9011109372555156,0.005903802743531863,0.057108350586611456,0.06772009029345373,0.9112645070999503,5589,5529,108,105,75,91,23,33,1,1,-0.00892182899250904,-0.0166490709012998,-0.005064208730757747,-0.00033393270369563854,0.0,0.007160026675591101,0.06792582787310222,0.13725609331132713,0.0014906200447840096,0.008787029729285563,0.8627439066886727,0.9320741721268978,0.8582416241672971,0.9254414460696301,0.0004156010669112408,0.01937653506581191,0.011401938924506026,0.1597562477347804,0.013023871413117467,0.19007468109155487,0.8079764718514023,1.0524638745797954
seed,97,unseen/15,16127,0.0038043478260869567,0.09964655546598872,0.009673218825572021,0.9003534445340113,0.8906802257084393,0.0021581732108047896,0.022933884297520662,0.025828460038986353,0.9247496964215515,14287,14124,163,156,49,53,12,15,9,16,-0.008241808196365469,-0.0016916701416539448,-0.0007301464374106781,-0.0005562192436034397,0.0006231085647686762,0.008842744009096456,0.06554901233224564,0.13156378733052082,0.005352125996957985,0.015490265256018683,0.8684362126694791,0.9344509876677544,0.859878432752545,0.9228779190606049,8.036865825754587e-05,0.0073934222041605975,0.009890666028692763,0.04155768315733221,0.01024957920799981,0.04951522168387499,0.8635281078161547,0.9741693639195588
seed,97,unseen/20,9078,0.0054869684499314125,0.06829698171403392,0.008151575236836307,0.931703018285966,0.9235514430491297,0.00047709923664122136,0.018917001655237645,0.021708015267175574,0.9626187242871413,8349,8267,60,56,47,57,2,4,0,0,-0.010117596884111013,-0.0028779569060928267,-0.0007412609999210007,-0.00010739414281077386,0.0,0.01453972683213394,0.0531184164375424,0.08349123944944307,0.0030330941740841833,0.01370334244999722,0.916508760550557,0.9468815835624576,0.9062492368121133,0.9413693713086072,0.0,0.0012915457245640347,0.005009620869516029,0.03978136004166045,0.005427769603989901,0.04506848936483479,0.914832571264322,1.002088518616118
seed,97,noise/Babble_noise,23330,0.0,0.1345477925417917,0.006858122588941277,0.8654522074582083,0.858594084869267,0.0001497678598172832,0.00876628200683473,0.009335529928610654,0.9674038507151337,20059,19894,90,90,39,44,3,3,0,0,-0.005995793206726219,9.438964202540534e-05,0.0002607262956526579,7.401657288336194e-05,0.0,0.0,0.10712556994780671,0.16769327592209254,0.002615795492795911,0.011273079405736689,0.8323067240779074,0.8928744300521932,0.8273965639526715,0.8839416972866538,0.0,0.0002917538290706613,0.003779969700231477,0.014255384026932626,0.004167401286342987,0.014895109966884182,0.8995847947744492,1.006613587174165
seed,97,noise/City_noise,27887,0.005030542579949695,0.08642019579015311,0.012299637824075733,0.9135798042098469,0.9012801663857711,0.0012731757778308267,0.019350786984338817,0.021047187077265855,0.9069296574957024,25104,24755,277,264,72,83,24,29,0,3,-0.005734244581132031,0.0004505749521247493,0.0005633933240381528,0.00012061605643565176,0.0016880059164253677,0.009106477730926441,0.07455625355737121,0.10153567747635597,0.00848987129007618,0.017242360491669127,0.8984643225236439,0.9254437464426287,0.885632665683936,0.9132940203236098,0.000580663933160976,0.00203607241677552,0.01476577495678757,0.025234644741763904,0.016397670754750415,0.026826180468524245,0.7907607566688458,0.9860544348776445
seed,97,noise/Domestic_noise,28968,0.0042583392476933995,0.0902029826014913,0.007732670533001933,0.9097970173985087,0.9020643468655067,0.0004974933986452872,0.010130904951622083,0.010447361371551032,0.8862054973006973,26150,25929,153,145,42,44,10,12,0,1,-0.003922141352452668,-0.0007946811778016816,0.0005117401748586103,0.0005428631250167792,0.0007763975155279503,0.008673783195085761,0.07514903443330789,0.10812373451421974,0.0037441699774890596,0.01393081065609596,0.8918762654857804,0.9248509655666921,0.8801646055500705,0.919506340004256,3.908697492841526e-05,0.0013629625146329134,0.005962294428687474,0.015426785534673101,0.0060727337065671185,0.01618822009105688,0.7914881833111794,0.9558811936385999
seed,97,noise/Nature_noise,28954,0.0015117157974300832,0.07995441044415279,0.006113144988602611,0.9200455895558473,0.9139324445672445,0.0006802206938251077,0.017192837568977815,0.019272919658378053,0.9558847174344747,26308,26110,220,217,99,117,8,13,4,5,-0.006509999404478911,-0.004272699388795098,-0.0005417057491613753,-4.488170597066743e-05,0.0,0.003459130536259286,0.06560598475266319,0.09572253222817101,0.004173261368046146,0.008546528750312603,0.9042774677718289,0.9343940152473368,0.8981208842916385,0.9279071321416743,0.00011382759410162531,0.0015275529887491172,0.00947929635577444,0.027286798450149582,0.010265159482633799,0.03235519477932088,0.9146740816068323,0.9863454693550908
seed,97,noise/Office_noise,29305,0.013503086419753086,0.07210373656372633,0.009179320934994028,0.9278962634362736,0.9187169425012797,0.003825725216357761,0.029052662547808177,0.035211529175797646,0.8555312366360405,26713,26397,263,239,145,184,47,71,24,32,-0.004215935778179802,-0.0046434814994304185,-0.0026902151853928913,-0.001265564513270312,0.005207742627997407,0.02272851710269581,0.05764496065613271,0.08821068650700108,0.006183652876298718,0.011800646990181487,0.911789313492999,0.9423550393438673,0.9012587349247443,0.9347542242584055,0.0004959935897435897,0.008345109783604008,0.011788915386702865,0.05053083528982265,0.013892351270616629,0.0626231611121336,0.5670196655496675,0.9997548768933862
seed,97,noise/Public_noise,25931,0.0025575447570332483,0.0940958698083375,0.00690293471134935,0.9059041301916625,0.8990011954803131,0.0007721345229924502,0.018006896258141416,0.018745710363761152,0.9173700218820452,23194,23012,191,184,89,98,14,15,3,3,-0.005919645135083473,-0.0004735371067138838,0.0005058842737424851,0.00010918651732511053,0.00033425060090927977,0.005787823658825519,0.07822135611553178,0.11614998970191277,0.003106236522417561,0.013191294155477842,0.8838500102980872,0.9217786438844682,0.8766878194125132,0.9158026815258966,0.00021358279827888655,0.0016787610335994446,0.007479418885594452,0.034550670205223837,0.007837847941075747,0.03589272570566901,0.8441598266022845,0.9722047865878009
seed,97,noise/SSN_noise,31279,0.01120197154699227,0.22622206592282362,0.014098916205761054,0.7737779340771764,0.7596790178714153,0.05340459557276324,0.1827459405858778,0.27510310579917513,0.09727279918115221,22352,21311,592,525,501,657,203,378,555,891,0.02341055210206866,-0.00894762066182464,-0.013492984651500728,-0.05448727026920519,0.005556795129769774,0.01858175495568382,0.16926153614938746,0.29199250697367685,0.006831981631272084,0.023494790527381994,0.708007493026323,0.8307384638506126,0.6859660854206981,0.8227394578523878,0.012214564762436464,0.1148094427513814,0.06896183915311337,0.34329043666700765,0.09358844706316535,0.5472402881020734,-0.41392339559131475,0.5175734149952244
seed,97,noise/Street_noise,26258,0.007142857142857143,0.1174118363927184,0.012719932972808287,0.8825881636072815,0.8698682306344733,0.007136290004815901,0.03521035598705501,0.04579484260759161,0.8553618328965243,22758,22358,206,190,97,130,40,56,74,107,0.0012237042931868558,-0.002226667279294825,-0.0023379855852856957,-0.006729501260874793,0.002916833793730007,0.013060257820171934,0.07661633673228108,0.18266280639754975,0.007571879279508509,0.018153304687364185,0.8173371936024502,0.9233836632677189,0.8017017037478532,0.9138046617443658,0.0007543229761871428,0.020814569661938242,0.012528622583796294,0.08037803578395349,0.014485690562645639,0.10913332618116763,0.6625474038209971,0.9878468256220856
seed,97,noise/Transport_noise,18653,0.006139154160982265,0.06653085294590683,0.013295448453331903,0.9334691470540932,0.9201736986007613,0.001106968072710324,0.018492993337927865,0.019342810533675134,1.0440499823441154,17187,16937,148,143,59,65,16,17,2,2,-0.0013468410080583748,0.001661937771301969,0.0007572311485308236,0.0006814209789415548,0.0007187408472455202,0.012523380391266985,0.05521177980894624,0.07900391974840579,0.008358576342469603,0.018658519480719237,0.9209960802515942,0.9447882201910537,0.9067670507091494,0.9324384265380216,0.00014196852284329074,0.0025959352276567612,0.010736586509251907,0.028063283453409152,0.011034073702472075,0.029259132813295695,0.9787165173503359,1.1519677562067008
aggregate,aggregate,all,298300,0.006902044066896735,0.1053402614817298,0.008407643312101911,0.8946597385182702,0.8862520952061683,0.005310758825732215,0.040479321934823904,0.04648805268393798,0.8019452752979839,260630,257712,3323,3146,1847,2107,522,686,555,718,-0.007138650188699691,-0.00556710850282055,-0.0018068928479640367,-0.005531247766577929,0.004676482137947276,0.009119691960226809,0.09176016612600212,0.11966764305489518,0.006875669129896227,0.009869431302573176,0.8803323569451049,0.9082398338739979,0.8708416674624792,0.9007166928111426,0.0025286220590359653,0.00866446261058346,0.0284014324404073,0.054263182623254365,0.032089904998683895,0.06345895314466277,0.665788625716683,0.9097618950199359
aggregate,aggregate,clean,57735,0.009877384196185286,0.06503853814843683,0.007898155365029878,0.9349614618515631,0.9270633064865333,0.005268664524325536,0.06298629121897,0.07037964277707197,0.8754104989723257,51863,51288,1145,1100,747,854,139,169,86,113,-0.026440123247444602,-0.01945991949889292,-0.00445834905831885,-0.002363195947894303,0.006244098362672375,0.014312082985821517,0.05587435787186123,0.07449080067507542,0.006308723199059398,0.009564182944428859,0.9255091993249246,0.9441256421281388,0.9178212302509873,0.9363053783331869,0.0034204870811906955,0.007594236594360739,0.047854443067077236,0.08095766281670298,0.05385498773569913,0.08964129837158123,0.8061686991446801,0.9243305245197989
aggregate,aggregate,seen,164375,0.00366929040658105,0.09186920152091255,0.0067893536121673,0.9081307984790874,0.9013414448669201,0.0011406741451693463,0.01705588381097847,0.018831247722026486,0.9691231855297694,147478,146291,1220,1163,442,535,94,119,40,50,-0.005989988009471092,-0.002126260330171048,-0.00022808116774236664,4.058995525080267e-05,0.0019529315028550328,0.005675648106317216,0.08240390268511841,0.10137427916130133,0.005262173448868728,0.00879941840611184,0.8986257208386986,0.9175960973148817,0.8908798054968758,0.9113955915190393,0.0004859347927052512,0.0019499163596751602,0.012743044222956619,0.0221172804516938,0.013861786021197059,0.024773451702864737,0.926135064912982,1.0208856321632442
aggregate,aggregate,unseen,76190,0.009395342594456749,0.16494290589316182,0.012285076781729886,0.8350570941068381,0.8227720173251083,0.015202514077878987,0.07634031718089371,0.09145436852936016,0.3935828295452193,61289,60133,958,883,658,718,289,398,429,555,0.005009390254087143,-0.002462868780035543,-0.0032038654904578134,-0.01995280305306324,0.005027492782273245,0.013488756741196685,0.1251611449564798,0.20880727311339362,0.009105110129055627,0.015601916525761397,0.7911927268866064,0.8748388550435203,0.7762994138591853,0.8641101655802625,0.004877819103339438,0.029630106789631596,0.03723134251930508,0.12936879076743407,0.04222702481107191,0.15775166975281138,-0.07779701385056256,0.7535531799492661
aggregate,aggregate,seen/-5,29295,0.006557377049180328,0.12305854241338113,0.007748762587472265,0.8769414575866189,0.8691926949991466,0.002827632250716726,0.023666796418840015,0.028747594548953384,0.8883988394651451,25330,25061,189,167,114,163,37,49,20,23,-0.008169663721996512,-0.0038709680227450027,-0.0006903172717298012,0.0003182927885302389,0.0015608819826261459,0.010550047073090943,0.10283670927474593,0.14678225831704117,0.0032545441044392635,0.015640908191631366,0.8532177416829588,0.8971632907252541,0.8410156185700081,0.8918618346813356,0.000452143630426201,0.005792438031177307,0.008016606606189847,0.041504143882316914,0.008466895462843908,0.05080671274907361,0.8273937648408367,0.9677081604126555
aggregate,aggregate,seen/0,24179,0.0009633911368015414,0.12208941643575003,0.005831506679349849,0.87791058356425,0.8720790768849002,0.0007113724746277151,0.011494794365666368,0.011998482405387461,0.9004870106623953,21065,20923,95,92,55,56,9,11,3,4,-0.006809716896551354,-0.00020529295295995675,0.0007589894571135014,0.00017243460845473013,0.0,0.0024816058347256124,0.0956106813029231,0.1495957337375063,0.0029518416095516394,0.009847630410284337,0.8504042662624937,0.904389318697077,0.8459676613603864,0.8967794376043148,0.00018751551025153644,0.001551705359603879,0.006657221110524022,0.01783363386855309,0.00690335672979162,0.018473343410505307,0.8303464325061599,0.9711139523396153
aggregate,aggregate,seen/5,20673,0.0008067769261799112,0.10429062061626276,0.006191650945677938,0.8957093793837373,0.8895177284380593,0.0023927347871009843,0.026030134471026624,0.028277774756647996,0.9650798464489927,18194,18053,211,209,75,83,27,31,10,13,-0.011562671314627626,-0.0032216886676423306,-0.0003482966437242663,-0.00011334124606804385,0.0,0.002386956976146535,0.08310414471204475,0.1268995860895517,0.0029145714313800193,0.010232999702791545,0.8731004139104482,0.9168958552879553,0.8670338772295163,0.9112299494161674,0.00016431150794488344,0.00466815687944106,0.011016705074723425,0.04062404342685039,0.012294351814697348,0.04422440984114515,0.9356692734557689,1.0032793281955752
aggregate,aggregate,seen/10,33027,0.0038314176245210726,0.0843249462560935,0.007236503466860448,0.9156750537439065,0.908438550277046,0.0007665900076659001,0.0150122346405661,0.0160983901609839,1.0296904697824572,29895,29650,265,254,63,76,13,15,6,8,-0.0005896556387620933,0.00021236447062933372,-0.00032768599839858026,-0.00011907519873399774,0.001568111178458765,0.006333458632688696,0.06843270206753702,0.09988078254426518,0.004817510186723219,0.009852103034554744,0.9001192174557349,0.931567297932463,0.8916968454211159,0.9248947317072398,0.00029732931738587625,0.0014187792864981989,0.010643607215874203,0.020444678519318277,0.011333345772799283,0.02185481784268018,0.9119951904269837,1.2449208119696862
aggregate,aggregate,seen/15,28497,0.004604051565377533,0.06586658244727515,0.006035723058567568,0.9341334175527248,0.9280976944941572,0.00018905021173623715,0.013749060856498872,0.014292196007259528,0.9637073089528273,26325,26154,226,216,67,73,2,4,0,1,-0.002501458747837554,-0.0026294801971665505,-0.00022810450686627792,-8.403795780129175e-05,0.001744452327283504,0.0074888675632085,0.0539640238959125,0.08092308753610318,0.004101699029839772,0.008281938904294916,0.9190769124638968,0.9460359761040875,0.9119504522431083,0.9405371319847969,3.328299552054265e-05,0.00040516543719661954,0.008860333039600429,0.01925573790333757,0.009299470787033358,0.019888184586252904,0.8588514042052776,1.05356847912574
aggregate,aggregate,seen/20,28704,0.004422604422604423,0.060130992196209584,0.007281215161649944,0.9398690078037905,0.9325877926421404,0.000373566438791139,0.014530358069538143,0.015839217004744294,0.9999291633646344,26669,26450,234,225,68,84,6,9,1,1,-0.008738437314429498,-0.0033660726589530843,-0.00038658331378521593,6.441332596671123e-05,0.0011912922097316876,0.008747821966311855,0.05145376859207601,0.07187478264679764,0.0046891495904129695,0.010499975796650324,0.9281252173532023,0.948546231407924,0.9212797472853802,0.9411692048633519,0.00014286173617524795,0.0007025595499370984,0.009998276277491494,0.019548154996377378,0.010805718416683159,0.021484037174429933,0.9859701141632097,1.0172617815744405
aggregate,aggregate,unseen/-5,15416,0.014554794520547944,0.2404644525168656,0.019849507005708356,0.7595355474831345,0.739686040477426,0.044286591247917215,0.19540524382953284,0.2382706305358239,0.02352650397384572,10744,10331,275,248,294,319,159,189,237,316,0.016997415439818253,-0.007305557129214879,-0.009854536833918792,-0.04255298756756132,0.0009802488246760692,0.022331493240200277,0.13376522095099816,0.36499333883496154,0.010606417491306797,0.026383064779684346,0.6350066611650382,0.8662347790490018,0.6148875063288839,0.8493022261147908,0.003868321062283597,0.08604286141375558,0.03235331270302147,0.3604055415161497,0.03552157633343437,0.4415432422425748,-0.4869602270060973,0.701843529648899
aggregate,aggregate,unseen/0,14355,0.011231748408835642,0.15750609543712993,0.0148380355276907,0.8424939045628701,0.8276558690351794,0.011446847908425217,0.07061352736894327,0.07432034340543725,0.8254831995068169,11684,11475,157,137,134,133,47,64,72,72,-0.0006612770034441495,-0.005455213699882333,0.0014644383419143425,-0.007006346465169899,0.0028844472543882553,0.023767453089651804,0.09689625761836701,0.25911754614462956,0.007549383801739284,0.023291036841386288,0.7408824538553703,0.9031037423816329,0.7185088827107116,0.889641076757289,9.480507508071675e-05,0.048563850789736365,0.00932089898171636,0.21584688641691874,0.009126281480208564,0.2339237922114319,0.4698094875081371,1.14956398727818
aggregate,aggregate,unseen/5,14823,0.007233724120728361,0.24637387843216624,0.010591648114416785,0.7536261215678338,0.743034473453417,0.021881242055565644,0.07850684808880136,0.10404939168331215,-1.1822036349906735,10814,10588,120,104,67,81,57,84,113,157,0.03277430092516265,0.009984444992682695,-0.0033799935298259864,-0.05043653699210593,0.001220237652346017,0.011293036099771494,0.10754228063136216,0.399225177860041,0.003009281751774516,0.01992991713811047,0.600774822139959,0.8924577193686377,0.5806439703915122,0.8894552559563843,0.0002676937763722553,0.06942770558777772,0.009370784357873817,0.21382475551493027,0.008255652246367534,0.30058972270305107,-3.417670072446203,0.7101302687284744
aggregate,aggregate,unseen/10,6391,0.00580046403712297,0.10874667501173525,0.0059458613675481145,0.8912533249882647,0.8853074636207167,0.007069635913750442,0.04459269662921348,0.06468716861081654,0.9394700340581488,5529,5452,93,89,63,77,9,37,2,3,-0.006053037437489139,-0.011412219042064242,-0.005835410515399431,-0.001128206984015001,0.0,0.016305458476483823,0.07408061295778284,0.17459915627719577,0.002121360884895082,0.008825882487125847,0.8254008437228041,0.9259193870422172,0.8189906294455968,0.9198550365030097,0.0,0.0230044961506577,0.007851173162917653,0.13182493758809888,0.00863160515235148,0.1992149291384553,0.8066745473513174,1.0153997383894011
aggregate,aggregate,unseen/15,16127,0.002122015915119363,0.0990884851491288,0.008371054752898866,0.9009115148508712,0.8925404600979724,0.0018063081839655411,0.02622341523848854,0.02917882451021259,0.8774029087315709,14242,14095,215,211,55,62,12,19,5,7,-0.011361946774523235,-0.0025848433414025485,-0.001181964967250121,-0.0005340561574352087,0.0,0.004671184401429633,0.06480864475206084,0.13328216440827406,0.00463204777612589,0.013303852271744743,0.8667178355917259,0.9351913552479392,0.858854152570999,0.9255529009368264,0.00023626027028261982,0.005143994228774157,0.010286399192659513,0.04927518118189843,0.01077672657087065,0.05617695787209271,0.7570555409506067,0.965768990182207
aggregate,aggregate,unseen/20,9078,0.004987531172069825,0.07204230006609386,0.009583608724388631,0.9279576999339062,0.9183740912095175,0.0005997361161089121,0.02409781576448243,0.024109391867578267,0.9267571432462021,8276,8192,98,94,45,46,5,5,0,0,-0.014845612061561403,-0.0033148357178919563,-0.0007435208813726946,-2.0623754578341646e-05,0.0,0.01155297350671605,0.055392321406846266,0.08880116945602974,0.0020801084684118547,0.01677045406157224,0.9111988305439702,0.9446076785931538,0.8962060537698777,0.9399257743976136,0.0,0.0013163496841075194,0.005819159719743519,0.05333146693586645,0.00583193592578487,0.05342081786999224,0.7651852413694841,1.0100505137338254
aggregate,aggregate,noise/Babble_noise,23330,0.0008925914906277894,0.1383197599657094,0.004200600085726532,0.8616802400342907,0.8574796399485641,0.0005498625343664084,0.009302094214793812,0.009697575606098475,0.9841403324892225,19969,19870,92,89,33,35,7,9,2,2,-0.005018894714975797,-0.0002057177343764982,0.0001691215557446113,4.206486702779122e-05,0.0,0.002383932627309919,0.11134767630101304,0.17133837846281735,0.0019330656444639283,0.006436745714109531,0.8286616215371826,0.888652323698987,0.8257800947350649,0.8833544301565486,0.0001313046093939988,0.0010637111237719623,0.0034066129513215452,0.015679229475839194,0.003740354993464326,0.01602252670214742,0.9413450194015661,1.023992354888676
aggregate,aggregate,noise/City_noise,27887,0.0044609665427509295,0.08294187255710546,0.009251622619858716,0.9170581274428945,0.9078065048230358,0.001027018486332754,0.01959020880581841,0.020619371148680676,0.9242580219390741,25197,24937,280,269,74,84,19,19,4,7,-0.00612016503022858,-1.86084850504753e-05,0.0004203549521390737,0.0003910506950412229,0.001704125499168162,0.0072193078791014005,0.07116205651084907,0.09668766183926378,0.006069935075321769,0.012751183091641884,0.9033123381607362,0.9288379434891509,0.893360267805021,0.9194122411807121,0.0003643561185503149,0.0018405296443469426,0.015290214872441652,0.024751613847232828,0.01639943837891846,0.02550546044716098,0.8037477592694541,0.9870745978359338
aggregate,aggregate,noise/Domestic_noise,28968,0.003948312993539124,0.08889119027892847,0.007456503728251864,0.9111088097210716,0.9036523059928196,0.0003820147457691867,0.01053309589663926,0.010772815830691064,0.9633022228354938,26182,25970,155,144,47,53,7,8,2,2,-0.0033530274242813685,-0.0008509143109152462,0.0006121417574413701,0.0008232437309496909,0.0,0.009506375719650729,0.07416610935987272,0.10666352235517025,0.0031766666129356626,0.014551033106435681,0.8933364776448298,0.9258338906401273,0.8821932043000367,0.9206763993589528,6.0304865483388696e-05,0.0009495093516155271,0.006114872874603984,0.0165587699873006,0.006011904797959225,0.017544061779280275,0.9279640356406959,0.9948279645427873
aggregate,aggregate,noise/Nature_noise,28954,0.002609992542878449,0.0812322995095669,0.00566415693859225,0.9187677004904331,0.9131035435518409,0.0007943112187003556,0.01684083903465905,0.01936606399878962,1.0182293892185372,26272,26085,231,224,86,108,7,12,6,9,-0.008253253757400492,-0.004351818913579525,-0.0006225871818092421,-0.00024214985757009533,0.000596908757929381,0.004891117088021722,0.06562906444996108,0.09795325025671284,0.0036106972160931255,0.008326883698385022,0.9020467497432871,0.9343709355500389,0.8959670767162736,0.9287094672606978,0.0001863930892551182,0.0016553046175008005,0.010658454545573081,0.023818406859496162,0.011759522586034795,0.028976195120161106,0.9169741255559299,1.185156293454548
aggregate,aggregate,noise/Office_noise,29305,0.00831758034026465,0.07309332878348404,0.007882613888414946,0.9269066712165159,0.919024057328101,0.002747660775285905,0.028678717372896956,0.03300905985444824,0.9640658966223433,26660,26391,304,286,140,181,41,55,18,19,-0.007134584632765867,-0.004910923384725707,-0.00221401719229114,-0.000908378493325035,0.002151949439202421,0.015244084782355,0.05870755352510877,0.08893869966971885,0.004982309846546196,0.010939879461706112,0.9110613003302812,0.9412924464748913,0.9011095146925946,0.9349680591840369,0.00044813885981861783,0.00568275711328825,0.01403149562757949,0.045305544501332236,0.015366430914240876,0.053311604963116654,0.8978454277849189,1.0566638579458345
aggregate,aggregate,noise/Public_noise,25931,0.002561287961946579,0.09610119162392503,0.005746018279279627,0.903898808376075,0.8981527900967954,0.0011592958351223702,0.015060369469687274,0.016788321167883213,0.9386634041299843,23198,23038,158,151,62,74,13,16,8,11,-0.005848837791711914,-0.0019135109264781236,0.00046341268208532904,0.00017619390454665096,0.0,0.006358627777854937,0.0796844175239599,0.11837187311560983,0.0030674221822877307,0.009751429833876741,0.8816281268843902,0.9203155824760401,0.8753268022213043,0.9155592408631046,0.00014255721850499076,0.003260426591880236,0.007144478459874746,0.027173105122567605,0.008142203916446282,0.030609875778763746,0.8543185773609927,0.9917321963237352
aggregate,aggregate,noise/SSN_noise,31279,0.00917705735660848,0.26615301000671376,0.01240448863454714,0.7338469899932862,0.7214425013587391,0.035939023309403524,0.1629345647817374,0.20043428166267838,-0.30400052998030175,21254,20669,610,553,499,533,232,340,359,471,0.01541628571131437,-0.0034585169845335884,-0.007040418151881833,-0.04607218408635594,0.00503276066924275,0.013938288035048596,0.18879734281387892,0.3569537048976071,0.006415747106350177,0.018870898696699046,0.6430462951023929,0.8112026571861211,0.6262720949557743,0.8035652627495495,0.008104902610977644,0.08232448307044667,0.057077876634990574,0.33451651317332776,0.06608056846529467,0.4117804542643177,-1.3678279710186458,0.48758685226018555
aggregate,aggregate,noise/Street_noise,26258,0.011972633979475485,0.11771650544595932,0.012377180287912255,0.8822834945540406,0.8699063142661284,0.005516154452324665,0.036172141408037296,0.04001400928114876,0.7781179636976432,22750,22407,177,162,125,147,49,46,66,80,-0.0017717681565511123,-0.0036927916828903284,-0.0015549285806983892,-0.003402937477914647,0.000566556174212906,0.019585428806053448,0.07638939420581635,0.18893220959139814,0.006854580078134337,0.01773582217115291,0.8110677904086018,0.9236106057941836,0.795855795905704,0.9152221183807387,0.0003809077230184298,0.016611023310795937,0.013396429059128967,0.08382914906214994,0.014384214355721897,0.09247153226213622,0.3397569806690204,0.999525738592888
aggregate,aggregate,noise/Transport_noise,18653,0.0043859649122807015,0.06170589181364928,0.011955181472149252,0.9382941081863507,0.9263389267142015,0.0009259795127032815,0.01594103531025026,0.017130620985010708,1.0389457317158808,17285,17057,171,168,34,38,8,12,4,4,-0.002895913207022094,0.0009380959855064264,0.0009083816183297344,0.0005490866734215172,0.0,0.010318809855605298,0.05125607921496882,0.07336347133836274,0.007308292831721011,0.01658711581919135,0.9266365286616373,0.9487439207850312,0.9139757814300111,0.9376244259821054,9.642783806996353e-05,0.002251877713902904,0.008086685374440584,0.025523565396500563,0.008866856068405026,0.027215381474535894,0.98158081047743,1.1245134890343198
