architecture,scope,seed,feature,bin,group,frames,mean_feature,mean_value,p_SS,p_R,p_I,p_H,availability_net
MarbleNet,reference,reference,onset_distance,0,all,1270,0.0,-0.03862655010163617,0.27007874015748035,0.03307086614173228,0.6748031496062992,0.02204724409448819,0.011023622047244094
TinyGRU,seed,41,onset_distance,0,all,1270,0.0,0.21694083673017645,0.3606299212598425,0.04173228346456693,0.5803149606299213,0.01732283464566929,0.024409448818897637
TinyGRU,seed,59,onset_distance,0,all,1270,0.0,0.14402731369699664,0.3543307086614173,0.030708661417322834,0.5984251968503937,0.01653543307086614,0.014173228346456693
TinyGRU,seed,71,onset_distance,0,all,1270,0.0,0.21162428517270457,0.35196850393700785,0.05669291338582677,0.5787401574803149,0.012598425196850394,0.04409448818897638
TinyGRU,seed,83,onset_distance,0,all,1270,0.0,0.08670513135101902,0.38346456692913383,0.01732283464566929,0.5858267716535434,0.013385826771653543,0.003937007874015748
TinyGRU,seed,97,onset_distance,0,all,1270,0.0,0.12228054038997084,0.3606299212598425,0.03464566929133858,0.584251968503937,0.02047244094488189,0.014173228346456693
TinyGRU,aggregate,aggregate,onset_distance,0,all,1270,0.0,0.15631562146817352,0.36220472440944884,0.03622047244094488,0.5855118110236219,0.016062992125984252,0.02015748031496063
MarbleNet,reference,reference,onset_distance,1,all,2540,0.0,-0.02308684205152332,0.45984251968503936,0.024015748031496063,0.4885826771653543,0.027559055118110236,-0.003543307086614173
TinyGRU,seed,41,onset_distance,1,all,2540,0.0,0.09280609501871667,0.4562992125984252,0.030708661417322834,0.484251968503937,0.02874015748031496,0.001968503937007874
TinyGRU,seed,59,onset_distance,1,all,2540,0.0,0.06382869484999003,0.4574803149606299,0.029921259842519685,0.4830708661417323,0.02952755905511811,0.0003937007874015748
TinyGRU,seed,71,onset_distance,1,all,2540,0.0,0.08185914561200981,0.4503937007874016,0.03346456692913386,0.47755905511811025,0.03858267716535433,-0.005118110236220469
TinyGRU,seed,83,onset_distance,1,all,2540,0.0,0.04302077342168319,0.4744094488188976,0.014173228346456693,0.4952755905511811,0.016141732283464567,-0.001968503937007874
TinyGRU,seed,97,onset_distance,1,all,2540,0.0,0.05761585872756639,0.4566929133858268,0.03188976377952756,0.4826771653543307,0.02874015748031496,0.003149606299212602
TinyGRU,aggregate,aggregate,onset_distance,1,all,2540,0.0,0.06782611352599321,0.4590551181102362,0.02803149606299213,0.48456692913385835,0.028346456692913385,-0.00031496062992125706
MarbleNet,reference,reference,onset_distance,2-4,all,7620,0.0,-0.022987596024895873,0.5085301837270342,0.029133858267716535,0.4376640419947507,0.024671916010498687,0.004461942257217848
TinyGRU,seed,41,onset_distance,2-4,all,7620,0.0,0.09374783736099414,0.4650918635170604,0.03503937007874016,0.4730971128608924,0.026771653543307086,0.008267716535433074
TinyGRU,seed,59,onset_distance,2-4,all,7620,0.0,0.05929916797065724,0.46482939632545933,0.032020997375328084,0.47716535433070867,0.025984251968503937,0.006036745406824147
TinyGRU,seed,71,onset_distance,2-4,all,7620,0.0,0.08001642328922788,0.4583989501312336,0.03674540682414698,0.47244094488188976,0.03241469816272966,0.004330708661417319
TinyGRU,seed,83,onset_distance,2-4,all,7620,0.0,0.04108160657056368,0.4864829396325459,0.020078740157480315,0.4769028871391076,0.01653543307086614,0.003543307086614173
TinyGRU,seed,97,onset_distance,2-4,all,7620,0.0,0.05310087862932557,0.46902887139107613,0.030446194225721784,0.47112860892388453,0.029396325459317585,0.0010498687664041995
TinyGRU,aggregate,aggregate,onset_distance,2-4,all,7620,0.0,0.0654491827641537,0.4687664041994751,0.030866141732283463,0.47414698162729657,0.026220472440944883,0.00464566929133858
MarbleNet,reference,reference,onset_distance,5-10,all,15240,0.0,0.001026308213459429,0.7606299212598425,0.022769028871391078,0.19514435695538057,0.021456692913385828,0.0013123359580052493
TinyGRU,seed,41,onset_distance,5-10,all,15240,0.0,0.061412432487035554,0.6640419947506562,0.05131233595800525,0.2650918635170604,0.019553805774278215,0.03175853018372704
TinyGRU,seed,59,onset_distance,5-10,all,15240,0.0,0.03303878854167768,0.6666010498687664,0.039304461942257216,0.2688976377952756,0.025196850393700787,0.014107611548556429
TinyGRU,seed,71,onset_distance,5-10,all,15240,0.0,0.043291884688945806,0.6651574803149606,0.047375328083989504,0.2622703412073491,0.025196850393700787,0.022178477690288717
TinyGRU,seed,83,onset_distance,5-10,all,15240,0.0,0.018982357920666795,0.6891076115485564,0.02578740157480315,0.27086614173228346,0.014238845144356955,0.011548556430446196
TinyGRU,seed,97,onset_distance,5-10,all,15240,0.0,0.029017035938046172,0.6866797900262467,0.03530183727034121,0.2545275590551181,0.023490813648293963,0.011811023622047247
TinyGRU,aggregate,aggregate,onset_distance,5-10,all,15240,0.0,0.0371484999152744,0.6743175853018373,0.039816272965879265,0.26433070866141734,0.021535433070866146,0.01828083989501312
MarbleNet,reference,reference,onset_distance,11-25,all,37660,0.16370154009559215,0.013837675943063326,0.8595326606479022,0.01853425385023898,0.11101964949548593,0.010913436006372809,0.007620817843866171
TinyGRU,seed,41,onset_distance,11-25,all,37660,0.16370154009559215,0.014012919524483077,0.8178969729155603,0.022411046202867765,0.1458842272968667,0.013807753584705257,0.008603292618162508
TinyGRU,seed,59,onset_distance,11-25,all,37660,0.16370154009559215,0.007278788677013201,0.8227031332979289,0.021933085501858737,0.13998937865108868,0.015374402549123738,0.006558682952734998
TinyGRU,seed,71,onset_distance,11-25,all,37660,0.16370154009559215,0.0005181991274278676,0.8229421136484334,0.019463621879978757,0.1379182156133829,0.01967604885820499,-0.00021242697822623433
TinyGRU,seed,83,onset_distance,11-25,all,37660,0.16370154009559215,-0.0017101520737104552,0.829660116834838,0.011975570897503982,0.14734466277217206,0.011019649495485926,0.0009559214020180562
TinyGRU,seed,97,onset_distance,11-25,all,37660,0.16370154009559215,0.006998407138188663,0.8332979288369623,0.01858736059479554,0.13457249070631971,0.013542219861922463,0.0050451407328730765
TinyGRU,aggregate,aggregate,onset_distance,11-25,all,37660,0.16370154009559215,0.00541963247868047,0.8253000531067446,0.018874137015400957,0.14114179500796603,0.014684014869888476,0.0041901221455124815
MarbleNet,reference,reference,onset_distance,26-50,all,57570,1.215372589890568,0.0109882353165452,0.910700017370158,0.011776967170401251,0.0706618030224075,0.006861212437033177,0.004915754733368073
TinyGRU,seed,41,onset_distance,26-50,all,57570,1.215372589890568,0.019918313818788575,0.8767760986624978,0.020427305888483585,0.093937814834115,0.008858780614903595,0.01156852527357999
TinyGRU,seed,59,onset_distance,26-50,all,57570,1.215372589890568,0.015631242601603406,0.8790342192113948,0.02608997741879451,0.08620809449365989,0.008667708876150773,0.017422268542643737
TinyGRU,seed,71,onset_distance,26-50,all,57570,1.215372589890568,0.010304417423465075,0.8844710786868161,0.019350356088240404,0.0839499739447629,0.01222859128018065,0.007121764808059754
TinyGRU,seed,83,onset_distance,26-50,all,57570,1.215372589890568,-0.0010766251967725294,0.884905332638527,0.01078686816050026,0.09550112906027444,0.00880667014069828,0.0019801980198019802
TinyGRU,seed,97,onset_distance,26-50,all,57570,1.215372589890568,0.012097414507624209,0.8916275838110127,0.018360257078339413,0.08134445023449713,0.008667708876150773,0.00969254820218864
TinyGRU,aggregate,aggregate,onset_distance,26-50,all,57570,1.215372589890568,0.011374952630941747,0.8833628626020497,0.019002952926871635,0.08818829251346187,0.009445891957616814,0.009557060969254821
MarbleNet,reference,reference,onset_distance,>50,all,176400,33.115748299319726,0.012138743524612196,0.9413832199546486,0.010958049886621316,0.04212585034013606,0.005532879818594104,0.005425170068027211
TinyGRU,seed,41,onset_distance,>50,all,176400,33.115748299319726,0.028272415238323426,0.8999659863945578,0.020170068027210886,0.07470521541950113,0.005158730158730159,0.015011337868480728
TinyGRU,seed,59,onset_distance,>50,all,176400,33.115748299319726,0.02689635671974069,0.9002267573696145,0.02457482993197279,0.06975056689342404,0.005447845804988662,0.019126984126984128
TinyGRU,seed,71,onset_distance,>50,all,176400,33.115748299319726,0.024273182920761468,0.905453514739229,0.022029478458049888,0.06543650793650793,0.007080498866213152,0.014948979591836737
TinyGRU,seed,83,onset_distance,>50,all,176400,33.115748299319726,0.005021261426988836,0.9104308390022676,0.010436507936507937,0.07319727891156462,0.005935374149659864,0.004501133786848073
TinyGRU,seed,97,onset_distance,>50,all,176400,33.115748299319726,0.019971894292136583,0.9128287981859411,0.018463718820861678,0.06299319727891156,0.005714285714285714,0.012749433106575964
TinyGRU,aggregate,aggregate,onset_distance,>50,all,176400,33.115748299319726,0.020887022119590197,0.9057811791383219,0.019134920634920637,0.06921655328798186,0.00586734693877551,0.013267573696145125
MarbleNet,reference,reference,onset_distance,0,clean,248,0.0,0.12436253271264043,0.14919354838709675,0.07661290322580645,0.7741935483870968,0.0,0.07661290322580645
TinyGRU,seed,41,onset_distance,0,clean,248,0.0,0.49724455691006797,0.13306451612903225,0.06854838709677419,0.7983870967741935,0.0,0.06854838709677419
TinyGRU,seed,59,onset_distance,0,clean,248,0.0,0.2943244668110526,0.10483870967741936,0.028225806451612902,0.8669354838709677,0.0,0.028225806451612902
TinyGRU,seed,71,onset_distance,0,clean,248,0.0,0.45818181217901777,0.12096774193548387,0.08870967741935484,0.7903225806451613,0.0,0.08870967741935484
TinyGRU,seed,83,onset_distance,0,clean,248,0.0,0.27624625684047466,0.15725806451612903,0.036290322580645164,0.8024193548387096,0.004032258064516129,0.03225806451612903
TinyGRU,seed,97,onset_distance,0,clean,248,0.0,0.29208397545369785,0.1532258064516129,0.05241935483870968,0.7903225806451613,0.004032258064516129,0.04838709677419355
TinyGRU,aggregate,aggregate,onset_distance,0,clean,248,0.0,0.36361621363886215,0.1338709677419355,0.054838709677419356,0.8096774193548387,0.0016129032258064516,0.05322580645161291
MarbleNet,reference,reference,onset_distance,1,clean,496,0.0,0.014602426176518487,0.44354838709677424,0.03225806451612903,0.4899193548387097,0.034274193548387094,-0.0020161290322580645
TinyGRU,seed,41,onset_distance,1,clean,496,0.0,0.16508742592392156,0.4415322580645161,0.04032258064516129,0.48185483870967744,0.036290322580645164,0.0040322580645161255
TinyGRU,seed,59,onset_distance,1,clean,496,0.0,0.09274987671277396,0.4576612903225806,0.02217741935483871,0.4899193548387097,0.03024193548387097,-0.008064516129032258
TinyGRU,seed,71,onset_distance,1,clean,496,0.0,0.14847457520834254,0.42338709677419356,0.046370967741935484,0.4798387096774194,0.05040322580645161,-0.0040322580645161255
TinyGRU,seed,83,onset_distance,1,clean,496,0.0,0.09449350880583926,0.4637096774193548,0.016129032258064516,0.5,0.020161290322580645,-0.004032258064516129
TinyGRU,seed,97,onset_distance,1,clean,496,0.0,0.08998951969831098,0.4435483870967742,0.03225806451612903,0.49193548387096775,0.03225806451612903,0.0
TinyGRU,aggregate,aggregate,onset_distance,1,clean,496,0.0,0.11815898126983766,0.4459677419354839,0.03145161290322581,0.48870967741935484,0.03387096774193549,-0.0024193548387096767
MarbleNet,reference,reference,onset_distance,2-4,clean,1488,0.0,0.002471541401630791,0.5329301075268817,0.035618279569892476,0.4018817204301075,0.02956989247311828,0.006048387096774193
TinyGRU,seed,41,onset_distance,2-4,clean,1488,0.0,0.1658496712287812,0.448252688172043,0.04838709677419355,0.4731182795698925,0.03024193548387097,0.01814516129032258
TinyGRU,seed,59,onset_distance,2-4,clean,1488,0.0,0.08483721416061021,0.44556451612903225,0.03696236559139785,0.49126344086021506,0.02620967741935484,0.010752688172043012
TinyGRU,seed,71,onset_distance,2-4,clean,1488,0.0,0.1403403577731269,0.4361559139784946,0.05040322580645161,0.47647849462365593,0.03696236559139785,0.013440860215053758
TinyGRU,seed,83,onset_distance,2-4,clean,1488,0.0,0.08978104532395928,0.47513440860215056,0.025537634408602152,0.4825268817204301,0.016801075268817203,0.008736559139784949
TinyGRU,seed,97,onset_distance,2-4,clean,1488,0.0,0.08276575121972529,0.4596774193548387,0.033602150537634407,0.4798387096774194,0.026881720430107527,0.006720430107526879
TinyGRU,aggregate,aggregate,onset_distance,2-4,clean,1488,0.0,0.11271480794124057,0.4529569892473118,0.038978494623655914,0.4806451612903226,0.027419354838709675,0.01155913978494624
MarbleNet,reference,reference,onset_distance,5-10,clean,2976,0.0,-0.00759163160554306,0.8209005376344086,0.019489247311827957,0.13407258064516128,0.025537634408602152,-0.006048387096774193
TinyGRU,seed,41,onset_distance,5-10,clean,2976,0.0,0.12350735798752553,0.6666666666666666,0.10147849462365591,0.2157258064516129,0.016129032258064516,0.08534946236559139
TinyGRU,seed,59,onset_distance,5-10,clean,2976,0.0,0.05511328127738084,0.6760752688172043,0.0625,0.2301747311827957,0.03125,0.03125
TinyGRU,seed,71,onset_distance,5-10,clean,2976,0.0,0.08885116103695323,0.6804435483870968,0.0715725806451613,0.229502688172043,0.018481182795698926,0.053091397849462374
TinyGRU,seed,83,onset_distance,5-10,clean,2976,0.0,0.0452594814418748,0.7231182795698925,0.043010752688172046,0.22009408602150538,0.013776881720430107,0.029233870967741937
TinyGRU,seed,97,onset_distance,5-10,clean,2976,0.0,0.04766251479918799,0.7234543010752689,0.04973118279569892,0.20362903225806453,0.023185483870967742,0.02654569892473118
TinyGRU,aggregate,aggregate,onset_distance,5-10,clean,2976,0.0,0.07207875930858448,0.6939516129032257,0.06565860215053765,0.21982526881720432,0.02056451612903226,0.045094086021505386
MarbleNet,reference,reference,onset_distance,11-25,clean,7358,0.13631421581951617,-0.009662560667834686,0.8977983147594456,0.013998369122044033,0.07135091057352541,0.01685240554498505,-0.0028540364229410167
TinyGRU,seed,41,onset_distance,11-25,clean,7358,0.13631421581951617,0.030169133158074162,0.8808100027181299,0.03914107094319109,0.06387605327534657,0.016172873063332427,0.02296819787985866
TinyGRU,seed,59,onset_distance,11-25,clean,7358,0.13631421581951617,0.019162837558885853,0.8793150312584942,0.030035335689045935,0.07542810546344116,0.015221527589018754,0.01481380810002718
TinyGRU,seed,71,onset_distance,11-25,clean,7358,0.13631421581951617,0.018561053879875687,0.8874694210383256,0.029355803207393314,0.06727371568360968,0.015901060070671377,0.013454743136721938
TinyGRU,seed,83,onset_distance,11-25,clean,7358,0.13631421581951617,0.000269393621671758,0.900516444686056,0.017260125033976625,0.06577874422397391,0.016444686055993477,0.0008154389779831475
TinyGRU,seed,97,onset_distance,11-25,clean,7358,0.13631421581951617,0.007015670106132529,0.9024191356346833,0.022016852405544986,0.05409078553954879,0.021473226420222886,0.0005436259853221007
TinyGRU,aggregate,aggregate,onset_distance,11-25,clean,7358,0.13631421581951617,0.015035617664928,0.8901060070671377,0.02756183745583039,0.06528948083718401,0.017042674639847787,0.010519162815982603
MarbleNet,reference,reference,onset_distance,26-50,clean,11214,1.0857856251114677,0.0016767867058871558,0.9456037096486536,0.007044765471731764,0.04003923666845015,0.007312288211164615,-0.00026752273943285177
TinyGRU,seed,41,onset_distance,26-50,clean,11214,1.0857856251114677,0.059948910459770535,0.8983413590155164,0.04886748706973426,0.041376850365614413,0.01141430354913501,0.03745318352059925
TinyGRU,seed,59,onset_distance,26-50,clean,11214,1.0857856251114677,0.05392337200743979,0.8921883360085607,0.04744069912609238,0.05056179775280899,0.0098091671125379,0.037631532013554486
TinyGRU,seed,71,onset_distance,26-50,clean,11214,1.0857856251114677,0.057136897854631254,0.9052969502407705,0.04458712323880863,0.04102015337970394,0.00909577314071696,0.03549135009809167
TinyGRU,seed,83,onset_distance,26-50,clean,11214,1.0857856251114677,0.017544395188645066,0.9185839129659354,0.020331728196896735,0.04628143392188336,0.014802924915284467,0.005528803281612269
TinyGRU,seed,97,onset_distance,26-50,clean,11214,1.0857856251114677,0.03839137959605188,0.9198323524166221,0.03156768325307651,0.04075263064027109,0.007847333690030319,0.02372034956304619
TinyGRU,aggregate,aggregate,onset_distance,26-50,clean,11214,1.0857856251114677,0.0453889910213077,0.9068485821294812,0.038558944176921704,0.04399857321205636,0.010593900481540932,0.027965043695380772
MarbleNet,reference,reference,onset_distance,>50,clean,33955,31.744573700485937,0.0059303492494192055,0.9643646002061552,0.006214106906199382,0.02447356795759093,0.004947724930054484,0.0012663819761448976
TinyGRU,seed,41,onset_distance,>50,clean,33955,31.744573700485937,0.06855914261511964,0.9140921808275659,0.046296568988366954,0.03648947135915182,0.003121778824915329,0.043174790163451625
TinyGRU,seed,59,onset_distance,>50,clean,33955,31.744573700485937,0.06323470507031975,0.9021057281696363,0.04458842585775291,0.05024296863495803,0.003062877337652776,0.04152554852010014
TinyGRU,seed,71,onset_distance,>50,clean,33955,31.744573700485937,0.07276994496316692,0.9194816669120895,0.04338094536887056,0.0339861581504933,0.003151229568546606,0.04022971580032396
TinyGRU,seed,83,onset_distance,>50,clean,33955,31.744573700485937,0.025840860502485716,0.9376822264762186,0.020497717567368574,0.03722573994993374,0.004594316006479164,0.01590340156088941
TinyGRU,seed,97,onset_distance,>50,clean,33955,31.744573700485937,0.04838299979999558,0.9348844058312472,0.029597997349433074,0.03257252245619202,0.0029450743631276688,0.026652922986305404
TinyGRU,aggregate,aggregate,onset_distance,>50,clean,33955,31.744573700485937,0.05575753059021753,0.9216492416433515,0.03687233102635842,0.03810337211014578,0.0033750552201443087,0.03349727580621411
MarbleNet,reference,reference,onset_distance,0,seen/-5,130,0.0,0.046252991835938985,0.3846153846153847,0.015384615384615385,0.5692307692307692,0.03076923076923077,-0.015384615384615385
TinyGRU,seed,41,onset_distance,0,seen/-5,130,0.0,0.05332923012612318,0.5307692307692308,0.023076923076923078,0.43846153846153846,0.007692307692307693,0.015384615384615385
TinyGRU,seed,59,onset_distance,0,seen/-5,130,0.0,-0.00758297930699199,0.5461538461538461,0.007692307692307693,0.43846153846153846,0.007692307692307693,0.0
TinyGRU,seed,71,onset_distance,0,seen/-5,130,0.0,-0.00526472478507048,0.5384615384615384,0.038461538461538464,0.4153846153846154,0.007692307692307693,0.03076923076923077
TinyGRU,seed,83,onset_distance,0,seen/-5,130,0.0,-0.013649776821232607,0.5538461538461539,0.0,0.4461538461538462,0.0,0.0
TinyGRU,seed,97,onset_distance,0,seen/-5,130,0.0,-0.0009044017442910604,0.5307692307692308,0.015384615384615385,0.43846153846153846,0.015384615384615385,0.0
TinyGRU,aggregate,aggregate,onset_distance,0,seen/-5,130,0.0,0.005185469493707404,0.5399999999999999,0.016923076923076926,0.43538461538461537,0.007692307692307693,0.009230769230769233
MarbleNet,reference,reference,onset_distance,1,seen/-5,260,0.0,0.012335436187085325,0.45000000000000007,0.038461538461538464,0.47307692307692306,0.038461538461538464,0.0
TinyGRU,seed,41,onset_distance,1,seen/-5,260,0.0,0.05715178416207033,0.4653846153846154,0.03076923076923077,0.4807692307692308,0.023076923076923078,0.007692307692307693
TinyGRU,seed,59,onset_distance,1,seen/-5,260,0.0,0.03767921326491874,0.4846153846153846,0.019230769230769232,0.48846153846153845,0.007692307692307693,0.011538461538461539
TinyGRU,seed,71,onset_distance,1,seen/-5,260,0.0,0.03687914560514563,0.4653846153846154,0.023076923076923078,0.4807692307692308,0.03076923076923077,-0.007692307692307693
TinyGRU,seed,83,onset_distance,1,seen/-5,260,0.0,0.0312997188393496,0.4846153846153846,0.007692307692307693,0.5038461538461538,0.0038461538461538464,0.0038461538461538464
TinyGRU,seed,97,onset_distance,1,seen/-5,260,0.0,0.0500261392460882,0.47307692307692306,0.023076923076923078,0.48846153846153845,0.015384615384615385,0.007692307692307693
TinyGRU,aggregate,aggregate,onset_distance,1,seen/-5,260,0.0,0.04260720022351451,0.47461538461538466,0.02076923076923077,0.48846153846153845,0.016153846153846154,0.004615384615384615
MarbleNet,reference,reference,onset_distance,2-4,seen/-5,780,0.0,0.012598435572369912,0.4512820512820513,0.03076923076923077,0.4897435897435897,0.028205128205128206,0.002564102564102564
TinyGRU,seed,41,onset_distance,2-4,seen/-5,780,0.0,0.05946186762393008,0.48205128205128206,0.020512820512820513,0.4846153846153846,0.01282051282051282,0.007692307692307693
TinyGRU,seed,59,onset_distance,2-4,seen/-5,780,0.0,0.032555368824668786,0.48333333333333334,0.019230769230769232,0.4846153846153846,0.01282051282051282,0.006410256410256412
TinyGRU,seed,71,onset_distance,2-4,seen/-5,780,0.0,0.03657757659666371,0.4807692307692308,0.029487179487179487,0.4717948717948718,0.017948717948717947,0.011538461538461539
TinyGRU,seed,83,onset_distance,2-4,seen/-5,780,0.0,0.029140669081386725,0.4935897435897436,0.01282051282051282,0.48333333333333334,0.010256410256410256,0.0025641025641025637
TinyGRU,seed,97,onset_distance,2-4,seen/-5,780,0.0,0.049872358503080444,0.48846153846153845,0.021794871794871794,0.4705128205128205,0.019230769230769232,0.002564102564102562
TinyGRU,aggregate,aggregate,onset_distance,2-4,seen/-5,780,0.0,0.04152156812594594,0.4856410256410257,0.02076923076923077,0.478974358974359,0.014615384615384615,0.006153846153846154
MarbleNet,reference,reference,onset_distance,5-10,seen/-5,1560,0.0,0.012689057456330272,0.6955128205128205,0.03076923076923077,0.24423076923076922,0.029487179487179487,0.001282051282051282
TinyGRU,seed,41,onset_distance,5-10,seen/-5,1560,0.0,0.05779193039745236,0.6442307692307693,0.027564102564102563,0.31666666666666665,0.011538461538461539,0.016025641025641024
TinyGRU,seed,59,onset_distance,5-10,seen/-5,1560,0.0,0.02863844745117669,0.6314102564102564,0.015384615384615385,0.33525641025641023,0.017948717948717947,-0.002564102564102562
TinyGRU,seed,71,onset_distance,5-10,seen/-5,1560,0.0,0.03520413158799313,0.6525641025641026,0.028205128205128206,0.3019230769230769,0.01730769230769231,0.010897435897435897
TinyGRU,seed,83,onset_distance,5-10,seen/-5,1560,0.0,0.02149221582797503,0.6628205128205128,0.011538461538461539,0.31666666666666665,0.008974358974358974,0.0025641025641025654
TinyGRU,seed,97,onset_distance,5-10,seen/-5,1560,0.0,0.04513493649585737,0.6653846153846154,0.020512820512820513,0.2948717948717949,0.019230769230769232,0.001282051282051281
TinyGRU,aggregate,aggregate,onset_distance,5-10,seen/-5,1560,0.0,0.037652332352090916,0.6512820512820513,0.020641025641025643,0.3130769230769231,0.015,0.005641025641025643
MarbleNet,reference,reference,onset_distance,11-25,seen/-5,3841,0.20046862796146836,0.007169610853333388,0.8414475397032023,0.01744337412132257,0.12522780525904711,0.015881280916428014,0.0015620932048945586
TinyGRU,seed,41,onset_distance,11-25,seen/-5,3841,0.20046862796146836,0.027942182389323195,0.7805259047123145,0.021348607133558968,0.18849258005727676,0.009632908096849779,0.011715699036709189
TinyGRU,seed,59,onset_distance,11-25,seen/-5,3841,0.20046862796146836,0.01080018096211454,0.7792241603749024,0.00807081489195522,0.1999479302265035,0.012757094506638896,-0.004686279614683675
TinyGRU,seed,71,onset_distance,11-25,seen/-5,3841,0.20046862796146836,0.019777059345952953,0.7971882322311898,0.011195001301744337,0.17651653215308513,0.015100234313980734,-0.003905233012236397
TinyGRU,seed,83,onset_distance,11-25,seen/-5,3841,0.20046862796146836,0.00726268457451537,0.7984899765686019,0.004946628482166103,0.1858890913824525,0.010674303566779484,-0.005727675084613381
TinyGRU,seed,97,onset_distance,11-25,seen/-5,3841,0.20046862796146836,0.027132774819015475,0.7927623014839885,0.014319187711533454,0.18458734704504035,0.008331163759437647,0.005988023952095807
TinyGRU,aggregate,aggregate,onset_distance,11-25,seen/-5,3841,0.20046862796146836,0.018582976418184304,0.7896381150741995,0.011976047904191617,0.18708669617287166,0.011299140848737309,0.0006769070554543087
MarbleNet,reference,reference,onset_distance,26-50,seen/-5,5868,0.9948875255623721,0.004795052922429375,0.9008179959100204,0.003919563735514656,0.08827539195637356,0.006987048398091343,-0.003067484662576687
TinyGRU,seed,41,onset_distance,26-50,seen/-5,5868,0.9948875255623721,0.01525794922088124,0.8701431492842536,0.015678254942058625,0.10514655760054534,0.009032038173142468,0.006646216768916156
TinyGRU,seed,59,onset_distance,26-50,seen/-5,5868,0.9948875255623721,-0.0007946881849301647,0.8771301976823449,0.008861622358554875,0.10650988411724609,0.007498295841854124,0.0013633265167007505
TinyGRU,seed,71,onset_distance,26-50,seen/-5,5868,0.9948875255623721,0.004608340065784164,0.880879345603272,0.010224948875255624,0.0978186775732788,0.011077027948193593,-0.0008520790729379685
TinyGRU,seed,83,onset_distance,26-50,seen/-5,5868,0.9948875255623721,-0.006423505416762455,0.8805385139740968,0.004942058623040218,0.10446489434219496,0.01005453306066803,-0.005112474437627812
TinyGRU,seed,97,onset_distance,26-50,seen/-5,5868,0.9948875255623721,0.006691780313683202,0.8858214042263122,0.009032038173142468,0.09526244035446489,0.009884117246080437,-0.0008520790729379685
TinyGRU,aggregate,aggregate,onset_distance,26-50,seen/-5,5868,0.9948875255623721,0.003867975199731195,0.878902522154056,0.009747784594410362,0.10184049079754602,0.009509202453987732,0.00023858214042262946
MarbleNet,reference,reference,onset_distance,>50,seen/-5,16856,27.959954912197436,0.004186035626312595,0.9280968201233982,0.007178452776459421,0.056359753203607026,0.008364973896535358,-0.0011865211200759373
TinyGRU,seed,41,onset_distance,>50,seen/-5,16856,27.959954912197436,0.018830620472633976,0.9014594209776934,0.017145230185097296,0.07724252491694353,0.004152823920265781,0.012992406264831516
TinyGRU,seed,59,onset_distance,>50,seen/-5,16856,27.959954912197436,0.009121418463909316,0.9006881822496441,0.012339819648789748,0.08228523967726625,0.004686758424299953,0.007653061224489795
TinyGRU,seed,71,onset_distance,>50,seen/-5,16856,27.959954912197436,0.01544663306472398,0.9032392026578073,0.015246796392975794,0.07504746084480304,0.006466540104413858,0.008780256288561935
TinyGRU,seed,83,onset_distance,>50,seen/-5,16856,27.959954912197436,-0.0039993029806283074,0.91296867584243,0.003084954912197437,0.07860702420503085,0.005339345040341718,-0.0022543901281442814
TinyGRU,seed,97,onset_distance,>50,seen/-5,16856,27.959954912197436,0.010042321950964892,0.9033578547698149,0.013644992880873279,0.07700522069292834,0.005991931656383484,0.007653061224489795
TinyGRU,aggregate,aggregate,onset_distance,>50,seen/-5,16856,27.959954912197436,0.009888338194320771,0.904342667299478,0.012292358803986712,0.07803749406739441,0.0053274798291409586,0.0069648789748457535
MarbleNet,reference,reference,onset_distance,0,seen/0,95,0.0,-0.1864849481363971,0.38947368421052636,0.031578947368421054,0.47368421052631576,0.10526315789473684,-0.07368421052631578
TinyGRU,seed,41,onset_distance,0,seen/0,95,0.0,-0.001947990832511753,0.6421052631578947,0.021052631578947368,0.2736842105263158,0.06315789473684211,-0.04210526315789474
TinyGRU,seed,59,onset_distance,0,seen/0,95,0.0,-0.02735673425877783,0.6736842105263158,0.010526315789473684,0.2631578947368421,0.05263157894736842,-0.042105263157894736
TinyGRU,seed,71,onset_distance,0,seen/0,95,0.0,-0.02968744918200819,0.6842105263157895,0.021052631578947368,0.2631578947368421,0.031578947368421054,-0.010526315789473686
TinyGRU,seed,83,onset_distance,0,seen/0,95,0.0,-0.0014653320589804548,0.7157894736842105,0.021052631578947368,0.25263157894736843,0.010526315789473684,0.010526315789473684
TinyGRU,seed,97,onset_distance,0,seen/0,95,0.0,-0.029642144948863365,0.6631578947368421,0.021052631578947368,0.28421052631578947,0.031578947368421054,-0.010526315789473686
TinyGRU,aggregate,aggregate,onset_distance,0,seen/0,95,0.0,-0.018019930256228316,0.6757894736842106,0.01894736842105263,0.26736842105263164,0.037894736842105266,-0.018947368421052636
MarbleNet,reference,reference,onset_distance,1,seen/0,190,0.0,-0.0663344353293632,0.43157894736842106,0.04736842105263158,0.47368421052631576,0.04736842105263158,0.0
TinyGRU,seed,41,onset_distance,1,seen/0,190,0.0,0.09347931172420662,0.4631578947368421,0.042105263157894736,0.46842105263157896,0.02631578947368421,0.015789473684210527
TinyGRU,seed,59,onset_distance,1,seen/0,190,0.0,0.07313600567889049,0.45789473684210524,0.042105263157894736,0.47368421052631576,0.02631578947368421,0.015789473684210527
TinyGRU,seed,71,onset_distance,1,seen/0,190,0.0,0.08175217749686123,0.46842105263157896,0.031578947368421054,0.47368421052631576,0.02631578947368421,0.005263157894736845
TinyGRU,seed,83,onset_distance,1,seen/0,190,0.0,0.050592433367233076,0.4842105263157895,0.010526315789473684,0.49473684210526314,0.010526315789473684,0.0
TinyGRU,seed,97,onset_distance,1,seen/0,190,0.0,0.08368847983310253,0.45789473684210524,0.031578947368421054,0.4789473684210526,0.031578947368421054,0.0
TinyGRU,aggregate,aggregate,onset_distance,1,seen/0,190,0.0,0.07652968162005878,0.4663157894736842,0.03157894736842106,0.4778947368421053,0.02421052631578947,0.00736842105263159
MarbleNet,reference,reference,onset_distance,2-4,seen/0,570,0.0,-0.047652677769347444,0.4877192982456141,0.04035087719298246,0.4456140350877193,0.02631578947368421,0.014035087719298246
TinyGRU,seed,41,onset_distance,2-4,seen/0,570,0.0,0.0841558068386675,0.49473684210526314,0.042105263157894736,0.4421052631578947,0.021052631578947368,0.021052631578947368
TinyGRU,seed,59,onset_distance,2-4,seen/0,570,0.0,0.06239465514925468,0.5017543859649123,0.021052631578947368,0.45789473684210524,0.01929824561403509,0.0017543859649122792
TinyGRU,seed,71,onset_distance,2-4,seen/0,570,0.0,0.07584488782589685,0.48771929824561405,0.02982456140350877,0.45087719298245615,0.031578947368421054,-0.0017543859649122827
TinyGRU,seed,83,onset_distance,2-4,seen/0,570,0.0,0.04679132180495693,0.5175438596491229,0.008771929824561403,0.45614035087719296,0.017543859649122806,-0.008771929824561403
TinyGRU,seed,97,onset_distance,2-4,seen/0,570,0.0,0.07261873463855778,0.47719298245614034,0.02456140350877193,0.45789473684210524,0.04035087719298246,-0.015789473684210527
TinyGRU,aggregate,aggregate,onset_distance,2-4,seen/0,570,0.0,0.06836108125146675,0.49578947368421056,0.025263157894736845,0.45298245614035093,0.025964912280701757,-0.0007017543859649117
MarbleNet,reference,reference,onset_distance,5-10,seen/0,1140,0.0,-0.0004007200693781259,0.7008771929824562,0.021929824561403508,0.2543859649122807,0.02280701754385965,-0.0008771929824561404
TinyGRU,seed,41,onset_distance,5-10,seen/0,1140,0.0,0.06382550174702523,0.6447368421052632,0.03070175438596491,0.31140350877192985,0.013157894736842105,0.017543859649122806
TinyGRU,seed,59,onset_distance,5-10,seen/0,1140,0.0,0.055946983574369884,0.6464912280701754,0.01929824561403509,0.3157894736842105,0.018421052631578946,0.0008771929824561431
TinyGRU,seed,71,onset_distance,5-10,seen/0,1140,0.0,0.06005484318849238,0.6482456140350877,0.014035087719298246,0.32105263157894737,0.016666666666666666,-0.0026315789473684206
TinyGRU,seed,83,onset_distance,5-10,seen/0,1140,0.0,0.04022997487335502,0.6535087719298246,0.014912280701754385,0.3236842105263158,0.007894736842105263,0.007017543859649122
TinyGRU,seed,97,onset_distance,5-10,seen/0,1140,0.0,0.05597784740779272,0.6421052631578947,0.02017543859649123,0.30526315789473685,0.03245614035087719,-0.012280701754385961
TinyGRU,aggregate,aggregate,onset_distance,5-10,seen/0,1140,0.0,0.05520703015820705,0.647017543859649,0.019824561403508772,0.315438596491228,0.017719298245614034,0.0021052631578947385
MarbleNet,reference,reference,onset_distance,11-25,seen/0,2835,0.09523809523809523,0.030670007880235012,0.8074074074074074,0.021869488536155203,0.16014109347442682,0.010582010582010581,0.011287477954144622
TinyGRU,seed,41,onset_distance,11-25,seen/0,2835,0.09523809523809523,0.028327974893608443,0.7555555555555555,0.014109347442680775,0.21940035273368608,0.010934744268077601,0.0031746031746031737
TinyGRU,seed,59,onset_distance,11-25,seen/0,2835,0.09523809523809523,0.030589070744264837,0.7675485008818342,0.007054673721340388,0.2141093474426808,0.011287477954144622,-0.004232804232804234
TinyGRU,seed,71,onset_distance,11-25,seen/0,2835,0.09523809523809523,0.031122518701299954,0.7647266313932981,0.005643738977072311,0.21763668430335098,0.01199294532627866,-0.006349206349206349
TinyGRU,seed,83,onset_distance,11-25,seen/0,2835,0.09523809523809523,0.019372704322068095,0.7608465608465609,0.0028218694885361554,0.22998236331569666,0.006349206349206349,-0.003527336860670194
TinyGRU,seed,97,onset_distance,11-25,seen/0,2835,0.09523809523809523,0.031247654231948883,0.7597883597883598,0.005643738977072311,0.22151675485008818,0.013051146384479718,-0.007407407407407408
TinyGRU,aggregate,aggregate,onset_distance,11-25,seen/0,2835,0.09523809523809523,0.028131984578638046,0.7616931216931218,0.007054673721340387,0.2205291005291005,0.01072310405643739,-0.0036684303350970034
MarbleNet,reference,reference,onset_distance,26-50,seen/0,4357,0.8508147808124856,0.003458126605348727,0.9047509754418178,0.006655955932981409,0.07551067248106495,0.013082396144135873,-0.006426440211154464
TinyGRU,seed,41,onset_distance,26-50,seen/0,4357,0.8508147808124856,-0.010974325124796245,0.8898324535230663,0.003442735827404177,0.0991507918292403,0.00757401882028919,-0.004131282992885013
TinyGRU,seed,59,onset_distance,26-50,seen/0,4357,0.8508147808124856,-0.00922415051042818,0.9003901767271059,0.0018361257746155612,0.09433096167087446,0.003442735827404177,-0.0016066100527886158
TinyGRU,seed,71,onset_distance,26-50,seen/0,4357,0.8508147808124856,-0.009173127155383948,0.8918980950195088,0.002754188661923342,0.09938030755106725,0.005967408767500574,-0.003213220105577232
TinyGRU,seed,83,onset_distance,26-50,seen/0,4357,0.8508147808124856,-0.005139108281857102,0.8946522836814321,0.0009180628873077806,0.10236401193481753,0.0020656414964425065,-0.001147578609134726
TinyGRU,seed,97,onset_distance,26-50,seen/0,4357,0.8508147808124856,-0.007308591728134074,0.8932751893504705,0.004131282992885013,0.09570805600183613,0.006885471654808354,-0.002754188661923341
TinyGRU,aggregate,aggregate,onset_distance,26-50,seen/0,4357,0.8508147808124856,-0.00836386056011991,0.8940096396603167,0.002616479228827175,0.09818682579756713,0.00518705531328896,-0.002570576084461785
MarbleNet,reference,reference,onset_distance,>50,seen/0,14992,34.334178228388474,0.010192456717853345,0.9352321237993596,0.011272678762006404,0.04675827107790822,0.00673692636072572,0.004535752401280683
TinyGRU,seed,41,onset_distance,>50,seen/0,14992,34.334178228388474,-0.0012105438163326804,0.9062833511205977,0.007403948772678762,0.07884204909284952,0.007470651013874066,-6.670224119530426e-05
TinyGRU,seed,59,onset_distance,>50,seen/0,14992,34.334178228388474,0.0003238941811983623,0.9083511205976521,0.0073372465314834575,0.07930896478121664,0.005002668089647812,0.0023345784418356457
TinyGRU,seed,71,onset_distance,>50,seen/0,14992,34.334178228388474,0.00014189751340384647,0.9083511205976521,0.006470117395944504,0.07804162219850587,0.0071371398078975455,-0.0006670224119530417
TinyGRU,seed,83,onset_distance,>50,seen/0,14992,34.334178228388474,-0.0006996717706904344,0.9114861259338314,0.00513607257203842,0.07990928495197439,0.0034685165421558164,0.001667556029882604
TinyGRU,seed,97,onset_distance,>50,seen/0,14992,34.334178228388474,-0.0022069875193981283,0.9120864461045891,0.006803628601921024,0.0767742796157951,0.004335645677694771,0.0024679829242262533
TinyGRU,aggregate,aggregate,onset_distance,>50,seen/0,14992,34.334178228388474,-0.0007302822823638068,0.9093116328708645,0.006630202774813234,0.0785752401280683,0.005482924226254003,0.0011472785485592317
MarbleNet,reference,reference,onset_distance,0,seen/5,91,0.0,-0.22768146950519255,0.3516483516483516,0.02197802197802198,0.5714285714285714,0.054945054945054944,-0.03296703296703297
TinyGRU,seed,41,onset_distance,0,seen/5,91,0.0,0.07811308031489815,0.6593406593406593,0.02197802197802198,0.2857142857142857,0.03296703296703297,-0.010989010989010988
TinyGRU,seed,59,onset_distance,0,seen/5,91,0.0,0.07550076218051138,0.5824175824175825,0.03296703296703297,0.32967032967032966,0.054945054945054944,-0.021978021978021976
TinyGRU,seed,71,onset_distance,0,seen/5,91,0.0,0.06719132668599476,0.6153846153846154,0.03296703296703297,0.2857142857142857,0.06593406593406594,-0.03296703296703297
TinyGRU,seed,83,onset_distance,0,seen/5,91,0.0,0.0026282771200084117,0.6483516483516484,0.0,0.2967032967032967,0.054945054945054944,-0.054945054945054944
TinyGRU,seed,97,onset_distance,0,seen/5,91,0.0,0.02677875862856262,0.5714285714285714,0.04395604395604396,0.31868131868131866,0.06593406593406594,-0.021978021978021976
TinyGRU,aggregate,aggregate,onset_distance,0,seen/5,91,0.0,0.050042440985995064,0.6153846153846154,0.026373626373626377,0.30329670329670333,0.054945054945054944,-0.028571428571428567
MarbleNet,reference,reference,onset_distance,1,seen/5,182,0.0,-0.042759259689620625,0.456043956043956,0.016483516483516484,0.5,0.027472527472527472,-0.01098901098901099
TinyGRU,seed,41,onset_distance,1,seen/5,182,0.0,0.06478951367035606,0.46703296703296704,0.02197802197802198,0.47802197802197804,0.03296703296703297,-0.010989010989010988
TinyGRU,seed,59,onset_distance,1,seen/5,182,0.0,0.05290178334830099,0.43956043956043955,0.04395604395604396,0.4835164835164835,0.03296703296703297,0.010989010989010992
TinyGRU,seed,71,onset_distance,1,seen/5,182,0.0,0.041235252681738825,0.44505494505494503,0.04395604395604396,0.46153846153846156,0.04945054945054945,-0.005494505494505489
TinyGRU,seed,83,onset_distance,1,seen/5,182,0.0,0.024391168818157283,0.46703296703296704,0.016483516483516484,0.47802197802197804,0.038461538461538464,-0.02197802197802198
TinyGRU,seed,97,onset_distance,1,seen/5,182,0.0,0.04823767829796929,0.43956043956043955,0.054945054945054944,0.46703296703296704,0.038461538461538464,0.01648351648351648
TinyGRU,aggregate,aggregate,onset_distance,1,seen/5,182,0.0,0.046311079363304496,0.45164835164835165,0.03626373626373626,0.4736263736263737,0.038461538461538464,-0.002197802197802204
MarbleNet,reference,reference,onset_distance,2-4,seen/5,546,0.0,-0.06413482587180129,0.4816849816849817,0.03296703296703297,0.4358974358974359,0.04945054945054945,-0.016483516483516484
TinyGRU,seed,41,onset_distance,2-4,seen/5,546,0.0,0.06254508879786105,0.4633699633699634,0.04212454212454213,0.4652014652014652,0.029304029304029304,0.012820512820512824
TinyGRU,seed,59,onset_distance,2-4,seen/5,546,0.0,0.04648700251819676,0.4706959706959707,0.03296703296703297,0.4633699633699634,0.03296703296703297,0.0
TinyGRU,seed,71,onset_distance,2-4,seen/5,546,0.0,0.04209521081760738,0.45604395604395603,0.047619047619047616,0.44871794871794873,0.047619047619047616,0.0
TinyGRU,seed,83,onset_distance,2-4,seen/5,546,0.0,0.02269774510481508,0.4908424908424908,0.020146520146520148,0.46153846153846156,0.027472527472527472,-0.007326007326007324
TinyGRU,seed,97,onset_distance,2-4,seen/5,546,0.0,0.041491765125364365,0.4706959706959707,0.06043956043956044,0.4230769230769231,0.045787545787545784,0.014652014652014655
TinyGRU,aggregate,aggregate,onset_distance,2-4,seen/5,546,0.0,0.04306336247276893,0.4703296703296703,0.04065934065934067,0.4523809523809524,0.03663003663003663,0.004029304029304036
MarbleNet,reference,reference,onset_distance,5-10,seen/5,1092,0.0,-0.0327769639614279,0.7243589743589743,0.037545787545787544,0.20695970695970695,0.031135531135531136,0.00641025641025641
TinyGRU,seed,41,onset_distance,5-10,seen/5,1092,0.0,0.043380472943102696,0.6355311355311355,0.045787545787545784,0.2857142857142857,0.03296703296703297,0.012820512820512817
TinyGRU,seed,59,onset_distance,5-10,seen/5,1092,0.0,0.0402414329381684,0.641941391941392,0.04304029304029304,0.29212454212454214,0.022893772893772892,0.020146520146520148
TinyGRU,seed,71,onset_distance,5-10,seen/5,1092,0.0,0.03674919496195331,0.6254578754578755,0.05036630036630037,0.2847985347985348,0.039377289377289376,0.010989010989010992
TinyGRU,seed,83,onset_distance,5-10,seen/5,1092,0.0,0.020143399810043483,0.663003663003663,0.038461538461538464,0.28205128205128205,0.016483516483516484,0.02197802197802198
TinyGRU,seed,97,onset_distance,5-10,seen/5,1092,0.0,0.028990902840220788,0.6401098901098901,0.047619047619047616,0.2683150183150183,0.04395604395604396,0.003663003663003657
TinyGRU,aggregate,aggregate,onset_distance,5-10,seen/5,1092,0.0,0.03390108069869774,0.6412087912087913,0.045054945054945054,0.2826007326007326,0.031135531135531136,0.013919413919413919
MarbleNet,reference,reference,onset_distance,11-25,seen/5,2670,0.34344569288389515,0.014387241336459319,0.8423220973782771,0.02659176029962547,0.12172284644194757,0.009363295880149813,0.017228464419475654
TinyGRU,seed,41,onset_distance,11-25,seen/5,2670,0.34344569288389515,0.019388361248288206,0.7722846441947565,0.01947565543071161,0.18352059925093633,0.024719101123595506,-0.0052434456928838954
TinyGRU,seed,59,onset_distance,11-25,seen/5,2670,0.34344569288389515,0.0199139016709042,0.8044943820224719,0.021348314606741574,0.16441947565543072,0.009737827715355805,0.011610486891385769
TinyGRU,seed,71,onset_distance,11-25,seen/5,2670,0.34344569288389515,0.018186106096207952,0.7782771535580524,0.016853932584269662,0.17790262172284643,0.02696629213483146,-0.010112359550561799
TinyGRU,seed,83,onset_distance,11-25,seen/5,2670,0.34344569288389515,0.012716543484633693,0.797752808988764,0.013108614232209739,0.18352059925093633,0.0056179775280898875,0.007490636704119851
TinyGRU,seed,97,onset_distance,11-25,seen/5,2670,0.34344569288389515,0.018754949280097254,0.7943820224719101,0.02546816479400749,0.16254681647940075,0.017602996254681647,0.007865168539325843
TinyGRU,aggregate,aggregate,onset_distance,11-25,seen/5,2670,0.34344569288389515,0.017791972356026264,0.7894382022471911,0.019250936329588013,0.17438202247191012,0.01692883895131086,0.0023220973782771513
MarbleNet,reference,reference,onset_distance,26-50,seen/5,3930,2.29440203562341,0.013758882657697086,0.9361323155216286,0.010432569974554707,0.052417302798982185,0.0010178117048346056,0.009414758269720101
TinyGRU,seed,41,onset_distance,26-50,seen/5,3930,2.29440203562341,0.005792872935641785,0.9185750636132316,0.003816793893129771,0.07557251908396946,0.002035623409669211,0.0017811704834605597
TinyGRU,seed,59,onset_distance,26-50,seen/5,3930,2.29440203562341,0.005868647386017043,0.9195928753180661,0.007888040712468193,0.07022900763358779,0.0022900763358778627,0.0055979643765903305
TinyGRU,seed,71,onset_distance,26-50,seen/5,3930,2.29440203562341,0.007684316870227737,0.9183206106870229,0.0058524173027989825,0.0717557251908397,0.004071246819338422,0.00178117048346056
TinyGRU,seed,83,onset_distance,26-50,seen/5,3930,2.29440203562341,0.00037420874573519176,0.9229007633587786,0.004071246819338422,0.0717557251908397,0.001272264631043257,0.0027989821882951653
TinyGRU,seed,97,onset_distance,26-50,seen/5,3930,2.29440203562341,0.0053275352896965285,0.9190839694656489,0.008905852417302799,0.06717557251908397,0.004834605597964376,0.004071246819338422
TinyGRU,aggregate,aggregate,onset_distance,26-50,seen/5,3930,2.29440203562341,0.0050095162454636575,0.9196946564885495,0.0061068702290076335,0.07129770992366412,0.002900763358778626,0.0032061068702290076
MarbleNet,reference,reference,onset_distance,>50,seen/5,12162,58.65392205229403,0.00835685905928457,0.9548593981253083,0.005426739023186976,0.033547113961519485,0.0061667488899852,-0.0007400098667982239
TinyGRU,seed,41,onset_distance,>50,seen/5,12162,58.65392205229403,0.018214893808755173,0.9167077783259332,0.018582469988488736,0.05969412925505673,0.005015622430521296,0.01356684755796744
TinyGRU,seed,59,onset_distance,>50,seen/5,12162,58.65392205229403,0.01802911911363019,0.9181055747409965,0.014717974017431343,0.06520309159677684,0.001973359644795264,0.01274461437263608
TinyGRU,seed,71,onset_distance,>50,seen/5,12162,58.65392205229403,0.016942457812058047,0.9220522940305871,0.013649070876500576,0.060927479033053775,0.0033711560598585757,0.010277914816642
TinyGRU,seed,83,onset_distance,>50,seen/5,12162,58.65392205229403,0.006194115008106728,0.9246012169051143,0.009373458312777503,0.06306528531491531,0.0029600394671928957,0.006413418845584607
TinyGRU,seed,97,onset_distance,>50,seen/5,12162,58.65392205229403,0.01234836277205494,0.9249301101792469,0.011346817957572768,0.06084525571452064,0.00287781614865976,0.008469001808913008
TinyGRU,aggregate,aggregate,onset_distance,>50,seen/5,12162,58.65392205229403,0.014345789702921016,0.9212793948363757,0.013533958230554187,0.06194704818286466,0.003239598750205559,0.010294359480348628
MarbleNet,reference,reference,onset_distance,0,seen/10,149,0.0,-0.15485940044412908,0.2416107382550336,0.020134228187919462,0.697986577181208,0.040268456375838924,-0.020134228187919462
TinyGRU,seed,41,onset_distance,0,seen/10,149,0.0,0.11641099603912451,0.4228187919463087,0.040268456375838924,0.5167785234899329,0.020134228187919462,0.020134228187919462
TinyGRU,seed,59,onset_distance,0,seen/10,149,0.0,0.08236506560498917,0.38926174496644295,0.053691275167785234,0.5302013422818792,0.026845637583892617,0.026845637583892617
TinyGRU,seed,71,onset_distance,0,seen/10,149,0.0,0.14686090659605547,0.38926174496644295,0.06711409395973154,0.5302013422818792,0.013422818791946308,0.053691275167785234
TinyGRU,seed,83,onset_distance,0,seen/10,149,0.0,0.031205802244441763,0.4697986577181208,0.026845637583892617,0.5033557046979866,0.0,0.026845637583892617
TinyGRU,seed,97,onset_distance,0,seen/10,149,0.0,0.08759467226066973,0.3691275167785235,0.040268456375838924,0.5503355704697986,0.040268456375838924,0.0
TinyGRU,aggregate,aggregate,onset_distance,0,seen/10,149,0.0,0.09288748854905612,0.4080536912751678,0.045637583892617455,0.5261744966442954,0.020134228187919462,0.025503355704697993
MarbleNet,reference,reference,onset_distance,1,seen/10,298,0.0,-0.06896720027599086,0.45637583892617445,0.02348993288590604,0.4966442953020134,0.02348993288590604,0.0
TinyGRU,seed,41,onset_distance,1,seen/10,298,0.0,0.06687236448611451,0.44966442953020136,0.03355704697986577,0.4865771812080537,0.030201342281879196,0.003355704697986576
TinyGRU,seed,59,onset_distance,1,seen/10,298,0.0,0.04566073540162483,0.4395973154362416,0.050335570469798654,0.46308724832214765,0.04697986577181208,0.0033557046979865723
TinyGRU,seed,71,onset_distance,1,seen/10,298,0.0,0.06912905135674267,0.44966442953020136,0.030201342281879196,0.4798657718120805,0.040268456375838924,-0.010067114093959727
TinyGRU,seed,83,onset_distance,1,seen/10,298,0.0,0.02832756813331132,0.4697986577181208,0.016778523489932886,0.4966442953020134,0.016778523489932886,0.0
TinyGRU,seed,97,onset_distance,1,seen/10,298,0.0,0.051413422797598154,0.45302013422818793,0.030201342281879196,0.48322147651006714,0.03355704697986577,-0.003355704697986576
TinyGRU,aggregate,aggregate,onset_distance,1,seen/10,298,0.0,0.0522806284350783,0.45234899328859063,0.032214765100671144,0.4818791946308726,0.03355704697986577,-0.0013422818791946275
MarbleNet,reference,reference,onset_distance,2-4,seen/10,894,0.0,-0.06811796135307333,0.505592841163311,0.035794183445190156,0.42841163310961966,0.030201342281879196,0.005592841163310962
TinyGRU,seed,41,onset_distance,2-4,seen/10,894,0.0,0.06418924007044567,0.4463087248322148,0.035794183445190156,0.4854586129753915,0.03243847874720358,0.0033557046979865793
TinyGRU,seed,59,onset_distance,2-4,seen/10,894,0.0,0.04084310679692701,0.4519015659955257,0.04809843400447427,0.4664429530201342,0.03355704697986577,0.014541387024608499
TinyGRU,seed,71,onset_distance,2-4,seen/10,894,0.0,0.06592593106369166,0.4519015659955257,0.030201342281879196,0.49217002237136465,0.025727069351230425,0.004474272930648771
TinyGRU,seed,83,onset_distance,2-4,seen/10,894,0.0,0.026021654097534236,0.4720357941834452,0.02348993288590604,0.4854586129753915,0.01901565995525727,0.004474272930648771
TinyGRU,seed,97,onset_distance,2-4,seen/10,894,0.0,0.04533071625338149,0.4552572706935123,0.03243847874720358,0.4809843400447427,0.03131991051454139,0.0011185682326621885
TinyGRU,aggregate,aggregate,onset_distance,2-4,seen/10,894,0.0,0.048462129656396014,0.4554809843400448,0.03400447427293065,0.48210290827740493,0.028411633109619683,0.005592841163310967
MarbleNet,reference,reference,onset_distance,5-10,seen/10,1788,0.0,-0.025100627162685123,0.7885906040268457,0.026845637583892617,0.1616331096196868,0.022930648769574943,0.0039149888143176735
TinyGRU,seed,41,onset_distance,5-10,seen/10,1788,0.0,0.02852511207690611,0.7013422818791947,0.036353467561521254,0.23825503355704697,0.024049217002237135,0.012304250559284118
TinyGRU,seed,59,onset_distance,5-10,seen/10,1788,0.0,0.0033339354122204757,0.6963087248322147,0.03803131991051454,0.23993288590604026,0.025727069351230425,0.012304250559284115
TinyGRU,seed,71,onset_distance,5-10,seen/10,1788,0.0,0.017759538319083938,0.6895973154362416,0.03803131991051454,0.24272930648769575,0.0296420581655481,0.008389261744966441
TinyGRU,seed,83,onset_distance,5-10,seen/10,1788,0.0,0.011569638345096292,0.7086129753914989,0.0296420581655481,0.2483221476510067,0.013422818791946308,0.016219239373601792
TinyGRU,seed,97,onset_distance,5-10,seen/10,1788,0.0,0.009936287103101647,0.7063758389261745,0.03523489932885906,0.2360178970917226,0.02237136465324385,0.012863534675615209
TinyGRU,aggregate,aggregate,onset_distance,5-10,seen/10,1788,0.0,0.014224902251281693,0.700447427293065,0.035458612975391504,0.24105145413870246,0.023042505592841166,0.012416107382550338
MarbleNet,reference,reference,onset_distance,11-25,seen/10,4431,0.11487248928007222,0.00850464333605764,0.9000225682690138,0.01647483638004965,0.07515233581584292,0.008350259535093659,0.008124576844955992
TinyGRU,seed,41,onset_distance,11-25,seen/10,4431,0.11487248928007222,-0.003554586729397047,0.8618821936357481,0.013089596027984653,0.11712931618144888,0.007898894154818325,0.005190701873166328
TinyGRU,seed,59,onset_distance,11-25,seen/10,4431,0.11487248928007222,-0.010840227773703377,0.8436018957345972,0.019408711351839313,0.12593094109681788,0.011058451816745656,0.008350259535093657
TinyGRU,seed,71,onset_distance,11-25,seen/10,4431,0.11487248928007222,-0.014161272106893193,0.8510494245091401,0.013089596027984653,0.12435116226585421,0.011509817197020988,0.0015797788309636646
TinyGRU,seed,83,onset_distance,11-25,seen/10,4431,0.11487248928007222,-0.0009792669890834672,0.8399909726923945,0.009478672985781991,0.14533965244865718,0.005190701873166328,0.004287971112615663
TinyGRU,seed,97,onset_distance,11-25,seen/10,4431,0.11487248928007222,-0.005364845456653574,0.8501466937485895,0.01263823064770932,0.1284134506883322,0.008801624915368992,0.003836605732340329
TinyGRU,aggregate,aggregate,onset_distance,11-25,seen/10,4431,0.11487248928007222,-0.006980039811146133,0.8493342360640939,0.013540961408259987,0.12823290453622208,0.008891897991424057,0.0046490634168359305
MarbleNet,reference,reference,onset_distance,26-50,seen/10,6766,0.9071829736919894,0.007418642304581873,0.9292048477682531,0.009606857818504287,0.05645876441028673,0.004729530002955957,0.00487732781554833
TinyGRU,seed,41,onset_distance,26-50,seen/10,6766,0.9071829736919894,-0.0010754932720679628,0.9111735146319835,0.007537688442211055,0.07478569317174105,0.00650310375406444,0.001034584688146615
TinyGRU,seed,59,onset_distance,26-50,seen/10,6766,0.9071829736919894,-0.005880357058986317,0.9129470883830919,0.012710611882944133,0.06591782441619864,0.008424475317765297,0.0042861365651788354
TinyGRU,seed,71,onset_distance,26-50,seen/10,6766,0.9071829736919894,-0.0007699709688534455,0.911025716819391,0.01093703813183565,0.07182973691989358,0.006207508128879693,0.004729530002955957
TinyGRU,seed,83,onset_distance,26-50,seen/10,6766,0.9071829736919894,-0.003975618847054107,0.9030446349394029,0.00487732781554833,0.08660951817913094,0.005468519065917825,-0.0005911912503694947
TinyGRU,seed,97,onset_distance,26-50,seen/10,6766,0.9071829736919894,0.0009551526514699982,0.9156074490097547,0.008867868755542418,0.06990836535619273,0.005616316878510198,0.0032515518770322195
TinyGRU,aggregate,aggregate,onset_distance,26-50,seen/10,6766,0.9071829736919894,-0.0021492574990983676,0.9107596807567249,0.008986107005616318,0.07381022760863139,0.0064439846290274905,0.002542122376588828
MarbleNet,reference,reference,onset_distance,>50,seen/10,18701,29.461526121597775,0.005579855393349721,0.9668466926902305,0.005240361477995829,0.02433024971926635,0.0035826961125073526,0.0016576653654884765
TinyGRU,seed,41,onset_distance,>50,seen/10,18701,29.461526121597775,-0.0002884005385681623,0.9472220736858992,0.006416769156729587,0.04047911876370248,0.005882038393668788,0.0005347307630607992
TinyGRU,seed,59,onset_distance,>50,seen/10,18701,29.461526121597775,-0.0021111698214228715,0.9500561467301214,0.006256349927811347,0.03903534570343832,0.004652157638628951,0.0016041922891823967
TinyGRU,seed,71,onset_distance,>50,seen/10,18701,29.461526121597775,-0.00034841775371086933,0.9469547083043688,0.007272338377626865,0.0393561841612748,0.006416769156729587,0.0008555692208972784
TinyGRU,seed,83,onset_distance,>50,seen/10,18701,29.461526121597775,-0.0016656264700137295,0.9513929736377734,0.00459868456232287,0.04101384952676328,0.002994492273140474,0.0016041922891823963
TinyGRU,seed,97,onset_distance,>50,seen/10,18701,29.461526121597775,-0.002402256785694132,0.9526228543928132,0.005882038393668788,0.03678947649858296,0.00470563071493503,0.0011764076787337575
TinyGRU,aggregate,aggregate,onset_distance,>50,seen/10,18701,29.461526121597775,-0.0013631742738819542,0.9496497513501952,0.006085236083631891,0.03933479493075237,0.004930217635420566,0.0011550184482113255
MarbleNet,reference,reference,onset_distance,0,seen/15,117,0.0,-0.15477092111607124,0.15384615384615385,0.008547008547008548,0.8376068376068376,0.0,0.008547008547008548
TinyGRU,seed,41,onset_distance,0,seen/15,117,0.0,0.2704917668715082,0.18803418803418803,0.05982905982905983,0.7435897435897436,0.008547008547008548,0.05128205128205128
TinyGRU,seed,59,onset_distance,0,seen/15,117,0.0,0.17900802495464696,0.2222222222222222,0.042735042735042736,0.7350427350427351,0.0,0.042735042735042736
TinyGRU,seed,71,onset_distance,0,seen/15,117,0.0,0.27105894499369215,0.18803418803418803,0.05128205128205128,0.7606837606837606,0.0,0.05128205128205128
TinyGRU,seed,83,onset_distance,0,seen/15,117,0.0,0.10741342220200704,0.2222222222222222,0.008547008547008548,0.7606837606837606,0.008547008547008548,0.0
TinyGRU,seed,97,onset_distance,0,seen/15,117,0.0,0.17007284882510176,0.20512820512820512,0.05128205128205128,0.7350427350427351,0.008547008547008548,0.042735042735042736
TinyGRU,aggregate,aggregate,onset_distance,0,seen/15,117,0.0,0.1996090015693913,0.20512820512820512,0.04273504273504273,0.747008547008547,0.005128205128205129,0.0376068376068376
MarbleNet,reference,reference,onset_distance,1,seen/15,234,0.0,-0.07459503317791899,0.47008547008547014,0.008547008547008548,0.5128205128205128,0.008547008547008548,0.0
TinyGRU,seed,41,onset_distance,1,seen/15,234,0.0,0.08757149500139508,0.44871794871794873,0.029914529914529916,0.49145299145299143,0.029914529914529916,0.0
TinyGRU,seed,59,onset_distance,1,seen/15,234,0.0,0.06534963676140221,0.4444444444444444,0.029914529914529916,0.49145299145299143,0.03418803418803419,-0.004273504273504276
TinyGRU,seed,71,onset_distance,1,seen/15,234,0.0,0.08117404516024544,0.46153846153846156,0.021367521367521368,0.4829059829059829,0.03418803418803419,-0.012820512820512824
TinyGRU,seed,83,onset_distance,1,seen/15,234,0.0,0.04031898011439627,0.4829059829059829,0.004273504273504274,0.5042735042735043,0.008547008547008548,-0.004273504273504274
TinyGRU,seed,97,onset_distance,1,seen/15,234,0.0,0.05524518485427018,0.44871794871794873,0.03418803418803419,0.47863247863247865,0.038461538461538464,-0.004273504273504272
TinyGRU,aggregate,aggregate,onset_distance,1,seen/15,234,0.0,0.06593186837834183,0.45726495726495725,0.02393162393162393,0.4897435897435897,0.029059829059829064,-0.005128205128205134
MarbleNet,reference,reference,onset_distance,2-4,seen/15,702,0.0,-0.07567610943848434,0.5242165242165243,0.01282051282051282,0.44871794871794873,0.014245014245014245,-0.0014245014245014246
TinyGRU,seed,41,onset_distance,2-4,seen/15,702,0.0,0.09989471793847034,0.4700854700854701,0.039886039886039885,0.4658119658119658,0.024216524216524215,0.01566951566951567
TinyGRU,seed,59,onset_distance,2-4,seen/15,702,0.0,0.07036347252199332,0.4601139601139601,0.02849002849002849,0.4757834757834758,0.03561253561253561,-0.007122507122507123
TinyGRU,seed,71,onset_distance,2-4,seen/15,702,0.0,0.09231666033695098,0.4672364672364672,0.037037037037037035,0.4658119658119658,0.029914529914529916,0.007122507122507119
TinyGRU,seed,83,onset_distance,2-4,seen/15,702,0.0,0.04535507066865856,0.4829059829059829,0.021367521367521368,0.47863247863247865,0.017094017094017096,0.004273504273504272
TinyGRU,seed,97,onset_distance,2-4,seen/15,702,0.0,0.05885557614352472,0.4658119658119658,0.02849002849002849,0.47435897435897434,0.03133903133903134,-0.0028490028490028504
TinyGRU,aggregate,aggregate,onset_distance,2-4,seen/15,702,0.0,0.07335709952191957,0.4692307692307692,0.031054131054131056,0.47207977207977203,0.027635327635327632,0.003418803418803424
MarbleNet,reference,reference,onset_distance,5-10,seen/15,1404,0.0,-0.016009700938890953,0.826923076923077,0.012108262108262107,0.14458689458689458,0.01638176638176638,-0.004273504273504274
TinyGRU,seed,41,onset_distance,5-10,seen/15,1404,0.0,0.05196198451667097,0.7321937321937322,0.05626780626780627,0.19586894586894588,0.01566951566951567,0.04059829059829059
TinyGRU,seed,59,onset_distance,5-10,seen/15,1404,0.0,0.036938534887985736,0.7343304843304843,0.038461538461538464,0.21153846153846154,0.01566951566951567,0.022792022792022793
TinyGRU,seed,71,onset_distance,5-10,seen/15,1404,0.0,0.048665596292452706,0.7343304843304843,0.05555555555555555,0.18732193732193733,0.022792022792022793,0.03276353276353276
TinyGRU,seed,83,onset_distance,5-10,seen/15,1404,0.0,0.019365229856479153,0.7393162393162394,0.02564102564102564,0.21367521367521367,0.021367521367521368,0.004273504273504272
TinyGRU,seed,97,onset_distance,5-10,seen/15,1404,0.0,0.02623835052709665,0.7393162393162394,0.04202279202279202,0.20085470085470086,0.017806267806267807,0.024216524216524215
TinyGRU,aggregate,aggregate,onset_distance,5-10,seen/15,1404,0.0,0.03663393921613704,0.735897435897436,0.043589743589743594,0.20185185185185187,0.018660968660968662,0.024928774928774933
MarbleNet,reference,reference,onset_distance,11-25,seen/15,3459,0.13038450419196299,0.008548029357891842,0.9306157849089332,0.01185313674472391,0.05348366579936398,0.004047412546978896,0.007805724197745013
TinyGRU,seed,41,onset_distance,11-25,seen/15,3459,0.13038450419196299,-0.006033086528567267,0.8803122289679098,0.015322347499277248,0.09395779126915293,0.010407632263660017,0.004914715235617231
TinyGRU,seed,59,onset_distance,11-25,seen/15,3459,0.13038450419196299,-0.00250694261688043,0.8904307603353571,0.013009540329575022,0.08441746169413125,0.012142237640936688,0.0008673026886383342
TinyGRU,seed,71,onset_distance,11-25,seen/15,3459,0.13038450419196299,-0.00670687993461118,0.8716392020815265,0.020526163631107257,0.09337958947672738,0.014455044810638912,0.006071118820468345
TinyGRU,seed,83,onset_distance,11-25,seen/15,3459,0.13038450419196299,-0.0031819132478598027,0.885226944203527,0.01156403584851113,0.09453599306157849,0.008673026886383347,0.0028910089621277824
TinyGRU,seed,97,onset_distance,11-25,seen/15,3459,0.13038450419196299,-0.004622171413107814,0.8985255854293148,0.008673026886383347,0.08788667244868459,0.004914715235617231,0.0037583116507661166
TinyGRU,aggregate,aggregate,onset_distance,11-25,seen/15,3459,0.13038450419196299,-0.004610198748205299,0.885226944203527,0.0138190228389708,0.09083550159005492,0.01011853136744724,0.00370049147152356
MarbleNet,reference,reference,onset_distance,26-50,seen/15,5313,1.3788819875776397,0.0032450214240213535,0.9433465085638998,0.005458309806135893,0.04592508940335027,0.005270092226613966,0.00018821757952192734
TinyGRU,seed,41,onset_distance,26-50,seen/15,5313,1.3788819875776397,-0.0041519866121743345,0.9185017880670054,0.008846226237530586,0.06512328251458686,0.007528703180877094,0.001317523056653492
TinyGRU,seed,59,onset_distance,26-50,seen/15,5313,1.3788819875776397,0.0020669228917316635,0.9213250517598344,0.011104837191793714,0.06380575945793338,0.003764351590438547,0.007340485601355167
TinyGRU,seed,71,onset_distance,26-50,seen/15,5313,1.3788819875776397,-0.005554452732119467,0.9177489177489178,0.012234142668925278,0.06060606060606061,0.009410878976096368,0.00282326369282891
TinyGRU,seed,83,onset_distance,26-50,seen/15,5313,1.3788819875776397,-0.00012735656146628115,0.9241483154526633,0.00564652738565782,0.06738189346884998,0.00282326369282891,0.00282326369282891
TinyGRU,seed,97,onset_distance,26-50,seen/15,5313,1.3788819875776397,-0.006011834136426819,0.9207603990212686,0.00564652738565782,0.06230001882175795,0.01129305477131564,-0.00564652738565782
TinyGRU,aggregate,aggregate,onset_distance,26-50,seen/15,5313,1.3788819875776397,-0.002755741430091047,0.920496894409938,0.008695652173913044,0.06384340297383775,0.006964050442311312,0.0017316017316017316
MarbleNet,reference,reference,onset_distance,>50,seen/15,17268,26.74536715311559,0.004291123665903905,0.9731294880704192,0.0046328468844104706,0.019168403984248322,0.0030692610609219365,0.0015635858234885338
TinyGRU,seed,41,onset_distance,>50,seen/15,17268,26.74536715311559,0.004398569671946934,0.9599258744498494,0.005964790363678481,0.02849200833912439,0.005617326847347695,0.00034746351633078553
TinyGRU,seed,59,onset_distance,>50,seen/15,17268,26.74536715311559,0.0041548759897920215,0.9601575167940699,0.0057331480194579565,0.029534398888116747,0.0045749362983553395,0.001158211721102617
TinyGRU,seed,71,onset_distance,>50,seen/15,17268,26.74536715311559,0.0017747353158411412,0.9578990039379198,0.006312253880009265,0.02762334954829743,0.008165392633773454,-0.001853138753764189
TinyGRU,seed,83,onset_distance,>50,seen/15,17268,26.74536715311559,0.0011196629468081683,0.9589993050729674,0.0039379198517488995,0.033240676395645125,0.003822098679638638,0.0001158211721102617
TinyGRU,seed,97,onset_distance,>50,seen/15,17268,26.74536715311559,0.0012885406341985122,0.9621843873059995,0.005211952744961779,0.026754690757470466,0.005848969191568219,-0.00063701644660644
TinyGRU,aggregate,aggregate,onset_distance,>50,seen/15,17268,26.74536715311559,0.0025472769117173546,0.9598332175121613,0.005432012971971277,0.02912902478573083,0.005605744730136669,-0.00017373175816539233
MarbleNet,reference,reference,onset_distance,0,seen/20,129,0.0,-0.10359132374647106,0.19379844961240303,0.023255813953488372,0.7674418604651163,0.015503875968992248,0.007751937984496124
TinyGRU,seed,41,onset_distance,0,seen/20,129,0.0,0.4115496085841552,0.18604651162790697,0.05426356589147287,0.7596899224806202,0.0,0.05426356589147287
TinyGRU,seed,59,onset_distance,0,seen/20,129,0.0,0.2968787262235865,0.18604651162790697,0.03875968992248062,0.7751937984496124,0.0,0.03875968992248062
TinyGRU,seed,71,onset_distance,0,seen/20,129,0.0,0.3751001943958694,0.18604651162790697,0.046511627906976744,0.7674418604651163,0.0,0.046511627906976744
TinyGRU,seed,83,onset_distance,0,seen/20,129,0.0,0.22736942403056903,0.21705426356589147,0.023255813953488372,0.751937984496124,0.007751937984496124,0.015503875968992248
TinyGRU,seed,97,onset_distance,0,seen/20,129,0.0,0.23233707623727196,0.21705426356589147,0.031007751937984496,0.751937984496124,0.0,0.031007751937984496
TinyGRU,aggregate,aggregate,onset_distance,0,seen/20,129,0.0,0.3086470058942904,0.19844961240310077,0.03875968992248062,0.7612403100775194,0.0015503875968992248,0.037209302325581395
MarbleNet,reference,reference,onset_distance,1,seen/20,258,0.0,-0.07751394666720242,0.4728682170542636,0.015503875968992248,0.47674418604651164,0.03488372093023256,-0.01937984496124031
TinyGRU,seed,41,onset_distance,1,seen/20,258,0.0,0.15438912651550704,0.4689922480620155,0.007751937984496124,0.5038759689922481,0.01937984496124031,-0.011627906976744186
TinyGRU,seed,59,onset_distance,1,seen/20,258,0.0,0.10683446351143715,0.4496124031007752,0.023255813953488372,0.5,0.027131782945736434,-0.003875968992248062
TinyGRU,seed,71,onset_distance,1,seen/20,258,0.0,0.13004017270909757,0.4573643410852713,0.01937984496124031,0.4883720930232558,0.03488372093023256,-0.015503875968992248
TinyGRU,seed,83,onset_distance,1,seen/20,258,0.0,0.08853184581299656,0.47674418604651164,0.007751937984496124,0.5,0.015503875968992248,-0.007751937984496124
TinyGRU,seed,97,onset_distance,1,seen/20,258,0.0,0.0770385651531981,0.4728682170542636,0.015503875968992248,0.49612403100775193,0.015503875968992248,0.0
TinyGRU,aggregate,aggregate,onset_distance,1,seen/20,258,0.0,0.11136683474044728,0.46511627906976744,0.014728682170542639,0.49767441860465117,0.02248062015503876,-0.0077519379844961205
MarbleNet,reference,reference,onset_distance,2-4,seen/20,774,0.0,-0.06796107918416597,0.5426356589147288,0.016795865633074936,0.4289405684754522,0.011627906976744186,0.00516795865633075
TinyGRU,seed,41,onset_distance,2-4,seen/20,774,0.0,0.16241301795608204,0.4728682170542636,0.01808785529715762,0.4909560723514212,0.01808785529715762,0.0
TinyGRU,seed,59,onset_distance,2-4,seen/20,774,0.0,0.10781393097595537,0.4599483204134367,0.02454780361757106,0.49612403100775193,0.01937984496124031,0.0051679586563307504
TinyGRU,seed,71,onset_distance,2-4,seen/20,774,0.0,0.1351363490824921,0.46511627906976744,0.01937984496124031,0.4896640826873385,0.025839793281653745,-0.0064599483204134354
TinyGRU,seed,83,onset_distance,2-4,seen/20,774,0.0,0.09072827940181186,0.5,0.007751937984496124,0.4844961240310077,0.007751937984496124,0.0
TinyGRU,seed,97,onset_distance,2-4,seen/20,774,0.0,0.0780538179877786,0.4883720930232558,0.01808785529715762,0.479328165374677,0.014211886304909561,0.0038759689922480602
TinyGRU,aggregate,aggregate,onset_distance,2-4,seen/20,774,0.0,0.114829079080824,0.47726098191214467,0.01757105943152455,0.4881136950904393,0.017054263565891473,0.0005167958656330761
MarbleNet,reference,reference,onset_distance,5-10,seen/20,1548,0.0,-0.010128851398065476,0.874031007751938,0.0071059431524547806,0.1078811369509044,0.010981912144702842,-0.003875968992248062
TinyGRU,seed,41,onset_distance,5-10,seen/20,1548,0.0,0.08712763161713945,0.7622739018087855,0.04844961240310078,0.18281653746770027,0.006459948320413436,0.04198966408268734
TinyGRU,seed,59,onset_distance,5-10,seen/20,1548,0.0,0.05084987748023636,0.7583979328165374,0.03488372093023256,0.19767441860465115,0.00904392764857881,0.02583979328165375
TinyGRU,seed,71,onset_distance,5-10,seen/20,1548,0.0,0.0676899194088735,0.7622739018087855,0.03940568475452196,0.1937984496124031,0.004521963824289405,0.03488372093023256
TinyGRU,seed,83,onset_distance,5-10,seen/20,1548,0.0,0.038961095076758476,0.7822997416020672,0.023901808785529714,0.187984496124031,0.005813953488372093,0.01808785529715762
TinyGRU,seed,97,onset_distance,5-10,seen/20,1548,0.0,0.038253541505308936,0.7790697674418605,0.029069767441860465,0.1866925064599483,0.00516795865633075,0.023901808785529714
TinyGRU,aggregate,aggregate,onset_distance,5-10,seen/20,1548,0.0,0.05657641301766335,0.7688630490956071,0.0351421188630491,0.18979328165374673,0.0062015503875969,0.0289405684754522
MarbleNet,reference,reference,onset_distance,11-25,seen/20,3813,0.24940991345397326,0.012654151879470901,0.940729084710202,0.011277209546289012,0.04589562024652505,0.002098085496984002,0.00917912404930501
TinyGRU,seed,41,onset_distance,11-25,seen/20,3813,0.24940991345397326,-0.00014187993823129184,0.9013899816417519,0.015473380540257016,0.06608969315499606,0.017046944662995018,-0.0015735641227380016
TinyGRU,seed,59,onset_distance,11-25,seen/20,3813,0.24940991345397326,-0.0024959801580544966,0.9040125885129819,0.00996590611067401,0.06976134277471807,0.016260162601626018,-0.006294256490952008
TinyGRU,seed,71,onset_distance,11-25,seen/20,3813,0.24940991345397326,-0.007349734658241286,0.8953579858379229,0.015473380540257016,0.07815368476265408,0.011014948859166011,0.004458431681091005
TinyGRU,seed,83,onset_distance,11-25,seen/20,3813,0.24940991345397326,-0.004941721327129316,0.9032258064516129,0.00917912404930501,0.07579333857854707,0.011801730920535013,-0.0026226068712300026
TinyGRU,seed,97,onset_distance,11-25,seen/20,3813,0.24940991345397326,-0.0038744440312265494,0.9087332808811959,0.00865460267505901,0.07448203514293207,0.008130081300813009,0.0005245213742460005
TinyGRU,aggregate,aggregate,onset_distance,11-25,seen/20,3813,0.24940991345397326,-0.003760752022576589,0.9025439286650931,0.011749278783110413,0.07285601888276948,0.012850773669027014,-0.0011014948859166002
MarbleNet,reference,reference,onset_distance,26-50,seen/20,5919,1.1709748268288562,0.004350105472159957,0.9628315593850312,0.00456158134820071,0.02939685757729346,0.0032100016894745734,0.0013515796587261362
TinyGRU,seed,41,onset_distance,26-50,seen/20,5919,1.1709748268288562,-0.001168444546724528,0.9359689136678493,0.014022638959283663,0.03733738807230951,0.012671059300557527,0.0013515796587261365
TinyGRU,seed,59,onset_distance,26-50,seen/20,5919,1.1709748268288562,0.0010119501271316064,0.9336036492650786,0.014529481331305964,0.040716337219124855,0.011150532184490624,0.0033789491468153403
TinyGRU,seed,71,onset_distance,26-50,seen/20,5919,1.1709748268288562,-0.006743534726357494,0.9346173340091232,0.010981584727149857,0.04240581179253252,0.011995269471194458,-0.001013684744044601
TinyGRU,seed,83,onset_distance,26-50,seen/20,5919,1.1709748268288562,-0.002956337626610967,0.9329278594357155,0.009461057611082953,0.048656867714140906,0.008954215239060653,0.0005068423720223005
TinyGRU,seed,97,onset_distance,26-50,seen/20,5919,1.1709748268288562,-0.0037455781996978653,0.9410373373880723,0.00844737286703835,0.04122317959114715,0.009292110153742187,-0.0008447372867038359
TinyGRU,aggregate,aggregate,onset_distance,26-50,seen/20,5919,1.1709748268288562,-0.002720388994451849,0.9356310187531678,0.011488427099172157,0.04206791687785099,0.01081263726980909,0.0006757898293630674
MarbleNet,reference,reference,onset_distance,>50,seen/20,16263,37.206357990530655,0.0027242478200234102,0.9708540859619996,0.002644038615261637,0.023304433376375822,0.0031974420463629096,-0.0005534034311012728
TinyGRU,seed,41,onset_distance,>50,seen/20,16263,37.206357990530655,0.010117601399892992,0.9603394207710755,0.01045317592080182,0.024472729508700733,0.004734673799422001,0.00571850212137982
TinyGRU,seed,59,onset_distance,>50,seen/20,16263,37.206357990530655,0.01019743488171232,0.9615692061735227,0.008178072926274364,0.025764004181270367,0.0044887167189325465,0.0036893562073418177
TinyGRU,seed,71,onset_distance,>50,seen/20,16263,37.206357990530655,0.012774469596536287,0.961261759822911,0.011314025702514911,0.021521244542827278,0.00590296993174691,0.005411055770768001
TinyGRU,seed,83,onset_distance,>50,seen/20,16263,37.206357990530655,0.0036660783532728347,0.9637828198979278,0.0031974420463629096,0.02871548914714382,0.004304248908565456,-0.001106806862202546
TinyGRU,seed,97,onset_distance,>50,seen/20,16263,37.206357990530655,0.00694208835152244,0.9653815409211093,0.006825308983582365,0.023796347537354733,0.003996802557953637,0.002828506425628728
TinyGRU,aggregate,aggregate,onset_distance,>50,seen/20,16263,37.206357990530655,0.008739534516587375,0.9624669495173093,0.007993605115907274,0.024853962983459387,0.00468548238332411,0.0033081227325831644
MarbleNet,reference,reference,onset_distance,0,unseen/-5,64,0.0,0.15094716985422857,0.296875,0.015625,0.671875,0.015625,0.0
TinyGRU,seed,41,onset_distance,0,unseen/-5,64,0.0,0.023610148299679647,0.453125,0.015625,0.515625,0.015625,0.0
TinyGRU,seed,59,onset_distance,0,unseen/-5,64,0.0,0.024019860084353695,0.40625,0.015625,0.53125,0.046875,-0.03125
TinyGRU,seed,71,onset_distance,0,unseen/-5,64,0.0,0.09629766675394033,0.375,0.109375,0.484375,0.03125,0.078125
TinyGRU,seed,83,onset_distance,0,unseen/-5,64,0.0,-0.1927177020725419,0.4375,0.015625,0.484375,0.0625,-0.046875
TinyGRU,seed,97,onset_distance,0,unseen/-5,64,0.0,-0.08532779213765854,0.40625,0.0,0.546875,0.046875,-0.046875
TinyGRU,aggregate,aggregate,onset_distance,0,unseen/-5,64,0.0,-0.026823563814445346,0.415625,0.03125,0.5125,0.040625,-0.009375000000000001
MarbleNet,reference,reference,onset_distance,1,unseen/-5,128,0.0,0.06144015991708025,0.484375,0.015625,0.4921875,0.0078125,0.0078125
TinyGRU,seed,41,onset_distance,1,unseen/-5,128,0.0,0.029129748404642233,0.4609375,0.03125,0.484375,0.0234375,0.0078125
TinyGRU,seed,59,onset_distance,1,unseen/-5,128,0.0,0.035881956981618966,0.453125,0.03125,0.46875,0.046875,-0.015625
TinyGRU,seed,71,onset_distance,1,unseen/-5,128,0.0,0.04251537926979768,0.4375,0.0390625,0.4765625,0.046875,-0.0078125
TinyGRU,seed,83,onset_distance,1,unseen/-5,128,0.0,-0.04871899252958879,0.453125,0.0390625,0.46875,0.0390625,0.0
TinyGRU,seed,97,onset_distance,1,unseen/-5,128,0.0,0.0023983054290911644,0.4609375,0.046875,0.4609375,0.03125,0.015625
TinyGRU,aggregate,aggregate,onset_distance,1,unseen/-5,128,0.0,0.012241279511112244,0.453125,0.037500000000000006,0.471875,0.037500000000000006,0.0
MarbleNet,reference,reference,onset_distance,2-4,unseen/-5,384,0.0,0.055290748535739655,0.484375,0.0390625,0.4635416666666667,0.013020833333333334,0.026041666666666668
TinyGRU,seed,41,onset_distance,2-4,unseen/-5,384,0.0,0.02285665156720307,0.4713541666666667,0.052083333333333336,0.4453125,0.03125,0.020833333333333336
TinyGRU,seed,59,onset_distance,2-4,unseen/-5,384,0.0,0.02126440223176015,0.4609375,0.033854166666666664,0.453125,0.052083333333333336,-0.01822916666666667
TinyGRU,seed,71,onset_distance,2-4,unseen/-5,384,0.0,0.03287066135251083,0.4583333333333333,0.0546875,0.4375,0.049479166666666664,0.005208333333333336
TinyGRU,seed,83,onset_distance,2-4,unseen/-5,384,0.0,-0.05738801704321281,0.46875,0.0390625,0.4401041666666667,0.052083333333333336,-0.013020833333333336
TinyGRU,seed,97,onset_distance,2-4,unseen/-5,384,0.0,-0.009400753232254241,0.453125,0.044270833333333336,0.4427083333333333,0.059895833333333336,-0.015625
TinyGRU,aggregate,aggregate,onset_distance,2-4,unseen/-5,384,0.0,0.0020405889752014004,0.46249999999999997,0.04479166666666667,0.44375000000000003,0.048958333333333326,-0.004166666666666659
MarbleNet,reference,reference,onset_distance,5-10,unseen/-5,768,0.0,0.04035726281527557,0.63671875,0.026041666666666668,0.3216145833333333,0.015625,0.010416666666666666
TinyGRU,seed,41,onset_distance,5-10,unseen/-5,768,0.0,0.019679076971188304,0.5911458333333334,0.022135416666666668,0.3606770833333333,0.026041666666666668,-0.00390625
TinyGRU,seed,59,onset_distance,5-10,unseen/-5,768,0.0,0.0002895510535107851,0.5924479166666666,0.040364583333333336,0.3098958333333333,0.057291666666666664,-0.01692708333333333
TinyGRU,seed,71,onset_distance,5-10,unseen/-5,768,0.0,0.01674770089097125,0.5729166666666666,0.06901041666666667,0.3059895833333333,0.052083333333333336,0.016927083333333336
TinyGRU,seed,83,onset_distance,5-10,unseen/-5,768,0.0,-0.05371375655740802,0.58984375,0.01171875,0.3697916666666667,0.028645833333333332,-0.016927083333333332
TinyGRU,seed,97,onset_distance,5-10,unseen/-5,768,0.0,-0.010105854942837176,0.6106770833333334,0.022135416666666668,0.328125,0.0390625,-0.016927083333333332
TinyGRU,aggregate,aggregate,onset_distance,5-10,unseen/-5,768,0.0,-0.005420656516914972,0.59140625,0.03307291666666667,0.33489583333333334,0.040625,-0.007552083333333334
MarbleNet,reference,reference,onset_distance,11-25,unseen/-5,1907,0.06187729417933928,0.011981555825617865,0.7157839538542213,0.029889879391714735,0.22968012585212375,0.02464604090194022,0.005243838489774515
TinyGRU,seed,41,onset_distance,11-25,unseen/-5,1907,0.06187729417933928,0.015822060950162205,0.6874672260094389,0.029365495542737284,0.26900891452543263,0.01415836392239119,0.015207131620346094
TinyGRU,seed,59,onset_distance,11-25,unseen/-5,1907,0.06187729417933928,0.011461907423353172,0.6963817514420556,0.05925537493445202,0.20241216570529627,0.04195070791819612,0.017304667016255902
TinyGRU,seed,71,onset_distance,11-25,unseen/-5,1907,0.06187729417933928,0.007236967601545186,0.7126376507603566,0.04929208180388044,0.2045097011012061,0.033560566334556896,0.015731515469323547
TinyGRU,seed,83,onset_distance,11-25,unseen/-5,1907,0.06187729417933928,-0.03594001496731818,0.686418458311484,0.02779234399580493,0.2663869952805454,0.019402202412165705,0.008390141583639224
TinyGRU,seed,97,onset_distance,11-25,unseen/-5,1907,0.06187729417933928,0.004036414674039404,0.702674357629785,0.043523859465128475,0.21394861038280022,0.03985317252228631,0.003670686942842165
TinyGRU,aggregate,aggregate,onset_distance,11-25,unseen/-5,1907,0.06187729417933928,0.0005234671363563575,0.6971158888306239,0.04184583114840063,0.2312532773990561,0.029785002621919243,0.012060828526481389
MarbleNet,reference,reference,onset_distance,26-50,unseen/-5,2993,0.6999665887069829,0.031222342902333552,0.7256932843301036,0.04042766455061811,0.2061476779151353,0.027731373204143,0.01269629134647511
TinyGRU,seed,41,onset_distance,26-50,unseen/-5,2993,0.6999665887069829,0.06365527663676351,0.689943200801871,0.03374540594721016,0.2672903441363181,0.009021049114600735,0.024724356832609422
TinyGRU,seed,59,onset_distance,26-50,unseen/-5,2993,0.6999665887069829,0.07303227310411195,0.6879385232208487,0.11426662211827597,0.1787504176411627,0.019044437019712663,0.09522218509856331
TinyGRU,seed,71,onset_distance,26-50,unseen/-5,2993,0.6999665887069829,0.06097210275001471,0.7300367524223187,0.04644169729368527,0.20147009689274975,0.022051453391246242,0.024390243902439025
TinyGRU,seed,83,onset_distance,26-50,unseen/-5,2993,0.6999665887069829,-0.03131684895157958,0.6909455395923823,0.034747744737721346,0.2515870364183094,0.022719679251587035,0.012028065486134311
TinyGRU,seed,97,onset_distance,26-50,unseen/-5,2993,0.6999665887069829,0.030791803175641386,0.7246909455395923,0.06448379552288673,0.1951219512195122,0.015703307718008687,0.048780487804878044
TinyGRU,aggregate,aggregate,onset_distance,26-50,unseen/-5,2993,0.6999665887069829,0.0394269213429904,0.7047109923154027,0.0587370531239559,0.21884396926161043,0.017707985299031077,0.041029067824924825
MarbleNet,reference,reference,onset_distance,>50,unseen/-5,9172,19.4917139119058,0.06689129080573587,0.7955734845180985,0.05058874836458788,0.1411905800261666,0.01264718709114697,0.03794156127344091
TinyGRU,seed,41,onset_distance,>50,unseen/-5,9172,19.4917139119058,0.0857559576141377,0.6749890972525077,0.04328390754470127,0.2754034016572176,0.006323593545573485,0.03696031399912778
TinyGRU,seed,59,onset_distance,>50,unseen/-5,9172,19.4917139119058,0.11396895028130455,0.6878543392935019,0.10706498037505452,0.18850850414304404,0.016572176188399478,0.09049280418665503
TinyGRU,seed,71,onset_distance,>50,unseen/-5,9172,19.4917139119058,0.0720115989185223,0.6973397296118622,0.07261229829917139,0.21554731792411688,0.014500654164849542,0.05811164413432185
TinyGRU,seed,83,onset_distance,>50,unseen/-5,9172,19.4917139119058,-0.030447923642380977,0.6790231138246838,0.02540340165721762,0.2628652420409943,0.03270824247710423,-0.00730484081988661
TinyGRU,seed,97,onset_distance,>50,unseen/-5,9172,19.4917139119058,0.05473790145203546,0.701155691234191,0.05680331443523768,0.22426951591801134,0.017771478412559966,0.039031836022677714
TinyGRU,aggregate,aggregate,onset_distance,>50,unseen/-5,9172,19.4917139119058,0.059205296924723795,0.6880723942433493,0.06103358046227649,0.23331879633667685,0.01757522895769734,0.04345835150457915
MarbleNet,reference,reference,onset_distance,0,unseen/0,54,0.0,-0.06087028726434882,0.37037037037037035,0.0,0.6296296296296297,0.0,0.0
TinyGRU,seed,41,onset_distance,0,unseen/0,54,0.0,0.027379883823351246,0.5370370370370371,0.05555555555555555,0.37037037037037035,0.037037037037037035,0.018518518518518517
TinyGRU,seed,59,onset_distance,0,unseen/0,54,0.0,0.028467139525472578,0.5370370370370371,0.018518518518518517,0.3888888888888889,0.05555555555555555,-0.037037037037037035
TinyGRU,seed,71,onset_distance,0,unseen/0,54,0.0,0.09968555597910604,0.5185185185185185,0.037037037037037035,0.42592592592592593,0.018518518518518517,0.018518518518518517
TinyGRU,seed,83,onset_distance,0,unseen/0,54,0.0,-0.02850471897444647,0.5555555555555556,0.0,0.4074074074074074,0.037037037037037035,-0.037037037037037035
TinyGRU,seed,97,onset_distance,0,unseen/0,54,0.0,0.021543002693592387,0.5740740740740741,0.018518518518518517,0.35185185185185186,0.05555555555555555,-0.037037037037037035
TinyGRU,aggregate,aggregate,onset_distance,0,unseen/0,54,0.0,0.029714172609415158,0.5444444444444444,0.025925925925925925,0.38888888888888895,0.040740740740740744,-0.014814814814814819
MarbleNet,reference,reference,onset_distance,1,unseen/0,108,0.0,0.029725414519905718,0.4814814814814815,0.027777777777777776,0.48148148148148145,0.009259259259259259,0.018518518518518517
TinyGRU,seed,41,onset_distance,1,unseen/0,108,0.0,0.016044115214190465,0.4444444444444444,0.05555555555555555,0.46296296296296297,0.037037037037037035,0.018518518518518517
TinyGRU,seed,59,onset_distance,1,unseen/0,108,0.0,0.02088137848085335,0.46296296296296297,0.046296296296296294,0.46296296296296297,0.027777777777777776,0.018518518518518517
TinyGRU,seed,71,onset_distance,1,unseen/0,108,0.0,0.0151200146492879,0.4537037037037037,0.037037037037037035,0.4722222222222222,0.037037037037037035,0.0
TinyGRU,seed,83,onset_distance,1,unseen/0,108,0.0,-0.005966748786552425,0.4722222222222222,0.027777777777777776,0.4722222222222222,0.027777777777777776,0.0
TinyGRU,seed,97,onset_distance,1,unseen/0,108,0.0,0.009257992392934582,0.4351851851851852,0.05555555555555555,0.4537037037037037,0.05555555555555555,0.0
TinyGRU,aggregate,aggregate,onset_distance,1,unseen/0,108,0.0,0.01106735039014278,0.4537037037037037,0.04444444444444445,0.46481481481481485,0.037037037037037035,0.007407407407407418
MarbleNet,reference,reference,onset_distance,2-4,unseen/0,324,0.0,0.05926263284159361,0.46913580246913583,0.015432098765432098,0.5030864197530864,0.012345679012345678,0.0030864197530864196
TinyGRU,seed,41,onset_distance,2-4,unseen/0,324,0.0,0.015587099583613836,0.4166666666666667,0.046296296296296294,0.4783950617283951,0.05864197530864197,-0.012345679012345678
TinyGRU,seed,59,onset_distance,2-4,unseen/0,324,0.0,0.018577280407605958,0.4351851851851852,0.05864197530864197,0.4722222222222222,0.033950617283950615,0.024691358024691357
TinyGRU,seed,71,onset_distance,2-4,unseen/0,324,0.0,0.01669403869897487,0.4104938271604938,0.05246913580246913,0.4691358024691358,0.06790123456790123,-0.015432098765432098
TinyGRU,seed,83,onset_distance,2-4,unseen/0,324,0.0,-0.009619459777955704,0.4537037037037037,0.043209876543209874,0.4783950617283951,0.024691358024691357,0.018518518518518517
TinyGRU,seed,97,onset_distance,2-4,unseen/0,324,0.0,0.008069071402339048,0.4166666666666667,0.046296296296296294,0.47530864197530864,0.06172839506172839,-0.015432098765432098
TinyGRU,aggregate,aggregate,onset_distance,2-4,unseen/0,324,0.0,0.009861606062915607,0.42654320987654315,0.04938271604938273,0.4746913580246913,0.04938271604938271,1.3877787807814457e-17
MarbleNet,reference,reference,onset_distance,5-10,unseen/0,648,0.0,0.08131146697789333,0.6188271604938272,0.021604938271604937,0.33487654320987653,0.024691358024691357,-0.0030864197530864196
TinyGRU,seed,41,onset_distance,5-10,unseen/0,648,0.0,-0.002352853202189904,0.5061728395061729,0.033950617283950615,0.3734567901234568,0.08641975308641975,-0.05246913580246913
TinyGRU,seed,59,onset_distance,5-10,unseen/0,648,0.0,0.00868230546395565,0.5370370370370371,0.029320987654320986,0.3533950617283951,0.08024691358024691,-0.05092592592592592
TinyGRU,seed,71,onset_distance,5-10,unseen/0,648,0.0,0.0024835852920718033,0.5262345679012346,0.047839506172839504,0.36419753086419754,0.06172839506172839,-0.013888888888888888
TinyGRU,seed,83,onset_distance,5-10,unseen/0,648,0.0,-0.014642006741845789,0.5478395061728395,0.020061728395061727,0.39197530864197533,0.040123456790123455,-0.020061728395061727
TinyGRU,seed,97,onset_distance,5-10,unseen/0,648,0.0,-0.0024040763160970663,0.5370370370370371,0.046296296296296294,0.38271604938271603,0.033950617283950615,0.012345679012345678
TinyGRU,aggregate,aggregate,onset_distance,5-10,unseen/0,648,0.0,-0.001646609100821064,0.5308641975308642,0.035493827160493825,0.3731481481481482,0.060493827160493834,-0.02500000000000001
MarbleNet,reference,reference,onset_distance,11-25,unseen/0,1607,0.1879278158058494,0.058994312723578225,0.7678904791537027,0.021157436216552583,0.19788425637834475,0.013067828251400125,0.008089607965152458
TinyGRU,seed,41,onset_distance,11-25,unseen/0,1607,0.1879278158058494,-0.0005587680577976098,0.7299315494710641,0.021157436216552583,0.2271313005600498,0.021779713752333542,-0.0006222775357809587
TinyGRU,seed,59,onset_distance,11-25,unseen/0,1607,0.1879278158058494,0.011057826681785652,0.7529558182949595,0.030491599253266957,0.19601742377100187,0.020535158680771624,0.009956440572495333
TinyGRU,seed,71,onset_distance,11-25,unseen/0,1607,0.1879278158058494,-0.005279298729484651,0.7485998755444928,0.024891101431238332,0.20659614187927816,0.019912881144990666,0.004978220286247666
TinyGRU,seed,83,onset_distance,11-25,unseen/0,1607,0.1879278158058494,-0.005433192516530682,0.7666459240821406,0.01431238332296204,0.2028624766645924,0.016179215930304917,-0.0018668326073428762
TinyGRU,seed,97,onset_distance,11-25,unseen/0,1607,0.1879278158058494,0.0035800213999634244,0.7510889856876167,0.0224019912881145,0.2165525824517735,0.009956440572495333,0.012445550715619168
TinyGRU,aggregate,aggregate,onset_distance,11-25,unseen/0,1607,0.1879278158058494,0.0006733177555872274,0.7498444306160548,0.022650902302426886,0.20983198506533912,0.017672682016179216,0.00497822028624767
MarbleNet,reference,reference,onset_distance,26-50,unseen/0,2490,1.800401606425703,0.03415622405955939,0.8598393574297188,0.020481927710843374,0.1140562248995984,0.005622489959839358,0.014859437751004016
TinyGRU,seed,41,onset_distance,26-50,unseen/0,2490,1.800401606425703,0.008764846136405543,0.8417670682730923,0.020883534136546186,0.12690763052208837,0.010441767068273093,0.010441767068273093
TinyGRU,seed,59,onset_distance,26-50,unseen/0,2490,1.800401606425703,0.012770667287251205,0.857429718875502,0.0285140562248996,0.11044176706827309,0.0036144578313253013,0.024899598393574297
TinyGRU,seed,71,onset_distance,26-50,unseen/0,2490,1.800401606425703,0.002835159328444492,0.8570281124497992,0.023694779116465864,0.1140562248995984,0.005220883534136547,0.018473895582329317
TinyGRU,seed,83,onset_distance,26-50,unseen/0,2490,1.800401606425703,0.0016968856485473681,0.846987951807229,0.01927710843373494,0.12690763052208837,0.006827309236947791,0.01244979919678715
TinyGRU,seed,97,onset_distance,26-50,unseen/0,2490,1.800401606425703,0.012005339234317184,0.8562248995983935,0.023293172690763052,0.11325301204819277,0.007228915662650603,0.01606425702811245
TinyGRU,aggregate,aggregate,onset_distance,26-50,unseen/0,2490,1.800401606425703,0.00761457952699316,0.8518875502008031,0.02313253012048193,0.11831325301204818,0.006666666666666667,0.01646586345381526
MarbleNet,reference,reference,onset_distance,>50,unseen/0,9124,27.3585050416484,0.035576811429932916,0.8798772468215694,0.029701885138097326,0.08340640070144674,0.0070144673388864535,0.022687417799210872
TinyGRU,seed,41,onset_distance,>50,unseen/0,9124,27.3585050416484,0.018627435605994766,0.8201446733888645,0.014686540990793511,0.1574967119684349,0.0076720736519070585,0.007014467338886453
TinyGRU,seed,59,onset_distance,>50,unseen/0,9124,27.3585050416484,0.014010926566086048,0.8309951775537046,0.026194651468654098,0.12538360368259535,0.017426567295046033,0.008768084173608064
TinyGRU,seed,71,onset_distance,>50,unseen/0,9124,27.3585050416484,0.0019840044450924813,0.8316527838667251,0.027948268303375712,0.12308198158702323,0.01731696624287593,0.010631302060499781
TinyGRU,seed,83,onset_distance,>50,unseen/0,9124,27.3585050416484,0.010151248399467657,0.8215694870670759,0.023345024112231477,0.146755808855765,0.008329679964927663,0.015015344147303813
TinyGRU,seed,97,onset_distance,>50,unseen/0,9124,27.3585050416484,0.03325465858597063,0.8449145111793073,0.030688294607628234,0.11058746163963173,0.013809732573432706,0.016878562034195528
TinyGRU,aggregate,aggregate,onset_distance,>50,unseen/0,9124,27.3585050416484,0.015605654720522317,0.8298553266111355,0.024572555896536605,0.13266111354669005,0.012911003945637878,0.011661551950898727
MarbleNet,reference,reference,onset_distance,0,unseen/5,64,0.0,0.10614074873113116,0.296875,0.046875,0.65625,0.0,0.046875
TinyGRU,seed,41,onset_distance,0,unseen/5,64,0.0,0.05289899568748632,0.359375,0.0,0.578125,0.0625,-0.0625
TinyGRU,seed,59,onset_distance,0,unseen/5,64,0.0,0.05749677856976572,0.4375,0.0,0.5625,0.0,0.0
TinyGRU,seed,71,onset_distance,0,unseen/5,64,0.0,-0.04038897823677593,0.359375,0.015625,0.625,0.0,0.015625
TinyGRU,seed,83,onset_distance,0,unseen/5,64,0.0,-0.09296896982000902,0.40625,0.0,0.5625,0.03125,-0.03125
TinyGRU,seed,97,onset_distance,0,unseen/5,64,0.0,0.025829673099470065,0.40625,0.0,0.578125,0.015625,-0.015625
TinyGRU,aggregate,aggregate,onset_distance,0,unseen/5,64,0.0,0.0005734998599874353,0.39375,0.003125,0.58125,0.021875000000000002,-0.018750000000000003
MarbleNet,reference,reference,onset_distance,1,unseen/5,128,0.0,0.054243933882491074,0.484375,0.015625,0.4609375,0.0390625,-0.0234375
TinyGRU,seed,41,onset_distance,1,unseen/5,128,0.0,0.038183869905234175,0.4609375,0.03125,0.4765625,0.03125,0.0
TinyGRU,seed,59,onset_distance,1,unseen/5,128,0.0,0.020372341772781487,0.4921875,0.0078125,0.4921875,0.0078125,0.0
TinyGRU,seed,71,onset_distance,1,unseen/5,128,0.0,-0.019964290264779704,0.4921875,0.015625,0.4765625,0.015625,0.0
TinyGRU,seed,83,onset_distance,1,unseen/5,128,0.0,-0.03156104620229374,0.484375,0.015625,0.5,0.0,0.015625
TinyGRU,seed,97,onset_distance,1,unseen/5,128,0.0,0.016385343737784518,0.484375,0.0234375,0.4921875,0.0,0.0234375
TinyGRU,aggregate,aggregate,onset_distance,1,unseen/5,128,0.0,0.004683243789745347,0.48281250000000003,0.018750000000000003,0.4875,0.0109375,0.007812500000000003
MarbleNet,reference,reference,onset_distance,2-4,unseen/5,384,0.0,0.04370403005410037,0.5078125000000001,0.0390625,0.4270833333333333,0.026041666666666668,0.013020833333333334
TinyGRU,seed,41,onset_distance,2-4,unseen/5,384,0.0,0.039536562086471695,0.4635416666666667,0.028645833333333332,0.4765625,0.03125,-0.002604166666666668
TinyGRU,seed,59,onset_distance,2-4,unseen/5,384,0.0,0.016396080954710093,0.4973958333333333,0.020833333333333332,0.4791666666666667,0.0026041666666666665,0.018229166666666664
TinyGRU,seed,71,onset_distance,2-4,unseen/5,384,0.0,-0.02223179035304491,0.484375,0.010416666666666666,0.4973958333333333,0.0078125,0.002604166666666666
TinyGRU,seed,83,onset_distance,2-4,unseen/5,384,0.0,-0.03403438077791499,0.5,0.0078125,0.484375,0.0078125,0.0
TinyGRU,seed,97,onset_distance,2-4,unseen/5,384,0.0,0.01102813146576468,0.4765625,0.0234375,0.4869791666666667,0.013020833333333334,0.010416666666666666
TinyGRU,aggregate,aggregate,onset_distance,2-4,unseen/5,384,0.0,0.0021389206751973194,0.484375,0.018229166666666668,0.48489583333333336,0.012500000000000002,0.005729166666666665
MarbleNet,reference,reference,onset_distance,5-10,unseen/5,768,0.0,0.06869704106795652,0.6067708333333334,0.061197916666666664,0.30859375,0.0234375,0.037760416666666664
TinyGRU,seed,41,onset_distance,5-10,unseen/5,768,0.0,0.0025620646452984217,0.5546875,0.032552083333333336,0.4036458333333333,0.009114583333333334,0.0234375
TinyGRU,seed,59,onset_distance,5-10,unseen/5,768,0.0,-0.03448626061022385,0.5794270833333334,0.041666666666666664,0.3658854166666667,0.013020833333333334,0.02864583333333333
TinyGRU,seed,71,onset_distance,5-10,unseen/5,768,0.0,-0.09282852154722343,0.5481770833333334,0.026041666666666668,0.3893229166666667,0.036458333333333336,-0.010416666666666668
TinyGRU,seed,83,onset_distance,5-10,unseen/5,768,0.0,-0.05748607496576676,0.57421875,0.01171875,0.4049479166666667,0.009114583333333334,0.002604166666666666
TinyGRU,seed,97,onset_distance,5-10,unseen/5,768,0.0,-0.01612891055016802,0.59765625,0.03125,0.34375,0.02734375,0.00390625
TinyGRU,aggregate,aggregate,onset_distance,5-10,unseen/5,768,0.0,-0.039673540605616724,0.5708333333333334,0.028645833333333332,0.3815104166666667,0.01901041666666667,0.009635416666666664
MarbleNet,reference,reference,onset_distance,11-25,unseen/5,1909,0.060240963855421686,0.08118496347040023,0.6736511262441068,0.05814562598218963,0.25458355159769513,0.013619696176008382,0.044525929806181246
TinyGRU,seed,41,onset_distance,11-25,unseen/5,1909,0.060240963855421686,0.02351194921359755,0.6259821896280775,0.026191723415400735,0.34520691461498165,0.0026191723415400735,0.02357255107386066
TinyGRU,seed,59,onset_distance,11-25,unseen/5,1909,0.060240963855421686,-0.017632252762470976,0.6301728653745416,0.05395495023572551,0.29229963331587216,0.02357255107386066,0.03038239916186485
TinyGRU,seed,71,onset_distance,11-25,unseen/5,1909,0.060240963855421686,-0.09673817429251833,0.6584599266631744,0.01571503404924044,0.2603457307490833,0.06547930853850184,-0.0497642744892614
TinyGRU,seed,83,onset_distance,11-25,unseen/5,1909,0.060240963855421686,-0.04834779320962646,0.641697223677318,0.014143530644316397,0.32949188056574125,0.014667365112624411,-0.0005238344683080147
TinyGRU,seed,97,onset_distance,11-25,unseen/5,1909,0.060240963855421686,0.008195653113231541,0.6820324777370351,0.05657412257726559,0.250392875851231,0.011000523834468309,0.045573598742797275
TinyGRU,aggregate,aggregate,onset_distance,11-25,unseen/5,1909,0.060240963855421686,-0.026202123587557333,0.6476689366160293,0.033315872184389736,0.2955474070193818,0.023467784180199056,0.00984808800419068
MarbleNet,reference,reference,onset_distance,26-50,unseen/5,2855,1.0560420315236427,0.05612452863633572,0.7506129597197898,0.057092819614711035,0.18598949211908933,0.006304728546409807,0.050788091068301226
TinyGRU,seed,41,onset_distance,26-50,unseen/5,2855,1.0560420315236427,0.0685468997013074,0.6500875656742557,0.02626970227670753,0.31943957968476355,0.004203152364273205,0.022066549912434327
TinyGRU,seed,59,onset_distance,26-50,unseen/5,2855,1.0560420315236427,0.01839857511400728,0.6739054290718038,0.0542907180385289,0.25709281961471103,0.014711033274956218,0.03957968476357268
TinyGRU,seed,71,onset_distance,26-50,unseen/5,2855,1.0560420315236427,-0.06027828101722967,0.6833625218914186,0.015061295971978984,0.24763572679509632,0.05394045534150613,-0.03887915936952714
TinyGRU,seed,83,onset_distance,26-50,unseen/5,2855,1.0560420315236427,-0.033302863425820735,0.67215411558669,0.005954465849387041,0.3138353765323993,0.008056042031523642,-0.0021015761821366018
TinyGRU,seed,97,onset_distance,26-50,unseen/5,2855,1.0560420315236427,0.04910487803944713,0.7180385288966725,0.050437828371278456,0.22486865148861646,0.006654991243432574,0.043782837127845885
TinyGRU,aggregate,aggregate,onset_distance,26-50,unseen/5,2855,1.0560420315236427,0.008493841682342285,0.6795096322241682,0.030402802101576185,0.27257443082311733,0.017513134851138354,0.01288966725043783
MarbleNet,reference,reference,onset_distance,>50,unseen/5,8715,21.39793459552496,0.033969352938633283,0.8716006884681583,0.036374067699368906,0.08479632816982215,0.007228915662650603,0.029145152036718303
TinyGRU,seed,41,onset_distance,>50,unseen/5,8715,21.39793459552496,0.05894403032989636,0.7736087205966724,0.00963855421686747,0.2119334480780264,0.004819277108433735,0.004819277108433735
TinyGRU,seed,59,onset_distance,>50,unseen/5,8715,21.39793459552496,0.04170907016231079,0.7823293172690763,0.04096385542168675,0.1710843373493976,0.005622489959839358,0.03534136546184739
TinyGRU,seed,71,onset_distance,>50,unseen/5,8715,21.39793459552496,0.0016708205895228385,0.7871485943775101,0.014572576018359151,0.18588640275387264,0.012392426850258176,0.002180149168100975
TinyGRU,seed,83,onset_distance,>50,unseen/5,8715,21.39793459552496,-0.013807348782286035,0.7901319563970166,0.004130808950086058,0.19667240390131957,0.009064830751577739,-0.0049340218014916806
TinyGRU,seed,97,onset_distance,>50,unseen/5,8715,21.39793459552496,0.03695173037505243,0.8064257028112449,0.036947791164658635,0.14962707974756168,0.0069994262765347105,0.029948364888123923
TinyGRU,aggregate,aggregate,onset_distance,>50,unseen/5,8715,21.39793459552496,0.025093660534899278,0.7879288582903041,0.021250717154331616,0.18304073436603555,0.007779690189328745,0.01347102696500287
MarbleNet,reference,reference,onset_distance,0,unseen/10,21,0.0,-0.10858539114189425,0.23809523809523814,0.0,0.7619047619047619,0.0,0.0
TinyGRU,seed,41,onset_distance,0,unseen/10,21,0.0,0.035939838844057936,0.38095238095238093,0.0,0.6190476190476191,0.0,0.0
TinyGRU,seed,59,onset_distance,0,unseen/10,21,0.0,0.09074827061046867,0.38095238095238093,0.09523809523809523,0.5238095238095238,0.0,0.09523809523809523
TinyGRU,seed,71,onset_distance,0,unseen/10,21,0.0,0.30904253846408797,0.38095238095238093,0.09523809523809523,0.47619047619047616,0.047619047619047616,0.047619047619047616
TinyGRU,seed,83,onset_distance,0,unseen/10,21,0.0,0.0035305201638891376,0.3333333333333333,0.0,0.6666666666666666,0.0,0.0
TinyGRU,seed,97,onset_distance,0,unseen/10,21,0.0,0.11110012574985709,0.38095238095238093,0.09523809523809523,0.5238095238095238,0.0,0.09523809523809523
TinyGRU,aggregate,aggregate,onset_distance,0,unseen/10,21,0.0,0.11007225876647214,0.37142857142857144,0.05714285714285714,0.5619047619047619,0.009523809523809525,0.047619047619047616
MarbleNet,reference,reference,onset_distance,1,unseen/10,42,0.0,-0.013094908910717771,0.5238095238095238,0.0,0.47619047619047616,0.0,0.0
TinyGRU,seed,41,onset_distance,1,unseen/10,42,0.0,0.01192252681075739,0.5,0.047619047619047616,0.4523809523809524,0.0,0.047619047619047616
TinyGRU,seed,59,onset_distance,1,unseen/10,42,0.0,0.018405998274372032,0.47619047619047616,0.047619047619047616,0.42857142857142855,0.047619047619047616,0.0
TinyGRU,seed,71,onset_distance,1,unseen/10,42,0.0,0.08568222063909335,0.42857142857142855,0.09523809523809523,0.42857142857142855,0.047619047619047616,0.047619047619047616
TinyGRU,seed,83,onset_distance,1,unseen/10,42,0.0,0.0007280715854761697,0.4523809523809524,0.0,0.5238095238095238,0.023809523809523808,-0.023809523809523808
TinyGRU,seed,97,onset_distance,1,unseen/10,42,0.0,0.024571698825731174,0.42857142857142855,0.07142857142857142,0.4523809523809524,0.047619047619047616,0.023809523809523808
TinyGRU,aggregate,aggregate,onset_distance,1,unseen/10,42,0.0,0.02826210322708602,0.45714285714285713,0.05238095238095238,0.45714285714285713,0.03333333333333334,0.019047619047619042
MarbleNet,reference,reference,onset_distance,2-4,unseen/10,126,0.0,-0.0021808202898329085,0.5238095238095238,0.031746031746031744,0.4444444444444444,0.0,0.031746031746031744
TinyGRU,seed,41,onset_distance,2-4,unseen/10,126,0.0,0.014289259944502896,0.46825396825396826,0.015873015873015872,0.47619047619047616,0.03968253968253968,-0.023809523809523808
TinyGRU,seed,59,onset_distance,2-4,unseen/10,126,0.0,0.021417893115791543,0.42063492063492064,0.047619047619047616,0.49206349206349204,0.03968253968253968,0.007936507936507936
TinyGRU,seed,71,onset_distance,2-4,unseen/10,126,0.0,0.07932048560171248,0.4523809523809524,0.07142857142857142,0.4444444444444444,0.031746031746031744,0.03968253968253968
TinyGRU,seed,83,onset_distance,2-4,unseen/10,126,0.0,-0.004002887166102654,0.4365079365079365,0.031746031746031744,0.5238095238095238,0.007936507936507936,0.023809523809523808
TinyGRU,seed,97,onset_distance,2-4,unseen/10,126,0.0,0.016019523812096596,0.4603174603174603,0.023809523809523808,0.49206349206349204,0.023809523809523808,0.0
TinyGRU,aggregate,aggregate,onset_distance,2-4,unseen/10,126,0.0,0.025408855061600163,0.4476190476190476,0.0380952380952381,0.4857142857142857,0.02857142857142857,0.009523809523809528
MarbleNet,reference,reference,onset_distance,5-10,unseen/10,252,0.0,0.00957817449922583,0.7380952380952381,0.01984126984126984,0.23809523809523808,0.003968253968253968,0.015873015873015872
TinyGRU,seed,41,onset_distance,5-10,unseen/10,252,0.0,0.013403404786607672,0.6547619047619048,0.01984126984126984,0.3134920634920635,0.011904761904761904,0.007936507936507936
TinyGRU,seed,59,onset_distance,5-10,unseen/10,252,0.0,0.006934132766599787,0.5912698412698413,0.04365079365079365,0.32936507936507936,0.03571428571428571,0.007936507936507936
TinyGRU,seed,71,onset_distance,5-10,unseen/10,252,0.0,0.03674717437503182,0.5595238095238095,0.05952380952380952,0.3412698412698413,0.03968253968253968,0.01984126984126984
TinyGRU,seed,83,onset_distance,5-10,unseen/10,252,0.0,-0.011571060426911766,0.6349206349206349,0.007936507936507936,0.32936507936507936,0.027777777777777776,-0.01984126984126984
TinyGRU,seed,97,onset_distance,5-10,unseen/10,252,0.0,0.008168248253505204,0.6428571428571429,0.027777777777777776,0.3134920634920635,0.015873015873015872,0.011904761904761904
TinyGRU,aggregate,aggregate,onset_distance,5-10,unseen/10,252,0.0,0.010736379950966546,0.6166666666666667,0.031746031746031744,0.3253968253968254,0.026190476190476188,0.005555555555555557
MarbleNet,reference,reference,onset_distance,11-25,unseen/10,625,0.184,0.017150880527759642,0.8848,0.0064,0.1024,0.0064,0.0
TinyGRU,seed,41,onset_distance,11-25,unseen/10,625,0.184,0.010618021462981608,0.8656,0.0224,0.112,0.0,0.0224
TinyGRU,seed,59,onset_distance,11-25,unseen/10,625,0.184,-0.003152767369310549,0.8656,0.024,0.1008,0.0096,0.014400000000000001
TinyGRU,seed,71,onset_distance,11-25,unseen/10,625,0.184,-0.025410341888264968,0.8224,0.016,0.1312,0.0304,-0.0144
TinyGRU,seed,83,onset_distance,11-25,unseen/10,625,0.184,0.0042856660615629765,0.8736,0.008,0.1152,0.0032,0.0048000000000000004
TinyGRU,seed,97,onset_distance,11-25,unseen/10,625,0.184,-0.006892453899774227,0.8752,0.0112,0.104,0.0096,0.0016000000000000007
TinyGRU,aggregate,aggregate,onset_distance,11-25,unseen/10,625,0.184,-0.004110375126561033,0.8604800000000001,0.016319999999999998,0.11264,0.010560000000000002,0.005759999999999996
MarbleNet,reference,reference,onset_distance,26-50,unseen/10,1014,0.5285996055226825,0.015722331778506533,0.9260355029585798,0.0039447731755424065,0.06903353057199212,0.0009861932938856016,0.0029585798816568047
TinyGRU,seed,41,onset_distance,26-50,unseen/10,1014,0.5285996055226825,-0.000560264171903731,0.8875739644970414,0.013806706114398421,0.09467455621301775,0.0039447731755424065,0.009861932938856014
TinyGRU,seed,59,onset_distance,26-50,unseen/10,1014,0.5285996055226825,-0.0030887060625811235,0.8727810650887574,0.004930966469428008,0.10256410256410256,0.01972386587771203,-0.014792899408284023
TinyGRU,seed,71,onset_distance,26-50,unseen/10,1014,0.5285996055226825,-0.009523754695135674,0.863905325443787,0.015779092702169626,0.08974358974358974,0.03057199211045365,-0.014792899408284023
TinyGRU,seed,83,onset_distance,26-50,unseen/10,1014,0.5285996055226825,0.013917530467294879,0.9013806706114399,0.013806706114398421,0.07297830374753451,0.011834319526627219,0.001972386587771203
TinyGRU,seed,97,onset_distance,26-50,unseen/10,1014,0.5285996055226825,0.007247360958925081,0.9161735700197239,0.009861932938856016,0.0670611439842209,0.006903353057199211,0.002958579881656805
TinyGRU,aggregate,aggregate,onset_distance,26-50,unseen/10,1014,0.5285996055226825,0.0015984332993198855,0.8883629191321498,0.0116370808678501,0.0854043392504931,0.014595660749506904,-0.0029585798816568042
MarbleNet,reference,reference,onset_distance,>50,unseen/10,4311,28.830665738807703,0.008479668620146909,0.9556947344003711,0.006031083275342148,0.033170958014381816,0.005103224309904894,0.0009278589654372535
TinyGRU,seed,41,onset_distance,>50,unseen/10,4311,28.830665738807703,0.029244878534219892,0.8524704244954767,0.011598237067965669,0.13221990257480862,0.003711435861749014,0.007886801206216654
TinyGRU,seed,59,onset_distance,>50,unseen/10,4311,28.830665738807703,0.03571773626473584,0.8886569241475296,0.026907909997680352,0.08002783576896312,0.004407330085826954,0.022500579911853398
TinyGRU,seed,71,onset_distance,>50,unseen/10,4311,28.830665738807703,0.02766317015599327,0.8884249594061703,0.025052192066805846,0.08002783576896312,0.006495012758060774,0.01855717930874507
TinyGRU,seed,83,onset_distance,>50,unseen/10,4311,28.830665738807703,0.035162977956992116,0.8814660171653909,0.021572720946416143,0.09626536766411506,0.0006958942240779402,0.020876826722338204
TinyGRU,seed,97,onset_distance,>50,unseen/10,4311,28.830665738807703,0.04347950133433017,0.8891208536302482,0.0398979355138019,0.06819763395963814,0.0027835768963117608,0.037114358617490135
TinyGRU,aggregate,aggregate,onset_distance,>50,unseen/10,4311,28.830665738807703,0.03425365284925425,0.880027835768963,0.02500579911853398,0.09134771514729761,0.0036186499652052888,0.02138714915332869
MarbleNet,reference,reference,onset_distance,0,unseen/15,71,0.0,-0.039029287716785085,0.43661971830985924,0.04225352112676056,0.5211267605633803,0.0,0.04225352112676056
TinyGRU,seed,41,onset_distance,0,unseen/15,71,0.0,0.2526209479427569,0.38028169014084506,0.056338028169014086,0.5492957746478874,0.014084507042253521,0.04225352112676056
TinyGRU,seed,59,onset_distance,0,unseen/15,71,0.0,0.21539140916342842,0.38028169014084506,0.04225352112676056,0.5774647887323944,0.0,0.04225352112676056
TinyGRU,seed,71,onset_distance,0,unseen/15,71,0.0,0.28627285742455527,0.38028169014084506,0.056338028169014086,0.5633802816901409,0.0,0.056338028169014086
TinyGRU,seed,83,onset_distance,0,unseen/15,71,0.0,0.13075126096840936,0.323943661971831,0.028169014084507043,0.647887323943662,0.0,0.028169014084507043
TinyGRU,seed,97,onset_distance,0,unseen/15,71,0.0,0.1705732256185023,0.38028169014084506,0.04225352112676056,0.5774647887323944,0.0,0.04225352112676056
TinyGRU,aggregate,aggregate,onset_distance,0,unseen/15,71,0.0,0.21112194022353042,0.36901408450704226,0.04507042253521127,0.5830985915492958,0.0028169014084507044,0.04225352112676056
MarbleNet,reference,reference,onset_distance,1,unseen/15,142,0.0,-0.02432160660191047,0.45774647887323944,0.02112676056338028,0.49295774647887325,0.028169014084507043,-0.007042253521126761
TinyGRU,seed,41,onset_distance,1,unseen/15,142,0.0,0.07555006706139847,0.4647887323943662,0.02112676056338028,0.49295774647887325,0.02112676056338028,0.0
TinyGRU,seed,59,onset_distance,1,unseen/15,142,0.0,0.05678471102230675,0.4647887323943662,0.014084507042253521,0.49295774647887325,0.028169014084507043,-0.014084507042253521
TinyGRU,seed,71,onset_distance,1,unseen/15,142,0.0,0.0718150505776237,0.4647887323943662,0.035211267605633804,0.4647887323943662,0.035211267605633804,0.0
TinyGRU,seed,83,onset_distance,1,unseen/15,142,0.0,0.03808958112973166,0.49295774647887325,0.014084507042253521,0.4859154929577465,0.007042253521126761,0.007042253521126761
TinyGRU,seed,97,onset_distance,1,unseen/15,142,0.0,0.04097837129806268,0.47183098591549294,0.02112676056338028,0.4859154929577465,0.02112676056338028,0.0
TinyGRU,aggregate,aggregate,onset_distance,1,unseen/15,142,0.0,0.056643556217824645,0.47183098591549294,0.021126760563380285,0.4845070422535211,0.02253521126760564,-0.0014084507042253537
MarbleNet,reference,reference,onset_distance,2-4,unseen/15,426,0.0,-0.017566964178331496,0.5234741784037559,0.018779342723004695,0.43427230046948356,0.023474178403755867,-0.004694835680751174
TinyGRU,seed,41,onset_distance,2-4,unseen/15,426,0.0,0.0728832665184201,0.5023474178403756,0.011737089201877934,0.4694835680751174,0.01643192488262911,-0.0046948356807511755
TinyGRU,seed,59,onset_distance,2-4,unseen/15,426,0.0,0.05283412053487147,0.48826291079812206,0.018779342723004695,0.47417840375586856,0.018779342723004695,0.0
TinyGRU,seed,71,onset_distance,2-4,unseen/15,426,0.0,0.06756921198638079,0.460093896713615,0.028169014084507043,0.4835680751173709,0.028169014084507043,0.0
TinyGRU,seed,83,onset_distance,2-4,unseen/15,426,0.0,0.03733788354076551,0.5070422535211268,0.01643192488262911,0.4765258215962441,0.0,0.01643192488262911
TinyGRU,seed,97,onset_distance,2-4,unseen/15,426,0.0,0.03424211868919823,0.4859154929577465,0.014084507042253521,0.4953051643192488,0.004694835680751174,0.009389671361502348
TinyGRU,aggregate,aggregate,onset_distance,2-4,unseen/15,426,0.0,0.052973320253927224,0.48873239436619714,0.01784037558685446,0.4798122065727699,0.013615023474178404,0.004225352112676056
MarbleNet,reference,reference,onset_distance,5-10,unseen/15,852,0.0,-0.0021833953708123586,0.7382629107981221,0.011737089201877934,0.2323943661971831,0.017605633802816902,-0.005868544600938967
TinyGRU,seed,41,onset_distance,5-10,unseen/15,852,0.0,0.045940908549819116,0.6643192488262911,0.03873239436619718,0.28169014084507044,0.015258215962441314,0.023474178403755867
TinyGRU,seed,59,onset_distance,5-10,unseen/15,852,0.0,0.031962915794245435,0.6607981220657277,0.03755868544600939,0.2887323943661972,0.012910798122065728,0.024647887323943664
TinyGRU,seed,71,onset_distance,5-10,unseen/15,852,0.0,0.03896349605354946,0.6866197183098591,0.04225352112676056,0.25,0.02112676056338028,0.02112676056338028
TinyGRU,seed,83,onset_distance,5-10,unseen/15,852,0.0,0.024097008858667838,0.710093896713615,0.01995305164319249,0.26173708920187794,0.008215962441314555,0.011737089201877934
TinyGRU,seed,97,onset_distance,5-10,unseen/15,852,0.0,0.01631219191839111,0.6607981220657277,0.025821596244131457,0.2863849765258216,0.02699530516431925,-0.001173708920187793
TinyGRU,aggregate,aggregate,onset_distance,5-10,unseen/15,852,0.0,0.031455304234934596,0.6765258215962442,0.03286384976525821,0.2737089201877934,0.016901408450704224,0.015962441314553988
MarbleNet,reference,reference,onset_distance,11-25,unseen/15,2101,0.24226558781532603,0.01306497280098288,0.8467396477867681,0.010471204188481676,0.13660161827701095,0.006187529747739172,0.004283674440742504
TinyGRU,seed,41,onset_distance,11-25,unseen/15,2101,0.24226558781532603,0.0035966392362188886,0.8086625416468348,0.013326987148976678,0.15659209900047596,0.021418372203712517,-0.008091385054735839
TinyGRU,seed,59,onset_distance,11-25,unseen/15,2101,0.24226558781532603,-0.005085456603679274,0.8262732032365541,0.01285102332222751,0.14850071394574013,0.012375059495478343,0.0004759638267491668
TinyGRU,seed,71,onset_distance,11-25,unseen/15,2101,0.24226558781532603,-0.008497971166782152,0.8153260352213232,0.013326987148976678,0.14850071394574013,0.02284626368396002,-0.00951927653498334
TinyGRU,seed,83,onset_distance,11-25,unseen/15,2101,0.24226558781532603,0.004729614502386436,0.851975249881009,0.008567348881485007,0.13326987148976677,0.006187529747739172,0.0023798191337458356
TinyGRU,seed,97,onset_distance,11-25,unseen/15,2101,0.24226558781532603,-0.003709912044046402,0.8286530223702998,0.013802950975725845,0.1475487862922418,0.009995240361732508,0.0038077106139933377
TinyGRU,aggregate,aggregate,onset_distance,11-25,unseen/15,2101,0.24226558781532603,-0.0017934172151805009,0.8261780104712042,0.012375059495478343,0.14688243693479297,0.014564493098524513,-0.0021894336030461696
MarbleNet,reference,reference,onset_distance,26-50,unseen/15,3157,2.3107380424453594,0.02059199935012165,0.9242952169781438,0.011086474501108648,0.062401013620525816,0.0022172949002217295,0.008869179600886918
TinyGRU,seed,41,onset_distance,26-50,unseen/15,3157,2.3107380424453594,0.014452897914645225,0.8821666138739309,0.016788089958821667,0.0912258473234083,0.009819448843839089,0.006968641114982578
TinyGRU,seed,59,onset_distance,26-50,unseen/15,3157,2.3107380424453594,0.00748036447992602,0.8770985112448527,0.016471333544504276,0.09661070636680393,0.009819448843839089,0.006651884700665188
TinyGRU,seed,71,onset_distance,26-50,unseen/15,3157,2.3107380424453594,0.005809290352111597,0.8907190370605005,0.014887551472917327,0.0788723471650301,0.015521064301552107,-0.0006335128286347799
TinyGRU,seed,83,onset_distance,26-50,unseen/15,3157,2.3107380424453594,0.005583282471221908,0.9030725372188787,0.008235666772252138,0.08457396262274311,0.004117833386126069,0.004117833386126069
TinyGRU,seed,97,onset_distance,26-50,unseen/15,3157,2.3107380424453594,0.005636682047109869,0.89198606271777,0.010769718086791258,0.08837503959455179,0.008869179600886918,0.0019005384859043396
TinyGRU,aggregate,aggregate,onset_distance,26-50,unseen/15,3157,2.3107380424453594,0.007792503453002923,0.8890085524231867,0.013430471967057335,0.08793158061450745,0.009629394995248654,0.003801076971808681
MarbleNet,reference,reference,onset_distance,>50,unseen/15,9378,50.2063339731286,0.008035214802995865,0.9611857538920878,0.0037321390488377054,0.031456600554489234,0.0036255065045851993,0.00010663254425250586
TinyGRU,seed,41,onset_distance,>50,unseen/15,9378,50.2063339731286,0.02197410195903787,0.9132011089784602,0.02292599701428876,0.05694177863083813,0.006931115376412882,0.01599488163787588
TinyGRU,seed,59,onset_distance,>50,unseen/15,9378,50.2063339731286,0.02011248898398774,0.9060567285135424,0.018980592876946045,0.06995094902964384,0.005011729579867776,0.01396886329707827
TinyGRU,seed,71,onset_distance,>50,unseen/15,9378,50.2063339731286,0.02155666364289572,0.9220516101514182,0.02495201535508637,0.04457240349754745,0.008423970995947964,0.016528044359138405
TinyGRU,seed,83,onset_distance,>50,unseen/15,9378,50.2063339731286,0.008043757217590907,0.9332480272979313,0.009063766261462998,0.052463211772232884,0.005224994668372787,0.003838771593090211
TinyGRU,seed,97,onset_distance,>50,unseen/15,9378,50.2063339731286,0.013278650741891983,0.9295158882490936,0.013755598208573257,0.0490509703561527,0.007677543186180422,0.006078055022392835
TinyGRU,aggregate,aggregate,onset_distance,>50,unseen/15,9378,50.2063339731286,0.016993132509080845,0.9208146726380891,0.01793559394327149,0.054595862657283,0.006653870761356367,0.011281723181915122
MarbleNet,reference,reference,onset_distance,0,unseen/20,37,0.0,-0.0282476031843487,0.3783783783783784,0.05405405405405406,0.5675675675675675,0.0,0.05405405405405406
TinyGRU,seed,41,onset_distance,0,unseen/20,37,0.0,0.3025292955462574,0.2702702702702703,0.02702702702702703,0.7027027027027027,0.0,0.02702702702702703
TinyGRU,seed,59,onset_distance,0,unseen/20,37,0.0,0.301887697642401,0.2702702702702703,0.05405405405405406,0.6756756756756757,0.0,0.05405405405405406
TinyGRU,seed,71,onset_distance,0,unseen/20,37,0.0,0.39901418696924057,0.32432432432432434,0.05405405405405406,0.6216216216216216,0.0,0.05405405405405406
TinyGRU,seed,83,onset_distance,0,unseen/20,37,0.0,0.19456703176604498,0.2972972972972973,0.0,0.7027027027027027,0.0,0.0
TinyGRU,seed,97,onset_distance,0,unseen/20,37,0.0,0.23338683361597745,0.2972972972972973,0.02702702702702703,0.6756756756756757,0.0,0.02702702702702703
TinyGRU,aggregate,aggregate,onset_distance,0,unseen/20,37,0.0,0.2862770091079843,0.29189189189189185,0.032432432432432434,0.6756756756756757,0.0,0.032432432432432434
MarbleNet,reference,reference,onset_distance,1,unseen/20,74,0.0,-0.06369000545583244,0.472972972972973,0.0,0.527027027027027,0.0,0.0
TinyGRU,seed,41,onset_distance,1,unseen/20,74,0.0,0.1027302860510321,0.44594594594594594,0.0,0.5135135135135135,0.04054054054054054,-0.04054054054054054
TinyGRU,seed,59,onset_distance,1,unseen/20,74,0.0,0.10873188142148933,0.4594594594594595,0.02702702702702703,0.4864864864864865,0.02702702702702703,0.0
TinyGRU,seed,71,onset_distance,1,unseen/20,74,0.0,0.1377174746887188,0.4189189189189189,0.04054054054054054,0.5,0.04054054054054054,0.0
TinyGRU,seed,83,onset_distance,1,unseen/20,74,0.0,0.06726734580861249,0.4864864864864865,0.013513513513513514,0.5,0.0,0.013513513513513514
TinyGRU,seed,97,onset_distance,1,unseen/20,74,0.0,0.07625650228705881,0.47297297297297297,0.013513513513513514,0.4864864864864865,0.02702702702702703,-0.013513513513513514
TinyGRU,aggregate,aggregate,onset_distance,1,unseen/20,74,0.0,0.09854069805138232,0.4567567567567567,0.01891891891891892,0.49729729729729727,0.027027027027027032,-0.008108108108108112
MarbleNet,reference,reference,onset_distance,2-4,unseen/20,222,0.0,-0.04199590164832817,0.5720720720720721,0.013513513513513514,0.3918918918918919,0.02252252252252252,-0.009009009009009009
TinyGRU,seed,41,onset_distance,2-4,unseen/20,222,0.0,0.10810199847865896,0.46846846846846846,0.02252252252252252,0.481981981981982,0.02702702702702703,-0.004504504504504507
TinyGRU,seed,59,onset_distance,2-4,unseen/20,222,0.0,0.10918157087284945,0.4774774774774775,0.036036036036036036,0.46396396396396394,0.02252252252252252,0.013513513513513514
TinyGRU,seed,71,onset_distance,2-4,unseen/20,222,0.0,0.13306279087083558,0.4594594594594595,0.036036036036036036,0.4594594594594595,0.04504504504504504,-0.009009009009009007
TinyGRU,seed,83,onset_distance,2-4,unseen/20,222,0.0,0.06823840983083308,0.5135135135135135,0.018018018018018018,0.46396396396396394,0.0045045045045045045,0.013513513513513514
TinyGRU,seed,97,onset_distance,2-4,unseen/20,222,0.0,0.07398563226087132,0.5,0.02252252252252252,0.44594594594594594,0.03153153153153153,-0.009009009009009007
TinyGRU,aggregate,aggregate,onset_distance,2-4,unseen/20,222,0.0,0.09851408046280968,0.4837837837837838,0.02702702702702703,0.463063063063063,0.02612612612612613,0.0009009009009008986
MarbleNet,reference,reference,onset_distance,5-10,unseen/20,444,0.0,0.001639615026424045,0.8536036036036037,0.006756756756756757,0.13513513513513514,0.0045045045045045045,0.0022522522522522522
TinyGRU,seed,41,onset_distance,5-10,unseen/20,444,0.0,0.09273120155559332,0.6779279279279279,0.06981981981981981,0.23648648648648649,0.015765765765765764,0.05405405405405405
TinyGRU,seed,59,onset_distance,5-10,unseen/20,444,0.0,0.09507561187484091,0.7072072072072072,0.04279279279279279,0.22972972972972974,0.02027027027027027,0.02252252252252252
TinyGRU,seed,71,onset_distance,5-10,unseen/20,444,0.0,0.09309719248536663,0.6756756756756757,0.07207207207207207,0.22522522522522523,0.02702702702702703,0.04504504504504504
TinyGRU,seed,83,onset_distance,5-10,unseen/20,444,0.0,0.05022516373934537,0.713963963963964,0.02702702702702703,0.25225225225225223,0.006756756756756757,0.02027027027027027
TinyGRU,seed,97,onset_distance,5-10,unseen/20,444,0.0,0.059507248468460644,0.7545045045045045,0.036036036036036036,0.2072072072072072,0.0022522522522522522,0.033783783783783786
TinyGRU,aggregate,aggregate,onset_distance,5-10,unseen/20,444,0.0,0.07812728362472138,0.7058558558558558,0.04954954954954955,0.23018018018018022,0.014414414414414415,0.03513513513513514
MarbleNet,reference,reference,onset_distance,11-25,unseen/20,1104,0.12228260869565218,0.011790339827746497,0.8903985507246377,0.009057971014492754,0.09963768115942029,0.0009057971014492754,0.008152173913043478
TinyGRU,seed,41,onset_distance,11-25,unseen/20,1104,0.12228260869565218,0.01372044967796735,0.8143115942028986,0.02717391304347826,0.14130434782608695,0.017210144927536232,0.009963768115942028
TinyGRU,seed,59,onset_distance,11-25,unseen/20,1104,0.12228260869565218,0.02233183003688515,0.8269927536231884,0.019021739130434784,0.13858695652173914,0.015398550724637682,0.003623188405797102
TinyGRU,seed,71,onset_distance,11-25,unseen/20,1104,0.12228260869565218,-0.0024870830911162193,0.822463768115942,0.020833333333333332,0.13043478260869565,0.026268115942028984,-0.005434782608695652
TinyGRU,seed,83,onset_distance,11-25,unseen/20,1104,0.12228260869565218,0.007228345559150062,0.8469202898550725,0.017210144927536232,0.1213768115942029,0.014492753623188406,0.002717391304347826
TinyGRU,seed,97,onset_distance,11-25,unseen/20,1104,0.12228260869565218,0.005976590517241306,0.8559782608695652,0.015398550724637682,0.12047101449275362,0.008152173913043478,0.007246376811594204
TinyGRU,aggregate,aggregate,onset_distance,11-25,unseen/20,1104,0.12228260869565218,0.009354026540025531,0.8333333333333334,0.019927536231884056,0.13043478260869565,0.01630434782608696,0.0036231884057970967
MarbleNet,reference,reference,onset_distance,26-50,unseen/20,1694,0.833530106257379,0.0021513525671856817,0.948642266824085,0.006493506493506494,0.03955135773317592,0.005312868949232586,0.0011806375442739079
TinyGRU,seed,41,onset_distance,26-50,unseen/20,1694,0.833530106257379,-0.0040777692858666595,0.898465171192444,0.01770956316410862,0.0667060212514758,0.017119244391971666,0.0005903187721369545
TinyGRU,seed,59,onset_distance,26-50,unseen/20,1694,0.833530106257379,0.00968250579796553,0.9132231404958677,0.01357733175914994,0.06198347107438017,0.011216056670602124,0.002361275088547816
TinyGRU,seed,71,onset_distance,26-50,unseen/20,1694,0.833530106257379,-0.009612537551248291,0.9285714285714286,0.006493506493506494,0.05371900826446281,0.011216056670602124,-0.0047225501770956305
TinyGRU,seed,83,onset_distance,26-50,unseen/20,1694,0.833530106257379,-0.001292426806498788,0.9138134592680047,0.009445100354191263,0.0590318772136954,0.01770956316410862,-0.008264462809917357
TinyGRU,seed,97,onset_distance,26-50,unseen/20,1694,0.833530106257379,-0.0012850368009214147,0.9214876033057852,0.010625737898465172,0.048996458087367176,0.018890200708382526,-0.008264462809917354
TinyGRU,aggregate,aggregate,onset_distance,26-50,unseen/20,1694,0.833530106257379,-0.0013170529293139238,0.9151121605667061,0.011570247933884299,0.05808736717827627,0.015230224321133414,-0.0036599763872491153
MarbleNet,reference,reference,onset_distance,>50,unseen/20,5503,42.96947119752862,0.008372325374414541,0.9645647828457206,0.005815009994548428,0.025985825913138288,0.0036343812465927674,0.0021806287479556605
TinyGRU,seed,41,onset_distance,>50,unseen/20,5503,42.96947119752862,0.018368034253272023,0.9489369434853716,0.01580955842267854,0.03052880247137925,0.004724695620570598,0.011084862802107942
TinyGRU,seed,59,onset_distance,>50,unseen/20,5503,42.96947119752862,0.025831816544078772,0.9414864619298564,0.018717063419952752,0.037252407777575866,0.002544066872614937,0.016172996547337816
TinyGRU,seed,71,onset_distance,>50,unseen/20,5503,42.96947119752862,0.01742440670481,0.9522078866073052,0.01344721061239324,0.03034708340904961,0.003997819371252044,0.009449391241141195
TinyGRU,seed,83,onset_distance,>50,unseen/20,5503,42.96947119752862,0.007821836485299067,0.9583863347265128,0.0065418862438669815,0.03252771215700527,0.002544066872614937,0.003997819371252044
TinyGRU,seed,97,onset_distance,>50,unseen/20,5503,42.96947119752862,0.011654025514805093,0.9596583681628202,0.008540795929493004,0.028348173723423586,0.003452662184263129,0.005088133745229874
TinyGRU,aggregate,aggregate,onset_distance,>50,unseen/20,5503,42.96947119752862,0.016220023900452993,0.9521351989823733,0.012611302925676905,0.03180083590768672,0.003452662184263129,0.009158640741413775
MarbleNet,reference,reference,offset_distance,0,all,1692,0.0,-0.060502490406420154,0.3374704491725768,0.028368794326241134,0.5898345153664303,0.044326241134751775,-0.015957446808510637
TinyGRU,seed,41,offset_distance,0,all,1692,0.0,-0.07917272787333739,0.30969267139479906,0.018321513002364065,0.5998817966903073,0.07210401891252956,-0.05378250591016549
TinyGRU,seed,59,offset_distance,0,all,1692,0.0,-0.06086772381648643,0.3256501182033097,0.02304964539007092,0.5791962174940898,0.07210401891252956,-0.04905437352245864
TinyGRU,seed,71,offset_distance,0,all,1692,0.0,-0.10831702418905036,0.27423167848699764,0.013002364066193853,0.6347517730496454,0.07801418439716312,-0.06501182033096926
TinyGRU,seed,83,offset_distance,0,all,1692,0.0,-0.02627969525458917,0.2990543735224586,0.014775413711583925,0.6400709219858156,0.04609929078014184,-0.031323877068557916
TinyGRU,seed,97,offset_distance,0,all,1692,0.0,-0.06418623557365884,0.2860520094562648,0.01950354609929078,0.6235224586288416,0.07092198581560284,-0.05141843971631206
TinyGRU,aggregate,aggregate,offset_distance,0,all,1692,0.0,-0.06776468134142444,0.2989361702127659,0.01773049645390071,0.6154846335697399,0.06784869976359338,-0.050118203309692674
MarbleNet,reference,reference,offset_distance,1,all,3378,-0.0017761989342806395,-0.005444051655266663,0.5272350503256364,0.03256364712847839,0.40911782119597395,0.03108348134991119,0.0014801657785671995
TinyGRU,seed,41,offset_distance,1,all,3378,-0.0017761989342806395,0.023775293607959495,0.5035523978685613,0.04470100651272942,0.40911782119597395,0.04262877442273535,0.002072232089994075
TinyGRU,seed,59,offset_distance,1,all,3378,-0.0017761989342806395,0.02145507421441875,0.5032563647128478,0.04085257548845471,0.4123741859088218,0.043516873889875664,-0.0026642984014209545
TinyGRU,seed,71,offset_distance,1,all,3378,-0.0017761989342806395,0.013743777677446261,0.49674363528715215,0.04026050917702783,0.40970988750740084,0.05328596802841918,-0.01302545885139135
TinyGRU,seed,83,offset_distance,1,all,3378,-0.0017761989342806395,0.01108423854636991,0.5180580224985198,0.02516281823564239,0.42451154529307283,0.03226761397276495,-0.0071047957371225615
TinyGRU,seed,97,offset_distance,1,all,3378,-0.0017761989342806395,0.016231955202691214,0.5017761989342806,0.041148608644168146,0.41651865008880995,0.040556542332741266,0.0005920663114268795
TinyGRU,aggregate,aggregate,offset_distance,1,all,3378,-0.0017761989342806395,0.017258067849777126,0.5046773238602723,0.038425103611604505,0.4144464179988159,0.04245115452930728,-0.004026050917702778
MarbleNet,reference,reference,offset_distance,2-4,all,10094,-0.0008916187834357044,0.02146092074334058,0.6363186051119477,0.03843867644145037,0.29958391123439665,0.02565880721220527,0.012779869229245096
TinyGRU,seed,41,offset_distance,2-4,all,10094,-0.0008916187834357044,0.031154203676246026,0.5970873786407767,0.04477907667921537,0.3217753120665742,0.036358232613433725,0.008420844065781648
TinyGRU,seed,59,offset_distance,2-4,all,10094,-0.0008916187834357044,0.02491975794619158,0.593719041014464,0.04230235783633842,0.32890826233405984,0.03507033881513771,0.007232019021200714
TinyGRU,seed,71,offset_distance,2-4,all,10094,-0.0008916187834357044,0.01856870912852511,0.5865860907469784,0.043094907866059046,0.320289280760848,0.05002972062611452,-0.006934812760055475
TinyGRU,seed,83,offset_distance,2-4,all,10094,-0.0008916187834357044,0.011751597980617486,0.6117495541906083,0.024866257182484645,0.33931048147414306,0.02407370715276402,0.0007925500297206248
TinyGRU,seed,97,offset_distance,2-4,all,10094,-0.0008916187834357044,0.02055659070600122,0.6015454725579552,0.041311670299187635,0.3194967307311274,0.03764612641172974,0.003665543887457892
TinyGRU,aggregate,aggregate,offset_distance,2-4,all,10094,-0.0008916187834357044,0.021390171887516286,0.5981375074301566,0.03927085397265702,0.3259560134733505,0.03663562512383594,0.0026352288488210793
MarbleNet,reference,reference,offset_distance,5-10,all,19952,0.008921411387329591,0.026629631887638377,0.7777666399358459,0.027165196471531677,0.1765737770649559,0.018494386527666398,0.008670809943865277
TinyGRU,seed,41,offset_distance,5-10,all,19952,0.008921411387329591,0.0358935563186102,0.7112068965517241,0.03789093825180433,0.2307036888532478,0.020198476343223738,0.017692461908580596
TinyGRU,seed,59,offset_distance,5-10,all,19952,0.008921411387329591,0.02784994167323889,0.7071471531676022,0.0383420208500401,0.23315958299919806,0.021351242983159584,0.016990777866880514
TinyGRU,seed,71,offset_distance,5-10,all,19952,0.008921411387329591,0.027454566114018614,0.7050922213311949,0.03789093825180433,0.22834803528468323,0.028668805132317562,0.009222133119486772
TinyGRU,seed,83,offset_distance,5-10,all,19952,0.008921411387329591,0.012001911800421698,0.7191259021651965,0.02165196471531676,0.2409282277465918,0.018293905372894947,0.003358059342421813
TinyGRU,seed,97,offset_distance,5-10,all,19952,0.008921411387329591,0.026531005615008395,0.7231355252606255,0.03282878909382518,0.22373696872493987,0.02029871692060946,0.01253007217321572
TinyGRU,aggregate,aggregate,offset_distance,5-10,all,19952,0.008921411387329591,0.02594619630425956,0.7131415396952686,0.03372093023255814,0.23137530072173215,0.02176222935044106,0.011958700882117083
MarbleNet,reference,reference,offset_distance,11-25,all,47980,-0.526448520216757,0.015322214317713365,0.8694456023343059,0.017236348478532722,0.1027511463109629,0.010566902876198415,0.006669445602334306
TinyGRU,seed,41,offset_distance,11-25,all,47980,-0.526448520216757,0.0257258665245634,0.8082325969153814,0.02319716548561901,0.15727386411004585,0.01129637348895373,0.011900791996665279
TinyGRU,seed,59,offset_distance,11-25,all,47980,-0.526448520216757,0.020626550802078227,0.8088161734055856,0.02534389328887036,0.15320967069612337,0.012630262609420592,0.012713630679449769
TinyGRU,seed,71,offset_distance,11-25,all,47980,-0.526448520216757,0.017484768881933666,0.8104418507711546,0.022300958732805336,0.1527719883284702,0.01448520216756982,0.007815756565235516
TinyGRU,seed,83,offset_distance,11-25,all,47980,-0.526448520216757,0.0054379879157724935,0.8157774072530221,0.012651104626927886,0.16133805752396832,0.010233430596081701,0.002417674030846185
TinyGRU,seed,97,offset_distance,11-25,all,47980,-0.526448520216757,0.01940649850336079,0.8230721133805753,0.019737390579408088,0.14591496456857023,0.011275531471446436,0.008461859107961652
TinyGRU,aggregate,aggregate,offset_distance,11-25,all,47980,-0.526448520216757,0.017736334525541714,0.8132680283451438,0.020646102542726138,0.15410170904543563,0.011984160066694456,0.008661942476031682
MarbleNet,reference,reference,offset_distance,26-50,all,69180,-2.5336079791847355,0.009065594521673478,0.8977450130095402,0.012257877999421797,0.08155536282162475,0.008441746169413126,0.003816131830008673
TinyGRU,seed,41,offset_distance,26-50,all,69180,-2.5336079791847355,0.03401556003995694,0.8533246603064469,0.02312807169702226,0.11676785198034113,0.00677941601618965,0.01634865568083261
TinyGRU,seed,59,offset_distance,26-50,all,69180,-2.5336079791847355,0.02672241963994508,0.8564469499855449,0.024154379878577624,0.11124602486267707,0.008152645273200346,0.01600173460537728
TinyGRU,seed,71,offset_distance,26-50,all,69180,-2.5336079791847355,0.023934966513299884,0.8594825093957791,0.023026886383347787,0.10670714079213646,0.01078346342873663,0.012243422954611158
TinyGRU,seed,83,offset_distance,26-50,all,69180,-2.5336079791847355,0.007067844844201448,0.8662330153223475,0.011650766117374964,0.1151922520959815,0.006923966464296039,0.0047267996530789246
TinyGRU,seed,97,offset_distance,26-50,all,69180,-2.5336079791847355,0.022010705704323345,0.8681844463717837,0.019601040763226368,0.10439433362243423,0.007820179242555653,0.011780861520670715
TinyGRU,aggregate,aggregate,offset_distance,26-50,all,69180,-2.5336079791847355,0.02275029934834534,0.8607343162763805,0.020312228967909803,0.11086152067071409,0.008091934084995664,0.012220294882914139
MarbleNet,reference,reference,offset_distance,>50,all,146024,-28.082774064537336,0.007110301716394466,0.9568427107872679,0.008341094614583903,0.03141949268613379,0.0033967019120144633,0.004944392702569441
TinyGRU,seed,41,offset_distance,>50,all,146024,-28.082774064537336,0.02916444753213371,0.9249096039007286,0.018181942694351614,0.05355284062893771,0.0033556127759820304,0.014826329918369584
TinyGRU,seed,59,offset_distance,>50,all,146024,-28.082774064537336,0.02468039151777361,0.9265120802059935,0.023044157124856187,0.047033364378458335,0.0034103982906919413,0.019633758834164246
TinyGRU,seed,71,offset_distance,>50,all,146024,-28.082774064537336,0.024294693845637677,0.9339492138278639,0.01972278529556785,0.04215745356927628,0.004170547307291952,0.015552237988275899
TinyGRU,seed,83,offset_distance,>50,all,146024,-28.082774064537336,0.0032882120741410145,0.9371336218703775,0.008977976223086616,0.049745247356598916,0.004143154549936997,0.004834821673149619
TinyGRU,seed,97,offset_distance,>50,all,146024,-28.082774064537336,0.017083777365077976,0.9393113460800965,0.016175423218101136,0.04058237002136635,0.0039308606804360924,0.012244562537665043
TinyGRU,aggregate,aggregate,offset_distance,>50,all,146024,-28.082774064537336,0.019702304466952796,0.932363173177012,0.017220456911192682,0.04661425519092752,0.003802114720867803,0.013418342190324879
MarbleNet,reference,reference,offset_distance,0,clean,331,0.0,-0.18398556371881986,0.4712990936555891,0.012084592145015106,0.45317220543806647,0.0634441087613293,-0.0513595166163142
TinyGRU,seed,41,offset_distance,0,clean,331,0.0,-0.2589270090245468,0.48942598187311176,0.0,0.3474320241691843,0.16314199395770393,-0.16314199395770393
TinyGRU,seed,59,offset_distance,0,clean,331,0.0,-0.18572219244843177,0.5498489425981873,0.012084592145015106,0.2990936555891239,0.13897280966767372,-0.1268882175226586
TinyGRU,seed,71,offset_distance,0,clean,331,0.0,-0.2960479377214871,0.4380664652567976,0.0,0.4078549848942598,0.1540785498489426,-0.1540785498489426
TinyGRU,seed,83,offset_distance,0,clean,331,0.0,-0.1334088582288432,0.48036253776435045,0.00906344410876133,0.4199395770392749,0.09063444108761329,-0.08157099697885195
TinyGRU,seed,97,offset_distance,0,clean,331,0.0,-0.22247937107439583,0.4471299093655589,0.00906344410876133,0.3987915407854985,0.14501510574018128,-0.13595166163141995
TinyGRU,aggregate,aggregate,offset_distance,0,clean,331,0.0,-0.21931707369954093,0.48096676737160127,0.006042296072507553,0.37462235649546827,0.13836858006042296,-0.1323262839879154
MarbleNet,reference,reference,offset_distance,1,clean,661,-0.0015128593040847202,-0.04077722784851942,0.546142208774584,0.025718608169440244,0.3842662632375189,0.04387291981845688,-0.018154311649016642
TinyGRU,seed,41,offset_distance,1,clean,661,-0.0015128593040847202,0.04833146098649384,0.4886535552193646,0.08018154311649017,0.3494704992435703,0.08169440242057488,-0.0015128593040847071
TinyGRU,seed,59,offset_distance,1,clean,661,-0.0015128593040847202,0.04078046568256422,0.5022692889561271,0.07413010590015129,0.35098335854765506,0.07261724659606657,0.001512859304084721
TinyGRU,seed,71,offset_distance,1,clean,661,-0.0015128593040847202,0.04581852635781397,0.4826021180030257,0.06656580937972768,0.35703479576399394,0.09379727685325265,-0.027231467473524965
TinyGRU,seed,83,offset_distance,1,clean,661,-0.0015128593040847202,0.01657851995397145,0.5098335854765507,0.0453857791225416,0.3918305597579425,0.0529500756429652,-0.007564296520423598
TinyGRU,seed,97,offset_distance,1,clean,661,-0.0015128593040847202,0.024011741738634157,0.5083207261724659,0.06354009077155824,0.3615733736762481,0.06656580937972768,-0.003025718608169442
TinyGRU,aggregate,aggregate,offset_distance,1,clean,661,-0.0015128593040847202,0.03510414294389553,0.4983358547655068,0.0659606656580938,0.362178517397882,0.0735249621785174,-0.007564296520423591
MarbleNet,reference,reference,offset_distance,2-4,clean,1974,-0.0025329280648429585,0.003171957270266176,0.6874366767983789,0.03343465045592705,0.24873353596757852,0.030395136778115502,0.00303951367781155
TinyGRU,seed,41,offset_distance,2-4,clean,1974,-0.0025329280648429585,0.06828845511776074,0.6114488348530902,0.08966565349544073,0.24670719351570417,0.05217831813576494,0.037487335359675786
TinyGRU,seed,59,offset_distance,2-4,clean,1974,-0.0025329280648429585,0.05330953219299396,0.6190476190476191,0.07497467071935157,0.25835866261398177,0.047619047619047616,0.027355623100303955
TinyGRU,seed,71,offset_distance,2-4,clean,1974,-0.0025329280648429585,0.06672927987948293,0.6013171225937184,0.0800405268490375,0.24417426545086118,0.07446808510638298,0.005572441742654519
TinyGRU,seed,83,offset_distance,2-4,clean,1974,-0.0025329280648429585,0.022476431199018935,0.6408308004052685,0.04711246200607903,0.2730496453900709,0.03900709219858156,0.008105369807497466
TinyGRU,seed,97,offset_distance,2-4,clean,1974,-0.0025329280648429585,0.03868012398678337,0.6372847011144883,0.07396149949341439,0.23505572441742653,0.05369807497467072,0.020263424518743675
TinyGRU,aggregate,aggregate,offset_distance,2-4,clean,1974,-0.0025329280648429585,0.04989676447520799,0.6219858156028368,0.07315096251266463,0.2514690982776089,0.05339412360688956,0.019756838905775072
MarbleNet,reference,reference,offset_distance,5-10,clean,3897,-0.003849114703618168,0.012365610825469905,0.842442904798563,0.019758788811906593,0.12548113933795227,0.012317167051578136,0.007441621760328458
TinyGRU,seed,41,offset_distance,5-10,clean,3897,-0.003849114703618168,0.0819981569225105,0.745701821914293,0.08442391583269182,0.14395688991531946,0.025917372337695664,0.058506543494996156
TinyGRU,seed,59,offset_distance,5-10,clean,3897,-0.003849114703618168,0.06610195507290302,0.7467282525019245,0.06902745701821915,0.16114960225814728,0.023094688221709007,0.04593276879651014
TinyGRU,seed,71,offset_distance,5-10,clean,3897,-0.003849114703618168,0.09073240316641265,0.7487811136771876,0.0833974852450603,0.1424172440338722,0.025404157043879907,0.05799332820118039
TinyGRU,seed,83,offset_distance,5-10,clean,3897,-0.003849114703618168,0.025999860679357202,0.7795740313061329,0.041057223505260455,0.1460097510905825,0.03335899409802412,0.007698229407236336
TinyGRU,seed,97,offset_distance,5-10,clean,3897,-0.003849114703618168,0.05446247518571081,0.7865024377726456,0.06286887349243007,0.1252245316910444,0.025404157043879907,0.037464716448550164
TinyGRU,aggregate,aggregate,offset_distance,5-10,clean,3897,-0.003849114703618168,0.06385897020537884,0.7614575314344366,0.06815499101873236,0.1437516037977932,0.026635873749037725,0.041519117269694636
MarbleNet,reference,reference,offset_distance,11-25,clean,9401,-0.5253696415274971,0.007954590263896107,0.9323476225933411,0.010424422933730455,0.05212211466865227,0.0051058398042761405,0.005318583129454314
TinyGRU,seed,41,offset_distance,11-25,clean,9401,-0.5253696415274971,0.05705689297937176,0.8665035634506968,0.049462823103925115,0.07531113711307308,0.008722476332305074,0.04074034677162004
TinyGRU,seed,59,offset_distance,11-25,clean,9401,-0.5253696415274971,0.05211438352648948,0.859376662057228,0.044888841612594405,0.08818210828635252,0.007552388043825125,0.03733645356876928
TinyGRU,seed,71,offset_distance,11-25,clean,9401,-0.5253696415274971,0.062407448783127914,0.8719285182427401,0.040314860121263695,0.08275715349430912,0.004999468141687054,0.035315391979576644
TinyGRU,seed,83,offset_distance,11-25,clean,9401,-0.5253696415274971,0.015941306802835214,0.8884161259440485,0.021167960855228166,0.07839591532815658,0.012019997872566749,0.009147962982661417
TinyGRU,seed,97,offset_distance,11-25,clean,9401,-0.5253696415274971,0.0362816740143345,0.8968194872885863,0.02818849058610786,0.06722689075630252,0.007765131369003297,0.020423359217104562
TinyGRU,aggregate,aggregate,offset_distance,11-25,clean,9401,-0.5253696415274971,0.04476034122123178,0.8766088713966599,0.03680459525582385,0.07837464099563878,0.00821189235187746,0.02859270290394639
MarbleNet,reference,reference,offset_distance,26-50,clean,13485,-2.5910270671116056,0.0034472765759575724,0.9239896180941787,0.011420096403411198,0.05176121616611049,0.012829069336299593,-0.0014089729328883944
TinyGRU,seed,41,offset_distance,26-50,clean,13485,-2.5910270671116056,0.08724535432258773,0.8725991842788283,0.05057471264367816,0.0735632183908046,0.003262884686688914,0.047311827956989246
TinyGRU,seed,59,offset_distance,26-50,clean,13485,-2.5910270671116056,0.06545895815119741,0.8637745643307378,0.04182424916573971,0.08995179829440118,0.004449388209121246,0.03737486095661846
TinyGRU,seed,71,offset_distance,26-50,clean,13485,-2.5910270671116056,0.07780019594950241,0.878605858361142,0.046273637374860954,0.07230255839822025,0.002817945865776789,0.04345569150908417
TinyGRU,seed,83,offset_distance,26-50,clean,13485,-2.5910270671116056,0.03453516354784252,0.8984056358917315,0.022840192806822396,0.07385984427141268,0.00489432703003337,0.017945865776789027
TinyGRU,seed,97,offset_distance,26-50,clean,13485,-2.5910270671116056,0.052513152402254334,0.8981090100111234,0.029736744530960327,0.06763070077864293,0.004523544679273267,0.02521319985168706
TinyGRU,aggregate,aggregate,offset_distance,26-50,clean,13485,-2.5910270671116056,0.06351056487467688,0.8822988505747127,0.03824990730441231,0.07546162402669634,0.003989618094178717,0.034260289210233594
MarbleNet,reference,reference,offset_distance,>50,clean,27986,-28.807153576788394,0.0028720129849389843,0.9671264203530336,0.004395054670192239,0.023761880940470236,0.004716644036303866,-0.00032158936611162723
TinyGRU,seed,41,offset_distance,>50,clean,27986,-28.807153576788394,0.06889993336336127,0.9284999642678482,0.03976988494247124,0.030801114843135854,0.000929035946544701,0.03884084899592654
TinyGRU,seed,59,offset_distance,>50,clean,27986,-28.807153576788394,0.05721171377468476,0.9169227470878296,0.03823340241549346,0.04255699278210534,0.0022868577145715714,0.03594654470092189
TinyGRU,seed,71,offset_distance,>50,clean,27986,-28.807153576788394,0.06629382026737925,0.9362895733581076,0.035446294575859356,0.027656685485599942,0.0006074465804330737,0.03483884799542628
TinyGRU,seed,83,offset_distance,>50,clean,27986,-28.807153576788394,0.02614717433668896,0.9514757378689345,0.015757878939469734,0.030300864718073323,0.0024655184735224754,0.01329236046594726
TinyGRU,seed,97,offset_distance,>50,clean,27986,-28.807153576788394,0.0438436325882483,0.9449367540913314,0.0230829700564568,0.030515257628814407,0.001465018223397413,0.021617951833059385
TinyGRU,aggregate,aggregate,offset_distance,>50,clean,27986,-28.807153576788394,0.0524792548660725,0.9356249553348103,0.030458086185950122,0.03236618309154577,0.0015507753876938472,0.028907310798256276
MarbleNet,reference,reference,offset_distance,0,seen/-5,163,0.0,-0.03841189708175483,0.20245398773006135,0.049079754601226995,0.6993865030674846,0.049079754601226995,0.0
TinyGRU,seed,41,offset_distance,0,seen/-5,163,0.0,0.07265020311025083,0.2147239263803681,0.006134969325153374,0.754601226993865,0.024539877300613498,-0.018404907975460124
TinyGRU,seed,59,offset_distance,0,seen/-5,163,0.0,0.09501862601313964,0.2392638036809816,0.018404907975460124,0.7177914110429447,0.024539877300613498,-0.0061349693251533735
TinyGRU,seed,71,offset_distance,0,seen/-5,163,0.0,0.10280710238836285,0.19631901840490798,0.018404907975460124,0.7730061349693251,0.012269938650306749,0.006134969325153375
TinyGRU,seed,83,offset_distance,0,seen/-5,163,0.0,0.09493794773753943,0.2392638036809816,0.018404907975460124,0.7239263803680982,0.018404907975460124,0.0
TinyGRU,seed,97,offset_distance,0,seen/-5,163,0.0,0.12032689624863549,0.19631901840490798,0.024539877300613498,0.7423312883435583,0.03680981595092025,-0.01226993865030675
TinyGRU,aggregate,aggregate,offset_distance,0,seen/-5,163,0.0,0.09714815509958565,0.21717791411042947,0.017177914110429446,0.7423312883435583,0.023312883435582823,-0.006134969325153377
MarbleNet,reference,reference,offset_distance,1,seen/-5,326,0.0,0.00589900026368,0.5030674846625768,0.046012269938650305,0.4294478527607362,0.02147239263803681,0.024539877300613498
TinyGRU,seed,41,offset_distance,1,seen/-5,326,0.0,0.052900507893600145,0.5,0.015337423312883436,0.46932515337423314,0.015337423312883436,0.0
TinyGRU,seed,59,offset_distance,1,seen/-5,326,0.0,0.04907605077005686,0.4938650306748466,0.015337423312883436,0.4723926380368098,0.018404907975460124,-0.0030674846625766885
TinyGRU,seed,71,offset_distance,1,seen/-5,326,0.0,0.05944179203357266,0.5,0.018404907975460124,0.4662576687116564,0.015337423312883436,0.0030674846625766885
TinyGRU,seed,83,offset_distance,1,seen/-5,326,0.0,0.03658202622177932,0.5122699386503068,0.009202453987730062,0.46932515337423314,0.009202453987730062,0.0
TinyGRU,seed,97,offset_distance,1,seen/-5,326,0.0,0.06272051289656358,0.5030674846625767,0.027607361963190184,0.4570552147239264,0.012269938650306749,0.015337423312883436
TinyGRU,aggregate,aggregate,offset_distance,1,seen/-5,326,0.0,0.052144177963114505,0.501840490797546,0.01717791411042945,0.4668711656441718,0.014110429447852759,0.0030674846625766902
MarbleNet,reference,reference,offset_distance,2-4,seen/-5,974,0.0,0.016542812912603944,0.6026694045174538,0.027720739219712527,0.34291581108829566,0.026694045174537988,0.001026694045174538
TinyGRU,seed,41,offset_distance,2-4,seen/-5,974,0.0,0.0588190261384635,0.555441478439425,0.030800821355236138,0.3932238193018481,0.02053388090349076,0.01026694045174538
TinyGRU,seed,59,offset_distance,2-4,seen/-5,974,0.0,0.050274405301564386,0.5462012320328542,0.01642710472279261,0.4260780287474333,0.011293634496919919,0.00513347022587269
TinyGRU,seed,71,offset_distance,2-4,seen/-5,974,0.0,0.05711071895576906,0.5657084188911704,0.02566735112936345,0.3870636550308008,0.021560574948665298,0.00410677618069815
TinyGRU,seed,83,offset_distance,2-4,seen/-5,974,0.0,0.036328587152020614,0.5728952772073922,0.009240246406570842,0.40349075975359344,0.014373716632443531,-0.00513347022587269
TinyGRU,seed,97,offset_distance,2-4,seen/-5,974,0.0,0.06383389803703045,0.5646817248459959,0.03490759753593429,0.37782340862423,0.022587268993839837,0.012320328542094451
TinyGRU,aggregate,aggregate,offset_distance,2-4,seen/-5,974,0.0,0.053273327116969596,0.5609856262833675,0.023408624229979465,0.3975359342915811,0.01806981519507187,0.005338809034907594
MarbleNet,reference,reference,offset_distance,5-10,seen/-5,1944,0.0,0.02293846617477727,0.7078189300411524,0.026234567901234566,0.24331275720164608,0.02263374485596708,0.00360082304526749
TinyGRU,seed,41,offset_distance,5-10,seen/-5,1944,0.0,0.0642256694578339,0.6450617283950617,0.03806584362139918,0.3019547325102881,0.014917695473251029,0.023148148148148147
TinyGRU,seed,59,offset_distance,5-10,seen/-5,1944,0.0,0.047267284806759034,0.6291152263374485,0.02726337448559671,0.3333333333333333,0.0102880658436214,0.016975308641975308
TinyGRU,seed,71,offset_distance,5-10,seen/-5,1944,0.0,0.057173224416026826,0.6491769547325102,0.028292181069958847,0.30092592592592593,0.021604938271604937,0.00668724279835391
TinyGRU,seed,83,offset_distance,5-10,seen/-5,1944,0.0,0.03261777941616875,0.6445473251028807,0.01440329218106996,0.31995884773662553,0.02109053497942387,-0.00668724279835391
TinyGRU,seed,97,offset_distance,5-10,seen/-5,1944,0.0,0.061525069175026655,0.6630658436213992,0.02417695473251029,0.2957818930041152,0.016975308641975308,0.007201646090534981
TinyGRU,aggregate,aggregate,offset_distance,5-10,seen/-5,1944,0.0,0.052561805454363036,0.6461934156378601,0.026440329218107,0.3103909465020576,0.016975308641975308,0.009465020576131692
MarbleNet,reference,reference,offset_distance,11-25,seen/-5,4698,-0.4154959557258408,0.007607051581466333,0.8033205619412516,0.017454235845040442,0.16624095359727545,0.012984248616432525,0.004469987228607918
TinyGRU,seed,41,offset_distance,11-25,seen/-5,4698,-0.4154959557258408,0.04716177729220368,0.7501064282673479,0.018944231587909748,0.2232865048957003,0.007662835249042145,0.011281396338867603
TinyGRU,seed,59,offset_distance,11-25,seen/-5,4698,-0.4154959557258408,0.028022233441398828,0.756066411238825,0.007237122179650915,0.22669220945083013,0.010004257130693913,-0.002767134951042998
TinyGRU,seed,71,offset_distance,11-25,seen/-5,4698,-0.4154959557258408,0.036638831398963005,0.7624521072796935,0.01532567049808429,0.21115368241805024,0.011068539804171988,0.004257130693912302
TinyGRU,seed,83,offset_distance,11-25,seen/-5,4698,-0.4154959557258408,0.019895193902813177,0.7647935291613452,0.002979991485738612,0.2222222222222222,0.010004257130693913,-0.007024265644955301
TinyGRU,seed,97,offset_distance,11-25,seen/-5,4698,-0.4154959557258408,0.04468383231979145,0.7641549595572584,0.014261387824606215,0.21030225627926777,0.011281396338867603,0.002979991485738612
TinyGRU,aggregate,aggregate,offset_distance,11-25,seen/-5,4698,-0.4154959557258408,0.035280373671034024,0.759514687100894,0.011749680715197957,0.21873137505321416,0.010004257130693913,0.0017454235845040435
MarbleNet,reference,reference,offset_distance,26-50,seen/-5,6806,-1.581545694975022,0.01081750635846511,0.8683514545988833,0.007934175727299441,0.10975609756097561,0.01395827211284161,-0.006024096385542169
TinyGRU,seed,41,offset_distance,26-50,seen/-5,6806,-1.581545694975022,0.023038866387085726,0.8310314428445489,0.018660005877167204,0.14281516309138995,0.007493388186893917,0.011166617690273287
TinyGRU,seed,59,offset_distance,26-50,seen/-5,6806,-1.581545694975022,0.006816682926352069,0.8344108139876579,0.010138113429327064,0.14619453423449896,0.009256538348516015,0.0008815750808110496
TinyGRU,seed,71,offset_distance,26-50,seen/-5,6806,-1.581545694975022,0.011421425749971376,0.8404349103732002,0.012929767851895386,0.134440199823685,0.012195121951219513,0.0007346459006758732
TinyGRU,seed,83,offset_distance,26-50,seen/-5,6806,-1.581545694975022,-0.002181598082090268,0.8448427857772554,0.004114017043784896,0.14296209227152512,0.008081104907434616,-0.00396708786364972
TinyGRU,seed,97,offset_distance,26-50,seen/-5,6806,-1.581545694975022,0.015167239316047803,0.8413164854540112,0.010138113429327064,0.1407581545694975,0.007787246547164266,0.0023508668821627977
TinyGRU,aggregate,aggregate,offset_distance,26-50,seen/-5,6806,-1.581545694975022,0.010852523259473338,0.8384072876873346,0.011196003526300324,0.1414340287981193,0.008962679988245665,0.0022333235380546587
MarbleNet,reference,reference,offset_distance,>50,seen/-5,14384,-23.118464961067854,-4.5287500590033606e-05,0.967880978865406,0.004032258064516129,0.02224694104560623,0.005839822024471635,-0.001807563959955506
TinyGRU,seed,41,offset_distance,>50,seen/-5,14384,-23.118464961067854,0.005770015525793235,0.9522385984427141,0.01439098998887653,0.02989432703003337,0.003476084538375973,0.010914905450500556
TinyGRU,seed,59,offset_distance,>50,seen/-5,14384,-23.118464961067854,-0.005626642758876045,0.952099555061179,0.010845383759733037,0.03274471635150167,0.004310344827586207,0.00653503893214683
TinyGRU,seed,71,offset_distance,>50,seen/-5,14384,-23.118464961067854,0.00020560108900190873,0.9545328142380423,0.01313959955506118,0.026974416017797553,0.005353170189098999,0.007786429365962181
TinyGRU,seed,83,offset_distance,>50,seen/-5,14384,-23.118464961067854,-0.015253175222403709,0.9649610678531702,0.003128476084538376,0.028434371523915463,0.003476084538375973,-0.00034760845383759696
TinyGRU,seed,97,offset_distance,>50,seen/-5,14384,-23.118464961067854,-0.0069545397087991765,0.9545328142380423,0.011471078976640712,0.029060066740823138,0.004936040044493882,0.00653503893214683
TinyGRU,aggregate,aggregate,offset_distance,>50,seen/-5,14384,-23.118464961067854,-0.00437174821505676,0.9556729699666295,0.010595105672969967,0.02942157953281424,0.004310344827586207,0.00628476084538376
MarbleNet,reference,reference,offset_distance,0,seen/0,133,0.0,0.07045879060579839,0.24060150375939848,0.06766917293233082,0.6766917293233082,0.015037593984962405,0.05263157894736842
TinyGRU,seed,41,offset_distance,0,seen/0,133,0.0,0.1371340502111206,0.13533834586466165,0.06015037593984962,0.7744360902255639,0.03007518796992481,0.03007518796992481
TinyGRU,seed,59,offset_distance,0,seen/0,133,0.0,0.13011828762074,0.13533834586466165,0.03759398496240601,0.8045112781954887,0.022556390977443608,0.015037593984962405
TinyGRU,seed,71,offset_distance,0,seen/0,133,0.0,0.14957476193369154,0.15037593984962405,0.03007518796992481,0.8120300751879699,0.007518796992481203,0.022556390977443608
TinyGRU,seed,83,offset_distance,0,seen/0,133,0.0,0.08184273067127058,0.13533834586466165,0.022556390977443608,0.8270676691729323,0.015037593984962405,0.007518796992481203
TinyGRU,seed,97,offset_distance,0,seen/0,133,0.0,0.15038621830367263,0.12030075187969924,0.045112781954887216,0.8195488721804511,0.015037593984962405,0.03007518796992481
TinyGRU,aggregate,aggregate,offset_distance,0,seen/0,133,0.0,0.12981120974809907,0.13533834586466165,0.03909774436090226,0.8075187969924812,0.01804511278195489,0.021052631578947375
MarbleNet,reference,reference,offset_distance,1,seen/0,266,0.0,0.01309943485274191,0.5,0.041353383458646614,0.43609022556390975,0.022556390977443608,0.018796992481203006
TinyGRU,seed,41,offset_distance,1,seen/0,266,0.0,0.059437065167439455,0.49624060150375937,0.04887218045112782,0.41729323308270677,0.03759398496240601,0.011278195488721804
TinyGRU,seed,59,offset_distance,1,seen/0,266,0.0,0.05513410231534091,0.48120300751879697,0.02631578947368421,0.462406015037594,0.03007518796992481,-0.0037593984962406013
TinyGRU,seed,71,offset_distance,1,seen/0,266,0.0,0.06389663256759641,0.5037593984962406,0.022556390977443608,0.4398496240601504,0.03383458646616541,-0.011278195488721804
TinyGRU,seed,83,offset_distance,1,seen/0,266,0.0,0.034571706695481985,0.5150375939849624,0.022556390977443608,0.45112781954887216,0.011278195488721804,0.011278195488721804
TinyGRU,seed,97,offset_distance,1,seen/0,266,0.0,0.060819271119143134,0.5037593984962406,0.03007518796992481,0.44360902255639095,0.022556390977443608,0.007518796992481203
TinyGRU,aggregate,aggregate,offset_distance,1,seen/0,266,0.0,0.054771755573000375,0.5,0.03007518796992481,0.44285714285714284,0.02706766917293233,0.0030075187969924796
MarbleNet,reference,reference,offset_distance,2-4,seen/0,798,0.0,0.03411930981663681,0.5914786967418546,0.05388471177944862,0.32957393483709274,0.02506265664160401,0.02882205513784461
TinyGRU,seed,41,offset_distance,2-4,seen/0,798,0.0,0.04815151659626562,0.5714285714285714,0.02756892230576441,0.3659147869674185,0.03508771929824561,-0.007518796992481203
TinyGRU,seed,59,offset_distance,2-4,seen/0,798,0.0,0.045025718740970166,0.5827067669172933,0.022556390977443608,0.37343358395989973,0.021303258145363407,0.0012531328320802004
TinyGRU,seed,71,offset_distance,2-4,seen/0,798,0.0,0.0496758485473919,0.568922305764411,0.015037593984962405,0.38721804511278196,0.02882205513784461,-0.013784461152882205
TinyGRU,seed,83,offset_distance,2-4,seen/0,798,0.0,0.029883764679331806,0.5902255639097744,0.016290726817042606,0.38721804511278196,0.006265664160401002,0.010025062656641603
TinyGRU,seed,97,offset_distance,2-4,seen/0,798,0.0,0.04883063802215393,0.5714285714285714,0.02631578947368421,0.37844611528822053,0.023809523809523808,0.002506265664160401
TinyGRU,aggregate,aggregate,offset_distance,2-4,seen/0,798,0.0,0.044313497317222686,0.5769423558897243,0.021553884711779454,0.37844611528822053,0.023057644110275687,-0.0015037593984962329
MarbleNet,reference,reference,offset_distance,5-10,seen/0,1588,-0.04030226700251889,0.04812957367858017,0.7273299748110831,0.04030226700251889,0.2172544080604534,0.015113350125944584,0.02518891687657431
TinyGRU,seed,41,offset_distance,5-10,seen/0,1588,-0.04030226700251889,0.03689942393275685,0.6448362720403022,0.01700251889168766,0.3167506297229219,0.021410579345088162,-0.004408060453400503
TinyGRU,seed,59,offset_distance,5-10,seen/0,1588,-0.04030226700251889,0.03792266750663486,0.6624685138539043,0.011964735516372796,0.30730478589420657,0.018261964735516372,-0.006297229219143576
TinyGRU,seed,71,offset_distance,5-10,seen/0,1588,-0.04030226700251889,0.04023875936358694,0.6511335012594458,0.015113350125944584,0.31738035264483627,0.0163727959697733,-0.001259445843828715
TinyGRU,seed,83,offset_distance,5-10,seen/0,1588,-0.04030226700251889,0.025587151981548897,0.6580604534005038,0.0069269521410579345,0.31738035264483627,0.017632241813602016,-0.010705289672544081
TinyGRU,seed,97,offset_distance,5-10,seen/0,1588,-0.04030226700251889,0.03898783569766035,0.6379093198992444,0.015113350125944584,0.3230478589420655,0.02392947103274559,-0.008816120906801008
TinyGRU,aggregate,aggregate,offset_distance,5-10,seen/0,1588,-0.04030226700251889,0.03592716769643758,0.6508816120906801,0.01322418136020151,0.3163727959697733,0.01952141057934509,-0.006297229219143578
MarbleNet,reference,reference,offset_distance,11-25,seen/0,3849,-0.6295141595219538,0.025943893670714497,0.8056638087815017,0.027799428422967003,0.15120810600155885,0.01532865679397246,0.012470771628994544
TinyGRU,seed,41,offset_distance,11-25,seen/0,3849,-0.6295141595219538,0.031413007553568975,0.738633411275656,0.00883346323720447,0.24214081579631072,0.010392309690828787,-0.0015588464536243178
TinyGRU,seed,59,offset_distance,11-25,seen/0,3849,-0.6295141595219538,0.03246526303214225,0.7375941803065731,0.007274616783580151,0.2429202390231229,0.012210963886723825,-0.004936347103143674
TinyGRU,seed,71,offset_distance,11-25,seen/0,3849,-0.6295141595219538,0.033992887347878774,0.738633411275656,0.007274616783580151,0.23980254611587426,0.014289425824889582,-0.007014809041309431
TinyGRU,seed,83,offset_distance,11-25,seen/0,3849,-0.6295141595219538,0.021380216257224225,0.7375941803065731,0.003117692907248636,0.2533125487139517,0.0059755780722265525,-0.0028578851649779164
TinyGRU,seed,97,offset_distance,11-25,seen/0,3849,-0.6295141595219538,0.03569279712696569,0.7425305274097168,0.009093270979475189,0.2405819693426864,0.00779423226812159,0.001299038711353599
TinyGRU,aggregate,aggregate,offset_distance,11-25,seen/0,3849,-0.6295141595219538,0.030988834263555982,0.738997142114835,0.007118732138217719,0.24375162379838913,0.010132501948558068,-0.003013769810340348
MarbleNet,reference,reference,offset_distance,26-50,seen/0,5564,-2.874011502516175,0.0026817846171870753,0.8704169662113588,0.011143062544931704,0.10442127965492451,0.014018691588785047,-0.002875629043853343
TinyGRU,seed,41,offset_distance,26-50,seen/0,5564,-2.874011502516175,0.008526529782142247,0.8447160316319194,0.01689432063263839,0.13263838964773544,0.005751258087706686,0.011143062544931704
TinyGRU,seed,59,offset_distance,26-50,seen/0,5564,-2.874011502516175,0.00962678085336334,0.8546010064701653,0.012041696621135873,0.12850467289719625,0.004852624011502516,0.007189072609633357
TinyGRU,seed,71,offset_distance,26-50,seen/0,5564,-2.874011502516175,0.015348933825586513,0.8531631919482386,0.010603882099209202,0.13012221423436376,0.006110711718188354,0.004493170381020848
TinyGRU,seed,83,offset_distance,26-50,seen/0,5564,-2.874011502516175,0.004574517063102629,0.8535226455787204,0.007189072609633357,0.1360531991373113,0.003235082674335011,0.003953989935298346
TinyGRU,seed,97,offset_distance,26-50,seen/0,5564,-2.874011502516175,0.009603178199520493,0.8522645578720345,0.010424155283968369,0.12688713156002876,0.010424155283968369,0.0
TinyGRU,aggregate,aggregate,offset_distance,26-50,seen/0,5564,-2.874011502516175,0.009535987944743045,0.8516534867002158,0.011430625449317037,0.1308411214953271,0.006074766355140186,0.0053558590941768505
MarbleNet,reference,reference,offset_distance,>50,seen/0,11981,-26.214339370670228,-0.0028719269113094735,0.9775477839913195,0.0020031716885068026,0.01552458058592772,0.004924463734245889,-0.002921292045739087
TinyGRU,seed,41,offset_distance,>50,seen/0,11981,-26.214339370670228,-0.012250101652185895,0.9681161839579334,0.0030882230197813204,0.02328687087889158,0.005508722143393706,-0.002420499123612386
TinyGRU,seed,59,offset_distance,>50,seen/0,11981,-26.214339370670228,-0.012070582565666921,0.9710374760036725,0.0030882230197813204,0.023119939904849344,0.002754361071696853,0.00033386194808446724
TinyGRU,seed,71,offset_distance,>50,seen/0,11981,-26.214339370670228,-0.01517998910333209,0.9691177698021868,0.002754361071696853,0.022786077956764877,0.005341791169351473,-0.00258743009765462
TinyGRU,seed,83,offset_distance,>50,seen/0,11981,-26.214339370670228,-0.007366517041382249,0.9732910441532426,0.002503964610633503,0.022368750521659295,0.001836240714464569,0.000667723896168934
TinyGRU,seed,97,offset_distance,>50,seen/0,11981,-26.214339370670228,-0.01551822420008177,0.972790251231116,0.0024204991236123864,0.020782906268258076,0.004006343377013605,-0.0015858442534012187
TinyGRU,aggregate,aggregate,offset_distance,>50,seen/0,11981,-26.214339370670228,-0.012477082912529781,0.9708705450296302,0.002771054169101077,0.022468909106084633,0.003889491695184042,-0.0011184375260829649
MarbleNet,reference,reference,offset_distance,0,seen/5,128,0.0,0.10285934645773523,0.21875,0.0546875,0.703125,0.0234375,0.03125
TinyGRU,seed,41,offset_distance,0,seen/5,128,0.0,-0.011096596609745553,0.125,0.015625,0.8203125,0.0390625,-0.0234375
TinyGRU,seed,59,offset_distance,0,seen/5,128,0.0,-0.02723840079499594,0.140625,0.0078125,0.8125,0.0390625,-0.03125
TinyGRU,seed,71,offset_distance,0,seen/5,128,0.0,-0.028922400228712224,0.109375,0.0078125,0.84375,0.0390625,-0.03125
TinyGRU,seed,83,offset_distance,0,seen/5,128,0.0,0.0097813654244104,0.1171875,0.015625,0.84375,0.0234375,-0.0078125
TinyGRU,seed,97,offset_distance,0,seen/5,128,0.0,0.01793660921525672,0.140625,0.0078125,0.8125,0.0390625,-0.03125
TinyGRU,aggregate,aggregate,offset_distance,0,seen/5,128,0.0,-0.007907884598757313,0.1265625,0.010937500000000001,0.8265625,0.035937500000000004,-0.025
MarbleNet,reference,reference,offset_distance,1,seen/5,256,0.0,0.023373644074697674,0.5234375,0.01953125,0.4296875,0.02734375,-0.0078125
TinyGRU,seed,41,offset_distance,1,seen/5,256,0.0,0.021876026728644443,0.4921875,0.02734375,0.45703125,0.0234375,0.00390625
TinyGRU,seed,59,offset_distance,1,seen/5,256,0.0,0.014308268963373564,0.5078125,0.01171875,0.453125,0.02734375,-0.015625
TinyGRU,seed,71,offset_distance,1,seen/5,256,0.0,0.008740696402033262,0.48828125,0.015625,0.46484375,0.03125,-0.015625
TinyGRU,seed,83,offset_distance,1,seen/5,256,0.0,0.008839543210659249,0.5078125,0.01953125,0.44921875,0.0234375,-0.00390625
TinyGRU,seed,97,offset_distance,1,seen/5,256,0.0,0.0243037815496727,0.48046875,0.03125,0.44921875,0.0390625,-0.0078125
TinyGRU,aggregate,aggregate,offset_distance,1,seen/5,256,0.0,0.015613663370876645,0.49531250000000004,0.02109375,0.4546875,0.02890625,-0.0078125
MarbleNet,reference,reference,offset_distance,2-4,seen/5,768,0.0,0.03905157101642474,0.6158854166666667,0.037760416666666664,0.3203125,0.026041666666666668,0.01171875
TinyGRU,seed,41,offset_distance,2-4,seen/5,768,0.0,0.023194717487648897,0.56640625,0.036458333333333336,0.3697916666666667,0.02734375,0.009114583333333336
TinyGRU,seed,59,offset_distance,2-4,seen/5,768,0.0,0.018034954424768962,0.578125,0.026041666666666668,0.3697916666666667,0.026041666666666668,0.0
TinyGRU,seed,71,offset_distance,2-4,seen/5,768,0.0,0.008630874939730098,0.5598958333333334,0.018229166666666668,0.3802083333333333,0.041666666666666664,-0.023437499999999997
TinyGRU,seed,83,offset_distance,2-4,seen/5,768,0.0,0.009891056401791921,0.5807291666666666,0.01171875,0.3841145833333333,0.0234375,-0.01171875
TinyGRU,seed,97,offset_distance,2-4,seen/5,768,0.0,0.02372018004242989,0.5651041666666666,0.0390625,0.359375,0.036458333333333336,0.0026041666666666644
TinyGRU,aggregate,aggregate,offset_distance,2-4,seen/5,768,0.0,0.01669435665927396,0.5700520833333332,0.026302083333333334,0.3726562500000001,0.030989583333333334,-0.004687500000000001
MarbleNet,reference,reference,offset_distance,5-10,seen/5,1508,-0.03647214854111406,0.029615630101004153,0.7778514588859418,0.03978779840848806,0.16445623342175067,0.01790450928381963,0.021883289124668436
TinyGRU,seed,41,offset_distance,5-10,seen/5,1508,-0.03647214854111406,0.03429033020645134,0.6737400530503979,0.03978779840848806,0.2579575596816976,0.028514588859416445,0.011273209549071617
TinyGRU,seed,59,offset_distance,5-10,seen/5,1508,-0.03647214854111406,0.03466956637557,0.6962864721485411,0.028514588859416445,0.26525198938992045,0.009946949602122016,0.01856763925729443
TinyGRU,seed,71,offset_distance,5-10,seen/5,1508,-0.03647214854111406,0.031079862351759302,0.6923076923076923,0.02586206896551724,0.2619363395225464,0.01989389920424403,0.00596816976127321
TinyGRU,seed,83,offset_distance,5-10,seen/5,1508,-0.03647214854111406,0.019139858361633927,0.7088859416445623,0.020557029177718834,0.26591511936339524,0.004641909814323607,0.015915119363395226
TinyGRU,seed,97,offset_distance,5-10,seen/5,1508,-0.03647214854111406,0.03679417743623774,0.7082228116710876,0.03580901856763926,0.246684350132626,0.009283819628647215,0.026525198938992044
TinyGRU,aggregate,aggregate,offset_distance,5-10,seen/5,1508,-0.03647214854111406,0.031194758946330465,0.6958885941644563,0.03010610079575597,0.25954907161803714,0.014456233421750666,0.015649867374005304
MarbleNet,reference,reference,offset_distance,11-25,seen/5,3579,-0.8840458228555462,0.012498743518284706,0.860296172115116,0.017882089969265158,0.10924839340597932,0.012573344509639563,0.005308745459625594
TinyGRU,seed,41,offset_distance,11-25,seen/5,3579,-0.8840458228555462,0.03972178721854496,0.7717239452360994,0.029617211511595416,0.1866443140542051,0.012014529198100027,0.01760268231349539
TinyGRU,seed,59,offset_distance,11-25,seen/5,3579,-0.8840458228555462,0.038588273296366875,0.7809443978765018,0.03129365744621403,0.1830120145291981,0.004749930148086058,0.02654372729812797
TinyGRU,seed,71,offset_distance,11-25,seen/5,3579,-0.8840458228555462,0.037988323382098343,0.7820620284995808,0.025426096675048897,0.17630623079072366,0.016205644034646548,0.00922045264040235
TinyGRU,seed,83,offset_distance,11-25,seen/5,3579,-0.8840458228555462,0.02008017830209428,0.7870913663034367,0.02179379715004191,0.18748253702151438,0.0036322995250069852,0.018161497625034925
TinyGRU,seed,97,offset_distance,11-25,seen/5,3579,-0.8840458228555462,0.0376500381977809,0.7935177423861414,0.029058396200055882,0.16736518580609108,0.010058675607711651,0.01899972059234423
TinyGRU,aggregate,aggregate,offset_distance,11-25,seen/5,3579,-0.8840458228555462,0.03480572007937707,0.783067896060352,0.027437831796591226,0.1801620564403465,0.009332215702710254,0.01810561609388097
MarbleNet,reference,reference,offset_distance,26-50,seen/5,5055,-3.989515331355094,0.00043268594245146624,0.9107814045499505,0.013056379821958458,0.0698318496538081,0.006330365974282888,0.006726013847675569
TinyGRU,seed,41,offset_distance,26-50,seen/5,5055,-3.989515331355094,0.028747139453941,0.8749752720079129,0.021167161226508406,0.09673590504451039,0.007121661721068249,0.014045499505440158
TinyGRU,seed,59,offset_distance,26-50,seen/5,5055,-3.989515331355094,0.027812892076474922,0.875568743818002,0.019980217606330366,0.09792284866468842,0.006528189910979229,0.013452027695351136
TinyGRU,seed,71,offset_distance,26-50,seen/5,5055,-3.989515331355094,0.025772166255968895,0.8724035608308606,0.021760633036597428,0.09614243323442137,0.009693372898120672,0.012067260138476756
TinyGRU,seed,83,offset_distance,26-50,seen/5,5055,-3.989515331355094,0.00800243960317819,0.886646884272997,0.013056379821958458,0.09357072205736894,0.006726013847675569,0.006330365974282889
TinyGRU,seed,97,offset_distance,26-50,seen/5,5055,-3.989515331355094,0.018057299408773472,0.8735905044510386,0.018595450049455984,0.09693372898120672,0.010880316518298714,0.00771513353115727
TinyGRU,aggregate,aggregate,offset_distance,26-50,seen/5,5055,-3.989515331355094,0.0216783873596673,0.8766369930761623,0.01891196834817013,0.09626112759643918,0.008189910979228486,0.010722057368941643
MarbleNet,reference,reference,offset_distance,>50,seen/5,9379,-33.18989231261329,-0.0048950476513408316,0.9829406120055444,0.0011728329246188294,0.011515086896257597,0.004371468173579273,-0.0031986352489604434
TinyGRU,seed,41,offset_distance,>50,seen/5,9379,-33.18989231261329,0.003763642664790511,0.9739844333084551,0.006610512847851583,0.014926964495148737,0.004478089348544621,0.0021324234993069617
TinyGRU,seed,59,offset_distance,>50,seen/5,9379,-33.18989231261329,0.0038722399189508646,0.9762234779827274,0.006717134022816931,0.01535344919501013,0.0017059387994455698,0.005011195223371361
TinyGRU,seed,71,offset_distance,>50,seen/5,9379,-33.18989231261329,0.004613793364988277,0.9753705085830046,0.007143618722678324,0.0141806162703913,0.0033052564239257915,0.003838362298752533
TinyGRU,seed,83,offset_distance,>50,seen/5,9379,-33.18989231261329,-0.00026323705443090194,0.9786757650069304,0.0031986352489604434,0.015993176244802218,0.0021324234993069626,0.0010662117496534809
TinyGRU,seed,97,offset_distance,>50,seen/5,9379,-33.18989231261329,-0.0022952443414447814,0.9778227956072076,0.005224437573302058,0.012794540995841774,0.004158225823648576,0.0010662117496534817
TinyGRU,aggregate,aggregate,offset_distance,>50,seen/5,9379,-33.18989231261329,0.0019382389105707934,0.9764153960976649,0.005778867683121868,0.014649749440238832,0.0031559867789743043,0.002622880904147564
MarbleNet,reference,reference,offset_distance,0,seen/10,188,0.0,-0.019168127975647955,0.2978723404255319,0.02127659574468085,0.6648936170212766,0.015957446808510637,0.005319148936170213
TinyGRU,seed,41,offset_distance,0,seen/10,188,0.0,-0.01518472174110125,0.23404255319148937,0.031914893617021274,0.6861702127659575,0.047872340425531915,-0.01595744680851064
TinyGRU,seed,59,offset_distance,0,seen/10,188,0.0,-0.03207083176407648,0.24468085106382978,0.031914893617021274,0.6702127659574468,0.05319148936170213,-0.021276595744680854
TinyGRU,seed,71,offset_distance,0,seen/10,188,0.0,-0.0423490506985529,0.19680851063829788,0.015957446808510637,0.7287234042553191,0.05851063829787234,-0.04255319148936171
TinyGRU,seed,83,offset_distance,0,seen/10,188,0.0,-0.003472209956212456,0.17553191489361702,0.0,0.7712765957446809,0.05319148936170213,-0.05319148936170213
TinyGRU,seed,97,offset_distance,0,seen/10,188,0.0,-0.0352679278522994,0.26063829787234044,0.015957446808510637,0.6861702127659575,0.03723404255319149,-0.02127659574468085
TinyGRU,aggregate,aggregate,offset_distance,0,seen/10,188,0.0,-0.025668948402448495,0.22234042553191488,0.019148936170212762,0.7085106382978723,0.05,-0.03085106382978724
MarbleNet,reference,reference,offset_distance,1,seen/10,374,-0.0053475935828877,-0.0014547272754723843,0.5213903743315508,0.026737967914438502,0.4197860962566845,0.03208556149732621,-0.0053475935828877
TinyGRU,seed,41,offset_distance,1,seen/10,374,-0.0053475935828877,0.022522222078845005,0.5106951871657754,0.029411764705882353,0.4197860962566845,0.040106951871657755,-0.010695187165775402
TinyGRU,seed,59,offset_distance,1,seen/10,374,-0.0053475935828877,0.00640440663051654,0.5133689839572193,0.034759358288770054,0.4117647058823529,0.040106951871657755,-0.005347593582887701
TinyGRU,seed,71,offset_distance,1,seen/10,374,-0.0053475935828877,0.01966183196842192,0.5133689839572193,0.02406417112299465,0.4144385026737968,0.0481283422459893,-0.02406417112299465
TinyGRU,seed,83,offset_distance,1,seen/10,374,-0.0053475935828877,0.012205847266363777,0.5267379679144385,0.0213903743315508,0.4144385026737968,0.0374331550802139,-0.0160427807486631
TinyGRU,seed,97,offset_distance,1,seen/10,374,-0.0053475935828877,0.008943581386460368,0.5133689839572193,0.026737967914438502,0.4358288770053476,0.02406417112299465,0.0026737967914438505
TinyGRU,aggregate,aggregate,offset_distance,1,seen/10,374,-0.0053475935828877,0.013947577866121521,0.5155080213903743,0.027272727272727275,0.4192513368983958,0.037967914438502684,-0.010695187165775409
MarbleNet,reference,reference,offset_distance,2-4,seen/10,1117,-0.012533572068039392,0.014547280797233286,0.6204118173679499,0.049239033124440466,0.3097582811101164,0.020590868397493287,0.02864816472694718
TinyGRU,seed,41,offset_distance,2-4,seen/10,1117,-0.012533572068039392,0.02031216310941722,0.6266786034019696,0.03133393017009848,0.315129811996419,0.02685765443151298,0.0044762757385855
TinyGRU,seed,59,offset_distance,2-4,seen/10,1117,-0.012533572068039392,0.003366885309441822,0.6141450313339302,0.043867502238137866,0.3017009847806625,0.04028648164726947,0.003581020590868393
TinyGRU,seed,71,offset_distance,2-4,seen/10,1117,-0.012533572068039392,0.014111587763716099,0.6087735004476276,0.03670546105640107,0.3115487914055506,0.04297224709042077,-0.0062667860340197
TinyGRU,seed,83,offset_distance,2-4,seen/10,1117,-0.012533572068039392,0.009478666969984196,0.6320501342882722,0.020590868397493287,0.3205013428827216,0.02685765443151298,-0.006266786034019693
TinyGRU,seed,97,offset_distance,2-4,seen/10,1117,-0.012533572068039392,0.0073572011910096055,0.6159355416293644,0.02775290957923008,0.3133393017009848,0.04297224709042077,-0.015219337511190693
TinyGRU,aggregate,aggregate,offset_distance,2-4,seen/10,1117,-0.012533572068039392,0.010925300868713786,0.6195165622202328,0.03205013428827216,0.3124440465532677,0.035989256938227396,-0.003939122649955239
MarbleNet,reference,reference,offset_distance,5-10,seen/10,2204,-0.011343012704174229,0.02034160101029034,0.7849364791288566,0.029491833030852996,0.16742286751361163,0.018148820326678767,0.011343012704174229
TinyGRU,seed,41,offset_distance,5-10,seen/10,2204,-0.011343012704174229,0.019452233840716884,0.7377495462794919,0.024047186932849365,0.2236842105263158,0.014519056261343012,0.009528130671506353
TinyGRU,seed,59,offset_distance,5-10,seen/10,2204,-0.011343012704174229,0.003145858965199262,0.7436479128856625,0.034936479128856626,0.20689655172413793,0.014519056261343012,0.020417422867513614
TinyGRU,seed,71,offset_distance,5-10,seen/10,2204,-0.011343012704174229,0.012494908465219966,0.7268602540834845,0.034936479128856626,0.21370235934664247,0.024500907441016333,0.010435571687840293
TinyGRU,seed,83,offset_distance,5-10,seen/10,2204,-0.011343012704174229,0.00837352050754311,0.7295825771324864,0.023593466424682397,0.23684210526315788,0.009981851179673321,0.013611615245009076
TinyGRU,seed,97,offset_distance,5-10,seen/10,2204,-0.011343012704174229,0.007826901405555467,0.7404718693284936,0.025408348457350273,0.22096188747731396,0.013157894736842105,0.012250453720508168
TinyGRU,aggregate,aggregate,offset_distance,5-10,seen/10,2204,-0.011343012704174229,0.010258684636846939,0.7356624319419238,0.028584392014519056,0.22041742286751362,0.015335753176043555,0.013248638838475501
MarbleNet,reference,reference,offset_distance,11-25,seen/10,5354,-0.4385506163615988,0.011699964849600905,0.9019424729174449,0.015315651849084797,0.07527082555098992,0.007471049682480389,0.007844602166604408
TinyGRU,seed,41,offset_distance,11-25,seen/10,5354,-0.4385506163615988,0.0026518641597424574,0.8505790063503922,0.01288756070227867,0.13130369816959284,0.005229734777736272,0.007657825924542398
TinyGRU,seed,59,offset_distance,11-25,seen/10,5354,-0.4385506163615988,-0.0034583955448223825,0.8397459843107956,0.014008218154650729,0.13746731415763916,0.008778483376914456,0.005229734777736273
TinyGRU,seed,71,offset_distance,11-25,seen/10,5354,-0.4385506163615988,-0.0015837251822695005,0.8376914456481136,0.01363466567052671,0.13784086664176318,0.010833022039596563,0.002801643630930146
TinyGRU,seed,83,offset_distance,11-25,seen/10,5354,-0.4385506163615988,0.001017386052016081,0.8246171087037729,0.010833022039596563,0.1615614493836384,0.0029884198729921555,0.007844602166604408
TinyGRU,seed,97,offset_distance,11-25,seen/10,5354,-0.4385506163615988,-0.00041205610975512605,0.84665670526709,0.014381770638774749,0.13093014568546882,0.008031378408666417,0.0063503922301083315
TinyGRU,aggregate,aggregate,offset_distance,11-25,seen/10,5354,-0.4385506163615988,-0.0003569853250176937,0.839858050056033,0.013149047441165485,0.13982069480762047,0.007172207695181174,0.005976839745984311
MarbleNet,reference,reference,offset_distance,26-50,seen/10,7811,-1.72961208552042,-0.008230008382246752,0.9236973498911791,0.00755345026245039,0.06055562668032262,0.008193573166047881,-0.0006401229035974907
TinyGRU,seed,41,offset_distance,26-50,seen/10,7811,-1.72961208552042,0.00024052971754256726,0.8888746639354757,0.012930482652669313,0.08808091153501472,0.010113941876840353,0.0028165407758289594
TinyGRU,seed,59,offset_distance,26-50,seen/10,7811,-1.72961208552042,-0.0008591306499515515,0.8910510818077071,0.014594802202022788,0.08488029701702728,0.009473818973242863,0.005120983228779925
TinyGRU,seed,71,offset_distance,26-50,seen/10,7811,-1.72961208552042,-0.0020102302628988377,0.8923313276149021,0.010626040199718346,0.08833696069645372,0.008705671488925874,0.0019203687107924722
TinyGRU,seed,83,offset_distance,26-50,seen/10,7811,-1.72961208552042,-0.0008454016370483712,0.8955319421328896,0.007937524004608884,0.09230572269875816,0.004224811163743439,0.003712712840865445
TinyGRU,seed,97,offset_distance,26-50,seen/10,7811,-1.72961208552042,0.00039002691052938244,0.8963000896172065,0.011522212264754833,0.08372807579055179,0.008449622327486878,0.003072589937267955
TinyGRU,aggregate,aggregate,offset_distance,26-50,seen/10,7811,-1.72961208552042,-0.0006168411843653628,0.8928178210216362,0.011522212264754833,0.08746639354756114,0.008193573166047881,0.003328639098706952
MarbleNet,reference,reference,offset_distance,>50,seen/10,15979,-20.215720633331248,-0.0007802561203340912,0.9807872833093436,0.003191689091933162,0.01383065273171037,0.0021903748670129546,0.0010013142249202078
TinyGRU,seed,41,offset_distance,>50,seen/10,15979,-20.215720633331248,0.001879585268874067,0.9693973340008761,0.00419300331685337,0.02140309155766944,0.005006571124601039,-0.0008135678077476694
TinyGRU,seed,59,offset_distance,>50,seen/10,15979,-20.215720633331248,-0.00255208214173863,0.9700857375305088,0.005569810376118656,0.02033919519369172,0.004005256899680831,0.0015645534764378247
TinyGRU,seed,71,offset_distance,>50,seen/10,15979,-20.215720633331248,0.002515078313700923,0.9704612303648539,0.006007885349521246,0.020652105888979286,0.0028787783966455972,0.003129106952875649
TinyGRU,seed,83,offset_distance,>50,seen/10,15979,-20.215720633331248,-0.002324593037524629,0.9743413229864196,0.0025658677013580323,0.02077727016709431,0.0023155391451279805,0.0002503285562300518
TinyGRU,seed,97,offset_distance,>50,seen/10,15979,-20.215720633331248,8.808505454151977e-05,0.9726516052318668,0.0041304211777958575,0.020276613054634206,0.0029413605357031104,0.001189060642092747
TinyGRU,aggregate,aggregate,offset_distance,>50,seen/10,15979,-20.215720633331248,-7.878530842934941e-05,0.971387446022905,0.004493397584329433,0.020689655172413793,0.003429501220351712,0.0010638963639777207
MarbleNet,reference,reference,offset_distance,0,seen/15,161,0.0,-0.0677321117615004,0.38509316770186336,0.018633540372670808,0.5590062111801242,0.037267080745341616,-0.018633540372670808
TinyGRU,seed,41,offset_distance,0,seen/15,161,0.0,-0.12462039589715854,0.32298136645962733,0.012422360248447204,0.5838509316770186,0.08074534161490683,-0.06832298136645963
TinyGRU,seed,59,offset_distance,0,seen/15,161,0.0,-0.0980763864134968,0.32919254658385094,0.012422360248447204,0.5900621118012422,0.06832298136645963,-0.05590062111801243
TinyGRU,seed,71,offset_distance,0,seen/15,161,0.0,-0.1505176017314302,0.2795031055900621,0.018633540372670808,0.6335403726708074,0.06832298136645963,-0.04968944099378882
TinyGRU,seed,83,offset_distance,0,seen/15,161,0.0,-0.04511217728713844,0.2981366459627329,0.031055900621118012,0.6273291925465838,0.043478260869565216,-0.012422360248447204
TinyGRU,seed,97,offset_distance,0,seen/15,161,0.0,-0.11226230942199385,0.2919254658385093,0.024844720496894408,0.5962732919254659,0.08695652173913043,-0.062111801242236024
TinyGRU,aggregate,aggregate,offset_distance,0,seen/15,161,0.0,-0.10611777415024354,0.30434782608695654,0.01987577639751553,0.6062111801242236,0.06956521739130435,-0.049689440993788817
MarbleNet,reference,reference,offset_distance,1,seen/15,321,-0.003115264797507788,-0.027807504478700344,0.5233644859813084,0.056074766355140186,0.3925233644859813,0.028037383177570093,0.028037383177570093
TinyGRU,seed,41,offset_distance,1,seen/15,321,-0.003115264797507788,-0.013443974948993237,0.5295950155763239,0.04672897196261682,0.3956386292834891,0.028037383177570093,0.018691588785046728
TinyGRU,seed,59,offset_distance,1,seen/15,321,-0.003115264797507788,-0.0042000272951966885,0.4984423676012461,0.037383177570093455,0.4205607476635514,0.04361370716510903,-0.006230529595015577
TinyGRU,seed,71,offset_distance,1,seen/15,321,-0.003115264797507788,-0.025207840854000168,0.514018691588785,0.037383177570093455,0.3987538940809969,0.04984423676012461,-0.012461059190031154
TinyGRU,seed,83,offset_distance,1,seen/15,321,-0.003115264797507788,-0.0016475294445191604,0.5295950155763239,0.018691588785046728,0.4143302180685358,0.037383177570093455,-0.018691588785046728
TinyGRU,seed,97,offset_distance,1,seen/15,321,-0.003115264797507788,-0.01257934319512278,0.4953271028037383,0.040498442367601244,0.40498442367601245,0.059190031152647975,-0.01869158878504673
TinyGRU,aggregate,aggregate,offset_distance,1,seen/15,321,-0.003115264797507788,-0.011415743147566408,0.5133956386292835,0.03613707165109035,0.4068535825545171,0.04361370716510903,-0.007476635514018684
MarbleNet,reference,reference,offset_distance,2-4,seen/15,958,-0.005219206680584551,0.004460599275264258,0.675365344467641,0.029227557411273485,0.2776617954070981,0.017745302713987474,0.011482254697286013
TinyGRU,seed,41,offset_distance,2-4,seen/15,958,-0.005219206680584551,-0.002339158623243437,0.6294363256784968,0.03549060542797495,0.3048016701461378,0.030271398747390398,0.005219206680584551
TinyGRU,seed,59,offset_distance,2-4,seen/15,958,-0.005219206680584551,0.0008394399274005598,0.6137787056367432,0.03549060542797495,0.3173277661795407,0.033402922755741124,0.0020876826722338246
TinyGRU,seed,71,offset_distance,2-4,seen/15,958,-0.005219206680584551,-0.014317049340252911,0.6116910229645094,0.03966597077244259,0.30167014613778703,0.04697286012526096,-0.007306889352818369
TinyGRU,seed,83,offset_distance,2-4,seen/15,958,-0.005219206680584551,-0.0015888790810332594,0.6263048016701461,0.017745302713987474,0.33089770354906056,0.025052192066805846,-0.007306889352818372
TinyGRU,seed,97,offset_distance,2-4,seen/15,958,-0.005219206680584551,-0.005081033884238203,0.6064718162839249,0.03653444676409186,0.31315240083507306,0.04384133611691023,-0.007306889352818376
TinyGRU,aggregate,aggregate,offset_distance,2-4,seen/15,958,-0.005219206680584551,-0.00449733620027345,0.6175365344467642,0.03298538622129436,0.3135699373695199,0.035908141962421716,-0.002922755741127353
MarbleNet,reference,reference,offset_distance,5-10,seen/15,1896,0.013713080168776372,0.008280012617139449,0.8380801687763713,0.0189873417721519,0.12974683544303797,0.013185654008438819,0.0058016877637130804
TinyGRU,seed,41,offset_distance,5-10,seen/15,1896,0.013713080168776372,0.005839946274847509,0.7695147679324894,0.019514767932489453,0.19251054852320676,0.018459915611814346,0.0010548523206751065
TinyGRU,seed,59,offset_distance,5-10,seen/15,1896,0.013713080168776372,0.005429385699390378,0.7568565400843882,0.034282700421940926,0.189873417721519,0.0189873417721519,0.015295358649789027
TinyGRU,seed,71,offset_distance,5-10,seen/15,1896,0.013713080168776372,-0.004284130110243912,0.7478902953586498,0.03322784810126582,0.1809071729957806,0.0379746835443038,-0.004746835443037979
TinyGRU,seed,83,offset_distance,5-10,seen/15,1896,0.013713080168776372,0.0017857474212584206,0.7505274261603375,0.015822784810126583,0.21624472573839662,0.01740506329113924,-0.0015822784810126563
TinyGRU,seed,97,offset_distance,5-10,seen/15,1896,0.013713080168776372,0.0018966530185506659,0.7674050632911392,0.026371308016877638,0.18670886075949367,0.019514767932489453,0.006856540084388185
TinyGRU,aggregate,aggregate,offset_distance,5-10,seen/15,1896,0.013713080168776372,0.0021335204607606123,0.7584388185654009,0.025843881856540084,0.19324894514767932,0.02246835443037975,0.003375527426160336
MarbleNet,reference,reference,offset_distance,11-25,seen/15,4511,-0.6688095765905564,0.0021425671487688915,0.9301706938594546,0.003768565728219907,0.06029705165151851,0.005763688760806916,-0.0019951230325870096
TinyGRU,seed,41,offset_distance,11-25,seen/15,4511,-0.6688095765905564,-0.0033119806934457504,0.8798492573708712,0.010862336510751497,0.09709598758590113,0.012192418532476169,-0.0013300820217246722
TinyGRU,seed,59,offset_distance,11-25,seen/15,4511,-0.6688095765905564,-0.00546743543516477,0.8887164708490357,0.005763688760806916,0.09000221680336955,0.015517623586787852,-0.009753934825980935
TinyGRU,seed,71,offset_distance,11-25,seen/15,4511,-0.6688095765905564,-0.011273643278646066,0.8738638882731101,0.011970738195522057,0.09554422522722235,0.01862114830414542,-0.0066504101086233645
TinyGRU,seed,83,offset_distance,11-25,seen/15,4511,-0.6688095765905564,-0.0041162858328752956,0.8791842163600089,0.007980492130348038,0.10485479937929505,0.007980492130348038,0.0
TinyGRU,seed,97,offset_distance,11-25,seen/15,4511,-0.6688095765905564,-0.008763403111932301,0.8860563068055863,0.006428729771669253,0.092884061183773,0.014630902238971403,-0.008202172467302149
TinyGRU,aggregate,aggregate,offset_distance,11-25,seen/15,4511,-0.6688095765905564,-0.006586549670412837,0.8815340279317225,0.00860119707381955,0.09607625803591222,0.013788516958545775,-0.005187319884726224
MarbleNet,reference,reference,offset_distance,26-50,seen/15,6393,-2.734709838886282,-0.005031121113884797,0.9491631471922416,0.00328484279680901,0.04379790395745346,0.003754106053496011,-0.0004692632566870014
TinyGRU,seed,41,offset_distance,26-50,seen/15,6393,-2.734709838886282,0.006587337393730593,0.9210073517910214,0.010636633818238699,0.06256843422493352,0.005787580165806351,0.004849053652432348
TinyGRU,seed,59,offset_distance,26-50,seen/15,6393,-2.734709838886282,0.010152328289518701,0.9291412482402628,0.008446738620366025,0.05912717034256218,0.00328484279680901,0.005161895823557015
TinyGRU,seed,71,offset_distance,26-50,seen/15,6393,-2.734709838886282,0.005810481958835344,0.9169404035664007,0.009228844048177694,0.06366338182386985,0.010167370561551698,-0.0009385265133740033
TinyGRU,seed,83,offset_distance,26-50,seen/15,6393,-2.734709838886282,0.0048179914525877665,0.9269513530423901,0.006882527764742687,0.06272485531049586,0.0034412638823713435,0.0034412638823713435
TinyGRU,seed,97,offset_distance,26-50,seen/15,6393,-2.734709838886282,0.0031560533514665935,0.9256999843578915,0.005474737994681683,0.06194274988268419,0.006882527764742687,-0.0014077897700610041
TinyGRU,aggregate,aggregate,offset_distance,26-50,seen/15,6393,-2.734709838886282,0.006104838489227799,0.9239480681995932,0.008133896449241357,0.062005318316909114,0.005912717034256218,0.0022211794149851393
MarbleNet,reference,reference,offset_distance,>50,seen/15,14257,-25.759486568001684,0.002251499553609001,0.9793084099039069,0.003927895069088869,0.015150452409342778,0.0016132426176614996,0.002314652451427369
TinyGRU,seed,41,offset_distance,>50,seen/15,14257,-25.759486568001684,0.015194066578026804,0.9711019148488462,0.008346777021813846,0.01760538682752332,0.0029459213018166513,0.005400855719997194
TinyGRU,seed,59,offset_distance,>50,seen/15,14257,-25.759486568001684,0.012439435698233506,0.9717331836992354,0.006733534404152346,0.020691590096093147,0.0008416918005190433,0.005891842603633303
TinyGRU,seed,71,offset_distance,>50,seen/15,14257,-25.759486568001684,0.016107885857774683,0.9751700918846882,0.00918846882233289,0.015010170442589605,0.0006312688503892825,0.008557199971943607
TinyGRU,seed,83,offset_distance,>50,seen/15,14257,-25.759486568001684,0.005777999795322673,0.9760117836852072,0.0037174721189591076,0.018727642561548713,0.0015431016342849126,0.002174370484674195
TinyGRU,seed,97,offset_distance,>50,seen/15,14257,-25.759486568001684,0.008980960148018706,0.978607000070141,0.005400855719997194,0.015080311425966192,0.0009118327838956302,0.004489022936101564
TinyGRU,aggregate,aggregate,offset_distance,>50,seen/15,14257,-25.759486568001684,0.011700069615475277,0.9745247948376237,0.006677421617451077,0.017423020270744195,0.001374763274181104,0.005302658343269972
MarbleNet,reference,reference,offset_distance,0,seen/20,168,0.0,-0.13006104414438055,0.3095238095238095,0.023809523809523808,0.6130952380952381,0.05357142857142857,-0.02976190476190476
TinyGRU,seed,41,offset_distance,0,seen/20,168,0.0,-0.17020542814434422,0.30952380952380953,0.011904761904761904,0.5892857142857143,0.08928571428571429,-0.07738095238095238
TinyGRU,seed,59,offset_distance,0,seen/20,168,0.0,-0.1530518529033592,0.3333333333333333,0.023809523809523808,0.5476190476190477,0.09523809523809523,-0.07142857142857142
TinyGRU,seed,71,offset_distance,0,seen/20,168,0.0,-0.21314758442555504,0.27976190476190477,0.0,0.6011904761904762,0.11904761904761904,-0.11904761904761904
TinyGRU,seed,83,offset_distance,0,seen/20,168,0.0,-0.07233436435596514,0.32142857142857145,0.005952380952380952,0.625,0.047619047619047616,-0.041666666666666664
TinyGRU,seed,97,offset_distance,0,seen/20,168,0.0,-0.14978613207074562,0.2857142857142857,0.017857142857142856,0.6011904761904762,0.09523809523809523,-0.07738095238095238
TinyGRU,aggregate,aggregate,offset_distance,0,seen/20,168,0.0,-0.15170507237999387,0.3059523809523809,0.011904761904761904,0.5928571428571429,0.08928571428571429,-0.07738095238095238
MarbleNet,reference,reference,offset_distance,1,seen/20,335,-0.0029850746268656717,-0.045439622392988696,0.5671641791044776,0.020895522388059702,0.39104477611940297,0.020895522388059702,0.0
TinyGRU,seed,41,offset_distance,1,seen/20,335,-0.0029850746268656717,-0.012978233947698453,0.5104477611940299,0.06567164179104477,0.3761194029850746,0.04776119402985075,0.017910447761194027
TinyGRU,seed,59,offset_distance,1,seen/20,335,-0.0029850746268656717,-0.006598931353144166,0.5283582089552239,0.04776119402985075,0.3850746268656716,0.03880597014925373,0.008955223880597017
TinyGRU,seed,71,offset_distance,1,seen/20,335,-0.0029850746268656717,-0.024975219099356356,0.5104477611940299,0.05373134328358209,0.382089552238806,0.05373134328358209,0.0
TinyGRU,seed,83,offset_distance,1,seen/20,335,-0.0029850746268656717,-0.0007733271247170572,0.5253731343283582,0.026865671641791045,0.41492537313432837,0.03283582089552239,-0.0059701492537313425
TinyGRU,seed,97,offset_distance,1,seen/20,335,-0.0029850746268656717,-0.014886141501578323,0.5104477611940299,0.04477611940298507,0.3850746268656716,0.05970149253731343,-0.01492537313432836
TinyGRU,aggregate,aggregate,offset_distance,1,seen/20,335,-0.0029850746268656717,-0.012042370605298868,0.5170149253731343,0.04776119402985075,0.3886567164179104,0.04656716417910448,0.0011940298507462643
MarbleNet,reference,reference,offset_distance,2-4,seen/20,999,-0.002002002002002002,0.001992341089559965,0.6886886886886887,0.025025025025025027,0.26626626626626626,0.02002002002002002,0.005005005005005005
TinyGRU,seed,41,offset_distance,2-4,seen/20,999,-0.002002002002002002,0.002509028935197766,0.6536536536536537,0.05105105105105105,0.24724724724724725,0.04804804804804805,0.0030030030030030047
TinyGRU,seed,59,offset_distance,2-4,seen/20,999,-0.002002002002002002,0.004252306702398654,0.6426426426426426,0.05005005005005005,0.26426426426426425,0.043043043043043044,0.007007007007007009
TinyGRU,seed,71,offset_distance,2-4,seen/20,999,-0.002002002002002002,-0.01011601474880393,0.6226226226226226,0.05305305305305305,0.2702702702702703,0.05405405405405406,-0.0010010010010010062
TinyGRU,seed,83,offset_distance,2-4,seen/20,999,-0.002002002002002002,0.0044092056855963456,0.6566566566566566,0.023023023023023025,0.2952952952952953,0.025025025025025027,-0.002002002002002002
TinyGRU,seed,97,offset_distance,2-4,seen/20,999,-0.002002002002002002,-0.003924776315682822,0.6546546546546547,0.036036036036036036,0.2682682682682683,0.04104104104104104,-0.005005005005005003
TinyGRU,aggregate,aggregate,offset_distance,2-4,seen/20,999,-0.002002002002002002,-0.0005740499482587934,0.646046046046046,0.04264264264264264,0.2690690690690691,0.042242242242242246,0.00040040040040039554
MarbleNet,reference,reference,offset_distance,5-10,seen/20,1968,-0.016260162601626018,0.01323181464399761,0.8561991869918699,0.012195121951219513,0.11534552845528455,0.016260162601626018,-0.0040650406504065045
TinyGRU,seed,41,offset_distance,5-10,seen/20,1968,-0.016260162601626018,0.0038736814155364155,0.8196138211382114,0.029471544715447155,0.12703252032520326,0.023882113821138213,0.005589430894308942
TinyGRU,seed,59,offset_distance,5-10,seen/20,1968,-0.016260162601626018,0.002751452271491939,0.8028455284552846,0.029471544715447155,0.13516260162601626,0.032520325203252036,-0.0030487804878048808
TinyGRU,seed,71,offset_distance,5-10,seen/20,1968,-0.016260162601626018,-0.0025991020223024995,0.782520325203252,0.029979674796747968,0.14939024390243902,0.038109756097560975,-0.008130081300813007
TinyGRU,seed,83,offset_distance,5-10,seen/20,1968,-0.016260162601626018,0.002476946865914588,0.8053861788617886,0.016260162601626018,0.16209349593495934,0.016260162601626018,0.0
TinyGRU,seed,97,offset_distance,5-10,seen/20,1968,-0.016260162601626018,-0.0013473695554773843,0.8099593495934959,0.023373983739837397,0.14532520325203252,0.021341463414634148,0.002032520325203249
TinyGRU,aggregate,aggregate,offset_distance,5-10,seen/20,1968,-0.016260162601626018,0.0010311217950326127,0.8040650406504064,0.025711382113821138,0.14380081300813008,0.026422764227642278,-0.00071138211382114
MarbleNet,reference,reference,offset_distance,11-25,seen/20,4751,-0.6023994948431909,0.005963708439193578,0.9482214270679857,0.00484108608713955,0.04420122079562198,0.0027362660492527887,0.002104820037886761
TinyGRU,seed,41,offset_distance,11-25,seen/20,4751,-0.6023994948431909,-0.004698194029984108,0.91096611239739,0.008208798147758366,0.06146074510629341,0.0193643443485582,-0.011155546200799832
TinyGRU,seed,59,offset_distance,11-25,seen/20,4751,-0.6023994948431909,-0.0030510039003512493,0.9094927383708693,0.008840244159124395,0.06714375920858767,0.014523258261418648,-0.005683014102294253
TinyGRU,seed,71,offset_distance,11-25,seen/20,4751,-0.6023994948431909,-0.007260088946601228,0.9088612923595033,0.010524100189433803,0.06903809724268575,0.011576510208377183,-0.00105241001894338
TinyGRU,seed,83,offset_distance,11-25,seen/20,4751,-0.6023994948431909,-0.004847233435683519,0.9063355083140392,0.00484108608713955,0.07261629130709324,0.016207114291728057,-0.011366028204588506
TinyGRU,seed,97,offset_distance,11-25,seen/20,4751,-0.6023994948431909,-0.007915052586416173,0.9221216585981898,0.005262050094716902,0.06377604714796885,0.008840244159124395,-0.003578194064407493
TinyGRU,aggregate,aggregate,offset_distance,11-25,seen/20,4751,-0.6023994948431909,-0.005554314579807256,0.9115554620079983,0.007535255735634603,0.06680698800252578,0.014102294253841297,-0.006567038518206694
MarbleNet,reference,reference,offset_distance,26-50,seen/20,6832,-2.4847775175644027,-0.004664272717103825,0.9452576112412178,0.004830210772833724,0.0468384074941452,0.0030737704918032786,0.001756440281030445
TinyGRU,seed,41,offset_distance,26-50,seen/20,6832,-2.4847775175644027,0.026255247286022652,0.9171545667447307,0.012295081967213115,0.0664519906323185,0.004098360655737705,0.008196721311475409
TinyGRU,seed,59,offset_distance,26-50,seen/20,6832,-2.4847775175644027,0.024094994674047115,0.9183255269320844,0.011855971896955503,0.0663056206088993,0.00351288056206089,0.008343091334894612
TinyGRU,seed,71,offset_distance,26-50,seen/20,6832,-2.4847775175644027,0.027728790087408247,0.9186182669789227,0.01668618266978923,0.06176814988290398,0.002927400468384075,0.013758782201405154
TinyGRU,seed,83,offset_distance,26-50,seen/20,6832,-2.4847775175644027,0.010078099136591497,0.9215456674473068,0.008343091334894614,0.06586651053864169,0.004244730679156909,0.004098360655737705
TinyGRU,seed,97,offset_distance,26-50,seen/20,6832,-2.4847775175644027,0.016576655313878363,0.9250585480093677,0.010685011709601873,0.06279274004683841,0.0014637002341920376,0.009221311475409836
TinyGRU,aggregate,aggregate,offset_distance,26-50,seen/20,6832,-2.4847775175644027,0.020946757299589575,0.9201405152224824,0.011973067915690867,0.06463700234192038,0.0032494145199063237,0.008723653395784544
MarbleNet,reference,reference,offset_distance,>50,seen/20,13651,-21.976924767416307,0.002141563460969111,0.9828583986521133,0.0020511317852172,0.014064903670060802,0.0010255658926086,0.0010255658926086
TinyGRU,seed,41,offset_distance,>50,seen/20,13651,-21.976924767416307,0.027569163403901243,0.9671818914365248,0.011281224818694601,0.0215368837447806,0.0,0.011281224818694601
TinyGRU,seed,59,offset_distance,>50,seen/20,13651,-21.976924767416307,0.018934615842594725,0.969233023221742,0.006592923595341001,0.023588015529997803,0.0005860376529192,0.006006885942421801
TinyGRU,seed,71,offset_distance,>50,seen/20,13651,-21.976924767416307,0.024582485578048378,0.9733352867921764,0.007398725368104901,0.019046223719874,0.00021976411984470003,0.007178961248260201
TinyGRU,seed,83,offset_distance,>50,seen/20,13651,-21.976924767416307,0.011962117384868048,0.9754596732840085,0.0033697165042854004,0.0207310819720167,0.00043952823968940007,0.0029301882645960003
TinyGRU,seed,97,offset_distance,>50,seen/20,13651,-21.976924767416307,0.015127794928703385,0.974360852684785,0.004615046516738701,0.020804336678631602,0.00021976411984470003,0.004395282396894001
TinyGRU,aggregate,aggregate,offset_distance,>50,seen/20,13651,-21.976924767416307,0.019635235427623157,0.9719141454838472,0.006651527360632922,0.021141308329060145,0.0002930188264596,0.006358508534173322
MarbleNet,reference,reference,offset_distance,0,unseen/-5,78,0.0,-0.10785841376136145,0.4358974358974359,0.01282051282051282,0.4358974358974359,0.11538461538461539,-0.10256410256410256
TinyGRU,seed,41,offset_distance,0,unseen/-5,78,0.0,0.03165344315169528,0.41025641025641024,0.07692307692307693,0.5,0.01282051282051282,0.06410256410256411
TinyGRU,seed,59,offset_distance,0,unseen/-5,78,0.0,0.051367112480981914,0.3333333333333333,0.11538461538461539,0.5128205128205128,0.038461538461538464,0.07692307692307693
TinyGRU,seed,71,offset_distance,0,unseen/-5,78,0.0,-0.030282272084701002,0.3974358974358974,0.02564102564102564,0.5384615384615384,0.038461538461538464,-0.012820512820512824
TinyGRU,seed,83,offset_distance,0,unseen/-5,78,0.0,0.06316997877575214,0.34615384615384615,0.08974358974358974,0.5256410256410257,0.038461538461538464,0.05128205128205128
TinyGRU,seed,97,offset_distance,0,unseen/-5,78,0.0,0.054586974050403414,0.3974358974358974,0.0641025641025641,0.5128205128205128,0.02564102564102564,0.03846153846153846
TinyGRU,aggregate,aggregate,offset_distance,0,unseen/-5,78,0.0,0.03409904727482635,0.3769230769230769,0.07435897435897437,0.5179487179487179,0.030769230769230774,0.0435897435897436
MarbleNet,reference,reference,offset_distance,1,unseen/-5,155,-0.0064516129032258064,0.07181556581233693,0.48387096774193555,0.06451612903225806,0.3935483870967742,0.05806451612903226,0.0064516129032258064
TinyGRU,seed,41,offset_distance,1,unseen/-5,155,-0.0064516129032258064,0.06148322921510305,0.4774193548387097,0.04516129032258064,0.45161290322580644,0.025806451612903226,0.019354838709677417
TinyGRU,seed,59,offset_distance,1,unseen/-5,155,-0.0064516129032258064,0.08547046304155037,0.4645161290322581,0.05806451612903226,0.4129032258064516,0.06451612903225806,-0.006451612903225802
TinyGRU,seed,71,offset_distance,1,unseen/-5,155,-0.0064516129032258064,0.048243438508664076,0.49032258064516127,0.025806451612903226,0.45161290322580644,0.03225806451612903,-0.006451612903225806
TinyGRU,seed,83,offset_distance,1,unseen/-5,155,-0.0064516129032258064,0.005997582895086721,0.4774193548387097,0.03870967741935484,0.43870967741935485,0.04516129032258064,-0.006451612903225802
TinyGRU,seed,97,offset_distance,1,unseen/-5,155,-0.0064516129032258064,0.0437388974844109,0.4838709677419355,0.05806451612903226,0.432258064516129,0.025806451612903226,0.03225806451612903
TinyGRU,aggregate,aggregate,offset_distance,1,unseen/-5,155,-0.0064516129032258064,0.048986722228963026,0.4787096774193549,0.04516129032258064,0.43741935483870975,0.03870967741935484,0.006451612903225802
MarbleNet,reference,reference,offset_distance,2-4,unseen/-5,465,-0.01935483870967742,0.07864025962659191,0.5290322580645161,0.05591397849462366,0.36129032258064514,0.053763440860215055,0.002150537634408602
TinyGRU,seed,41,offset_distance,2-4,unseen/-5,465,-0.01935483870967742,0.05550038855057106,0.5505376344086022,0.015053763440860216,0.3935483870967742,0.04086021505376344,-0.02580645161290323
TinyGRU,seed,59,offset_distance,2-4,unseen/-5,465,-0.01935483870967742,0.06805022556556611,0.5096774193548387,0.06236559139784946,0.35913978494623655,0.06881720430107527,-0.006451612903225809
TinyGRU,seed,71,offset_distance,2-4,unseen/-5,465,-0.01935483870967742,0.04581707389156589,0.5376344086021505,0.03870967741935484,0.3720430107526882,0.05161290322580645,-0.012903225806451611
TinyGRU,seed,83,offset_distance,2-4,unseen/-5,465,-0.01935483870967742,-0.003909346924408311,0.546236559139785,0.025806451612903226,0.4,0.02795698924731183,-0.002150537634408603
TinyGRU,seed,97,offset_distance,2-4,unseen/-5,465,-0.01935483870967742,0.03322470426190053,0.5526881720430108,0.03225806451612903,0.3849462365591398,0.030107526881720432,0.0021505376344085995
TinyGRU,aggregate,aggregate,offset_distance,2-4,unseen/-5,465,-0.01935483870967742,0.03973660906903906,0.5393548387096775,0.03483870967741936,0.3819354838709677,0.04387096774193548,-0.009032258064516123
MarbleNet,reference,reference,offset_distance,5-10,unseen/-5,926,-0.04859611231101512,0.07544013811740909,0.6123110151187905,0.04103671706263499,0.30345572354211664,0.04319654427645788,-0.0021598272138228943
TinyGRU,seed,41,offset_distance,5-10,unseen/-5,926,-0.04859611231101512,0.052799103062801694,0.6101511879049676,0.01511879049676026,0.3563714902807775,0.0183585313174946,-0.0032397408207343412
TinyGRU,seed,59,offset_distance,5-10,unseen/-5,926,-0.04859611231101512,0.054701106561578595,0.5615550755939525,0.06263498920086392,0.30885529157667385,0.06695464362850972,-0.0043196544276458
TinyGRU,seed,71,offset_distance,5-10,unseen/-5,926,-0.04859611231101512,0.04017833870926705,0.6133909287257019,0.026997840172786176,0.3228941684665227,0.0367170626349892,-0.009719222462203025
TinyGRU,seed,83,offset_distance,5-10,unseen/-5,926,-0.04859611231101512,-0.01053876432884952,0.5928725701943844,0.02159827213822894,0.3488120950323974,0.0367170626349892,-0.015118790496760261
TinyGRU,seed,97,offset_distance,5-10,unseen/-5,926,-0.04859611231101512,0.03190422995578962,0.5907127429805615,0.03023758099352052,0.34557235421166305,0.03347732181425486,-0.003239740820734343
TinyGRU,aggregate,aggregate,offset_distance,5-10,unseen/-5,926,-0.04859611231101512,0.03380880279211749,0.5937365010799136,0.03131749460043196,0.33650107991360695,0.03844492440604752,-0.007127429805615558
MarbleNet,reference,reference,offset_distance,11-25,unseen/-5,2261,-0.3878814683768244,0.04807227723982406,0.7209199469261388,0.05749668288367979,0.18089340999557718,0.040689960194604156,0.01680672268907563
TinyGRU,seed,41,offset_distance,11-25,unseen/-5,2261,-0.3878814683768244,0.051392143952200986,0.6554621848739496,0.03228659885006634,0.2998673153471915,0.01238390092879257,0.019902697921273773
TinyGRU,seed,59,offset_distance,11-25,unseen/-5,2261,-0.3878814683768244,0.052966005743828204,0.6475011057054401,0.0880141530296329,0.226890756302521,0.03759398496240601,0.05042016806722689
TinyGRU,seed,71,offset_distance,11-25,unseen/-5,2261,-0.3878814683768244,0.04038171382725963,0.6687306501547987,0.058823529411764705,0.25121627598407786,0.021229544449358692,0.03759398496240601
TinyGRU,seed,83,offset_distance,11-25,unseen/-5,2261,-0.3878814683768244,-0.013540901547382357,0.6612118531623176,0.020787262273330383,0.2923485183547103,0.02565236620964175,-0.004865103936311368
TinyGRU,seed,97,offset_distance,11-25,unseen/-5,2261,-0.3878814683768244,0.03553385205113722,0.6682883679787704,0.043343653250773995,0.26271561256081377,0.02565236620964175,0.017691287041132243
TinyGRU,aggregate,aggregate,offset_distance,11-25,unseen/-5,2261,-0.3878814683768244,0.033346562805408736,0.6602388323750553,0.048651039363113664,0.26660769570986287,0.02450243255196816,0.024148606811145504
MarbleNet,reference,reference,offset_distance,26-50,unseen/-5,3382,-1.7264931992903607,0.05305276651237937,0.7743938497930218,0.0384387936132466,0.17238320520402128,0.01478415138971023,0.02365464222353637
TinyGRU,seed,41,offset_distance,26-50,unseen/-5,3382,-1.7264931992903607,0.052198392611422686,0.6942637492607925,0.022176227084565348,0.2764636309875813,0.007096392667060911,0.015079834417504438
TinyGRU,seed,59,offset_distance,26-50,unseen/-5,3382,-1.7264931992903607,0.062099243717386614,0.7028385570668244,0.08397397989355411,0.19101123595505617,0.022176227084565348,0.06179775280898876
TinyGRU,seed,71,offset_distance,26-50,unseen/-5,3382,-1.7264931992903607,0.048750119542244535,0.6895328208160851,0.06327616794795979,0.22205795387344768,0.025133057362507392,0.038143110585452396
TinyGRU,seed,83,offset_distance,26-50,unseen/-5,3382,-1.7264931992903607,-0.023336562748034268,0.6756357185097576,0.019515079834417505,0.2761679479597871,0.028681253696037846,-0.00916617386162034
TinyGRU,seed,97,offset_distance,26-50,unseen/-5,3382,-1.7264931992903607,0.03245303369956318,0.6986989946777055,0.05499704316972206,0.22176227084565345,0.024541691306918984,0.030455351862803074
TinyGRU,aggregate,aggregate,offset_distance,26-50,unseen/-5,3382,-1.7264931992903607,0.03443284536451655,0.692193968066233,0.04878769958604376,0.23749260792430515,0.0215257244234181,0.02726197516262566
MarbleNet,reference,reference,offset_distance,>50,unseen/-5,8149,-26.14860719106639,0.04936993286557102,0.7877040127623022,0.042336483004049574,0.16505092649404834,0.004908577739599951,0.037427905264449626
TinyGRU,seed,41,offset_distance,>50,unseen/-5,8149,-26.14860719106639,0.08061671107512759,0.6789790158301632,0.05080377960485949,0.26346791017302734,0.006749294391949933,0.044054485212909555
TinyGRU,seed,59,offset_distance,>50,unseen/-5,8149,-26.14860719106639,0.10687910328804036,0.701435758988833,0.1101975702540189,0.17670879862559824,0.011657872131549884,0.09853969812246902
TinyGRU,seed,71,offset_distance,>50,unseen/-5,8149,-26.14860719106639,0.07044651091963956,0.7199656399558227,0.07227880721560928,0.19167996073137808,0.01607559209718984,0.05620321511841944
TinyGRU,seed,83,offset_distance,>50,unseen/-5,8149,-26.14860719106639,-0.05008422243860401,0.6921094612835931,0.03215118419437968,0.24579703031046754,0.0299423242115597,0.0022088599828199787
TinyGRU,seed,97,offset_distance,>50,unseen/-5,8149,-26.14860719106639,0.04163208288140655,0.7220517854951528,0.060866363971039394,0.19818382623634803,0.01889802429745981,0.04196833967357959
TinyGRU,aggregate,aggregate,offset_distance,>50,unseen/-5,8149,-26.14860719106639,0.04989803714512201,0.7029083323107129,0.06525954104798136,0.21516750521536385,0.016664621425941835,0.048594919622039524
MarbleNet,reference,reference,offset_distance,0,unseen/0,70,0.0,0.06051615599065593,0.3285714285714285,0.02857142857142857,0.6142857142857143,0.02857142857142857,0.0
TinyGRU,seed,41,offset_distance,0,unseen/0,70,0.0,-0.002576336397550517,0.21428571428571427,0.04285714285714286,0.7,0.04285714285714286,0.0
TinyGRU,seed,59,offset_distance,0,unseen/0,70,0.0,0.009983131437917804,0.14285714285714285,0.02857142857142857,0.7428571428571429,0.08571428571428572,-0.05714285714285715
TinyGRU,seed,71,offset_distance,0,unseen/0,70,0.0,-0.1065536355140809,0.14285714285714285,0.02857142857142857,0.7285714285714285,0.1,-0.07142857142857144
TinyGRU,seed,83,offset_distance,0,unseen/0,70,0.0,0.007961276699534435,0.21428571428571427,0.014285714285714285,0.7285714285714285,0.04285714285714286,-0.028571428571428574
TinyGRU,seed,97,offset_distance,0,unseen/0,70,0.0,-0.006203861137229314,0.22857142857142856,0.02857142857142857,0.7,0.04285714285714286,-0.014285714285714287
TinyGRU,aggregate,aggregate,offset_distance,0,unseen/0,70,0.0,-0.0194778849822817,0.18857142857142856,0.028571428571428567,0.72,0.06285714285714285,-0.03428571428571428
MarbleNet,reference,reference,offset_distance,1,unseen/0,140,0.0,0.06907884309309968,0.5,0.02142857142857143,0.44285714285714284,0.03571428571428571,-0.014285714285714285
TinyGRU,seed,41,offset_distance,1,unseen/0,140,0.0,0.008197424586626402,0.4857142857142857,0.02857142857142857,0.44285714285714284,0.04285714285714286,-0.014285714285714287
TinyGRU,seed,59,offset_distance,1,unseen/0,140,0.0,0.02479227268470302,0.5,0.04285714285714286,0.40714285714285714,0.05,-0.007142857142857145
TinyGRU,seed,71,offset_distance,1,unseen/0,140,0.0,-0.012342803337954521,0.4785714285714286,0.06428571428571428,0.40714285714285714,0.05,0.014285714285714277
TinyGRU,seed,83,offset_distance,1,unseen/0,140,0.0,0.012841393404507264,0.5071428571428571,0.02142857142857143,0.4357142857142857,0.03571428571428571,-0.014285714285714284
TinyGRU,seed,97,offset_distance,1,unseen/0,140,0.0,0.01551841369936647,0.5,0.03571428571428571,0.4357142857142857,0.02857142857142857,0.007142857142857142
TinyGRU,aggregate,aggregate,offset_distance,1,unseen/0,140,0.0,0.009801340207449735,0.49428571428571433,0.038571428571428576,0.42571428571428566,0.041428571428571426,-0.0028571428571428498
MarbleNet,reference,reference,offset_distance,2-4,unseen/0,420,0.0,0.07649511438288471,0.5642857142857144,0.04523809523809524,0.3619047619047619,0.02857142857142857,0.016666666666666666
TinyGRU,seed,41,offset_distance,2-4,unseen/0,420,0.0,0.016484607735393716,0.5238095238095238,0.030952380952380953,0.4119047619047619,0.03333333333333333,-0.0023809523809523794
TinyGRU,seed,59,offset_distance,2-4,unseen/0,420,0.0,0.027614573825617585,0.530952380952381,0.05476190476190476,0.3738095238095238,0.04047619047619048,0.014285714285714284
TinyGRU,seed,71,offset_distance,2-4,unseen/0,420,0.0,-0.01328836780280201,0.5166666666666667,0.05238095238095238,0.36904761904761907,0.06190476190476191,-0.009523809523809525
TinyGRU,seed,83,offset_distance,2-4,unseen/0,420,0.0,0.01082639445551209,0.5428571428571428,0.04285714285714286,0.3976190476190476,0.016666666666666666,0.02619047619047619
TinyGRU,seed,97,offset_distance,2-4,unseen/0,420,0.0,0.016661699384619477,0.5380952380952381,0.03571428571428571,0.40714285714285714,0.01904761904761905,0.016666666666666663
TinyGRU,aggregate,aggregate,offset_distance,2-4,unseen/0,420,0.0,0.01165978151966817,0.5304761904761905,0.043333333333333335,0.39190476190476187,0.03428571428571429,0.009047619047619047
MarbleNet,reference,reference,offset_distance,5-10,unseen/0,828,0.07367149758454106,0.06608850174485983,0.6485507246376812,0.024154589371980676,0.28743961352657005,0.03985507246376811,-0.01570048309178744
TinyGRU,seed,41,offset_distance,5-10,unseen/0,828,0.07367149758454106,0.014354255409271004,0.606280193236715,0.03743961352657005,0.3309178743961353,0.025362318840579712,0.012077294685990336
TinyGRU,seed,59,offset_distance,5-10,unseen/0,828,0.07367149758454106,0.02567949991691838,0.6159420289855072,0.022946859903381644,0.3272946859903382,0.033816425120772944,-0.0108695652173913
TinyGRU,seed,71,offset_distance,5-10,unseen/0,828,0.07367149758454106,-0.006443766441462364,0.607487922705314,0.03140096618357488,0.321256038647343,0.03985507246376811,-0.008454106280193233
TinyGRU,seed,83,offset_distance,5-10,unseen/0,828,0.07367149758454106,0.009985363842817977,0.6123188405797102,0.027777777777777776,0.3538647342995169,0.006038647342995169,0.021739130434782608
TinyGRU,seed,97,offset_distance,5-10,unseen/0,828,0.07367149758454106,0.01956862496980611,0.6147342995169082,0.01932367149758454,0.3466183574879227,0.01932367149758454,0.0
TinyGRU,aggregate,aggregate,offset_distance,5-10,unseen/0,828,0.07367149758454106,0.012628795539470222,0.6113526570048309,0.027777777777777776,0.33599033816425117,0.024879227053140097,0.0028985507246376795
MarbleNet,reference,reference,offset_distance,11-25,unseen/0,2013,-0.2757078986587183,0.03412228329291431,0.7655240933929459,0.013909587680079483,0.21013412816691504,0.010432190760059613,0.003477396920019871
TinyGRU,seed,41,offset_distance,11-25,unseen/0,2013,-0.2757078986587183,-0.001366642986156439,0.6890213611525087,0.02036761053154496,0.26428216592151016,0.026328862394436166,-0.005961251862891207
TinyGRU,seed,59,offset_distance,11-25,unseen/0,2013,-0.2757078986587183,0.009731948282635659,0.6924987580725286,0.03229011425732737,0.2473919523099851,0.027819175360158967,0.004470938897168403
TinyGRU,seed,71,offset_distance,11-25,unseen/0,2013,-0.2757078986587183,-0.008810102570718145,0.6815697963238947,0.03129657228017884,0.2687531048186786,0.01838052657724789,0.01291604570293095
TinyGRU,seed,83,offset_distance,11-25,unseen/0,2013,-0.2757078986587183,0.0010263110854284742,0.7009438648782911,0.02334823646299056,0.26328862394436164,0.012419274714356682,0.010928961748633878
TinyGRU,seed,97,offset_distance,11-25,unseen/0,2013,-0.2757078986587183,0.015133867161983111,0.6835568802781917,0.03427719821162444,0.26328862394436164,0.018877297565822158,0.015399900645802284
TinyGRU,aggregate,aggregate,offset_distance,11-25,unseen/0,2013,-0.2757078986587183,0.003143076194634532,0.6895181321410829,0.028315946348733235,0.26140089418777945,0.02076502732240437,0.007550919026328866
MarbleNet,reference,reference,offset_distance,26-50,unseen/0,2981,-2.87889969808789,0.039057929015308974,0.8674941294867494,0.02079838980207984,0.10969473331096947,0.0020127474002012745,0.018785642401878563
TinyGRU,seed,41,offset_distance,26-50,unseen/0,2981,-2.87889969808789,-0.002481851260928691,0.8195236497819524,0.01341831600134183,0.14961422341496142,0.01744381080174438,-0.004025494800402549
TinyGRU,seed,59,offset_distance,26-50,unseen/0,2981,-2.87889969808789,0.0007107930170307654,0.8275746393827574,0.023817510902381753,0.1251257967125126,0.023482053002348204,0.0003354579000335485
TinyGRU,seed,71,offset_distance,26-50,unseen/0,2981,-2.87889969808789,-0.018446073862042767,0.8282455551828246,0.016101979201610196,0.1405568601140557,0.015095605501509561,0.001006373700100635
TinyGRU,seed,83,offset_distance,26-50,unseen/0,2981,-2.87889969808789,-0.01050730399677301,0.8289164709828917,0.01039919490103992,0.14189869171418987,0.018785642401878563,-0.008386447500838643
TinyGRU,seed,97,offset_distance,26-50,unseen/0,2981,-2.87889969808789,0.01096019489443571,0.8386447500838645,0.024152968802415298,0.12210667561221067,0.015095605501509561,0.009057363300905737
TinyGRU,aggregate,aggregate,offset_distance,26-50,unseen/0,2981,-2.87889969808789,-0.0039528482416555915,0.8285810130828581,0.0175779939617578,0.13586044951358606,0.017980543441798055,-0.0004025494800402561
MarbleNet,reference,reference,offset_distance,>50,unseen/0,7903,-37.671643679615336,0.036744745000483255,0.8900417562950779,0.03087435151208402,0.07389598886498798,0.005187903327850183,0.025686448184233834
TinyGRU,seed,41,offset_distance,>50,unseen/0,7903,-37.671643679615336,0.02378759900764913,0.8423383525243578,0.0169555864861445,0.13273440465645958,0.007971656333038087,0.008983930153106414
TinyGRU,seed,59,offset_distance,>50,unseen/0,7903,-37.671643679615336,0.016968543594037034,0.8630899658357586,0.02745792736935341,0.09857016322915349,0.010881943565734532,0.016575983803618875
TinyGRU,seed,71,offset_distance,>50,unseen/0,7903,-37.671643679615336,0.01563175583207719,0.8652410477034038,0.030115146147032774,0.09009236998608124,0.014551436163482222,0.015563709983550552
TinyGRU,seed,83,offset_distance,>50,unseen/0,7903,-37.671643679615336,0.011060605324290214,0.8499304061748703,0.024168037454131343,0.11868910540301152,0.0072124509679868404,0.0169555864861445
TinyGRU,seed,97,offset_distance,>50,unseen/0,7903,-37.671643679615336,0.03216572929201255,0.8746045805390358,0.03125395419460964,0.08186764519802607,0.012273820068328483,0.01898013412628116
TinyGRU,aggregate,aggregate,offset_distance,>50,unseen/0,7903,-37.671643679615336,0.019922846610013225,0.8590408705554853,0.02599013033025433,0.10439073769454638,0.010578261419714033,0.015411868910540298
MarbleNet,reference,reference,offset_distance,0,unseen/5,89,0.0,-0.035998500287919295,0.39325842696629204,0.02247191011235955,0.5168539325842697,0.06741573033707865,-0.0449438202247191
TinyGRU,seed,41,offset_distance,0,unseen/5,89,0.0,-0.04138308184766115,0.39325842696629215,0.0,0.5842696629213483,0.02247191011235955,-0.02247191011235955
TinyGRU,seed,59,offset_distance,0,unseen/5,89,0.0,-0.05380945693081816,0.38202247191011235,0.02247191011235955,0.5617977528089888,0.033707865168539325,-0.011235955056179775
TinyGRU,seed,71,offset_distance,0,unseen/5,89,0.0,-0.027709102083108703,0.38202247191011235,0.0449438202247191,0.5393258426966292,0.033707865168539325,0.011235955056179775
TinyGRU,seed,83,offset_distance,0,unseen/5,89,0.0,0.005812295946847888,0.38202247191011235,0.0,0.6067415730337079,0.011235955056179775,-0.011235955056179775
TinyGRU,seed,97,offset_distance,0,unseen/5,89,0.0,-0.04136268206192331,0.30337078651685395,0.011235955056179775,0.6292134831460674,0.056179775280898875,-0.0449438202247191
TinyGRU,aggregate,aggregate,offset_distance,0,unseen/5,89,0.0,-0.03169040539533268,0.3685393258426966,0.015730337078651683,0.5842696629213483,0.03146067415730337,-0.01573033707865169
MarbleNet,reference,reference,offset_distance,1,unseen/5,178,0.0,0.023200352633172414,0.5056179775280899,0.033707865168539325,0.42696629213483145,0.033707865168539325,0.0
TinyGRU,seed,41,offset_distance,1,unseen/5,178,0.0,0.004094262681506241,0.5168539325842697,0.011235955056179775,0.4438202247191011,0.028089887640449437,-0.016853932584269662
TinyGRU,seed,59,offset_distance,1,unseen/5,178,0.0,-0.01380157720086865,0.5112359550561798,0.02247191011235955,0.449438202247191,0.016853932584269662,0.0056179775280898875
TinyGRU,seed,71,offset_distance,1,unseen/5,178,0.0,-0.04788443990397567,0.5,0.02247191011235955,0.42696629213483145,0.05056179775280899,-0.028089887640449437
TinyGRU,seed,83,offset_distance,1,unseen/5,178,0.0,-0.018964230692424953,0.5168539325842697,0.0,0.4550561797752809,0.028089887640449437,-0.028089887640449437
TinyGRU,seed,97,offset_distance,1,unseen/5,178,0.0,-0.0017616094104647756,0.4943820224719101,0.028089887640449437,0.449438202247191,0.028089887640449437,0.0
TinyGRU,aggregate,aggregate,offset_distance,1,unseen/5,178,0.0,-0.015663518905245564,0.5078651685393258,0.016853932584269662,0.444943820224719,0.030337078651685397,-0.013483146067415734
MarbleNet,reference,reference,offset_distance,2-4,unseen/5,529,0.034026465028355386,0.04282144682518817,0.5689981096408318,0.062381852551984876,0.3497164461247637,0.01890359168241966,0.043478260869565216
TinyGRU,seed,41,offset_distance,2-4,unseen/5,529,0.034026465028355386,0.011983194749748103,0.553875236294896,0.017013232514177693,0.4064272211720227,0.022684310018903593,-0.0056710775047259
TinyGRU,seed,59,offset_distance,2-4,unseen/5,529,0.034026465028355386,-0.015141177816723788,0.55765595463138,0.01890359168241966,0.4064272211720227,0.017013232514177693,0.0018903591682419667
TinyGRU,seed,71,offset_distance,2-4,unseen/5,529,0.034026465028355386,-0.05695071485730227,0.553875236294896,0.015122873345935728,0.3837429111531191,0.04725897920604915,-0.03213610586011342
TinyGRU,seed,83,offset_distance,2-4,unseen/5,529,0.034026465028355386,-0.02354671493245202,0.5671077504725898,0.007561436672967864,0.4158790170132325,0.00945179584120983,-0.0018903591682419658
TinyGRU,seed,97,offset_distance,2-4,unseen/5,529,0.034026465028355386,0.0034843317658778536,0.555765595463138,0.03969754253308128,0.3742911153119093,0.030245746691871456,0.009451795841209826
TinyGRU,aggregate,aggregate,offset_distance,2-4,unseen/5,529,0.034026465028355386,-0.016034216218170427,0.55765595463138,0.019659735349716448,0.3973534971644612,0.025330812854442344,-0.0056710775047258966
MarbleNet,reference,reference,offset_distance,5-10,unseen/5,1042,0.15930902111324377,0.06090948995112482,0.6525911708253359,0.0710172744721689,0.2495201535508637,0.026871401151631478,0.044145873320537425
TinyGRU,seed,41,offset_distance,5-10,unseen/5,1042,0.15930902111324377,0.019882807955646252,0.5959692898272553,0.02015355086372361,0.3800383877159309,0.003838771593090211,0.0163147792706334
TinyGRU,seed,59,offset_distance,5-10,unseen/5,1042,0.15930902111324377,-0.017070908504674513,0.5950095969289827,0.046065259117082535,0.34452975047984646,0.014395393474088292,0.03166986564299425
TinyGRU,seed,71,offset_distance,5-10,unseen/5,1042,0.15930902111324377,-0.06589566331477997,0.6007677543186181,0.018234165067178502,0.345489443378119,0.03550863723608445,-0.01727447216890595
TinyGRU,seed,83,offset_distance,5-10,unseen/5,1042,0.15930902111324377,-0.035328509270542166,0.6142034548944337,0.0067178502879078695,0.3742802303262956,0.0047984644913627635,0.001919385796545106
TinyGRU,seed,97,offset_distance,5-10,unseen/5,1042,0.15930902111324377,0.006672337235274982,0.6362763915547025,0.025911708253358926,0.3291746641074856,0.008637236084452975,0.01727447216890595
TinyGRU,aggregate,aggregate,offset_distance,5-10,unseen/5,1042,0.15930902111324377,-0.01834798717981508,0.6084452975047985,0.023416506717850286,0.35470249520153546,0.01343570057581574,0.009980806142034546
MarbleNet,reference,reference,offset_distance,11-25,unseen/5,2472,-0.41019417475728154,0.06451848646609645,0.7330097087378642,0.05825242718446602,0.18406148867313915,0.024676375404530743,0.03357605177993527
TinyGRU,seed,41,offset_distance,11-25,unseen/5,2472,-0.41019417475728154,0.03564738545273536,0.6371359223300971,0.023462783171521034,0.3353559870550162,0.0040453074433656954,0.019417475728155338
TinyGRU,seed,59,offset_distance,11-25,unseen/5,2472,-0.41019417475728154,-0.0011238952285085345,0.6468446601941747,0.052588996763754045,0.28802588996763756,0.012540453074433657,0.040048543689320384
TinyGRU,seed,71,offset_distance,11-25,unseen/5,2472,-0.41019417475728154,-0.057953953197532944,0.6525080906148867,0.010517799352750809,0.29854368932038833,0.03843042071197411,-0.027912621359223302
TinyGRU,seed,83,offset_distance,11-25,unseen/5,2472,-0.41019417475728154,-0.037176545070026365,0.6492718446601942,0.010517799352750809,0.3309061488673139,0.0093042071197411,0.0012135922330097082
TinyGRU,seed,97,offset_distance,11-25,unseen/5,2472,-0.41019417475728154,0.025881551219161587,0.6763754045307443,0.04449838187702265,0.2690129449838188,0.010113268608414239,0.034385113268608415
TinyGRU,aggregate,aggregate,offset_distance,11-25,unseen/5,2472,-0.41019417475728154,-0.006945091364834178,0.6524271844660194,0.028317152103559878,0.3043689320388349,0.014886731391585762,0.013430420711974115
MarbleNet,reference,reference,offset_distance,26-50,unseen/5,3579,-2.3185247275775356,0.07465356514783231,0.7451802179379715,0.04498463257893266,0.20732048058116792,0.002514668901927913,0.04246996367700475
TinyGRU,seed,41,offset_distance,26-50,unseen/5,3579,-2.3185247275775356,0.06017691644240493,0.6538139145012574,0.025426096675048897,0.31545124336406816,0.005308745459625594,0.020117351215423303
TinyGRU,seed,59,offset_distance,26-50,unseen/5,3579,-2.3185247275775356,0.026252330972907367,0.6767253422743783,0.04079351774238614,0.266275495948589,0.016205644034646548,0.024587873707739592
TinyGRU,seed,71,offset_distance,26-50,unseen/5,3579,-2.3185247275775356,-0.04647669537907339,0.6873428331936295,0.013690975132718636,0.25537859737356805,0.04358759430008382,-0.029896619167365183
TinyGRU,seed,83,offset_distance,26-50,unseen/5,3579,-2.3185247275775356,-0.03445378236141358,0.677004749930148,0.008102822017323274,0.3039955294775077,0.010896898575020955,-0.002794076557697681
TinyGRU,seed,97,offset_distance,26-50,unseen/5,3579,-2.3185247275775356,0.03757882550315095,0.7152835987706063,0.04163174070969545,0.23582006146968426,0.0072645990500139705,0.03436714165968148
TinyGRU,aggregate,aggregate,offset_distance,26-50,unseen/5,3579,-2.3185247275775356,0.008615519035595254,0.6820340877340039,0.02592903045543448,0.2753841855266834,0.01665269628387818,0.009276334171556301
MarbleNet,reference,reference,offset_distance,>50,unseen/5,6934,-37.97807903086242,0.026076954653544742,0.8915488895298529,0.03432362272858379,0.0712431496971445,0.002884338044418806,0.031439284684164986
TinyGRU,seed,41,offset_distance,>50,unseen/5,6934,-37.97807903086242,0.06520183291172557,0.7965099509662532,0.00980674935102394,0.18877992500721086,0.00490337467551197,0.00490337467551197
TinyGRU,seed,59,offset_distance,>50,unseen/5,6934,-37.97807903086242,0.04475412128542872,0.809201038361696,0.04557254110181713,0.1410441303720796,0.004182290164407268,0.04139025093740986
TinyGRU,seed,71,offset_distance,>50,unseen/5,6934,-37.97807903086242,-0.0011240390262439973,0.8142486299394289,0.016873377559850015,0.15517738678973175,0.013700605710989328,0.003172771848860688
TinyGRU,seed,83,offset_distance,>50,unseen/5,6934,-37.97807903086242,-0.015514512353989285,0.8158350158638592,0.004038073262186328,0.17089702913181426,0.009229881742140178,-0.00519180847995385
TinyGRU,seed,97,offset_distance,>50,unseen/5,6934,-37.97807903086242,0.038967079356390676,0.8373233342947793,0.04283241995961927,0.11378713585232189,0.006057109893279493,0.03677531006633978
TinyGRU,aggregate,aggregate,offset_distance,>50,unseen/5,6934,-37.97807903086242,0.026456896434662338,0.8146235938852034,0.02382463224689934,0.15393712143063165,0.007614652437265649,0.016209979809633693
MarbleNet,reference,reference,offset_distance,0,unseen/10,38,0.0,0.01596867793751515,0.368421052631579,0.0,0.631578947368421,0.0,0.0
TinyGRU,seed,41,offset_distance,0,unseen/10,38,0.0,-0.04948717476515394,0.2631578947368421,0.0,0.7105263157894737,0.02631578947368421,-0.02631578947368421
TinyGRU,seed,59,offset_distance,0,unseen/10,38,0.0,-0.05956467728568421,0.23684210526315788,0.0,0.7368421052631579,0.02631578947368421,-0.02631578947368421
TinyGRU,seed,71,offset_distance,0,unseen/10,38,0.0,-0.17319651741274078,0.21052631578947367,0.0,0.7368421052631579,0.05263157894736842,-0.05263157894736842
TinyGRU,seed,83,offset_distance,0,unseen/10,38,0.0,-0.03861371934575837,0.23684210526315788,0.0,0.7631578947368421,0.0,0.0
TinyGRU,seed,97,offset_distance,0,unseen/10,38,0.0,-0.12566747425487101,0.2894736842105263,0.02631578947368421,0.6578947368421053,0.02631578947368421,0.0
TinyGRU,aggregate,aggregate,offset_distance,0,unseen/10,38,0.0,-0.08930591261284167,0.2473684210526316,0.005263157894736842,0.7210526315789474,0.02631578947368421,-0.021052631578947368
MarbleNet,reference,reference,offset_distance,1,unseen/10,76,0.0,0.03440409618277237,0.5263157894736843,0.02631578947368421,0.42105263157894735,0.02631578947368421,0.0
TinyGRU,seed,41,offset_distance,1,unseen/10,76,0.0,0.008629513370014986,0.5131578947368421,0.02631578947368421,0.4342105263157895,0.02631578947368421,0.0
TinyGRU,seed,59,offset_distance,1,unseen/10,76,0.0,-0.00866975588618317,0.5131578947368421,0.0,0.4473684210526316,0.039473684210526314,-0.039473684210526314
TinyGRU,seed,71,offset_distance,1,unseen/10,76,0.0,-0.030205716146051446,0.42105263157894735,0.06578947368421052,0.47368421052631576,0.039473684210526314,0.02631578947368421
TinyGRU,seed,83,offset_distance,1,unseen/10,76,0.0,0.0282661094354697,0.5,0.0,0.47368421052631576,0.02631578947368421,-0.02631578947368421
TinyGRU,seed,97,offset_distance,1,unseen/10,76,0.0,-0.008200580987528147,0.47368421052631576,0.039473684210526314,0.47368421052631576,0.013157894736842105,0.02631578947368421
TinyGRU,aggregate,aggregate,offset_distance,1,unseen/10,76,0.0,-0.002036086042855618,0.4842105263157894,0.02631578947368421,0.4605263157894737,0.028947368421052635,-0.0026315789473684258
MarbleNet,reference,reference,offset_distance,2-4,unseen/10,223,0.017937219730941704,0.04630712812765506,0.6412556053811659,0.03587443946188341,0.31390134529147984,0.008968609865470852,0.026905829596412557
TinyGRU,seed,41,offset_distance,2-4,unseen/10,223,0.017937219730941704,0.018471867671156085,0.5650224215246636,0.004484304932735426,0.39461883408071746,0.03587443946188341,-0.03139013452914798
TinyGRU,seed,59,offset_distance,2-4,unseen/10,223,0.017937219730941704,-0.0012107782811717198,0.5426008968609866,0.0,0.4304932735426009,0.026905829596412557,-0.026905829596412557
TinyGRU,seed,71,offset_distance,2-4,unseen/10,223,0.017937219730941704,-0.018808675520939348,0.5067264573991032,0.03587443946188341,0.39461883408071746,0.06278026905829596,-0.026905829596412557
TinyGRU,seed,83,offset_distance,2-4,unseen/10,223,0.017937219730941704,0.03104118061320128,0.5336322869955157,0.03139013452914798,0.42152466367713004,0.013452914798206279,0.017937219730941704
TinyGRU,seed,97,offset_distance,2-4,unseen/10,223,0.017937219730941704,0.001315585034848304,0.5381165919282511,0.026905829596412557,0.4125560538116592,0.02242152466367713,0.0044843049327354285
TinyGRU,aggregate,aggregate,offset_distance,2-4,unseen/10,223,0.017937219730941704,0.006161835903418923,0.537219730941704,0.019730941704035877,0.410762331838565,0.03228699551569507,-0.012556053811659192
MarbleNet,reference,reference,offset_distance,5-10,unseen/10,429,0.19813519813519814,0.03702228505357066,0.7599067599067598,0.027972027972027972,0.20279720279720279,0.009324009324009324,0.018648018648018648
TinyGRU,seed,41,offset_distance,5-10,unseen/10,429,0.19813519813519814,0.03311668512725146,0.675990675990676,0.002331002331002331,0.31934731934731936,0.002331002331002331,0.0
TinyGRU,seed,59,offset_distance,5-10,unseen/10,429,0.19813519813519814,0.008460254560448853,0.6223776223776224,0.011655011655011656,0.34265734265734266,0.023310023310023312,-0.011655011655011656
TinyGRU,seed,71,offset_distance,5-10,unseen/10,429,0.19813519813519814,0.0028962930554945576,0.5920745920745921,0.023310023310023312,0.34032634032634035,0.04428904428904429,-0.020979020979020976
TinyGRU,seed,83,offset_distance,5-10,unseen/10,429,0.19813519813519814,0.03132519198637342,0.62004662004662,0.02097902097902098,0.34965034965034963,0.009324009324009324,0.011655011655011656
TinyGRU,seed,97,offset_distance,5-10,unseen/10,429,0.19813519813519814,0.027949819259412163,0.627039627039627,0.05827505827505827,0.27972027972027974,0.03496503496503497,0.023310023310023305
TinyGRU,aggregate,aggregate,offset_distance,5-10,unseen/10,429,0.19813519813519814,0.02074964879779609,0.6275058275058275,0.023310023310023312,0.32634032634032634,0.022843822843822845,0.00046620046620046707
MarbleNet,reference,reference,offset_distance,11-25,unseen/10,989,-0.679474216380182,0.015882622549831412,0.890798786653185,0.014155712841253791,0.08998988877654196,0.005055611729019211,0.00910010111223458
TinyGRU,seed,41,offset_distance,11-25,unseen/10,989,-0.679474216380182,0.0267267041061011,0.7724974721941354,0.025278058645096056,0.20020222446916078,0.0020222446916076846,0.023255813953488372
TinyGRU,seed,59,offset_distance,11-25,unseen/10,989,-0.679474216380182,0.0024652926373960023,0.80788675429727,0.019211324570273004,0.1577350859453994,0.015166835187057633,0.004044489383215371
TinyGRU,seed,71,offset_distance,11-25,unseen/10,989,-0.679474216380182,-0.009636064605490446,0.7704752275025278,0.020222446916076844,0.17492416582406473,0.034378159757330634,-0.01415571284125379
TinyGRU,seed,83,offset_distance,11-25,unseen/10,989,-0.679474216380182,0.019818883187873133,0.8008088978766431,0.016177957532861477,0.1678463094034378,0.015166835187057633,0.0010111223458038436
TinyGRU,seed,97,offset_distance,11-25,unseen/10,989,-0.679474216380182,0.028665539519254282,0.8230535894843276,0.028311425682507583,0.14560161779575329,0.003033367037411527,0.025278058645096056
TinyGRU,aggregate,aggregate,offset_distance,11-25,unseen/10,989,-0.679474216380182,0.013608070969026815,0.7949443882709808,0.021840242669362995,0.16926188068756323,0.013953488372093025,0.00788675429726997
MarbleNet,reference,reference,offset_distance,26-50,unseen/10,1419,-5.033826638477802,0.004834928254220055,0.9288231148696264,0.0021141649048625794,0.05919661733615222,0.009866102889358703,-0.007751937984496124
TinyGRU,seed,41,offset_distance,26-50,unseen/10,1419,-5.033826638477802,0.017735866521926793,0.842847075405215,0.009866102889358703,0.14023960535588442,0.007047216349541931,0.0028188865398167716
TinyGRU,seed,59,offset_distance,26-50,unseen/10,1419,-5.033826638477802,0.007853958747765228,0.8844256518675123,0.016913319238900635,0.08456659619450317,0.014094432699083862,0.0028188865398167725
TinyGRU,seed,71,offset_distance,26-50,unseen/10,1419,-5.033826638477802,0.0022520140964593293,0.8787878787878788,0.018322762508809022,0.08738548273431994,0.015503875968992248,0.0028188865398167742
TinyGRU,seed,83,offset_distance,26-50,unseen/10,1419,-5.033826638477802,0.022740159492430544,0.8682170542635659,0.017618040873854827,0.11346018322762509,0.0007047216349541931,0.016913319238900635
TinyGRU,seed,97,offset_distance,26-50,unseen/10,1419,-5.033826638477802,0.02246118017326582,0.8809020436927414,0.028188865398167725,0.08597603946441155,0.004933051444679351,0.023255813953488372
TinyGRU,aggregate,aggregate,offset_distance,26-50,unseen/10,1419,-5.033826638477802,0.014608635806369544,0.8710359408033826,0.01818181818181818,0.10232558139534884,0.008456659619450317,0.009725158562367863
MarbleNet,reference,reference,offset_distance,>50,unseen/10,3217,-31.095119676717438,0.0032722989049667646,0.9850792663972645,0.0012433944668946222,0.01336649051911719,0.00031084861672365556,0.0009325458501709667
TinyGRU,seed,41,offset_distance,>50,unseen/10,3217,-31.095119676717438,0.02172051435039867,0.915138327634442,0.013677339135840846,0.06994093876282251,0.0012433944668946222,0.012433944668946224
TinyGRU,seed,59,offset_distance,>50,unseen/10,3217,-31.095119676717438,0.04413476118654874,0.9316133043207958,0.033882499222878455,0.03263910475598383,0.0018650917003419335,0.03201740752253652
TinyGRU,seed,71,offset_distance,>50,unseen/10,3217,-31.095119676717438,0.04389927827338078,0.9412496114392291,0.02953061858874728,0.02890892135529997,0.00031084861672365556,0.029219769972023624
TinyGRU,seed,83,offset_distance,>50,unseen/10,3217,-31.095119676717438,0.028645386590303825,0.9465340379235312,0.01896176562014299,0.034193347839602116,0.00031084861672365556,0.018650917003419334
TinyGRU,seed,97,offset_distance,>50,unseen/10,3217,-31.095119676717438,0.04066374576630254,0.9496425240907678,0.03139571028908921,0.01834006838669568,0.0006216972334473111,0.0307740130556419
TinyGRU,aggregate,aggregate,offset_distance,>50,unseen/10,3217,-31.095119676717438,0.03581273723338692,0.9368355610817533,0.02548958657133976,0.036804476220080824,0.0008703761268262357,0.024619210444513522
MarbleNet,reference,reference,offset_distance,0,unseen/15,91,0.0,-0.09219420554050334,0.2527472527472528,0.03296703296703297,0.6703296703296703,0.04395604395604396,-0.01098901098901099
TinyGRU,seed,41,offset_distance,0,unseen/15,91,0.0,-0.1636786637210622,0.2967032967032967,0.0,0.5934065934065934,0.10989010989010989,-0.10989010989010989
TinyGRU,seed,59,offset_distance,0,unseen/15,91,0.0,-0.15643563569607105,0.3626373626373626,0.0,0.5384615384615384,0.0989010989010989,-0.0989010989010989
TinyGRU,seed,71,offset_distance,0,unseen/15,91,0.0,-0.21710834402031995,0.21978021978021978,0.0,0.6923076923076923,0.08791208791208792,-0.08791208791208792
TinyGRU,seed,83,offset_distance,0,unseen/15,91,0.0,-0.08253258321116982,0.32967032967032966,0.0,0.6153846153846154,0.054945054945054944,-0.054945054945054944
TinyGRU,seed,97,offset_distance,0,unseen/15,91,0.0,-0.15153408979093824,0.21978021978021978,0.0,0.7032967032967034,0.07692307692307693,-0.07692307692307693
TinyGRU,aggregate,aggregate,offset_distance,0,unseen/15,91,0.0,-0.15425786328791224,0.2857142857142857,0.0,0.6285714285714286,0.08571428571428572,-0.08571428571428572
MarbleNet,reference,reference,offset_distance,1,unseen/15,182,0.0,-0.014730833089072887,0.554945054945055,0.01098901098901099,0.4065934065934066,0.027472527472527472,-0.016483516483516484
TinyGRU,seed,41,offset_distance,1,unseen/15,182,0.0,-0.01832474327379321,0.5054945054945055,0.038461538461538464,0.4065934065934066,0.04945054945054945,-0.010989010989010985
TinyGRU,seed,59,offset_distance,1,unseen/15,182,0.0,-0.022470526972672607,0.5274725274725275,0.04395604395604396,0.3956043956043956,0.03296703296703297,0.010989010989010992
TinyGRU,seed,71,offset_distance,1,unseen/15,182,0.0,-0.04797481570514145,0.5054945054945055,0.04395604395604396,0.3901098901098901,0.06043956043956044,-0.01648351648351648
TinyGRU,seed,83,offset_distance,1,unseen/15,182,0.0,-0.011532307088726136,0.5714285714285714,0.027472527472527472,0.38461538461538464,0.016483516483516484,0.010989010989010988
TinyGRU,seed,97,offset_distance,1,unseen/15,182,0.0,-0.03322980004904521,0.5164835164835165,0.038461538461538464,0.41208791208791207,0.03296703296703297,0.005494505494505496
TinyGRU,aggregate,aggregate,offset_distance,1,unseen/15,182,0.0,-0.02670643861787572,0.5252747252747253,0.038461538461538464,0.39780219780219783,0.038461538461538464,0.0
MarbleNet,reference,reference,offset_distance,2-4,unseen/15,546,0.0,0.024778790228914774,0.6721611721611721,0.0347985347985348,0.27106227106227104,0.02197802197802198,0.01282051282051282
TinyGRU,seed,41,offset_distance,2-4,unseen/15,546,0.0,-0.014030355144416171,0.6135531135531136,0.04212454212454213,0.3076923076923077,0.03663003663003663,0.005494505494505496
TinyGRU,seed,59,offset_distance,2-4,unseen/15,546,0.0,-0.02062752266197172,0.6263736263736264,0.027472527472527472,0.32234432234432236,0.023809523809523808,0.003663003663003664
TinyGRU,seed,71,offset_distance,2-4,unseen/15,546,0.0,-0.04601794425186879,0.6172161172161172,0.023809523809523808,0.3021978021978022,0.056776556776556776,-0.03296703296703297
TinyGRU,seed,83,offset_distance,2-4,unseen/15,546,0.0,-0.010768625657087383,0.6611721611721612,0.018315018315018316,0.30036630036630035,0.020146520146520148,-0.001831501831501832
TinyGRU,seed,97,offset_distance,2-4,unseen/15,546,0.0,-0.03050112687315048,0.6208791208791209,0.02197802197802198,0.315018315018315,0.04212454212454213,-0.020146520146520148
TinyGRU,aggregate,aggregate,offset_distance,2-4,unseen/15,546,0.0,-0.02438911491769891,0.6278388278388278,0.026739926739926742,0.30952380952380953,0.0358974358974359,-0.00915750915750916
MarbleNet,reference,reference,offset_distance,5-10,unseen/15,1084,0.02859778597785978,0.01981244269742387,0.8071955719557196,0.014760147601476014,0.16143911439114392,0.016605166051660517,-0.0018450184501845018
TinyGRU,seed,41,offset_distance,5-10,unseen/15,1084,0.02859778597785978,-0.007519509581670276,0.753690036900369,0.01845018450184502,0.20018450184501846,0.027675276752767528,-0.00922509225092251
TinyGRU,seed,59,offset_distance,5-10,unseen/15,1084,0.02859778597785978,-0.009640204671366061,0.7453874538745388,0.021217712177121772,0.21955719557195572,0.013837638376383764,0.007380073800738008
TinyGRU,seed,71,offset_distance,5-10,unseen/15,1084,0.02859778597785978,-0.01697108483401243,0.727859778597786,0.021217712177121772,0.21678966789667897,0.03413284132841329,-0.012915129151291515
TinyGRU,seed,83,offset_distance,5-10,unseen/15,1084,0.02859778597785978,-0.0027563668851931507,0.7841328413284133,0.011992619926199263,0.1881918819188192,0.015682656826568265,-0.0036900369003690023
TinyGRU,seed,97,offset_distance,5-10,unseen/15,1084,0.02859778597785978,-0.014071630769566254,0.7444649446494465,0.014760147601476014,0.21494464944649447,0.025830258302583026,-0.011070110701107012
TinyGRU,aggregate,aggregate,offset_distance,5-10,unseen/15,1084,0.02859778597785978,-0.010191759348361635,0.7511070110701108,0.017527675276752766,0.20793357933579334,0.023431734317343175,-0.005904059040590409
MarbleNet,reference,reference,offset_distance,11-25,unseen/15,2601,-0.2491349480968858,0.00430259217421333,0.8642829680891965,0.010380622837370242,0.11380238369857747,0.011534025374855825,-0.0011534025374855825
TinyGRU,seed,41,offset_distance,11-25,unseen/15,2601,-0.2491349480968858,0.0023907184563363403,0.8227604767397155,0.018069973087274125,0.14109957708573626,0.018069973087274125,0.0
TinyGRU,seed,59,offset_distance,11-25,unseen/15,2601,-0.2491349480968858,0.001154333292397735,0.813917723952326,0.01730103806228374,0.15263360246059207,0.016147635524798153,0.001153402537485585
TinyGRU,seed,71,offset_distance,11-25,unseen/15,2601,-0.2491349480968858,-0.002983531308109741,0.8204536716647444,0.02422145328719723,0.13379469434832755,0.021530180699730873,0.0026912725874663583
TinyGRU,seed,83,offset_distance,11-25,unseen/15,2601,-0.2491349480968858,0.000595600150927004,0.8539023452518262,0.014609765474817378,0.1253364090734333,0.006151480199923107,0.008458285274894272
TinyGRU,seed,97,offset_distance,11-25,unseen/15,2601,-0.2491349480968858,-0.005288582774873223,0.8269896193771626,0.01114955786236063,0.1453287197231834,0.01653210303729335,-0.005382545174932718
TinyGRU,aggregate,aggregate,offset_distance,11-25,unseen/15,2601,-0.2491349480968858,-0.0008262924366643767,0.8276047673971549,0.017070357554786624,0.13963860053825453,0.01568627450980392,0.0013840830449827028
MarbleNet,reference,reference,offset_distance,26-50,unseen/15,3714,-1.812331717824448,0.010317396370543692,0.9009154550350026,0.006462035541195477,0.08992999461497038,0.0026925148088314485,0.003769520732364028
TinyGRU,seed,41,offset_distance,26-50,unseen/15,3714,-1.812331717824448,0.03271007099871191,0.8578352180936996,0.019655358104469573,0.11604738826063543,0.006462035541195477,0.013193322563274096
TinyGRU,seed,59,offset_distance,26-50,unseen/15,3714,-1.812331717824448,0.024563215809751324,0.8497576736672051,0.015616585891222402,0.1284329563812601,0.006192784060312331,0.00942380183091007
TinyGRU,seed,71,offset_distance,26-50,unseen/15,3714,-1.812331717824448,0.022914423696548905,0.8675282714054927,0.01992460958535272,0.09935379644588045,0.013193322563274098,0.006731287022078623
TinyGRU,seed,83,offset_distance,26-50,unseen/15,3714,-1.812331717824448,0.012040146701083759,0.8769520732364028,0.010770059235325794,0.1074313408723748,0.004846526655896607,0.0059235325794291865
TinyGRU,seed,97,offset_distance,26-50,unseen/15,3714,-1.812331717824448,0.018632796716483106,0.8629509962304792,0.01938610662358643,0.11093161012385568,0.006731287022078622,0.012654819601507807
TinyGRU,aggregate,aggregate,offset_distance,26-50,unseen/15,3714,-1.812331717824448,0.022172130784515805,0.8630048465266559,0.017070543887991382,0.11243941841680129,0.007485191168551426,0.009585352719439957
MarbleNet,reference,reference,offset_distance,>50,unseen/15,7909,-45.510810469085854,0.009963218065052968,0.9734479706663296,0.003160955873056012,0.02288532052092553,0.0005057529396889619,0.00265520293336705
TinyGRU,seed,41,offset_distance,>50,unseen/15,7909,-45.510810469085854,0.03343655455143724,0.9260336325704893,0.021620938171703123,0.04918447338475155,0.003160955873056012,0.01845998229864711
TinyGRU,seed,59,offset_distance,>50,unseen/15,7909,-45.510810469085854,0.02787324949229738,0.9247692502212669,0.019345049943102793,0.05348337337210773,0.002402326463522569,0.016942723479580223
TinyGRU,seed,71,offset_distance,>50,unseen/15,7909,-45.510810469085854,0.036643735172013775,0.942217726640536,0.02339107346061449,0.031988873435326845,0.002402326463522569,0.02098874699709192
TinyGRU,seed,83,offset_distance,>50,unseen/15,7909,-45.510810469085854,0.015973827719959106,0.9462637501580478,0.006448349981034265,0.04564420280692882,0.0016436970539891263,0.004804652927045139
TinyGRU,seed,97,offset_distance,>50,unseen/15,7909,-45.510810469085854,0.022409977253032266,0.9510684030850929,0.011379441143001644,0.035402705778227336,0.002149449993678088,0.009229991149323557
TinyGRU,aggregate,aggregate,offset_distance,>50,unseen/15,7909,-45.510810469085854,0.027267468837747954,0.9380705525350865,0.016436970539891262,0.043140725755468456,0.002351751169553673,0.01408521937033759
MarbleNet,reference,reference,offset_distance,0,unseen/20,54,0.0,-0.1152700029271139,0.425925925925926,0.018518518518518517,0.5185185185185185,0.037037037037037035,-0.018518518518518517
TinyGRU,seed,41,offset_distance,0,unseen/20,54,0.0,-0.13394443208174694,0.48148148148148145,0.018518518518518517,0.48148148148148145,0.018518518518518517,0.0
TinyGRU,seed,59,offset_distance,0,unseen/20,54,0.0,-0.12419225628056799,0.5,0.018518518518518517,0.3888888888888889,0.09259259259259259,-0.07407407407407407
TinyGRU,seed,71,offset_distance,0,unseen/20,54,0.0,-0.21482431452159606,0.3888888888888889,0.0,0.46296296296296297,0.14814814814814814,-0.14814814814814814
TinyGRU,seed,83,offset_distance,0,unseen/20,54,0.0,-0.09027670648946505,0.46296296296296297,0.0,0.48148148148148145,0.05555555555555555,-0.05555555555555555
TinyGRU,seed,97,offset_distance,0,unseen/20,54,0.0,-0.1589180041957382,0.3888888888888889,0.0,0.5370370370370371,0.07407407407407407,-0.07407407407407407
TinyGRU,aggregate,aggregate,offset_distance,0,unseen/20,54,0.0,-0.14443114271382285,0.44444444444444436,0.007407407407407408,0.4703703703703704,0.07777777777777778,-0.07037037037037037
MarbleNet,reference,reference,offset_distance,1,unseen/20,108,0.0,-0.027784243273339757,0.5555555555555556,0.037037037037037035,0.39814814814814814,0.009259259259259259,0.027777777777777776
TinyGRU,seed,41,offset_distance,1,unseen/20,108,0.0,0.011320492136846794,0.5555555555555556,0.027777777777777776,0.3888888888888889,0.027777777777777776,0.0
TinyGRU,seed,59,offset_distance,1,unseen/20,108,0.0,0.02631438050619641,0.48148148148148145,0.05555555555555555,0.39814814814814814,0.06481481481481481,-0.009259259259259259
TinyGRU,seed,71,offset_distance,1,unseen/20,108,0.0,0.0040177700934743935,0.49074074074074076,0.06481481481481481,0.3611111111111111,0.08333333333333333,-0.018518518518518517
TinyGRU,seed,83,offset_distance,1,unseen/20,108,0.0,-0.0007294314757328364,0.5277777777777778,0.037037037037037035,0.4074074074074074,0.027777777777777776,0.009259259259259259
TinyGRU,seed,97,offset_distance,1,unseen/20,108,0.0,-0.0016142932598258925,0.49074074074074076,0.046296296296296294,0.4166666666666667,0.046296296296296294,0.0
TinyGRU,aggregate,aggregate,offset_distance,1,unseen/20,108,0.0,0.007861783600191772,0.5092592592592593,0.046296296296296294,0.39444444444444443,0.049999999999999996,-0.003703703703703702
MarbleNet,reference,reference,offset_distance,2-4,unseen/20,323,0.01238390092879257,-0.0021153681090750366,0.6563467492260062,0.030959752321981424,0.2755417956656347,0.03715170278637771,-0.006191950464396285
TinyGRU,seed,41,offset_distance,2-4,unseen/20,323,0.01238390092879257,0.02370794459641289,0.6253869969040248,0.06811145510835913,0.26006191950464397,0.04643962848297214,0.02167182662538699
TinyGRU,seed,59,offset_distance,2-4,unseen/20,323,0.01238390092879257,0.04658257029811713,0.6068111455108359,0.04643962848297214,0.30030959752321984,0.04643962848297214,0.0
TinyGRU,seed,71,offset_distance,2-4,unseen/20,323,0.01238390092879257,0.017323517193593204,0.6222910216718266,0.07739938080495357,0.25386996904024767,0.04643962848297214,0.030959752321981428
TinyGRU,seed,83,offset_distance,2-4,unseen/20,323,0.01238390092879257,0.0081692670799164,0.653250773993808,0.04024767801857585,0.2724458204334365,0.034055727554179564,0.006191950464396287
TinyGRU,seed,97,offset_distance,2-4,unseen/20,323,0.01238390092879257,0.013701588503834636,0.6656346749226006,0.04643962848297214,0.2631578947368421,0.02476780185758514,0.021671826625386997
TinyGRU,aggregate,aggregate,offset_distance,2-4,unseen/20,323,0.01238390092879257,0.02189697753437486,0.6346749226006192,0.05572755417956656,0.26996904024767804,0.03962848297213622,0.016099071207430343
MarbleNet,reference,reference,offset_distance,5-10,unseen/20,638,0.07053291536050156,0.00856634919584393,0.8495297805642633,0.007836990595611285,0.13322884012539185,0.009404388714733543,-0.001567398119122257
TinyGRU,seed,41,offset_distance,5-10,unseen/20,638,0.07053291536050156,0.01931169071098832,0.7789968652037618,0.048589341692789965,0.15830721003134796,0.014106583072100314,0.034482758620689655
TinyGRU,seed,59,offset_distance,5-10,unseen/20,638,0.07053291536050156,0.03718234448660423,0.7758620689655172,0.0438871473354232,0.164576802507837,0.01567398119122257,0.02821316614420063
TinyGRU,seed,71,offset_distance,5-10,unseen/20,638,0.07053291536050156,0.018689164577407012,0.799373040752351,0.017241379310344827,0.1614420062695925,0.0219435736677116,-0.004702194357366771
TinyGRU,seed,83,offset_distance,5-10,unseen/20,638,0.07053291536050156,0.009989793103438286,0.8072100313479624,0.025078369905956112,0.15673981191222572,0.0109717868338558,0.014106583072100312
TinyGRU,seed,97,offset_distance,5-10,unseen/20,638,0.07053291536050156,0.019549938929181047,0.8103448275862069,0.032915360501567396,0.13479623824451412,0.0219435736677116,0.010971786833855798
TinyGRU,aggregate,aggregate,offset_distance,5-10,unseen/20,638,0.07053291536050156,0.020944586361523774,0.7943573667711599,0.0335423197492163,0.15517241379310345,0.01692789968652038,0.016614420062695923
MarbleNet,reference,reference,offset_distance,11-25,unseen/20,1501,-0.524983344437042,0.01042053375503029,0.9027315123251166,0.0073284477015323115,0.08594270486342438,0.003997335109926716,0.0033311125916055963
TinyGRU,seed,41,offset_distance,11-25,unseen/20,1501,-0.524983344437042,0.0014268792040990933,0.8694203864090606,0.011992005329780146,0.10126582278481013,0.017321785476349102,-0.005329780146568956
TinyGRU,seed,59,offset_distance,11-25,unseen/20,1501,-0.524983344437042,0.013781612953949597,0.8947368421052632,0.012658227848101266,0.0866089273817455,0.005996002664890073,0.006662225183211193
TinyGRU,seed,71,offset_distance,11-25,unseen/20,1501,-0.524983344437042,-0.0039239434175612035,0.8834110592938041,0.011992005329780146,0.09393737508327782,0.010659560293137908,0.0013324450366422377
TinyGRU,seed,83,offset_distance,11-25,unseen/20,1501,-0.524983344437042,-0.000749838689818194,0.8854097268487675,0.008660892738174551,0.0866089273817455,0.019320453031312457,-0.010659560293137907
TinyGRU,seed,97,offset_distance,11-25,unseen/20,1501,-0.524983344437042,-0.0013684044672726359,0.8907395069953364,0.0073284477015323115,0.08127914723517655,0.020652898067954697,-0.013324450366422385
TinyGRU,aggregate,aggregate,offset_distance,11-25,unseen/20,1501,-0.524983344437042,0.0018332611166793301,0.8847435043304464,0.010526315789473684,0.0899400399733511,0.014790139906728849,-0.004263824117255165
MarbleNet,reference,reference,offset_distance,26-50,unseen/20,2159,-4.099583140342752,0.004646927882938694,0.9319129226493748,0.008800370541917554,0.0555812876331635,0.0037054191755442334,0.005094951366373321
TinyGRU,seed,41,offset_distance,26-50,unseen/20,2159,-4.099583140342752,0.033627740515033235,0.8693839740620658,0.020379805465493284,0.09495136637332098,0.015284854099119963,0.005094951366373321
TinyGRU,seed,59,offset_distance,26-50,unseen/20,2159,-4.099583140342752,0.04359087044064127,0.8754052802223251,0.01760074108383511,0.09958314034275127,0.007410838351088467,0.010189902732746642
TinyGRU,seed,71,offset_distance,26-50,unseen/20,2159,-4.099583140342752,0.032672028583359755,0.8781843446039833,0.020842982862436313,0.08615099583140343,0.014821676702176934,0.006021306160259379
TinyGRU,seed,83,offset_distance,26-50,unseen/20,2159,-4.099583140342752,0.01653983379077485,0.9008800370541917,0.004631773969430292,0.08939323761000463,0.005094951366373321,-0.0004631773969430292
TinyGRU,seed,97,offset_distance,26-50,unseen/20,2159,-4.099583140342752,0.024153867626124446,0.9027327466419639,0.007874015748031496,0.0856878184344604,0.0037054191755442334,0.0041685965724872626
TinyGRU,aggregate,aggregate,offset_distance,26-50,unseen/20,2159,-4.099583140342752,0.03011686819118671,0.885317276516906,0.014265863825845297,0.09115331171838814,0.009263547938860583,0.005002315886984713
MarbleNet,reference,reference,offset_distance,>50,unseen/20,4295,-26.136204889406287,0.006321253368242463,0.989289871944121,0.002561117578579744,0.007683352735739232,0.00046565774155995343,0.0020954598370197903
TinyGRU,seed,41,offset_distance,>50,unseen/20,4295,-26.136204889406287,0.02434777042420975,0.960186263096624,0.015133876600698487,0.023981373690337603,0.0006984866123399302,0.014435389988358556
TinyGRU,seed,59,offset_distance,>50,unseen/20,4295,-26.136204889406287,0.027747126542308403,0.9550640279394645,0.016530849825378346,0.027473806752037252,0.0009313154831199069,0.015599534342258439
TinyGRU,seed,71,offset_distance,>50,unseen/20,4295,-26.136204889406287,0.023675246321829622,0.9683352735739231,0.010942956926658906,0.02048894062863795,0.00023282887077997672,0.01071012805587893
TinyGRU,seed,83,offset_distance,>50,unseen/20,4295,-26.136204889406287,0.013927245242311204,0.9669383003492433,0.007450523864959255,0.025611175785797437,0.0,0.007450523864959255
TinyGRU,seed,97,offset_distance,>50,unseen/20,4295,-26.136204889406287,0.015702199154560635,0.9748544819557625,0.008381839348079161,0.016763678696158323,0.0,0.008381839348079161
TinyGRU,aggregate,aggregate,offset_distance,>50,unseen/20,4295,-26.136204889406287,0.021079917537043923,0.9650756693830035,0.011688009313154831,0.022863795110593714,0.00037252619324796275,0.011315483119906869
MarbleNet,reference,reference,speech_run_length,1,all,46835,0.0,0.024423881143437968,0.7308209672253657,0.02525888758407174,0.22054019429913527,0.023379950891427352,0.0018789366926443899
TinyGRU,seed,41,speech_run_length,1,all,46835,0.0,-0.031219319504646025,0.6281413472830149,0.017807195473470695,0.3196968079427778,0.03435464930073663,-0.016547453827265936
TinyGRU,seed,59,speech_run_length,1,all,46835,0.0,-0.01870876005616672,0.6307889398953774,0.019216397992953986,0.3185011209565496,0.031493541155119036,-0.01227714316216505
TinyGRU,seed,71,speech_run_length,1,all,46835,0.0,-0.0447829706726498,0.6107398313227287,0.012939041315255684,0.332315575958151,0.04400555140386463,-0.03106651008860895
TinyGRU,seed,83,speech_run_length,1,all,46835,0.0,-0.006675535947315952,0.6203480303192057,0.0159069072275008,0.3394042916622184,0.02434077079107505,-0.00843386356357425
TinyGRU,seed,97,speech_run_length,1,all,46835,0.0,-0.00621727968456149,0.6252375360307463,0.019109640226326465,0.32661471122024127,0.029038112522686024,-0.009928472296359559
TinyGRU,aggregate,aggregate,speech_run_length,1,all,46835,0.0,-0.021520773173067997,0.6230511369702145,0.016995836447101526,0.3273065015479876,0.032646525034696276,-0.01565068858759475
MarbleNet,reference,reference,speech_run_length,2-4,all,50,2.84,0.13631383186152005,0.66,0.22,0.1,0.02,0.2
TinyGRU,seed,41,speech_run_length,2-4,all,50,2.84,0.043677466231405226,0.66,0.06,0.26,0.02,0.039999999999999994
TinyGRU,seed,59,speech_run_length,2-4,all,50,2.84,0.009835254386682625,0.78,0.08,0.14,0.0,0.08
TinyGRU,seed,71,speech_run_length,2-4,all,50,2.84,0.11981543976612741,0.74,0.1,0.16,0.0,0.1
TinyGRU,seed,83,speech_run_length,2-4,all,50,2.84,-0.01934311735124821,0.84,0.0,0.16,0.0,0.0
TinyGRU,seed,97,speech_run_length,2-4,all,50,2.84,0.05658550339497363,0.74,0.08,0.18,0.0,0.08
TinyGRU,aggregate,aggregate,speech_run_length,2-4,all,50,2.84,0.04211410928558814,0.7519999999999999,0.06400000000000002,0.18,0.004,0.06000000000000001
MarbleNet,reference,reference,speech_run_length,5-10,all,156,7.846153846153846,0.02565010427821001,0.7307692307692308,0.00641025641025641,0.2564102564102564,0.00641025641025641,0.0
TinyGRU,seed,41,speech_run_length,5-10,all,156,7.846153846153846,0.04298626654846689,0.6666666666666666,0.0641025641025641,0.26282051282051283,0.00641025641025641,0.05769230769230769
TinyGRU,seed,59,speech_run_length,5-10,all,156,7.846153846153846,0.021846812609831765,0.5833333333333334,0.038461538461538464,0.3717948717948718,0.00641025641025641,0.032051282051282055
TinyGRU,seed,71,speech_run_length,5-10,all,156,7.846153846153846,0.27348186127186846,0.6282051282051282,0.08974358974358974,0.28205128205128205,0.0,0.08974358974358974
TinyGRU,seed,83,speech_run_length,5-10,all,156,7.846153846153846,0.004348396864017075,0.6923076923076923,0.02564102564102564,0.27564102564102566,0.00641025641025641,0.019230769230769232
TinyGRU,seed,97,speech_run_length,5-10,all,156,7.846153846153846,0.14870452958799424,0.6153846153846154,0.16025641025641027,0.22435897435897437,0.0,0.16025641025641027
TinyGRU,aggregate,aggregate,speech_run_length,5-10,all,156,7.846153846153846,0.09827357337643568,0.6371794871794872,0.07564102564102565,0.2833333333333333,0.003846153846153846,0.0717948717948718
MarbleNet,reference,reference,speech_run_length,11-25,all,554,20.96028880866426,0.012587297053768896,0.9332129963898917,0.01263537906137184,0.052346570397111915,0.0018050541516245488,0.010830324909747292
TinyGRU,seed,41,speech_run_length,11-25,all,554,20.96028880866426,0.02349797429304282,0.9296028880866426,0.02707581227436823,0.04332129963898917,0.0,0.02707581227436823
TinyGRU,seed,59,speech_run_length,11-25,all,554,20.96028880866426,0.03162279366673375,0.9007220216606499,0.02707581227436823,0.06498194945848375,0.007220216606498195,0.019855595667870034
TinyGRU,seed,71,speech_run_length,11-25,all,554,20.96028880866426,0.014277077064975885,0.9494584837545126,0.016245487364620937,0.02888086642599278,0.005415162454873646,0.01083032490974729
TinyGRU,seed,83,speech_run_length,11-25,all,554,20.96028880866426,0.005157035521470605,0.944043321299639,0.009025270758122744,0.036101083032490974,0.010830324909747292,-0.0018050541516245484
TinyGRU,seed,97,speech_run_length,11-25,all,554,20.96028880866426,-0.003027232629171929,0.9476534296028881,0.0018050541516245488,0.02888086642599278,0.021660649819494584,-0.019855595667870034
TinyGRU,aggregate,aggregate,speech_run_length,11-25,all,554,20.96028880866426,0.014305529583410225,0.9342960288808665,0.016245487364620937,0.0404332129963899,0.009025270758122745,0.007220216606498192
MarbleNet,reference,reference,speech_run_length,26-50,all,5942,40.7882867721306,0.009810353635991208,0.8924604510265903,0.008078088185796028,0.09222484012117133,0.0072366206664422755,0.000841467519353753
TinyGRU,seed,41,speech_run_length,26-50,all,5942,40.7882867721306,0.04301676883321415,0.8530797711208348,0.03433187478963312,0.10838101649276338,0.004207337596768765,0.030124537192864356
TinyGRU,seed,59,speech_run_length,26-50,all,5942,40.7882867721306,0.031831144443541994,0.849545607539549,0.04173678895994615,0.10063951531470886,0.008078088185796028,0.03365870077415012
TinyGRU,seed,71,speech_run_length,26-50,all,5942,40.7882867721306,0.025197143524883968,0.86772130595759,0.02877818916189835,0.09087849209020532,0.012622012790306295,0.016156176371592057
TinyGRU,seed,83,speech_run_length,26-50,all,5942,40.7882867721306,0.01132661282922371,0.8801750252440256,0.01716593739481656,0.09643217771794009,0.006226859643217772,0.010939077751598789
TinyGRU,seed,97,speech_run_length,26-50,all,5942,40.7882867721306,0.010034845010439842,0.8793335577246718,0.026422080107707843,0.08330528441602154,0.010939077751598789,0.015483002356109055
TinyGRU,aggregate,aggregate,speech_run_length,26-50,all,5942,40.7882867721306,0.02428130292826073,0.8659710535173343,0.029686974082800403,0.09592729720632784,0.00841467519353753,0.021272298889262874
MarbleNet,reference,reference,speech_run_length,>50,all,244763,212.9086544943476,0.00738590813917173,0.9300507021077533,0.011157732173571987,0.053668242340549836,0.005123323378124962,0.006034408795447024
TinyGRU,seed,41,speech_run_length,>50,all,244763,212.9086544943476,0.04088791132487208,0.8995354690047107,0.02325514885828332,0.07352827020423838,0.003681111932767616,0.019574036925515702
TinyGRU,seed,59,speech_run_length,>50,all,244763,212.9086544943476,0.03221321334477769,0.9007979147175023,0.026343850990550043,0.06800047392784041,0.00485776036410732,0.021486090626442723
TinyGRU,seed,71,speech_run_length,>50,all,244763,212.9086544943476,0.034857532630199056,0.9087688907228625,0.024868954866544373,0.06105089413024027,0.005311260280352831,0.01955769458619154
TinyGRU,seed,83,speech_run_length,>50,all,244763,212.9086544943476,0.007451550827009818,0.9140801510032154,0.010871741235399142,0.0702026041517713,0.004845503609614198,0.006026237625784944
TinyGRU,seed,97,speech_run_length,>50,all,244763,212.9086544943476,0.02385470173000437,0.9160984299097494,0.019721117979433166,0.05902852963887516,0.005151922471942246,0.014569195507490921
TinyGRU,aggregate,aggregate,speech_run_length,>50,all,244763,212.9086544943476,0.0278529819713726,0.9078561710716081,0.021012162786042007,0.06636215441059311,0.004769511731756842,0.016242651054285163
MarbleNet,reference,reference,speech_run_length,1,clean,9054,0.0,-0.05322069608169694,0.8823724320742213,0.005080627347028938,0.07377954495250717,0.03876739562624255,-0.03368676827921361
TinyGRU,seed,41,speech_run_length,1,clean,9054,0.0,-0.12899134330740214,0.8918709962447537,0.0006626905235255136,0.06074663132317208,0.04671968190854871,-0.04605699138502319
TinyGRU,seed,59,speech_run_length,1,clean,9054,0.0,-0.08496290069720756,0.911530815109344,0.0023194168323392977,0.051579412414402476,0.034570355643914294,-0.032250938811574995
TinyGRU,seed,71,speech_run_length,1,clean,9054,0.0,-0.12062929847525611,0.8782858405124807,0.0001104484205875856,0.07554671968190854,0.04605699138502319,-0.04594654296443561
TinyGRU,seed,83,speech_run_length,1,clean,9054,0.0,-0.08555555773190003,0.8786171857742434,0.0023194168323392977,0.0727855091672189,0.04627788822619837,-0.04395847139385907
TinyGRU,seed,97,speech_run_length,1,clean,9054,0.0,-0.08234046800838629,0.8857963331124364,0.004638833664678595,0.07002429865252927,0.03954053457035565,-0.034901700905677055
TinyGRU,aggregate,aggregate,speech_run_length,1,clean,9054,0.0,-0.10049591364403042,0.8892202341506517,0.002010161254694058,0.06613651424784625,0.04263309034680804,-0.04062292909211398
MarbleNet,reference,reference,speech_run_length,2-4,clean,11,3.0,0.2200066826979941,0.36363636363636365,0.36363636363636365,0.18181818181818182,0.09090909090909091,0.2727272727272727
TinyGRU,seed,41,speech_run_length,2-4,clean,11,3.0,0.2404978599184796,0.09090909090909091,0.09090909090909091,0.8181818181818182,0.0,0.09090909090909091
TinyGRU,seed,59,speech_run_length,2-4,clean,11,3.0,0.08123470556170888,0.2727272727272727,0.2727272727272727,0.45454545454545453,0.0,0.2727272727272727
TinyGRU,seed,71,speech_run_length,2-4,clean,11,3.0,0.2784460069934329,0.2727272727272727,0.18181818181818182,0.5454545454545454,0.0,0.18181818181818182
TinyGRU,seed,83,speech_run_length,2-4,clean,11,3.0,-0.12271448015110666,0.45454545454545453,0.0,0.5454545454545454,0.0,0.0
TinyGRU,seed,97,speech_run_length,2-4,clean,11,3.0,0.14620470640814542,0.2727272727272727,0.18181818181818182,0.5454545454545454,0.0,0.18181818181818182
TinyGRU,aggregate,aggregate,speech_run_length,2-4,clean,11,3.0,0.124733759746132,0.27272727272727276,0.14545454545454548,0.5818181818181819,0.0,0.14545454545454548
MarbleNet,reference,reference,speech_run_length,5-10,clean,29,7.9655172413793105,0.019199685908088442,0.7241379310344828,0.034482758620689655,0.2413793103448276,0.0,0.034482758620689655
TinyGRU,seed,41,speech_run_length,5-10,clean,29,7.9655172413793105,0.20367580482970055,0.6206896551724138,0.10344827586206896,0.27586206896551724,0.0,0.10344827586206896
TinyGRU,seed,59,speech_run_length,5-10,clean,29,7.9655172413793105,0.19289436259464274,0.4827586206896552,0.13793103448275862,0.3793103448275862,0.0,0.13793103448275862
TinyGRU,seed,71,speech_run_length,5-10,clean,29,7.9655172413793105,0.5929461970381749,0.5172413793103449,0.13793103448275862,0.3448275862068966,0.0,0.13793103448275862
TinyGRU,seed,83,speech_run_length,5-10,clean,29,7.9655172413793105,0.09614636045135254,0.6206896551724138,0.06896551724137931,0.3103448275862069,0.0,0.06896551724137931
TinyGRU,seed,97,speech_run_length,5-10,clean,29,7.9655172413793105,0.3265916257588349,0.6551724137931034,0.20689655172413793,0.13793103448275862,0.0,0.20689655172413793
TinyGRU,aggregate,aggregate,speech_run_length,5-10,clean,29,7.9655172413793105,0.2824508701345411,0.5793103448275863,0.13103448275862067,0.2896551724137931,0.0,0.13103448275862067
MarbleNet,reference,reference,speech_run_length,11-25,clean,82,20.926829268292682,0.023074615401815827,0.8902439024390244,0.012195121951219513,0.0975609756097561,0.0,0.012195121951219513
TinyGRU,seed,41,speech_run_length,11-25,clean,82,20.926829268292682,0.09363084273682232,0.8536585365853658,0.12195121951219512,0.024390243902439025,0.0,0.12195121951219512
TinyGRU,seed,59,speech_run_length,11-25,clean,82,20.926829268292682,0.10391840428751097,0.6951219512195121,0.14634146341463414,0.15853658536585366,0.0,0.14634146341463414
TinyGRU,seed,71,speech_run_length,11-25,clean,82,20.926829268292682,0.076437532233602,0.8658536585365854,0.07317073170731707,0.06097560975609756,0.0,0.07317073170731707
TinyGRU,seed,83,speech_run_length,11-25,clean,82,20.926829268292682,0.04724329030687647,0.8902439024390244,0.04878048780487805,0.06097560975609756,0.0,0.04878048780487805
TinyGRU,seed,97,speech_run_length,11-25,clean,82,20.926829268292682,0.012962279879409547,0.9512195121951219,0.0,0.024390243902439025,0.024390243902439025,-0.024390243902439025
TinyGRU,aggregate,aggregate,speech_run_length,11-25,clean,82,20.926829268292682,0.06683846988884426,0.8512195121951219,0.07804878048780488,0.06585365853658537,0.004878048780487805,0.07317073170731707
MarbleNet,reference,reference,speech_run_length,26-50,clean,1223,40.676206050695015,0.01336819900554379,0.9059689288634505,0.005723630417007359,0.0866721177432543,0.001635322976287817,0.004088307440719542
TinyGRU,seed,41,speech_run_length,26-50,clean,1223,40.676206050695015,0.12224469293290527,0.8282910874897792,0.07113654946852004,0.09975470155355683,0.0008176614881439084,0.07031888798037612
TinyGRU,seed,59,speech_run_length,26-50,clean,1223,40.676206050695015,0.08666371561544133,0.7784137367130008,0.08585445625511039,0.13246116107931316,0.003270645952575634,0.08258381030253475
TinyGRU,seed,71,speech_run_length,26-50,clean,1223,40.676206050695015,0.10153046824546035,0.8184791496320524,0.06459525756336877,0.1169255928045789,0.0,0.06459525756336877
TinyGRU,seed,83,speech_run_length,26-50,clean,1223,40.676206050695015,0.059439067989969105,0.8462796402289452,0.035977105478331974,0.11447260834014718,0.003270645952575634,0.03270645952575634
TinyGRU,seed,97,speech_run_length,26-50,clean,1223,40.676206050695015,0.04799405926628596,0.8585445625511039,0.04251839738348324,0.09157808667211774,0.007358953393295176,0.03515944399018806
TinyGRU,aggregate,aggregate,speech_run_length,26-50,clean,1223,40.676206050695015,0.0835744008100124,0.8260016353229763,0.060016353229762884,0.11103843008994277,0.0029435813573180703,0.05707277187244481
MarbleNet,reference,reference,speech_run_length,>50,clean,47336,210.0975156329221,0.013285510710868706,0.9348698664863951,0.010140273787392259,0.05167314517491972,0.0033167145512928847,0.006823559236099374
TinyGRU,seed,41,speech_run_length,>50,clean,47336,210.0975156329221,0.10655467364469579,0.87288744296096,0.05729254689876627,0.06897498732465776,0.0008450228156160216,0.05644752408315025
TinyGRU,seed,59,speech_run_length,>50,clean,47336,210.0975156329221,0.08345314603621774,0.860972621260774,0.050299983099543685,0.0854318066587798,0.0032955889809024846,0.0470043941186412
TinyGRU,seed,71,speech_run_length,>50,clean,47336,210.0975156329221,0.10246342227579419,0.8825207030589826,0.05133513604867331,0.06521463579516647,0.0009295250971776238,0.05040561095149569
TinyGRU,seed,83,speech_run_length,>50,clean,47336,210.0975156329221,0.045555801781501044,0.9043434172722663,0.02456903836403583,0.06903836403582897,0.0020491803278688526,0.02251985803616698
TinyGRU,seed,97,speech_run_length,>50,clean,47336,210.0975156329221,0.06721584515332446,0.9004563123204327,0.034772688862599294,0.0625950650667568,0.0021759337502112557,0.032596755112388034
TinyGRU,aggregate,aggregate,speech_run_length,>50,clean,47336,210.0975156329221,0.08104857777830665,0.8842360993746831,0.04365387865472368,0.07025097177623796,0.0018590501943552475,0.04179482846036843
MarbleNet,reference,reference,speech_run_length,1,seen/-5,4208,0.0,0.03670194033028498,0.5090304182509505,0.03564638783269962,0.4365494296577947,0.018773764258555134,0.016872623574144485
TinyGRU,seed,41,speech_run_length,1,seen/-5,4208,0.0,0.10408330076170283,0.38640684410646386,0.01497148288973384,0.5829372623574145,0.01568441064638783,-0.0007129277566539916
TinyGRU,seed,59,speech_run_length,1,seen/-5,4208,0.0,0.1126164107375596,0.3826045627376426,0.017110266159695818,0.5907794676806084,0.009505703422053232,0.007604562737642586
TinyGRU,seed,71,speech_run_length,1,seen/-5,4208,0.0,0.1218541865586905,0.3828422053231939,0.009505703422053232,0.5967205323193916,0.010931558935361217,-0.0014258555133079848
TinyGRU,seed,83,speech_run_length,1,seen/-5,4208,0.0,0.10317536912044058,0.39472433460076045,0.00879277566539924,0.5872148288973384,0.0092680608365019,-0.00047528517110266046
TinyGRU,seed,97,speech_run_length,1,seen/-5,4208,0.0,0.14333184086065862,0.38925855513307983,0.015209125475285171,0.5826996197718631,0.012832699619771864,0.0023764258555133075
TinyGRU,aggregate,aggregate,speech_run_length,1,seen/-5,4208,0.0,0.11701222160781044,0.3871673003802281,0.01311787072243346,0.5880703422053232,0.01164448669201521,0.0014733840304182507
MarbleNet,reference,reference,speech_run_length,2-4,seen/-5,2,2.0,0.0009883228660957158,1.0,0.0,0.0,0.0,0.0
TinyGRU,seed,41,speech_run_length,2-4,seen/-5,2,2.0,-0.10255122946417808,1.0,0.0,0.0,0.0,0.0
TinyGRU,seed,59,speech_run_length,2-4,seen/-5,2,2.0,-0.07126638136749676,1.0,0.0,0.0,0.0,0.0
TinyGRU,seed,71,speech_run_length,2-4,seen/-5,2,2.0,0.07785298717042177,1.0,0.0,0.0,0.0,0.0
TinyGRU,seed,83,speech_run_length,2-4,seen/-5,2,2.0,-0.024577474767679658,1.0,0.0,0.0,0.0,0.0
TinyGRU,seed,97,speech_run_length,2-4,seen/-5,2,2.0,-0.06925537508219967,1.0,0.0,0.0,0.0,0.0
TinyGRU,aggregate,aggregate,speech_run_length,2-4,seen/-5,2,2.0,-0.03795949470222648,1.0,0.0,0.0,0.0,0.0
MarbleNet,reference,reference,speech_run_length,5-10,seen/-5,0,,,,,,,
TinyGRU,seed,41,speech_run_length,5-10,seen/-5,0,,,,,,,
TinyGRU,seed,59,speech_run_length,5-10,seen/-5,0,,,,,,,
TinyGRU,seed,71,speech_run_length,5-10,seen/-5,0,,,,,,,
TinyGRU,seed,83,speech_run_length,5-10,seen/-5,0,,,,,,,
TinyGRU,seed,97,speech_run_length,5-10,seen/-5,0,,,,,,,
TinyGRU,aggregate,aggregate,speech_run_length,5-10,seen/-5,0,,,,,,,
MarbleNet,reference,reference,speech_run_length,11-25,seen/-5,120,20.533333333333335,0.04341237950862938,0.8500000000000001,0.041666666666666664,0.10833333333333334,0.0,0.041666666666666664
TinyGRU,seed,41,speech_run_length,11-25,seen/-5,120,20.533333333333335,0.022299867465409424,0.8666666666666667,0.041666666666666664,0.09166666666666666,0.0,0.041666666666666664
TinyGRU,seed,59,speech_run_length,11-25,seen/-5,120,20.533333333333335,-0.0168522792330666,0.8,0.008333333333333333,0.15833333333333333,0.03333333333333333,-0.025
TinyGRU,seed,71,speech_run_length,11-25,seen/-5,120,20.533333333333335,-0.028264208357463926,0.9,0.008333333333333333,0.06666666666666667,0.025,-0.01666666666666667
TinyGRU,seed,83,speech_run_length,11-25,seen/-5,120,20.533333333333335,-0.02131030863093213,0.825,0.0,0.125,0.05,-0.05
TinyGRU,seed,97,speech_run_length,11-25,seen/-5,120,20.533333333333335,-0.05218283831521791,0.85,0.0,0.06666666666666667,0.08333333333333333,-0.08333333333333333
TinyGRU,aggregate,aggregate,speech_run_length,11-25,seen/-5,120,20.533333333333335,-0.01926195341425423,0.8483333333333334,0.011666666666666667,0.10166666666666666,0.03833333333333334,-0.026666666666666672
MarbleNet,reference,reference,speech_run_length,26-50,seen/-5,541,42.75231053604436,-0.0008441690854791642,0.9297597042513863,0.005545286506469501,0.053604436229205174,0.011090573012939002,-0.005545286506469501
TinyGRU,seed,41,speech_run_length,26-50,seen/-5,541,42.75231053604436,-0.011899848712600029,0.9297597042513863,0.009242144177449169,0.051756007393715345,0.009242144177449169,0.0
TinyGRU,seed,59,speech_run_length,26-50,seen/-5,541,42.75231053604436,-0.030788735227659004,0.9260628465804066,0.009242144177449169,0.05730129390018484,0.0073937153419593345,0.0018484288354898345
TinyGRU,seed,71,speech_run_length,26-50,seen/-5,541,42.75231053604436,-0.02271790837233899,0.933456561922366,0.0073937153419593345,0.053604436229205174,0.005545286506469501,0.0018484288354898336
TinyGRU,seed,83,speech_run_length,26-50,seen/-5,541,42.75231053604436,-0.038462118969831795,0.9463955637707948,0.0,0.051756007393715345,0.0018484288354898336,-0.0018484288354898336
TinyGRU,seed,97,speech_run_length,26-50,seen/-5,541,42.75231053604436,-0.04112509124883076,0.9297597042513863,0.0036968576709796672,0.059149722735674676,0.0073937153419593345,-0.0036968576709796672
TinyGRU,aggregate,aggregate,speech_run_length,26-50,seen/-5,541,42.75231053604436,-0.028998740506252126,0.9330868761552681,0.005914972273567468,0.05471349353049907,0.006284658040665435,-0.00036968576709796655
MarbleNet,reference,reference,speech_run_length,>50,seen/-5,24424,212.37283000327545,0.0002407853937876495,0.9423927284638061,0.005609236816246315,0.04217163445791025,0.00982640026203734,-0.004217163445791025
TinyGRU,seed,41,speech_run_length,>50,seen/-5,24424,212.37283000327545,0.009768295371307545,0.9267523747133967,0.018833933835571567,0.04933671798231248,0.005076973468719293,0.013756960366852275
TinyGRU,seed,59,speech_run_length,>50,seen/-5,24424,212.37283000327545,-0.007599798398082621,0.9282672780871274,0.01056338028169014,0.054413691451031775,0.0067556501801506715,0.003807730101539469
TinyGRU,seed,71,speech_run_length,>50,seen/-5,24424,212.37283000327545,-0.0016995184871527811,0.9340812315754995,0.016090730429086146,0.04041107107762856,0.009416966917785784,0.006673763511300362
TinyGRU,seed,83,speech_run_length,>50,seen/-5,24424,212.37283000327545,-0.01741467121686102,0.9403046184081232,0.003807730101539469,0.04905011464133639,0.006837536849000982,-0.003029806747461513
TinyGRU,seed,97,speech_run_length,>50,seen/-5,24424,212.37283000327545,-0.005712961116888408,0.9349819849328529,0.013470357025876187,0.04442351785129381,0.0071241401899770716,0.0063462168358991156
TinyGRU,aggregate,aggregate,speech_run_length,>50,seen/-5,24424,212.37283000327545,-0.004531730769535459,0.9328774975433999,0.012553226334752704,0.0475270226007206,0.007042253521126761,0.005510972813625943
MarbleNet,reference,reference,speech_run_length,1,seen/0,3930,0.0,0.12647819073120364,0.5478371501272266,0.06921119592875317,0.37353689567430026,0.009414758269720101,0.05979643765903308
TinyGRU,seed,41,speech_run_length,1,seen/0,3930,0.0,0.12756262440087052,0.3010178117048346,0.042748091603053436,0.6440203562340967,0.012213740458015267,0.03053435114503817
TinyGRU,seed,59,speech_run_length,1,seen/0,3930,0.0,0.12349037218730537,0.30178117048346054,0.03282442748091603,0.6493638676844784,0.01603053435114504,0.016793893129770993
TinyGRU,seed,71,speech_run_length,1,seen/0,3930,0.0,0.14938340839120876,0.30025445292620867,0.029516539440203562,0.6519083969465649,0.0183206106870229,0.011195928753180661
TinyGRU,seed,83,speech_run_length,1,seen/0,3930,0.0,0.07888278646114037,0.29872773536895675,0.01984732824427481,0.6715012722646311,0.009923664122137405,0.009923664122137405
TinyGRU,seed,97,speech_run_length,1,seen/0,3930,0.0,0.14544776810568533,0.3010178117048346,0.0371501272264631,0.6529262086513995,0.008905852417302799,0.028244274809160305
TinyGRU,aggregate,aggregate,speech_run_length,1,seen/0,3930,0.0,0.12495339190924207,0.30055979643765907,0.03241730279898219,0.6539440203562341,0.013078880407124682,0.019338422391857506
MarbleNet,reference,reference,speech_run_length,2-4,seen/0,0,,,,,,,
TinyGRU,seed,41,speech_run_length,2-4,seen/0,0,,,,,,,
TinyGRU,seed,59,speech_run_length,2-4,seen/0,0,,,,,,,
TinyGRU,seed,71,speech_run_length,2-4,seen/0,0,,,,,,,
TinyGRU,seed,83,speech_run_length,2-4,seen/0,0,,,,,,,
TinyGRU,seed,97,speech_run_length,2-4,seen/0,0,,,,,,,
TinyGRU,aggregate,aggregate,speech_run_length,2-4,seen/0,0,,,,,,,
MarbleNet,reference,reference,speech_run_length,5-10,seen/0,0,,,,,,,
TinyGRU,seed,41,speech_run_length,5-10,seen/0,0,,,,,,,
TinyGRU,seed,59,speech_run_length,5-10,seen/0,0,,,,,,,
TinyGRU,seed,71,speech_run_length,5-10,seen/0,0,,,,,,,
TinyGRU,seed,83,speech_run_length,5-10,seen/0,0,,,,,,,
TinyGRU,seed,97,speech_run_length,5-10,seen/0,0,,,,,,,
TinyGRU,aggregate,aggregate,speech_run_length,5-10,seen/0,0,,,,,,,
MarbleNet,reference,reference,speech_run_length,11-25,seen/0,42,21.047619047619047,-0.05166899650999408,1.0,0.0,0.0,0.0,0.0
TinyGRU,seed,41,speech_run_length,11-25,seen/0,42,21.047619047619047,-0.0212718341548557,1.0,0.0,0.0,0.0,0.0
TinyGRU,seed,59,speech_run_length,11-25,seen/0,42,21.047619047619047,-0.01788990664379093,1.0,0.0,0.0,0.0,0.0
TinyGRU,seed,71,speech_run_length,11-25,seen/0,42,21.047619047619047,-0.03537367310481513,1.0,0.0,0.0,0.0,0.0
TinyGRU,seed,83,speech_run_length,11-25,seen/0,42,21.047619047619047,-0.02800087298225144,1.0,0.0,0.0,0.0,0.0
TinyGRU,seed,97,speech_run_length,11-25,seen/0,42,21.047619047619047,-0.02560390504881017,1.0,0.0,0.0,0.0,0.0
TinyGRU,aggregate,aggregate,speech_run_length,11-25,seen/0,42,21.047619047619047,-0.02562803838690467,1.0,0.0,0.0,0.0,0.0
MarbleNet,reference,reference,speech_run_length,26-50,seen/0,384,43.333333333333336,-0.017276866222602775,0.9322916666666667,0.0026041666666666665,0.0546875,0.010416666666666666,-0.0078125
TinyGRU,seed,41,speech_run_length,26-50,seen/0,384,43.333333333333336,-0.01710547159079757,0.9895833333333334,0.0,0.010416666666666666,0.0,0.0
TinyGRU,seed,59,speech_run_length,26-50,seen/0,384,43.333333333333336,-0.011475236064467327,0.9869791666666666,0.0,0.010416666666666666,0.0026041666666666665,-0.0026041666666666665
TinyGRU,seed,71,speech_run_length,26-50,seen/0,384,43.333333333333336,-0.022893876580673166,0.9817708333333334,0.0,0.015625,0.0026041666666666665,-0.0026041666666666665
TinyGRU,seed,83,speech_run_length,26-50,seen/0,384,43.333333333333336,-0.011888103707853944,0.9869791666666666,0.0,0.010416666666666666,0.0026041666666666665,-0.0026041666666666665
TinyGRU,seed,97,speech_run_length,26-50,seen/0,384,43.333333333333336,-0.014934442824578745,0.9869791666666666,0.0,0.010416666666666666,0.0026041666666666665,-0.0026041666666666665
TinyGRU,aggregate,aggregate,speech_run_length,26-50,seen/0,384,43.333333333333336,-0.015659426153674147,0.9864583333333332,0.0,0.011458333333333334,0.0020833333333333333,-0.0020833333333333333
MarbleNet,reference,reference,speech_run_length,>50,seen/0,19823,215.51293951470515,-0.014698657822219591,0.9531856933864703,0.0023709832013317864,0.03400090803611966,0.010442415376078294,-0.008071432174746507
TinyGRU,seed,41,speech_run_length,>50,seen/0,19823,215.51293951470515,-0.017212687404616248,0.9669071280835393,0.0033799122231750996,0.021338848811986076,0.008374110881299501,-0.004994198658124401
TinyGRU,seed,59,speech_run_length,>50,seen/0,19823,215.51293951470515,-0.016048611036849725,0.9728093628613227,0.0026232154567926145,0.019522776572668113,0.005044645109216567,-0.0024214296524239522
TinyGRU,seed,71,speech_run_length,>50,seen/0,19823,215.51293951470515,-0.020279512976299565,0.9707915048176361,0.0025223225546082834,0.019674115925944608,0.007012056701811028,-0.004489734147202744
TinyGRU,seed,83,speech_run_length,>50,seen/0,19823,215.51293951470515,-0.010100421678947145,0.9748776673561015,0.0018665186904101296,0.020178580436866267,0.0030772335166221057,-0.0012107148262119761
TinyGRU,seed,97,speech_run_length,>50,seen/0,19823,215.51293951470515,-0.021331327130826205,0.9721031125460324,0.0017656257882257983,0.01780759723553448,0.008323664430207335,-0.006558038641981536
TinyGRU,aggregate,aggregate,speech_run_length,>50,seen/0,19823,215.51293951470515,-0.016994512045507774,0.9714977551329264,0.0024315189426423853,0.01970438379659991,0.006366342127831308,-0.003934823185188922
MarbleNet,reference,reference,speech_run_length,1,seen/5,3176,0.0,0.1336752568333896,0.639168765743073,0.0670654911838791,0.28494962216624686,0.008816120906801008,0.058249370277078084
TinyGRU,seed,41,speech_run_length,1,seen/5,3176,0.0,0.07153659246935774,0.3413098236775819,0.05573047858942066,0.5670654911838791,0.03589420654911839,0.01983627204030227
TinyGRU,seed,59,speech_run_length,1,seen/5,3176,0.0,0.06451992783096229,0.3790931989924433,0.05887909319899244,0.5443954659949622,0.017632241813602016,0.04124685138539043
TinyGRU,seed,71,speech_run_length,1,seen/5,3176,0.0,0.06977101445874707,0.34414357682619645,0.048173803526448365,0.5698992443324937,0.037783375314861464,0.010390428211586901
TinyGRU,seed,83,speech_run_length,1,seen/5,3176,0.0,0.05402588392645931,0.3690176322418136,0.047544080604534,0.5749370277078085,0.00850125944584383,0.03904282115869017
TinyGRU,seed,97,speech_run_length,1,seen/5,3176,0.0,0.09134807676404968,0.37877833753148615,0.06895465994962216,0.5292821158690176,0.022984886649874057,0.04596977329974811
TinyGRU,aggregate,aggregate,speech_run_length,1,seen/5,3176,0.0,0.0702402990899152,0.3624685138539043,0.05585642317380353,0.5571158690176323,0.02455919395465995,0.03129722921914358
MarbleNet,reference,reference,speech_run_length,2-4,seen/5,0,,,,,,,
TinyGRU,seed,41,speech_run_length,2-4,seen/5,0,,,,,,,
TinyGRU,seed,59,speech_run_length,2-4,seen/5,0,,,,,,,
TinyGRU,seed,71,speech_run_length,2-4,seen/5,0,,,,,,,
TinyGRU,seed,83,speech_run_length,2-4,seen/5,0,,,,,,,
TinyGRU,seed,97,speech_run_length,2-4,seen/5,0,,,,,,,
TinyGRU,aggregate,aggregate,speech_run_length,2-4,seen/5,0,,,,,,,
MarbleNet,reference,reference,speech_run_length,5-10,seen/5,19,6.894736842105263,0.01635226069266031,0.9473684210526316,0.0,0.0,0.05263157894736842,-0.05263157894736842
TinyGRU,seed,41,speech_run_length,5-10,seen/5,19,6.894736842105263,0.0001816411254212707,1.0,0.0,0.0,0.0,0.0
TinyGRU,seed,59,speech_run_length,5-10,seen/5,19,6.894736842105263,0.009178854966299282,0.9473684210526315,0.0,0.05263157894736842,0.0,0.0
TinyGRU,seed,71,speech_run_length,5-10,seen/5,19,6.894736842105263,0.003993081637498726,1.0,0.0,0.0,0.0,0.0
TinyGRU,seed,83,speech_run_length,5-10,seen/5,19,6.894736842105263,-0.00047569280152004294,1.0,0.0,0.0,0.0,0.0
TinyGRU,seed,97,speech_run_length,5-10,seen/5,19,6.894736842105263,0.0017431677232122675,0.9473684210526315,0.0,0.05263157894736842,0.0,0.0
TinyGRU,aggregate,aggregate,speech_run_length,5-10,seen/5,19,6.894736842105263,0.002924210530182301,0.9789473684210527,0.0,0.021052631578947368,0.0,0.0
MarbleNet,reference,reference,speech_run_length,11-25,seen/5,22,22.0,0.0004924021121468033,1.0,0.0,0.0,0.0,0.0
TinyGRU,seed,41,speech_run_length,11-25,seen/5,22,22.0,-0.007342953372796052,1.0,0.0,0.0,0.0,0.0
TinyGRU,seed,59,speech_run_length,11-25,seen/5,22,22.0,-0.0051816746837481924,1.0,0.0,0.0,0.0,0.0
TinyGRU,seed,71,speech_run_length,11-25,seen/5,22,22.0,0.0015816392894256472,1.0,0.0,0.0,0.0,0.0
TinyGRU,seed,83,speech_run_length,11-25,seen/5,22,22.0,-0.00018068196939038497,1.0,0.0,0.0,0.0,0.0
TinyGRU,seed,97,speech_run_length,11-25,seen/5,22,22.0,0.0011173237934155988,1.0,0.0,0.0,0.0,0.0
TinyGRU,aggregate,aggregate,speech_run_length,11-25,seen/5,22,22.0,-0.002001269388618677,1.0,0.0,0.0,0.0,0.0
MarbleNet,reference,reference,speech_run_length,26-50,seen/5,620,40.28709677419355,-0.014652124813148966,0.9145161290322581,0.0064516129032258064,0.06774193548387097,0.01129032258064516,-0.004838709677419355
TinyGRU,seed,41,speech_run_length,26-50,seen/5,620,40.28709677419355,0.04717682453978351,0.864516129032258,0.05967741935483871,0.05806451612903226,0.017741935483870968,0.04193548387096774
TinyGRU,seed,59,speech_run_length,26-50,seen/5,620,40.28709677419355,0.04349809029300162,0.8693548387096774,0.03870967741935484,0.07419354838709677,0.017741935483870968,0.020967741935483872
TinyGRU,seed,71,speech_run_length,26-50,seen/5,620,40.28709677419355,0.03472857996178008,0.8790322580645161,0.04516129032258064,0.04838709677419355,0.027419354838709678,0.017741935483870964
TinyGRU,seed,83,speech_run_length,26-50,seen/5,620,40.28709677419355,0.0007769324816339411,0.9435483870967742,0.00967741935483871,0.027419354838709678,0.01935483870967742,-0.00967741935483871
TinyGRU,seed,97,speech_run_length,26-50,seen/5,620,40.28709677419355,0.02749763098476462,0.885483870967742,0.027419354838709678,0.07096774193548387,0.016129032258064516,0.011290322580645162
TinyGRU,aggregate,aggregate,speech_run_length,26-50,seen/5,620,40.28709677419355,0.03073561165219276,0.8883870967741935,0.03612903225806452,0.05580645161290324,0.019677419354838712,0.016451612903225808
MarbleNet,reference,reference,speech_run_length,>50,seen/5,16836,194.7608695652174,-0.019065016606472567,0.954680446661915,0.0014849132810643858,0.03557852221430269,0.008256117842717986,-0.0067712045616536
TinyGRU,seed,41,speech_run_length,>50,seen/5,16836,194.7608695652174,0.008326905161660462,0.965312425754336,0.009384651936326918,0.02108576859111428,0.004217153718222856,0.005167498218104062
TinyGRU,seed,59,speech_run_length,>50,seen/5,16836,194.7608695652174,0.008872878489275942,0.9643620812544548,0.007840342124019958,0.02506533618436683,0.00273224043715847,0.005108101686861488
TinyGRU,seed,71,speech_run_length,>50,seen/5,16836,194.7608695652174,0.007027123253488042,0.9676288904727964,0.008612497030173439,0.01924447612259444,0.004514136374435733,0.004098360655737706
TinyGRU,seed,83,speech_run_length,>50,seen/5,16836,194.7608695652174,-0.001320404297728981,0.9705393205036826,0.003801377999524828,0.02197671655975291,0.003682584937039677,0.00011879306248515102
TinyGRU,seed,97,speech_run_length,>50,seen/5,16836,194.7608695652174,-0.0012179445163859085,0.9668567355666429,0.006177239249227845,0.020788785934901403,0.006177239249227845,0.0
TinyGRU,aggregate,aggregate,speech_run_length,>50,seen/5,16836,194.7608695652174,0.004337711618061911,0.9669398907103823,0.007163221667854598,0.021632216678545972,0.004264670943216917,0.002898550724637681
MarbleNet,reference,reference,speech_run_length,1,seen/10,5148,0.0,0.04544182157944828,0.7430069930069929,0.04312354312354312,0.20337995337995338,0.01048951048951049,0.03263403263403263
TinyGRU,seed,41,speech_run_length,1,seen/10,5148,0.0,-0.03315355576676764,0.5911033411033411,0.027000777000777,0.3521756021756022,0.02972027972027972,-0.00271950271950272
TinyGRU,seed,59,speech_run_length,1,seen/10,5148,0.0,-0.04175992825937847,0.581973581973582,0.03807303807303807,0.3486790986790987,0.03127428127428127,0.0067987567987568
TinyGRU,seed,71,speech_run_length,1,seen/10,5148,0.0,-0.060355494965495096,0.5784770784770785,0.025446775446775448,0.3593628593628594,0.03671328671328671,-0.011266511266511264
TinyGRU,seed,83,speech_run_length,1,seen/10,5148,0.0,-0.010255760030001103,0.5382672882672883,0.02836052836052836,0.41375291375291373,0.01961926961926962,0.00874125874125874
TinyGRU,seed,97,speech_run_length,1,seen/10,5148,0.0,-0.03294478378830058,0.6023698523698524,0.026029526029526028,0.34207459207459207,0.029526029526029528,-0.0034965034965034995
TinyGRU,aggregate,aggregate,speech_run_length,1,seen/10,5148,0.0,-0.03569390456198858,0.5784382284382285,0.028982128982128985,0.3632090132090132,0.029370629370629373,-0.00038850038850038807
MarbleNet,reference,reference,speech_run_length,2-4,seen/10,9,3.2222222222222223,0.07986612372329345,0.6666666666666667,0.2222222222222222,0.1111111111111111,0.0,0.2222222222222222
TinyGRU,seed,41,speech_run_length,2-4,seen/10,9,3.2222222222222223,-0.03539243165530888,0.8888888888888888,0.0,0.1111111111111111,0.0,0.0
TinyGRU,seed,59,speech_run_length,2-4,seen/10,9,3.2222222222222223,0.004438057821363217,1.0,0.0,0.0,0.0,0.0
TinyGRU,seed,71,speech_run_length,2-4,seen/10,9,3.2222222222222223,0.0006959414544479701,1.0,0.0,0.0,0.0,0.0
TinyGRU,seed,83,speech_run_length,2-4,seen/10,9,3.2222222222222223,0.0037222195796345198,1.0,0.0,0.0,0.0,0.0
TinyGRU,seed,97,speech_run_length,2-4,seen/10,9,3.2222222222222223,-0.009529622399174653,1.0,0.0,0.0,0.0,0.0
TinyGRU,aggregate,aggregate,speech_run_length,2-4,seen/10,9,3.2222222222222223,-0.007213167039807565,0.9777777777777779,0.0,0.022222222222222223,0.0,0.0
MarbleNet,reference,reference,speech_run_length,5-10,seen/10,15,8.333333333333334,-0.14127164561681885,0.6,0.0,0.4,0.0,0.0
TinyGRU,seed,41,speech_run_length,5-10,seen/10,15,8.333333333333334,-0.2066789766062066,0.3333333333333333,0.0,0.6,0.06666666666666667,-0.06666666666666667
TinyGRU,seed,59,speech_run_length,5-10,seen/10,15,8.333333333333334,-0.10796929284827993,0.3333333333333333,0.0,0.6,0.06666666666666667,-0.06666666666666667
TinyGRU,seed,71,speech_run_length,5-10,seen/10,15,8.333333333333334,0.19959492092612702,0.3333333333333333,0.13333333333333333,0.5333333333333333,0.0,0.13333333333333333
TinyGRU,seed,83,speech_run_length,5-10,seen/10,15,8.333333333333334,-0.120603749680511,0.3333333333333333,0.0,0.6,0.06666666666666667,-0.06666666666666667
TinyGRU,seed,97,speech_run_length,5-10,seen/10,15,8.333333333333334,0.0860216895101079,0.3333333333333333,0.0,0.6666666666666666,0.0,0.0
TinyGRU,aggregate,aggregate,speech_run_length,5-10,seen/10,15,8.333333333333334,-0.029927081739752528,0.3333333333333333,0.02666666666666667,0.6,0.04,-0.013333333333333332
MarbleNet,reference,reference,speech_run_length,11-25,seen/10,46,23.043478260869566,0.0006874620642140279,1.0,0.0,0.0,0.0,0.0
TinyGRU,seed,41,speech_run_length,11-25,seen/10,46,23.043478260869566,0.0011961696364693566,1.0,0.0,0.0,0.0,0.0
TinyGRU,seed,59,speech_run_length,11-25,seen/10,46,23.043478260869566,-0.00023541445168067797,1.0,0.0,0.0,0.0,0.0
TinyGRU,seed,71,speech_run_length,11-25,seen/10,46,23.043478260869566,0.002977594822279351,1.0,0.0,0.0,0.0,0.0
TinyGRU,seed,83,speech_run_length,11-25,seen/10,46,23.043478260869566,0.0003798639002559532,1.0,0.0,0.0,0.0,0.0
TinyGRU,seed,97,speech_run_length,11-25,seen/10,46,23.043478260869566,0.011909197916138333,0.9782608695652174,0.021739130434782608,0.0,0.0,0.021739130434782608
TinyGRU,aggregate,aggregate,speech_run_length,11-25,seen/10,46,23.043478260869566,0.003245482364692464,0.9956521739130434,0.004347826086956522,0.0,0.0,0.004347826086956522
MarbleNet,reference,reference,speech_run_length,26-50,seen/10,682,41.225806451612904,0.01017497538054916,0.9486803519061584,0.008797653958944282,0.036656891495601175,0.005865102639296188,0.002932551319648094
TinyGRU,seed,41,speech_run_length,26-50,seen/10,682,41.225806451612904,0.027085515887963665,0.9369501466275659,0.020527859237536656,0.04252199413489736,0.0,0.020527859237536656
TinyGRU,seed,59,speech_run_length,26-50,seen/10,682,41.225806451612904,0.01600389782284694,0.9237536656891495,0.008797653958944282,0.06598240469208211,0.001466275659824047,0.007331378299120235
TinyGRU,seed,71,speech_run_length,26-50,seen/10,682,41.225806451612904,0.014691880595794989,0.9413489736070382,0.002932551319648094,0.05278592375366569,0.002932551319648094,0.0
TinyGRU,seed,83,speech_run_length,26-50,seen/10,682,41.225806451612904,0.012272661445771627,0.9574780058651027,0.013196480938416423,0.02932551319648094,0.0,0.013196480938416423
TinyGRU,seed,97,speech_run_length,26-50,seen/10,682,41.225806451612904,0.007990782980676854,0.9046920821114369,0.010263929618768328,0.08064516129032258,0.004398826979472141,0.005865102639296187
TinyGRU,aggregate,aggregate,speech_run_length,26-50,seen/10,682,41.225806451612904,0.015608947746610816,0.9328445747800586,0.01114369501466276,0.054252199413489736,0.0017595307917888565,0.009384164222873902
MarbleNet,reference,reference,speech_run_length,>50,seen/10,27127,209.0143768201423,-0.0072503905844283935,0.9531831754340693,0.003538909573487669,0.037416596011354004,0.005861318981088952,-0.0023224094076012827
TinyGRU,seed,41,speech_run_length,>50,seen/10,27127,209.0143768201423,0.01005664541884789,0.9513399933645446,0.006967228222803849,0.037306005087182514,0.00438677332546909,0.002580454897334759
TinyGRU,seed,59,speech_run_length,>50,seen/10,27127,209.0143768201423,0.005408244710536673,0.952335311682088,0.008146864747299738,0.03494673203819073,0.004571091532421572,0.0035757732148781656
TinyGRU,seed,71,speech_run_length,>50,seen/10,27127,209.0143768201423,0.013132807072170186,0.9508239023850776,0.009105319423452649,0.03594205035573414,0.004128727835735614,0.004976591587717035
TinyGRU,seed,83,speech_run_length,>50,seen/10,27127,209.0143768201423,0.0015054699103056485,0.9598923581671398,0.0032808640837541933,0.034614959265676266,0.002211818483429793,0.0010690456003244002
TinyGRU,seed,97,speech_run_length,>50,seen/10,27127,209.0143768201423,0.006887179835871611,0.9532937663582408,0.007040955505584842,0.036200095845467614,0.003465182290706676,0.003575773214878166
TinyGRU,aggregate,aggregate,speech_run_length,>50,seen/10,27127,209.0143768201423,0.007398069389546402,0.9535370663914181,0.006908246396579055,0.03580196851845025,0.003752718693552549,0.003155527703026506
MarbleNet,reference,reference,speech_run_length,1,seen/15,4586,0.0,0.015063628380142568,0.8560837331007413,0.011993022241604884,0.1190580026166594,0.01286524204099433,-0.0008722197993894462
TinyGRU,seed,41,speech_run_length,1,seen/15,4586,0.0,-0.087661956295206,0.7372437854339293,0.005233318796336677,0.21674662014827736,0.04077627562145661,-0.03554295682511993
TinyGRU,seed,59,speech_run_length,1,seen/15,4586,0.0,-0.06153420864568097,0.7483645878761448,0.0067597034452682074,0.2093327518534671,0.03554295682511993,-0.028783253379851725
TinyGRU,seed,71,speech_run_length,1,seen/15,4586,0.0,-0.10452049367492378,0.7082424771042303,0.00719581334496293,0.22197993894461404,0.06258177060619276,-0.05538595726122983
TinyGRU,seed,83,speech_run_length,1,seen/15,4586,0.0,-0.032971966186625554,0.7248146532926297,0.013083296990841693,0.23680767553423462,0.02529437418229394,-0.012211077191452245
TinyGRU,seed,97,speech_run_length,1,seen/15,4586,0.0,-0.06636293933705553,0.7361535106846926,0.006323593545573485,0.21347579590056695,0.04404709986916703,-0.037723506323593545
TinyGRU,aggregate,aggregate,speech_run_length,1,seen/15,4586,0.0,-0.07061031282789837,0.7309638028783253,0.0077191452245965984,0.219668556476232,0.04164849542084605,-0.03392935019624946
MarbleNet,reference,reference,speech_run_length,2-4,seen/15,9,3.2222222222222223,0.1078612809195105,0.7777777777777778,0.2222222222222222,0.0,0.0,0.2222222222222222
TinyGRU,seed,41,speech_run_length,2-4,seen/15,9,3.2222222222222223,0.029329372548488823,1.0,0.0,0.0,0.0,0.0
TinyGRU,seed,59,speech_run_length,2-4,seen/15,9,3.2222222222222223,0.038312830895521593,0.8888888888888888,0.1111111111111111,0.0,0.0,0.1111111111111111
TinyGRU,seed,71,speech_run_length,2-4,seen/15,9,3.2222222222222223,0.053393963943378475,1.0,0.0,0.0,0.0,0.0
TinyGRU,seed,83,speech_run_length,2-4,seen/15,9,3.2222222222222223,0.04300715201551148,1.0,0.0,0.0,0.0,0.0
TinyGRU,seed,97,speech_run_length,2-4,seen/15,9,3.2222222222222223,0.05036418840004281,0.8888888888888888,0.1111111111111111,0.0,0.0,0.1111111111111111
TinyGRU,aggregate,aggregate,speech_run_length,2-4,seen/15,9,3.2222222222222223,0.04288150156058864,0.9555555555555555,0.044444444444444446,0.0,0.0,0.044444444444444446
MarbleNet,reference,reference,speech_run_length,5-10,seen/15,10,10.0,-0.2270708709463564,0.19999999999999996,0.0,0.8,0.0,0.0
TinyGRU,seed,41,speech_run_length,5-10,seen/15,10,10.0,0.2972322323318039,0.6,0.4,0.0,0.0,0.4
TinyGRU,seed,59,speech_run_length,5-10,seen/15,10,10.0,0.0947290967595503,0.0,0.2,0.8,0.0,0.2
TinyGRU,seed,71,speech_run_length,5-10,seen/15,10,10.0,0.21114327983567288,0.5,0.5,0.0,0.0,0.5
TinyGRU,seed,83,speech_run_length,5-10,seen/15,10,10.0,0.1290965890409017,0.8,0.2,0.0,0.0,0.2
TinyGRU,seed,97,speech_run_length,5-10,seen/15,10,10.0,0.5189762340850571,0.0,0.4,0.6,0.0,0.4
TinyGRU,aggregate,aggregate,speech_run_length,5-10,seen/15,10,10.0,0.2502354864105972,0.38,0.34,0.27999999999999997,0.0,0.34
MarbleNet,reference,reference,speech_run_length,11-25,seen/15,80,20.3,0.02693691419167902,0.8875000000000001,0.0125,0.1,0.0,0.0125
TinyGRU,seed,41,speech_run_length,11-25,seen/15,80,20.3,0.007200336630514778,1.0,0.0,0.0,0.0,0.0
TinyGRU,seed,59,speech_run_length,11-25,seen/15,80,20.3,0.02832018988761815,0.9875,0.0,0.0125,0.0,0.0
TinyGRU,seed,71,speech_run_length,11-25,seen/15,80,20.3,0.007172569467660228,1.0,0.0,0.0,0.0,0.0
TinyGRU,seed,83,speech_run_length,11-25,seen/15,80,20.3,0.005115594741358728,1.0,0.0,0.0,0.0,0.0
TinyGRU,seed,97,speech_run_length,11-25,seen/15,80,20.3,0.014572491911994048,1.0,0.0,0.0,0.0,0.0
TinyGRU,aggregate,aggregate,speech_run_length,11-25,seen/15,80,20.3,0.012476236527829187,0.9974999999999999,0.0,0.0025,0.0,0.0
MarbleNet,reference,reference,speech_run_length,26-50,seen/15,592,37.652027027027025,-0.005582466247348491,0.8986486486486486,0.006756756756756757,0.08614864864864864,0.008445945945945946,-0.0016891891891891893
TinyGRU,seed,41,speech_run_length,26-50,seen/15,592,37.652027027027025,0.026700074919517872,0.8834459459459459,0.015202702702702704,0.10135135135135136,0.0,0.015202702702702704
TinyGRU,seed,59,speech_run_length,26-50,seen/15,592,37.652027027027025,0.027500651786676513,0.8952702702702703,0.016891891891891893,0.08783783783783784,0.0,0.016891891891891893
TinyGRU,seed,71,speech_run_length,26-50,seen/15,592,37.652027027027025,0.0358873328278061,0.9121621621621622,0.011824324324324325,0.07432432432432433,0.0016891891891891893,0.010135135135135136
TinyGRU,seed,83,speech_run_length,26-50,seen/15,592,37.652027027027025,0.017970375845568855,0.9054054054054054,0.010135135135135136,0.08445945945945946,0.0,0.010135135135135136
TinyGRU,seed,97,speech_run_length,26-50,seen/15,592,37.652027027027025,0.021725366244392096,0.9206081081081081,0.005067567567567568,0.07094594594594594,0.0033783783783783786,0.0016891891891891893
TinyGRU,aggregate,aggregate,speech_run_length,26-50,seen/15,592,37.652027027027025,0.025956760324792286,0.9033783783783783,0.011824324324324325,0.08378378378378377,0.0010135135135135136,0.010810810810810811
MarbleNet,reference,reference,speech_run_length,>50,seen/15,23220,213.55710594315246,-0.002450047559331619,0.9540913006029285,0.0050387596899224806,0.0380275624461671,0.002842377260981912,0.0021963824289405686
TinyGRU,seed,41,speech_run_length,>50,seen/15,23220,213.55710594315246,0.026298256173197802,0.9468992248062016,0.012360034453057708,0.03931955211024978,0.001421188630490956,0.010938845822566752
TinyGRU,seed,59,speech_run_length,>50,seen/15,23220,213.55710594315246,0.02040942434855549,0.9470284237726099,0.010551248923341947,0.04099913867355728,0.001421188630490956,0.00913006029285099
TinyGRU,seed,71,speech_run_length,>50,seen/15,23220,213.55710594315246,0.026558894883081652,0.9491386735572782,0.013565891472868217,0.03669250645994832,0.0006029285099052541,0.012962962962962963
TinyGRU,seed,83,speech_run_length,>50,seen/15,23220,213.55710594315246,0.009783169986899024,0.9513781223083548,0.005297157622739018,0.04160206718346253,0.0017226528854435831,0.003574504737295435
TinyGRU,seed,97,speech_run_length,>50,seen/15,23220,213.55710594315246,0.015933371780423967,0.9517657192075797,0.008871662360034453,0.0380275624461671,0.001335055986218777,0.007536606373815676
TinyGRU,aggregate,aggregate,speech_run_length,>50,seen/15,23220,213.55710594315246,0.019796623434431584,0.9492420327304049,0.010129198966408268,0.039328165374677,0.0013006029285099056,0.008828596037898363
MarbleNet,reference,reference,speech_run_length,1,seen/20,4638,0.0,0.004645021967305176,0.8727899956877965,0.01121172919361794,0.10435532557136697,0.01164294954721863,-0.00043122035360068997
TinyGRU,seed,41,speech_run_length,1,seen/20,4638,0.0,-0.11107570630896184,0.8214747736093143,0.0008624407072013799,0.1257007330746011,0.05196205260888314,-0.05109961190168176
TinyGRU,seed,59,speech_run_length,1,seen/20,4638,0.0,-0.09552674415544446,0.8188874514877102,0.0023717119448037945,0.1313065976714101,0.0474342388960759,-0.0450625269512721
TinyGRU,seed,71,speech_run_length,1,seen/20,4638,0.0,-0.12306450903125803,0.7996981457524796,0.00043122035360068997,0.148124191461837,0.0517464424320828,-0.0513152220784821
TinyGRU,seed,83,speech_run_length,1,seen/20,4638,0.0,-0.06450273256904271,0.8057352307028892,0.004527813712807244,0.15265200517464425,0.03708495040965933,-0.03255713669685209
TinyGRU,seed,97,speech_run_length,1,seen/20,4638,0.0,-0.08404872518698976,0.8171625700733075,0.0021561017680034496,0.1457524795170332,0.03492884864165589,-0.032772746873652434
TinyGRU,aggregate,aggregate,speech_run_length,1,seen/20,4638,0.0,-0.09564368345033937,0.8125916343251401,0.0020698576972833123,0.14070720137990514,0.04463130659767141,-0.0425614489003881
MarbleNet,reference,reference,speech_run_length,2-4,seen/20,4,2.0,-0.036942904788458186,1.0,0.0,0.0,0.0,0.0
TinyGRU,seed,41,speech_run_length,2-4,seen/20,4,2.0,0.019661994060725788,0.75,0.25,0.0,0.0,0.25
TinyGRU,seed,59,speech_run_length,2-4,seen/20,4,2.0,0.04498666152693548,1.0,0.0,0.0,0.0,0.0
TinyGRU,seed,71,speech_run_length,2-4,seen/20,4,2.0,0.2668732653080064,0.5,0.5,0.0,0.0,0.5
TinyGRU,seed,83,speech_run_length,2-4,seen/20,4,2.0,0.004216414584959763,1.0,0.0,0.0,0.0,0.0
TinyGRU,seed,97,speech_run_length,2-4,seen/20,4,2.0,0.1830688298068555,0.5,0.25,0.25,0.0,0.25
TinyGRU,aggregate,aggregate,speech_run_length,2-4,seen/20,4,2.0,0.10376143305749659,0.75,0.2,0.05,0.0,0.2
MarbleNet,reference,reference,speech_run_length,5-10,seen/20,10,5.0,0.10309667386539138,1.0,0.0,0.0,0.0,0.0
TinyGRU,seed,41,speech_run_length,5-10,seen/20,10,5.0,0.10658716154372941,0.9,0.1,0.0,0.0,0.1
TinyGRU,seed,59,speech_run_length,5-10,seen/20,10,5.0,0.0708110135979241,1.0,0.0,0.0,0.0,0.0
TinyGRU,seed,71,speech_run_length,5-10,seen/20,10,5.0,0.02161649516449183,1.0,0.0,0.0,0.0,0.0
TinyGRU,seed,83,speech_run_length,5-10,seen/20,10,5.0,0.04805982390908532,1.0,0.0,0.0,0.0,0.0
TinyGRU,seed,97,speech_run_length,5-10,seen/20,10,5.0,0.032179500099493316,1.0,0.0,0.0,0.0,0.0
TinyGRU,aggregate,aggregate,speech_run_length,5-10,seen/20,10,5.0,0.05585079886294479,0.9800000000000001,0.02,0.0,0.0,0.02
MarbleNet,reference,reference,speech_run_length,11-25,seen/20,16,16.0,0.00759469607155995,1.0,0.0,0.0,0.0,0.0
TinyGRU,seed,41,speech_run_length,11-25,seen/20,16,16.0,0.02056751484787246,1.0,0.0,0.0,0.0,0.0
TinyGRU,seed,59,speech_run_length,11-25,seen/20,16,16.0,0.1268065368023601,1.0,0.0,0.0,0.0,0.0
TinyGRU,seed,71,speech_run_length,11-25,seen/20,16,16.0,0.05336695438035872,1.0,0.0,0.0,0.0,0.0
TinyGRU,seed,83,speech_run_length,11-25,seen/20,16,16.0,0.00768815713226844,1.0,0.0,0.0,0.0,0.0
TinyGRU,seed,97,speech_run_length,11-25,seen/20,16,16.0,0.06159946031517955,1.0,0.0,0.0,0.0,0.0
TinyGRU,aggregate,aggregate,speech_run_length,11-25,seen/20,16,16.0,0.054005724695607854,1.0,0.0,0.0,0.0,0.0
MarbleNet,reference,reference,speech_run_length,26-50,seen/20,738,39.959349593495936,-0.0038858490438093084,0.9363143631436314,0.005420054200542005,0.052845528455284556,0.005420054200542005,0.0
TinyGRU,seed,41,speech_run_length,26-50,seen/20,738,39.959349593495936,0.05040699027521679,0.9200542005420054,0.016260162601626018,0.06368563685636856,0.0,0.016260162601626018
TinyGRU,seed,59,speech_run_length,26-50,seen/20,738,39.959349593495936,0.03774235820096313,0.9186991869918699,0.01084010840108401,0.06910569105691057,0.0013550135501355014,0.009485094850948509
TinyGRU,seed,71,speech_run_length,26-50,seen/20,738,39.959349593495936,0.047340287125355776,0.9092140921409214,0.016260162601626018,0.07452574525745258,0.0,0.016260162601626018
TinyGRU,seed,83,speech_run_length,26-50,seen/20,738,39.959349593495936,0.025882620013671736,0.9186991869918699,0.01084010840108401,0.06910569105691057,0.0013550135501355014,0.009485094850948509
TinyGRU,seed,97,speech_run_length,26-50,seen/20,738,39.959349593495936,0.03183305631211364,0.9363143631436315,0.01084010840108401,0.051490514905149054,0.0013550135501355014,0.009485094850948509
TinyGRU,aggregate,aggregate,speech_run_length,26-50,seen/20,738,39.959349593495936,0.03864106238546421,0.9205962059620597,0.013008130081300815,0.06558265582655827,0.0008130081300813009,0.012195121951219514
MarbleNet,reference,reference,speech_run_length,>50,seen/20,23298,210.51540904798696,-0.0001296585157386876,0.9539874667353421,0.003777148253068933,0.039745900935702634,0.002489484075886342,0.0012876641771825909
TinyGRU,seed,41,speech_run_length,>50,seen/20,23298,210.51540904798696,0.04236776766624716,0.9343720491029273,0.01682547858185252,0.04858786161902309,0.00021461069619709846,0.016610867885655422
TinyGRU,seed,59,speech_run_length,>50,seen/20,23298,210.51540904798696,0.03445016318114955,0.9346295819383638,0.013820928835093142,0.050862734998712335,0.000686754227830715,0.013134174607262426
TinyGRU,seed,71,speech_run_length,>50,seen/20,23298,210.51540904798696,0.04141248302547792,0.9379775087990385,0.016267490771740063,0.045540389733024295,0.00021461069619709846,0.016052880075542966
TinyGRU,seed,83,speech_run_length,>50,seen/20,23298,210.51540904798696,0.02083566175019856,0.9418834234698258,0.00695338655678599,0.05051935788479698,0.0006438320885912954,0.006309554468194695
TinyGRU,seed,97,speech_run_length,>50,seen/20,23298,210.51540904798696,0.026170441694406237,0.9425701776976565,0.010387157695939566,0.04657052107477037,0.00047214353163361664,0.009915014164305949
TinyGRU,aggregate,aggregate,speech_run_length,>50,seen/20,23298,210.51540904798696,0.03304730346349589,0.9382865482015622,0.012850888488282258,0.048416173062065415,0.0004463902480899648,0.012404498240192293
MarbleNet,reference,reference,speech_run_length,1,unseen/-5,2735,0.0,-0.05813709317798869,0.6873857404021937,0.004753199268738574,0.23107861060329069,0.07678244972577697,-0.0720292504570384
TinyGRU,seed,41,speech_run_length,1,unseen/-5,2735,0.0,0.00487625489659011,0.6460694698354662,0.0226691042047532,0.32285191956124315,0.008409506398537478,0.014259597806215722
TinyGRU,seed,59,speech_run_length,1,unseen/-5,2735,0.0,0.0030857352791791044,0.5912248628884826,0.041681901279707494,0.3217550274223035,0.0453382084095064,-0.0036563071297989053
TinyGRU,seed,71,speech_run_length,1,unseen/-5,2735,0.0,-0.046846600844522614,0.6040219378427788,0.02340036563071298,0.3180987202925046,0.054478976234003655,-0.031078610603290674
TinyGRU,seed,83,speech_run_length,1,unseen/-5,2735,0.0,0.07448164263062357,0.596709323583181,0.04606946983546618,0.343327239488117,0.013893967093235832,0.03217550274223034
TinyGRU,seed,97,speech_run_length,1,unseen/-5,2735,0.0,0.06645577663645365,0.6219378427787934,0.04789762340036563,0.3217550274223035,0.008409506398537478,0.03948811700182815
TinyGRU,aggregate,aggregate,speech_run_length,1,unseen/-5,2735,0.0,0.020410561719664762,0.6119926873857404,0.036343692870201096,0.3255575868372943,0.026106032906764172,0.010237659963436924
MarbleNet,reference,reference,speech_run_length,2-4,unseen/-5,0,,,,,,,
TinyGRU,seed,41,speech_run_length,2-4,unseen/-5,0,,,,,,,
TinyGRU,seed,59,speech_run_length,2-4,unseen/-5,0,,,,,,,
TinyGRU,seed,71,speech_run_length,2-4,unseen/-5,0,,,,,,,
TinyGRU,seed,83,speech_run_length,2-4,unseen/-5,0,,,,,,,
TinyGRU,seed,97,speech_run_length,2-4,unseen/-5,0,,,,,,,
TinyGRU,aggregate,aggregate,speech_run_length,2-4,unseen/-5,0,,,,,,,
MarbleNet,reference,reference,speech_run_length,5-10,unseen/-5,10,10.0,-0.0019057872846484961,1.0,0.0,0.0,0.0,0.0
TinyGRU,seed,41,speech_run_length,5-10,unseen/-5,10,10.0,-1.1442784985545712e-06,1.0,0.0,0.0,0.0,0.0
TinyGRU,seed,59,speech_run_length,5-10,unseen/-5,10,10.0,-1.3462575602482888e-06,1.0,0.0,0.0,0.0,0.0
TinyGRU,seed,71,speech_run_length,5-10,unseen/-5,10,10.0,8.70639575055454e-07,1.0,0.0,0.0,0.0,0.0
TinyGRU,seed,83,speech_run_length,5-10,unseen/-5,10,10.0,-1.415297778186407e-06,1.0,0.0,0.0,0.0,0.0
TinyGRU,seed,97,speech_run_length,5-10,unseen/-5,10,10.0,9.711212135211227e-07,1.0,0.0,0.0,0.0,0.0
TinyGRU,aggregate,aggregate,speech_run_length,5-10,unseen/-5,10,10.0,-4.1281460968253803e-07,1.0,0.0,0.0,0.0,0.0
MarbleNet,reference,reference,speech_run_length,11-25,unseen/-5,24,24.0,-0.025952106288621168,1.0,0.0,0.0,0.0,0.0
TinyGRU,seed,41,speech_run_length,11-25,unseen/-5,24,24.0,-2.699454920386549e-06,1.0,0.0,0.0,0.0,0.0
TinyGRU,seed,59,speech_run_length,11-25,unseen/-5,24,24.0,3.394929139156552e-08,1.0,0.0,0.0,0.0,0.0
TinyGRU,seed,71,speech_run_length,11-25,unseen/-5,24,24.0,7.583791260607408e-07,1.0,0.0,0.0,0.0,0.0
TinyGRU,seed,83,speech_run_length,11-25,unseen/-5,24,24.0,-2.681605703423508e-07,1.0,0.0,0.0,0.0,0.0
TinyGRU,seed,97,speech_run_length,11-25,unseen/-5,24,24.0,7.658414021692667e-07,1.0,0.0,0.0,0.0,0.0
TinyGRU,aggregate,aggregate,speech_run_length,11-25,unseen/-5,24,24.0,-2.818891342214654e-07,1.0,0.0,0.0,0.0,0.0
MarbleNet,reference,reference,speech_run_length,26-50,unseen/-5,192,39.322916666666664,0.03560041299173666,0.703125,0.010416666666666666,0.28125,0.005208333333333333,0.005208333333333333
TinyGRU,seed,41,speech_run_length,26-50,unseen/-5,192,39.322916666666664,0.04844484765680177,0.6875,0.0,0.3072916666666667,0.005208333333333333,-0.005208333333333333
TinyGRU,seed,59,speech_run_length,26-50,unseen/-5,192,39.322916666666664,0.07457684828489206,0.7604166666666666,0.109375,0.125,0.005208333333333333,0.10416666666666667
TinyGRU,seed,71,speech_run_length,26-50,unseen/-5,192,39.322916666666664,0.04421666551780148,0.7916666666666666,0.03125,0.171875,0.005208333333333333,0.026041666666666668
TinyGRU,seed,83,speech_run_length,26-50,unseen/-5,192,39.322916666666664,-0.08499324406563702,0.6979166666666666,0.0,0.296875,0.005208333333333333,-0.005208333333333333
TinyGRU,seed,97,speech_run_length,26-50,unseen/-5,192,39.322916666666664,-0.0900572657186345,0.6875,0.026041666666666668,0.19791666666666666,0.08854166666666667,-0.0625
TinyGRU,aggregate,aggregate,speech_run_length,26-50,unseen/-5,192,39.322916666666664,-0.0015624296649552432,0.725,0.03333333333333333,0.21979166666666664,0.021875000000000002,0.01145833333333333
MarbleNet,reference,reference,speech_run_length,>50,unseen/-5,12455,234.12741870734644,0.07646622096566989,0.7660377358490567,0.053392211963067045,0.17623444399839422,0.004335608189482136,0.04905660377358491
TinyGRU,seed,41,speech_run_length,>50,unseen/-5,12455,234.12741870734644,0.08139211620897141,0.6709755118426335,0.04287434765154556,0.27619429947812124,0.00995584102769972,0.03291850662384584
TinyGRU,seed,59,speech_run_length,>50,unseen/-5,12455,234.12741870734644,0.10257137710403398,0.6916900843034925,0.10847049377759936,0.18081091930951426,0.01902850260939382,0.08944199116820555
TinyGRU,seed,71,speech_run_length,>50,unseen/-5,12455,234.12741870734644,0.08137344039445205,0.7063829787234043,0.0734644720995584,0.20570052187876356,0.014452027298273785,0.05901244480128462
TinyGRU,seed,83,speech_run_length,>50,unseen/-5,12455,234.12741870734644,-0.05706824486592586,0.6843837816138097,0.02360497792051385,0.25853071055800886,0.0334805299076676,-0.009875551987153754
TinyGRU,seed,97,speech_run_length,>50,unseen/-5,12455,234.12741870734644,0.03379546994723864,0.7066238458450421,0.056282617422721795,0.2125250903251706,0.024568446407065434,0.031714171015656364
TinyGRU,aggregate,aggregate,speech_run_length,>50,unseen/-5,12455,234.12741870734644,0.04841283175775405,0.6920112404656764,0.0609393817743878,0.2267523083099157,0.020297069450020074,0.04064231232436773
MarbleNet,reference,reference,speech_run_length,1,unseen/0,2075,0.0,0.10505090380168682,0.5946987951807229,0.02313253012048193,0.3619277108433735,0.020240963855421686,0.002891566265060241
TinyGRU,seed,41,speech_run_length,1,unseen/0,2075,0.0,0.010568500119498423,0.38072289156626504,0.042891566265060244,0.5286746987951807,0.047710843373493975,-0.004819277108433731
TinyGRU,seed,59,speech_run_length,1,unseen/0,2075,0.0,0.03666896783129439,0.3913253012048193,0.029397590361445784,0.5214457831325301,0.05783132530120482,-0.028433734939759037
TinyGRU,seed,71,speech_run_length,1,unseen/0,2075,0.0,-0.06679275722905428,0.35518072289156627,0.0163855421686747,0.5566265060240964,0.07180722891566266,-0.055421686746987955
TinyGRU,seed,83,speech_run_length,1,unseen/0,2075,0.0,0.03333708455572822,0.41397590361445785,0.028433734939759037,0.5402409638554216,0.017349397590361446,0.01108433734939759
TinyGRU,seed,97,speech_run_length,1,unseen/0,2075,0.0,0.03773907602538603,0.37493975903614457,0.02891566265060241,0.5653012048192771,0.030843373493975902,-0.0019277108433734917
TinyGRU,aggregate,aggregate,speech_run_length,1,unseen/0,2075,0.0,0.01030417426057056,0.3832289156626506,0.029204819277108437,0.5424578313253011,0.04510843373493976,-0.01590361445783132
MarbleNet,reference,reference,speech_run_length,2-4,unseen/0,0,,,,,,,
TinyGRU,seed,41,speech_run_length,2-4,unseen/0,0,,,,,,,
TinyGRU,seed,59,speech_run_length,2-4,unseen/0,0,,,,,,,
TinyGRU,seed,71,speech_run_length,2-4,unseen/0,0,,,,,,,
TinyGRU,seed,83,speech_run_length,2-4,unseen/0,0,,,,,,,
TinyGRU,seed,97,speech_run_length,2-4,unseen/0,0,,,,,,,
TinyGRU,aggregate,aggregate,speech_run_length,2-4,unseen/0,0,,,,,,,
MarbleNet,reference,reference,speech_run_length,5-10,unseen/0,10,5.0,0.004386421159726232,1.0,0.0,0.0,0.0,0.0
TinyGRU,seed,41,speech_run_length,5-10,unseen/0,10,5.0,-0.004224010987810184,1.0,0.0,0.0,0.0,0.0
TinyGRU,seed,59,speech_run_length,5-10,unseen/0,10,5.0,-0.004212367072595641,1.0,0.0,0.0,0.0,0.0
TinyGRU,seed,71,speech_run_length,5-10,unseen/0,10,5.0,0.01291416047257545,1.0,0.0,0.0,0.0,0.0
TinyGRU,seed,83,speech_run_length,5-10,unseen/0,10,5.0,-0.0020882602864819395,1.0,0.0,0.0,0.0,0.0
TinyGRU,seed,97,speech_run_length,5-10,unseen/0,10,5.0,-0.0012537557667167785,1.0,0.0,0.0,0.0,0.0
TinyGRU,aggregate,aggregate,speech_run_length,5-10,unseen/0,10,5.0,0.00022715327179418125,1.0,0.0,0.0,0.0,0.0
MarbleNet,reference,reference,speech_run_length,11-25,unseen/0,0,,,,,,,
TinyGRU,seed,41,speech_run_length,11-25,unseen/0,0,,,,,,,
TinyGRU,seed,59,speech_run_length,11-25,unseen/0,0,,,,,,,
TinyGRU,seed,71,speech_run_length,11-25,unseen/0,0,,,,,,,
TinyGRU,seed,83,speech_run_length,11-25,unseen/0,0,,,,,,,
TinyGRU,seed,97,speech_run_length,11-25,unseen/0,0,,,,,,,
TinyGRU,aggregate,aggregate,speech_run_length,11-25,unseen/0,0,,,,,,,
MarbleNet,reference,reference,speech_run_length,26-50,unseen/0,213,43.159624413145536,0.05319873541967996,0.8169014084507042,0.0,0.16901408450704225,0.014084507042253521,-0.014084507042253521
TinyGRU,seed,41,speech_run_length,26-50,unseen/0,213,43.159624413145536,-0.006136127967357428,0.8262910798122066,0.0,0.16901408450704225,0.004694835680751174,-0.004694835680751174
TinyGRU,seed,59,speech_run_length,26-50,unseen/0,213,43.159624413145536,0.08593960478020184,0.8356807511737089,0.107981220657277,0.056338028169014086,0.0,0.107981220657277
TinyGRU,seed,71,speech_run_length,26-50,unseen/0,213,43.159624413145536,0.036286169203350066,0.8732394366197183,0.051643192488262914,0.06572769953051644,0.009389671361502348,0.04225352112676056
TinyGRU,seed,83,speech_run_length,26-50,unseen/0,213,43.159624413145536,0.09566498505166598,0.8169014084507042,0.09859154929577464,0.07042253521126761,0.014084507042253521,0.08450704225352113
TinyGRU,seed,97,speech_run_length,26-50,unseen/0,213,43.159624413145536,0.07571023734084502,0.8591549295774648,0.14084507042253522,0.0,0.0,0.14084507042253522
TinyGRU,aggregate,aggregate,speech_run_length,26-50,unseen/0,213,43.159624413145536,0.05749297368174111,0.8422535211267606,0.07981220657276995,0.07230046948356808,0.00563380281690141,0.07417840375586854
MarbleNet,reference,reference,speech_run_length,>50,unseen/0,12057,231.33175748527827,0.028772840556982492,0.8799867297005889,0.02736999253545658,0.08642282491498715,0.006220452848967405,0.021149539686489176
TinyGRU,seed,41,speech_run_length,>50,unseen/0,12057,231.33175748527827,0.01468356110628652,0.8556025545326367,0.014680268723563076,0.12042796715600895,0.009289209587791324,0.005391059135771752
TinyGRU,seed,59,speech_run_length,>50,unseen/0,12057,231.33175748527827,0.008168785752465501,0.8704487019988388,0.026457659450941362,0.09065273285228498,0.01244090569793481,0.014016753753006553
TinyGRU,seed,71,speech_run_length,>50,unseen/0,12057,231.33175748527827,0.013390466886003347,0.874429791822178,0.030106991789002238,0.08559343120179148,0.009869785187028282,0.020237206601973957
TinyGRU,seed,83,speech_run_length,>50,unseen/0,12057,231.33175748527827,-0.0013439913252929051,0.8606618561831302,0.019407812888778304,0.11006054574106328,0.009869785187028282,0.009538027701750022
TinyGRU,seed,97,speech_run_length,>50,unseen/0,12057,231.33175748527827,0.020557293794343214,0.8823090320975367,0.027867628763373974,0.07763125155511322,0.012192087583976113,0.01567554117939786
TinyGRU,aggregate,aggregate,speech_run_length,>50,unseen/0,12057,231.33175748527827,0.011091223242761135,0.868690387326864,0.023704072323131792,0.09687318570125239,0.010732354648751764,0.012971717674380028
MarbleNet,reference,reference,speech_run_length,1,unseen/5,2213,0.0,0.03225922590248074,0.6520560325350203,0.023045639403524627,0.2824220515137822,0.042476276547672845,-0.019430637144148215
TinyGRU,seed,41,speech_run_length,1,unseen/5,2213,0.0,-0.00032546566355437,0.5815634884771803,0.037957523723452326,0.3709896068685043,0.009489380930863081,0.028468142792589246
TinyGRU,seed,59,speech_run_length,1,unseen/5,2213,0.0,-0.02884344824155732,0.5499322187076366,0.021238138273836422,0.4130140081337551,0.015815634884771803,0.0054225033890646195
TinyGRU,seed,71,speech_run_length,1,unseen/5,2213,0.0,-0.029792812691022467,0.5643922277451423,0.005422503389064619,0.4134658834161771,0.016719385449615907,-0.011296882060551287
TinyGRU,seed,83,speech_run_length,1,unseen/5,2213,0.0,0.014061620281270401,0.5661997288748305,0.014008133755083597,0.4157252598282874,0.004066877541798464,0.009941256213285133
TinyGRU,seed,97,speech_run_length,1,unseen/5,2213,0.0,-0.01289286900946762,0.5454134658834162,0.01717126073203796,0.4256665160415725,0.01174875734297334,0.0054225033890646195
TinyGRU,aggregate,aggregate,speech_run_length,1,unseen/5,2213,0.0,-0.011558595064866277,0.5615002259376412,0.019159511974694985,0.4077722548576593,0.011568007230004519,0.007591504744690466
MarbleNet,reference,reference,speech_run_length,2-4,unseen/5,7,2.4285714285714284,0.10311187457903793,1.0,0.0,0.0,0.0,0.0
TinyGRU,seed,41,speech_run_length,2-4,unseen/5,7,2.4285714285714284,-0.07213306217714702,0.7142857142857143,0.0,0.14285714285714285,0.14285714285714285,-0.14285714285714285
TinyGRU,seed,59,speech_run_length,2-4,unseen/5,7,2.4285714285714284,-0.04047176510775165,0.8571428571428571,0.0,0.14285714285714285,0.0,0.0
TinyGRU,seed,71,speech_run_length,2-4,unseen/5,7,2.4285714285714284,0.06970948371412057,0.8571428571428571,0.0,0.14285714285714285,0.0,0.0
TinyGRU,seed,83,speech_run_length,2-4,unseen/5,7,2.4285714285714284,0.0070762418936714455,0.8571428571428571,0.0,0.14285714285714285,0.0,0.0
TinyGRU,seed,97,speech_run_length,2-4,unseen/5,7,2.4285714285714284,0.02235222444732011,0.8571428571428571,0.0,0.14285714285714285,0.0,0.0
TinyGRU,aggregate,aggregate,speech_run_length,2-4,unseen/5,7,2.4285714285714284,-0.0026933754459573167,0.8285714285714285,0.0,0.14285714285714285,0.028571428571428574,-0.028571428571428574
MarbleNet,reference,reference,speech_run_length,5-10,unseen/5,14,7.571428571428571,0.6082552533149845,0.3571428571428571,0.0,0.6428571428571429,0.0,0.0
TinyGRU,seed,41,speech_run_length,5-10,unseen/5,14,7.571428571428571,-0.4567354488634399,0.35714285714285715,0.0,0.6428571428571429,0.0,0.0
TinyGRU,seed,59,speech_run_length,5-10,unseen/5,14,7.571428571428571,-0.476434493493654,0.35714285714285715,0.0,0.6428571428571429,0.0,0.0
TinyGRU,seed,71,speech_run_length,5-10,unseen/5,14,7.571428571428571,-0.6565374762684121,0.35714285714285715,0.0,0.6428571428571429,0.0,0.0
TinyGRU,seed,83,speech_run_length,5-10,unseen/5,14,7.571428571428571,-0.3693559774260429,0.35714285714285715,0.0,0.6428571428571429,0.0,0.0
TinyGRU,seed,97,speech_run_length,5-10,unseen/5,14,7.571428571428571,-0.42341411928345346,0.35714285714285715,0.0,0.6428571428571429,0.0,0.0
TinyGRU,aggregate,aggregate,speech_run_length,5-10,unseen/5,14,7.571428571428571,-0.4764955030670004,0.35714285714285715,0.0,0.6428571428571429,0.0,0.0
MarbleNet,reference,reference,speech_run_length,11-25,unseen/5,24,24.0,-0.0016263807359916524,1.0,0.0,0.0,0.0,0.0
TinyGRU,seed,41,speech_run_length,11-25,unseen/5,24,24.0,-0.004202831797387226,0.7916666666666666,0.0,0.20833333333333334,0.0,0.0
TinyGRU,seed,59,speech_run_length,11-25,unseen/5,24,24.0,-0.0007215971615580188,1.0,0.0,0.0,0.0,0.0
TinyGRU,seed,71,speech_run_length,11-25,unseen/5,24,24.0,-0.0008222172430529209,1.0,0.0,0.0,0.0,0.0
TinyGRU,seed,83,speech_run_length,11-25,unseen/5,24,24.0,-0.0010804898290249453,1.0,0.0,0.0,0.0,0.0
TinyGRU,seed,97,speech_run_length,11-25,unseen/5,24,24.0,-0.0006081801348532411,1.0,0.0,0.0,0.0,0.0
TinyGRU,aggregate,aggregate,speech_run_length,11-25,unseen/5,24,24.0,-0.0014870632331752704,0.9583333333333334,0.0,0.041666666666666664,0.0,0.0
MarbleNet,reference,reference,speech_run_length,26-50,unseen/5,281,41.98220640569395,0.1203716751807789,0.5338078291814946,0.03202846975088968,0.4306049822064057,0.0035587188612099642,0.028469750889679714
TinyGRU,seed,41,speech_run_length,26-50,unseen/5,281,41.98220640569395,-0.030518305978551853,0.41637010676156583,0.09252669039145907,0.49110320284697506,0.0,0.09252669039145907
TinyGRU,seed,59,speech_run_length,26-50,unseen/5,281,41.98220640569395,0.009873506878638789,0.49466192170818507,0.1494661921708185,0.3167259786476868,0.03914590747330961,0.11032028469750889
TinyGRU,seed,71,speech_run_length,26-50,unseen/5,281,41.98220640569395,-0.2427422636173153,0.5160142348754448,0.0498220640569395,0.2918149466192171,0.1423487544483986,-0.09252669039145908
TinyGRU,seed,83,speech_run_length,26-50,unseen/5,281,41.98220640569395,-0.14831587550590403,0.49110320284697506,0.0071174377224199285,0.4555160142348754,0.046263345195729534,-0.03914590747330961
TinyGRU,seed,97,speech_run_length,26-50,unseen/5,281,41.98220640569395,-0.10782024190484761,0.6156583629893239,0.10320284697508897,0.24199288256227758,0.03914590747330961,0.06405693950177936
TinyGRU,aggregate,aggregate,speech_run_length,26-50,unseen/5,281,41.98220640569395,-0.10390463602559599,0.5067615658362988,0.0804270462633452,0.3594306049822064,0.053380782918149475,0.02704626334519572
MarbleNet,reference,reference,speech_run_length,>50,unseen/5,12284,218.92087267990883,0.0472261487088774,0.8253012048192773,0.04868121133181374,0.12235428199283621,0.0036633018560729403,0.0450179094757408
TinyGRU,seed,41,speech_run_length,>50,unseen/5,12284,218.92087267990883,0.06479987835864416,0.7364050797785737,0.01131553239986975,0.24706935851514164,0.005210029306414849,0.006105503093454901
TinyGRU,seed,59,speech_run_length,>50,unseen/5,12284,218.92087267990883,0.03553300289213788,0.7555356561380657,0.04615760338651905,0.19000325626831652,0.008303484207098664,0.03785411917942039
TinyGRU,seed,71,speech_run_length,>50,unseen/5,12284,218.92087267990883,-0.023144801313782843,0.7596873982416151,0.016362748290459132,0.19602735265385868,0.02792250081406708,-0.011559752523607948
TinyGRU,seed,83,speech_run_length,>50,unseen/5,12284,218.92087267990883,-0.029242039697900294,0.7591175512862259,0.004965809182676652,0.22614783458156953,0.00976880494952784,-0.0048029957668511885
TinyGRU,seed,97,speech_run_length,>50,unseen/5,12284,218.92087267990883,0.043803957716279485,0.7892380332139368,0.04420384239661348,0.15915011396939108,0.0074080104200586125,0.036795831976554866
TinyGRU,aggregate,aggregate,speech_run_length,>50,unseen/5,12284,218.92087267990883,0.018349999591075687,0.7599967437316835,0.024601107131227616,0.2036795831976555,0.011722565939433409,0.012878541191794208
MarbleNet,reference,reference,speech_run_length,1,unseen/10,1008,0.0,0.03364745568223876,0.7549603174603176,0.011904761904761904,0.21924603174603174,0.013888888888888888,-0.001984126984126984
TinyGRU,seed,41,speech_run_length,1,unseen/10,1008,0.0,-0.013520658361851026,0.6339285714285714,0.01488095238095238,0.3353174603174603,0.015873015873015872,-0.000992063492063492
TinyGRU,seed,59,speech_run_length,1,unseen/10,1008,0.0,-0.02299314451158383,0.6031746031746031,0.020833333333333332,0.32837301587301587,0.047619047619047616,-0.026785714285714284
TinyGRU,seed,71,speech_run_length,1,unseen/10,1008,0.0,-0.10024016863310106,0.5466269841269841,0.015873015873015872,0.3601190476190476,0.07738095238095238,-0.06150793650793651
TinyGRU,seed,83,speech_run_length,1,unseen/10,1008,0.0,-0.025422339739792372,0.6081349206349206,0.005952380952380952,0.36607142857142855,0.01984126984126984,-0.013888888888888888
TinyGRU,seed,97,speech_run_length,1,unseen/10,1008,0.0,-0.052467099817357025,0.6359126984126984,0.016865079365079364,0.31646825396825395,0.030753968253968252,-0.013888888888888888
TinyGRU,aggregate,aggregate,speech_run_length,1,unseen/10,1008,0.0,-0.04292868221273707,0.6055555555555555,0.01488095238095238,0.3412698412698413,0.0382936507936508,-0.023412698412698423
MarbleNet,reference,reference,speech_run_length,2-4,unseen/10,5,2.6,0.20569209678324835,0.4,0.2,0.4,0.0,0.2
TinyGRU,seed,41,speech_run_length,2-4,unseen/10,5,2.6,0.0375622949548496,0.6,0.2,0.2,0.0,0.2
TinyGRU,seed,59,speech_run_length,2-4,unseen/10,5,2.6,-0.118355881361463,0.8,0.0,0.2,0.0,0.0
TinyGRU,seed,71,speech_run_length,2-4,unseen/10,5,2.6,0.14359483838289563,0.6,0.2,0.2,0.0,0.2
TinyGRU,seed,83,speech_run_length,2-4,unseen/10,5,2.6,-0.01942918333441851,0.8,0.0,0.2,0.0,0.0
TinyGRU,seed,97,speech_run_length,2-4,unseen/10,5,2.6,0.018905619804807455,0.8,0.0,0.2,0.0,0.0
TinyGRU,aggregate,aggregate,speech_run_length,2-4,unseen/10,5,2.6,0.012455537689334228,0.72,0.08,0.2,0.0,0.08
MarbleNet,reference,reference,speech_run_length,5-10,unseen/10,15,8.333333333333334,-0.08675233301654142,0.6666666666666667,0.0,0.3333333333333333,0.0,0.0
TinyGRU,seed,41,speech_run_length,5-10,unseen/10,15,8.333333333333334,0.18166276946828805,0.4666666666666667,0.0,0.5333333333333333,0.0,0.0
TinyGRU,seed,59,speech_run_length,5-10,unseen/10,15,8.333333333333334,0.13016343732459545,0.3333333333333333,0.0,0.6666666666666666,0.0,0.0
TinyGRU,seed,71,speech_run_length,5-10,unseen/10,15,8.333333333333334,0.937064220413983,0.3333333333333333,0.06666666666666667,0.6,0.0,0.06666666666666667
TinyGRU,seed,83,speech_run_length,5-10,unseen/10,15,8.333333333333334,0.10233953116760895,0.4666666666666667,0.0,0.5333333333333333,0.0,0.0
TinyGRU,seed,97,speech_run_length,5-10,unseen/10,15,8.333333333333334,0.39347907395340814,0.3333333333333333,0.4666666666666667,0.2,0.0,0.4666666666666667
TinyGRU,aggregate,aggregate,speech_run_length,5-10,unseen/10,15,8.333333333333334,0.3489418064655767,0.3866666666666667,0.10666666666666667,0.5066666666666667,0.0,0.10666666666666667
MarbleNet,reference,reference,speech_run_length,11-25,unseen/10,24,24.0,0.00487661936681028,1.0,0.0,0.0,0.0,0.0
TinyGRU,seed,41,speech_run_length,11-25,unseen/10,24,24.0,0.001248313901746632,0.7916666666666666,0.0,0.20833333333333334,0.0,0.0
TinyGRU,seed,59,speech_run_length,11-25,unseen/10,24,24.0,-3.90425996954066e-05,1.0,0.0,0.0,0.0,0.0
TinyGRU,seed,71,speech_run_length,11-25,unseen/10,24,24.0,-0.00014493188672741255,1.0,0.0,0.0,0.0,0.0
TinyGRU,seed,83,speech_run_length,11-25,unseen/10,24,24.0,-8.2312116812009e-05,1.0,0.0,0.0,0.0,0.0
TinyGRU,seed,97,speech_run_length,11-25,unseen/10,24,24.0,-0.0030701664762711723,0.75,0.0,0.25,0.0,0.0
TinyGRU,aggregate,aggregate,speech_run_length,11-25,unseen/10,24,24.0,-0.0004176278355518736,0.9083333333333333,0.0,0.09166666666666667,0.0,0.0
MarbleNet,reference,reference,speech_run_length,26-50,unseen/10,88,44.09090909090909,0.02169683026034216,0.9090909090909092,0.011363636363636364,0.056818181818181816,0.022727272727272728,-0.011363636363636364
TinyGRU,seed,41,speech_run_length,26-50,unseen/10,88,44.09090909090909,0.13477939891614402,0.4772727272727273,0.11363636363636363,0.4090909090909091,0.0,0.11363636363636363
TinyGRU,seed,59,speech_run_length,26-50,unseen/10,88,44.09090909090909,-0.07592401440321545,0.6931818181818182,0.0,0.29545454545454547,0.011363636363636364,-0.011363636363636364
TinyGRU,seed,71,speech_run_length,26-50,unseen/10,88,44.09090909090909,-0.04204379629048424,0.6704545454545454,0.0,0.29545454545454547,0.03409090909090909,-0.03409090909090909
TinyGRU,seed,83,speech_run_length,26-50,unseen/10,88,44.09090909090909,0.1477841836930942,0.6931818181818182,0.03409090909090909,0.2727272727272727,0.0,0.03409090909090909
TinyGRU,seed,97,speech_run_length,26-50,unseen/10,88,44.09090909090909,0.06250407125594902,0.7272727272727273,0.022727272727272728,0.25,0.0,0.022727272727272728
TinyGRU,aggregate,aggregate,speech_run_length,26-50,unseen/10,88,44.09090909090909,0.04541996863429751,0.6522727272727272,0.03409090909090909,0.30454545454545456,0.009090909090909092,0.024999999999999994
MarbleNet,reference,reference,speech_run_length,>50,unseen/10,5251,222.01580651304513,0.005114466322545501,0.9548657398590744,0.0055227575699866695,0.03732622357646163,0.0022852789944772423,0.003237478575509427
TinyGRU,seed,41,speech_run_length,>50,unseen/10,5251,222.01580651304513,0.026166813631645264,0.8872595696057893,0.011616834888592649,0.09883831651114074,0.0022852789944772423,0.009331555894115407
TinyGRU,seed,59,speech_run_length,>50,unseen/10,5251,222.01580651304513,0.035136206986975185,0.9112549990478004,0.025899828604075414,0.06055989335364693,0.0022852789944772423,0.023614549609598173
TinyGRU,seed,71,speech_run_length,>50,unseen/10,5251,222.01580651304513,0.04056981074600097,0.9144924776233099,0.027804227766139784,0.055037135783660256,0.0026661588268901163,0.025138068939249667
TinyGRU,seed,83,speech_run_length,>50,unseen/10,5251,222.01580651304513,0.03356459775416258,0.9125880784612455,0.020757950866501618,0.06551133117501429,0.0011426394972386211,0.019615311369262995
TinyGRU,seed,97,speech_run_length,>50,unseen/10,5251,222.01580651304513,0.04558876238076584,0.918491715863645,0.03389830508474576,0.04703865930298991,0.0005713197486193106,0.03332698533612645
TinyGRU,aggregate,aggregate,speech_run_length,>50,unseen/10,5251,222.01580651304513,0.036205238299909966,0.908817368120358,0.023995429442011044,0.06539706722529041,0.0017901352123405067,0.022205294229670536
MarbleNet,reference,reference,speech_run_length,1,unseen/15,2683,0.0,0.027932512909016976,0.6485277674245248,0.014535967200894522,0.3201639955273947,0.016772269847185987,-0.0022363026462914647
TinyGRU,seed,41,speech_run_length,1,unseen/15,2683,0.0,-0.09029036870131224,0.6425642937010809,0.0007454342154304882,0.30711889675736115,0.049571375326127466,-0.04882594111069698
TinyGRU,seed,59,speech_run_length,1,unseen/15,2683,0.0,-0.07613050718701342,0.6470368989936638,0.0022363026462914647,0.3235184494968319,0.02720834886321282,-0.024972046216921357
TinyGRU,seed,71,speech_run_length,1,unseen/15,2683,0.0,-0.12248348789226969,0.6146105106224375,0.0003727171077152441,0.3164368244502423,0.06857994781960491,-0.06820723071188967
TinyGRU,seed,83,speech_run_length,1,unseen/15,2683,0.0,-0.04871395421569332,0.6917629519194931,0.002609019754006709,0.2821468505404398,0.02348117778606038,-0.02087215803205367
TinyGRU,seed,97,speech_run_length,1,unseen/15,2683,0.0,-0.07797058379095584,0.604547148714126,0.0007454342154304882,0.35184494968319047,0.04286246738725308,-0.04211703317182259
TinyGRU,aggregate,aggregate,speech_run_length,1,unseen/15,2683,0.0,-0.08311778035744889,0.6401043607901603,0.001341781587774879,0.31621319418561306,0.04234066343645173,-0.04099888184867685
MarbleNet,reference,reference,speech_run_length,2-4,unseen/15,0,,,,,,,
TinyGRU,seed,41,speech_run_length,2-4,unseen/15,0,,,,,,,
TinyGRU,seed,59,speech_run_length,2-4,unseen/15,0,,,,,,,
TinyGRU,seed,71,speech_run_length,2-4,unseen/15,0,,,,,,,
TinyGRU,seed,83,speech_run_length,2-4,unseen/15,0,,,,,,,
TinyGRU,seed,97,speech_run_length,2-4,unseen/15,0,,,,,,,
TinyGRU,aggregate,aggregate,speech_run_length,2-4,unseen/15,0,,,,,,,
MarbleNet,reference,reference,speech_run_length,5-10,unseen/15,14,7.571428571428571,0.027876578969043865,1.0,0.0,0.0,0.0,0.0
TinyGRU,seed,41,speech_run_length,5-10,unseen/15,14,7.571428571428571,0.04905155244017862,0.9285714285714286,0.07142857142857142,0.0,0.0,0.07142857142857142
TinyGRU,seed,59,speech_run_length,5-10,unseen/15,14,7.571428571428571,0.032213114301645106,1.0,0.0,0.0,0.0,0.0
TinyGRU,seed,71,speech_run_length,5-10,unseen/15,14,7.571428571428571,0.050773733026374286,1.0,0.0,0.0,0.0,0.0
TinyGRU,seed,83,speech_run_length,5-10,unseen/15,14,7.571428571428571,0.019364158709458453,1.0,0.0,0.0,0.0,0.0
TinyGRU,seed,97,speech_run_length,5-10,unseen/15,14,7.571428571428571,0.023414278945893922,1.0,0.0,0.0,0.0,0.0
TinyGRU,aggregate,aggregate,speech_run_length,5-10,unseen/15,14,7.571428571428571,0.03496336748471008,0.9857142857142858,0.014285714285714287,0.0,0.0,0.014285714285714287
MarbleNet,reference,reference,speech_run_length,11-25,unseen/15,58,19.655172413793103,0.0025402181077303835,0.9827586206896551,0.0,0.0,0.017241379310344827,-0.017241379310344827
TinyGRU,seed,41,speech_run_length,11-25,unseen/15,58,19.655172413793103,0.011510023919154545,0.9827586206896551,0.0,0.017241379310344827,0.0,0.0
TinyGRU,seed,59,speech_run_length,11-25,unseen/15,58,19.655172413793103,0.03718086633570241,0.9482758620689655,0.0,0.05172413793103448,0.0,0.0
TinyGRU,seed,71,speech_run_length,11-25,unseen/15,58,19.655172413793103,0.018577289385788683,0.9655172413793104,0.0,0.034482758620689655,0.0,0.0
TinyGRU,seed,83,speech_run_length,11-25,unseen/15,58,19.655172413793103,0.007890799240448448,1.0,0.0,0.0,0.0,0.0
TinyGRU,seed,97,speech_run_length,11-25,unseen/15,58,19.655172413793103,0.015101255406909465,1.0,0.0,0.0,0.0,0.0
TinyGRU,aggregate,aggregate,speech_run_length,11-25,unseen/15,58,19.655172413793103,0.018052046857600708,0.9793103448275862,0.0,0.020689655172413793,0.0,0.0
MarbleNet,reference,reference,speech_run_length,26-50,unseen/15,269,39.37918215613383,0.017568475388655927,0.9033457249070632,0.026022304832713755,0.055762081784386616,0.01486988847583643,0.011152416356877323
TinyGRU,seed,41,speech_run_length,26-50,unseen/15,269,39.37918215613383,-0.014691631182734987,0.8327137546468402,0.0037174721189591076,0.1412639405204461,0.022304832713754646,-0.018587360594795536
TinyGRU,seed,59,speech_run_length,26-50,unseen/15,269,39.37918215613383,-0.049445531129678935,0.7806691449814126,0.007434944237918215,0.16356877323420074,0.048327137546468404,-0.04089219330855019
TinyGRU,seed,71,speech_run_length,26-50,unseen/15,269,39.37918215613383,0.009439653895469797,0.8587360594795539,0.022304832713754646,0.10037174721189591,0.01858736059479554,0.003717472118959106
TinyGRU,seed,83,speech_run_length,26-50,unseen/15,269,39.37918215613383,-0.006208063077932159,0.8884758364312267,0.0037174721189591076,0.10408921933085502,0.0037174721189591076,0.0
TinyGRU,seed,97,speech_run_length,26-50,unseen/15,269,39.37918215613383,-0.038568919281325054,0.8698884758364313,0.0,0.10408921933085502,0.026022304832713755,-0.026022304832713755
TinyGRU,aggregate,aggregate,speech_run_length,26-50,unseen/15,269,39.37918215613383,-0.019894898155240266,0.846096654275093,0.007434944237918215,0.12267657992565056,0.02379182156133829,-0.016356877323420074
MarbleNet,reference,reference,speech_run_length,>50,unseen/15,13103,219.18163779287187,0.00549780281570434,0.9619934366175685,0.005342288025642982,0.030145768144699686,0.0025185072120888345,0.002823780813554148
TinyGRU,seed,41,speech_run_length,>50,unseen/15,13103,219.18163779287187,0.046016820061355275,0.908417919560406,0.025719300923452645,0.0638785011066168,0.001984278409524536,0.02373502251392811
TinyGRU,seed,59,speech_run_length,>50,unseen/15,13103,219.18163779287187,0.03736498293977742,0.9044493627413569,0.022437609707700527,0.06998397313592307,0.003129054415019461,0.019308555292681065
TinyGRU,seed,71,speech_run_length,>50,unseen/15,13103,219.18163779287187,0.047274989921132916,0.9231473708311074,0.027398305731511866,0.04777531862932153,0.001679004808059223,0.025719300923452645
TinyGRU,seed,83,speech_run_length,>50,unseen/15,13103,219.18163779287187,0.02180928730471263,0.9265053804472259,0.01137144165458292,0.06067312829123102,0.001450049606960238,0.009921392047622683
TinyGRU,seed,97,speech_run_length,>50,unseen/15,13103,219.18163779287187,0.030474614010068023,0.9318476684728688,0.017095321682057543,0.04899641303518278,0.0020605968098908645,0.015034724872166678
TinyGRU,aggregate,aggregate,speech_run_length,>50,unseen/15,13103,219.18163779287187,0.03658813884740925,0.918873540410593,0.020804395939861102,0.058261466839655045,0.002060596809890865,0.018743799129970238
MarbleNet,reference,reference,speech_run_length,1,unseen/20,1381,0.0,-0.010199734661758698,0.7653874004344678,0.00724112961622013,0.20709630702389573,0.020275162925416364,-0.013034033309196235
TinyGRU,seed,41,speech_run_length,1,unseen/20,1381,0.0,-0.10976087029865719,0.7313540912382331,0.000724112961622013,0.20637219406227372,0.06154960173787111,-0.0608254887762491
TinyGRU,seed,59,speech_run_length,1,unseen/20,1381,0.0,-0.0898810688610529,0.777697320782042,0.002896451846488052,0.17668356263577117,0.042722664735698766,-0.03982621288921071
TinyGRU,seed,71,speech_run_length,1,unseen/20,1381,0.0,-0.1473810608189906,0.720492396813903,0.002172338884866039,0.20999275887038377,0.06734250543084722,-0.06517016654598118
TinyGRU,seed,83,speech_run_length,1,unseen/20,1381,0.0,-0.07117400845752835,0.7581462708182476,0.001448225923244026,0.19623461259956554,0.044170890658942794,-0.042722664735698766
TinyGRU,seed,97,speech_run_length,1,unseen/20,1381,0.0,-0.08417120139562108,0.7407675597393193,0.002172338884866039,0.20999275887038377,0.04706734250543085,-0.04489500362056481
TinyGRU,aggregate,aggregate,speech_run_length,1,unseen/20,1381,0.0,-0.10047364196637001,0.7456915278783491,0.001882693700217234,0.1998551774076756,0.05257060101375814,-0.050687907313540906
MarbleNet,reference,reference,speech_run_length,2-4,unseen/20,3,3.0,0.3672076030216553,0.33333333333333337,0.6666666666666666,0.0,0.0,0.6666666666666666
TinyGRU,seed,41,speech_run_length,2-4,unseen/20,3,3.0,0.012179609193199936,0.6666666666666666,0.0,0.3333333333333333,0.0,0.0
TinyGRU,seed,59,speech_run_length,2-4,unseen/20,3,3.0,0.017030279630732892,1.0,0.0,0.0,0.0,0.0
TinyGRU,seed,71,speech_run_length,2-4,unseen/20,3,3.0,0.003972383103993181,1.0,0.0,0.0,0.0,0.0
TinyGRU,seed,83,speech_run_length,2-4,unseen/20,3,3.0,0.014013528118453892,1.0,0.0,0.0,0.0,0.0
TinyGRU,seed,97,speech_run_length,2-4,unseen/20,3,3.0,0.0029180220109894426,1.0,0.0,0.0,0.0,0.0
TinyGRU,aggregate,aggregate,speech_run_length,2-4,unseen/20,3,3.0,0.010022764411473867,0.9333333333333332,0.0,0.06666666666666667,0.0,0.0
MarbleNet,reference,reference,speech_run_length,5-10,unseen/20,10,10.0,-0.11366179175114692,0.5,0.0,0.5,0.0,0.0
TinyGRU,seed,41,speech_run_length,5-10,unseen/20,10,10.0,0.28826833310187044,0.2,0.1,0.7,0.0,0.1
TinyGRU,seed,59,speech_run_length,5-10,unseen/20,10,10.0,0.19126911787996376,0.0,0.0,1.0,0.0,0.0
TinyGRU,seed,71,speech_run_length,5-10,unseen/20,10,10.0,1.4365919317355658,0.0,0.2,0.8,0.0,0.2
TinyGRU,seed,83,speech_run_length,5-10,unseen/20,10,10.0,0.13223249869947654,0.2,0.0,0.8,0.0,0.0
TinyGRU,seed,97,speech_run_length,5-10,unseen/20,10,10.0,0.6602086099362475,0.0,0.8,0.2,0.0,0.8
TinyGRU,aggregate,aggregate,speech_run_length,5-10,unseen/20,10,10.0,0.5417140982706247,0.08,0.22000000000000003,0.7000000000000001,0.0,0.22000000000000003
MarbleNet,reference,reference,speech_run_length,11-25,unseen/20,16,16.0,0.007527763553864946,1.0,0.0,0.0,0.0,0.0
TinyGRU,seed,41,speech_run_length,11-25,unseen/20,16,16.0,0.135149214037524,1.0,0.0,0.0,0.0,0.0
TinyGRU,seed,59,speech_run_length,11-25,unseen/20,16,16.0,0.34146490917441974,0.875,0.125,0.0,0.0,0.125
TinyGRU,seed,71,speech_run_length,11-25,unseen/20,16,16.0,0.24158066650552296,0.8125,0.125,0.0625,0.0,0.125
TinyGRU,seed,83,speech_run_length,11-25,unseen/20,16,16.0,0.10880075448717796,0.9375,0.0625,0.0,0.0,0.0625
TinyGRU,seed,97,speech_run_length,11-25,unseen/20,16,16.0,0.06786906015475164,1.0,0.0,0.0,0.0,0.0
TinyGRU,aggregate,aggregate,speech_run_length,11-25,unseen/20,16,16.0,0.17897292087187924,0.925,0.0625,0.0125,0.0,0.0625
MarbleNet,reference,reference,speech_run_length,26-50,unseen/20,119,41.6890756302521,-0.010705082299831142,0.9663865546218487,0.0,0.03361344537815126,0.0,0.0
TinyGRU,seed,41,speech_run_length,26-50,unseen/20,119,41.6890756302521,0.09286247175736066,0.8823529411764706,0.025210084033613446,0.09243697478991597,0.0,0.025210084033613446
TinyGRU,seed,59,speech_run_length,26-50,unseen/20,119,41.6890756302521,0.05697669752505626,0.8823529411764706,0.01680672268907563,0.10084033613445378,0.0,0.01680672268907563
TinyGRU,seed,71,speech_run_length,26-50,unseen/20,119,41.6890756302521,0.10125962650657334,0.8571428571428571,0.01680672268907563,0.12605042016806722,0.0,0.01680672268907563
TinyGRU,seed,83,speech_run_length,26-50,unseen/20,119,41.6890756302521,0.06448810937346332,0.8907563025210085,0.01680672268907563,0.09243697478991597,0.0,0.01680672268907563
TinyGRU,seed,97,speech_run_length,26-50,unseen/20,119,41.6890756302521,0.05376672989091411,0.8823529411764706,0.01680672268907563,0.10084033613445378,0.0,0.01680672268907563
TinyGRU,aggregate,aggregate,speech_run_length,26-50,unseen/20,119,41.6890756302521,0.07387072701067354,0.8789915966386554,0.01848739495798319,0.10252100840336134,0.0,0.01848739495798319
MarbleNet,reference,reference,speech_run_length,>50,unseen/20,7549,193.8504437673864,0.008432216106961472,0.9615843158034177,0.006490925950457014,0.03073254735726586,0.0011922108888594515,0.005298715061597563
TinyGRU,seed,41,speech_run_length,>50,unseen/20,7549,193.8504437673864,0.04354661123142515,0.9214465492118161,0.023711749900649094,0.05417936150483508,0.0006623393826996954,0.023049410517949398
TinyGRU,seed,59,speech_run_length,>50,unseen/20,7549,193.8504437673864,0.05017819374696663,0.915220559014439,0.02251953901178964,0.06133262683799179,0.0009272751357795734,0.021592263876010067
TinyGRU,seed,71,speech_run_length,>50,unseen/20,7549,193.8504437673864,0.04582422375676324,0.9342959332361902,0.019075374221751224,0.04636375678897867,0.00026493575307987813,0.018810438468671347
TinyGRU,seed,83,speech_run_length,>50,unseen/20,7549,193.8504437673864,0.02463531529140923,0.9354881441250497,0.010994833752814943,0.05311961849251556,0.00039740362961981717,0.010597430123195126
TinyGRU,seed,97,speech_run_length,>50,unseen/20,7549,193.8504437673864,0.030179251799662455,0.9447608954828454,0.012187044641674393,0.0423897204927805,0.0006623393826996954,0.011524705258974699
TinyGRU,aggregate,aggregate,speech_run_length,>50,unseen/20,7549,193.8504437673864,0.038872719165245345,0.930242416214068,0.01769770830573586,0.051477016823420325,0.0005828586567757319,0.017114849648960127
MarbleNet,reference,reference,silence_run_length,1,all,251471,2.3859610054439677e-05,0.0074913199542869435,0.9289938004779875,0.01112653148872037,0.05471008585483018,0.00516958217846193,0.005956949310258439
TinyGRU,seed,41,silence_run_length,1,all,251471,2.3859610054439677e-05,0.040899966386539546,0.8983143185496538,0.023557388327083442,0.07443800676817605,0.0036902863550866702,0.019867101971996773
TinyGRU,seed,59,silence_run_length,1,all,251471,2.3859610054439677e-05,0.032191098225011615,0.899368117993725,0.026726739862648178,0.06896620286235788,0.004938939281269013,0.021787800581379163
TinyGRU,seed,71,silence_run_length,1,all,251471,2.3859610054439677e-05,0.03474776896591028,0.9076831920976971,0.0249969181337013,0.061840132659431904,0.005479757109169646,0.019517161024531653
TinyGRU,seed,83,silence_run_length,1,all,251471,2.3859610054439677e-05,0.007529038213722228,0.9131868088169213,0.011023139845151131,0.07089485467509175,0.004895196662835874,0.006127943182315257
TinyGRU,seed,97,silence_run_length,1,all,251471,2.3859610054439677e-05,0.023551411006321264,0.9150796712145735,0.01993868080216009,0.059660954941126415,0.005320693042140048,0.01461798776002004
TinyGRU,aggregate,aggregate,silence_run_length,1,all,251471,2.3859610054439677e-05,0.027783856559500986,0.9067264217345141,0.02124857339414883,0.0671600303812368,0.0048649744901002505,0.016383598904048582
MarbleNet,reference,reference,silence_run_length,2-4,all,798,3.225563909774436,-0.14345877202133223,0.1754385964912281,0.018796992481203006,0.7719298245614035,0.03383458646616541,-0.015037593984962405
TinyGRU,seed,41,silence_run_length,2-4,all,798,3.225563909774436,-0.08968982210395147,0.18045112781954886,0.017543859649122806,0.7305764411027569,0.07142857142857142,-0.05388471177944862
TinyGRU,seed,59,silence_run_length,2-4,all,798,3.225563909774436,-0.054956937168546334,0.21303258145363407,0.018796992481203006,0.706766917293233,0.06140350877192982,-0.042606516290726815
TinyGRU,seed,71,silence_run_length,2-4,all,798,3.225563909774436,-0.10817678065357135,0.16917293233082706,0.018796992481203006,0.7130325814536341,0.09899749373433583,-0.08020050125313283
TinyGRU,seed,83,silence_run_length,2-4,all,798,3.225563909774436,-0.02503021162541701,0.19674185463659147,0.005012531328320802,0.7631578947368421,0.03508771929824561,-0.03007518796992481
TinyGRU,seed,97,silence_run_length,2-4,all,798,3.225563909774436,-0.05563174816880612,0.16541353383458646,0.02506265664160401,0.7406015037593985,0.06892230576441102,-0.043859649122807015
TinyGRU,aggregate,aggregate,silence_run_length,2-4,all,798,3.225563909774436,-0.06669709994405845,0.18496240601503763,0.017042606516290727,0.7308270676691729,0.06716791979949875,-0.050125313283208024
MarbleNet,reference,reference,silence_run_length,5-10,all,1226,7.985318107667211,-0.02380832261870166,0.466557911908646,0.026101141924959218,0.47797716150081565,0.02936378466557912,-0.0032626427406199023
TinyGRU,seed,41,silence_run_length,5-10,all,1226,7.985318107667211,-0.06425339398218886,0.42088091353996737,0.022838499184339316,0.5040783034257749,0.052202283849918436,-0.02936378466557912
TinyGRU,seed,59,silence_run_length,5-10,all,1226,7.985318107667211,-0.06432765891906042,0.45024469820554647,0.02773246329526917,0.4641109298531811,0.05791190864600326,-0.030179445350734094
TinyGRU,seed,71,silence_run_length,5-10,all,1226,7.985318107667211,-0.10156258513237497,0.3923327895595432,0.02528548123980424,0.4934747145187602,0.08890701468189233,-0.06362153344208808
TinyGRU,seed,83,silence_run_length,5-10,all,1226,7.985318107667211,-0.02255596052981779,0.40212071778140296,0.02365415986949429,0.533442088091354,0.040783034257748776,-0.017128874388254486
TinyGRU,seed,97,silence_run_length,5-10,all,1226,7.985318107667211,-0.0736700803712111,0.3646003262642741,0.02365415986949429,0.5269168026101142,0.08482871125611746,-0.06117455138662317
TinyGRU,aggregate,aggregate,silence_run_length,5-10,all,1226,7.985318107667211,-0.06527393578693064,0.4060358890701468,0.024632952691680265,0.5044045676998369,0.06492659053833606,-0.040293637846655794
MarbleNet,reference,reference,silence_run_length,11-25,all,8504,18.64722483537159,0.03427717204060521,0.6912041392285984,0.03421919096895579,0.24823612417685795,0.02634054562558796,0.007878645343367827
TinyGRU,seed,41,silence_run_length,11-25,all,8504,18.64722483537159,-0.001460003521962459,0.5629115710253998,0.024576669802445907,0.3681796801505174,0.044332079021636876,-0.01975540921919097
TinyGRU,seed,59,silence_run_length,11-25,all,8504,18.64722483537159,0.01007818735868451,0.565733772342427,0.023518344308560677,0.3754703668861712,0.03527751646284102,-0.01175917215428034
TinyGRU,seed,71,silence_run_length,11-25,all,8504,18.64722483537159,-0.011111302773415169,0.5284571966133584,0.024459078080903106,0.39793038570084666,0.049153339604891814,-0.02469426152398871
TinyGRU,seed,83,silence_run_length,11-25,all,8504,18.64722483537159,0.02133175852275147,0.5583254938852305,0.020343367826904987,0.40192850423330195,0.019402634054562558,0.0009407337723424287
TinyGRU,seed,97,silence_run_length,11-25,all,8504,18.64722483537159,0.01219089362405171,0.5625587958607714,0.031632173095014114,0.3746472248353716,0.031161806208842898,0.0004703668861712161
TinyGRU,aggregate,aggregate,silence_run_length,11-25,all,8504,18.64722483537159,0.006205906642022014,0.5555973659454374,0.024905926622765757,0.3836312323612418,0.035865475070555035,-0.010959548447789277
MarbleNet,reference,reference,silence_run_length,26-50,all,26626,39.14038909336738,0.035025437006872155,0.7570044317584316,0.025501389619169233,0.1968001201832795,0.02069405843911966,0.004807331180049576
TinyGRU,seed,41,silence_run_length,26-50,all,26626,39.14038909336738,-0.016299573271345708,0.6526327649665741,0.019454668369263125,0.30192293247201984,0.025989634192143018,-0.006534965822879893
TinyGRU,seed,59,silence_run_length,26-50,all,26626,39.14038909336738,-0.011209670444147096,0.6500037557274844,0.020581386614587246,0.3009088860512281,0.02850597160670022,-0.007924584992112974
TinyGRU,seed,71,silence_run_length,26-50,all,26626,39.14038909336738,-0.03385814523644617,0.6357695485615563,0.012206114324344626,0.31454217681964997,0.037482160294449035,-0.02527604597010441
TinyGRU,seed,83,silence_run_length,26-50,all,26626,39.14038909336738,-0.003851266035249852,0.6412904679636445,0.015022909937654923,0.32235408998723053,0.02133253211146999,-0.006309622173815067
TinyGRU,seed,97,silence_run_length,26-50,all,26626,39.14038909336738,0.0007064568282862936,0.6525200931420416,0.01690077367986179,0.3062044618042515,0.024374671373845115,-0.007473897693983326
TinyGRU,aggregate,aggregate,silence_run_length,26-50,all,26626,39.14038909336738,-0.012902439631780508,0.6464433260722601,0.016833170585142342,0.309186509426876,0.027536993915721477,-0.010703823330579135
MarbleNet,reference,reference,silence_run_length,>50,all,9675,65.27948320413437,0.006564560780889503,0.7727131782945735,0.017157622739018087,0.18356589147286823,0.02656330749354005,-0.009405684754521963
TinyGRU,seed,41,silence_run_length,>50,all,9675,65.27948320413437,-0.08942591633971539,0.6810335917312661,0.006718346253229974,0.2689405684754522,0.04330749354005168,-0.03658914728682171
TinyGRU,seed,59,silence_run_length,>50,all,9675,65.27948320413437,-0.0558868239752352,0.6921963824289405,0.010645994832041344,0.26656330749354007,0.030594315245478038,-0.019948320413436693
TinyGRU,seed,71,silence_run_length,>50,all,9675,65.27948320413437,-0.09204229642009426,0.6780361757105943,0.0027906976744186047,0.27193798449612405,0.04723514211886305,-0.044444444444444446
TinyGRU,seed,83,silence_run_length,>50,all,9675,65.27948320413437,-0.03550205509529631,0.6797932816537468,0.014366925064599483,0.27193798449612405,0.033901808785529716,-0.019534883720930235
TinyGRU,seed,97,silence_run_length,>50,all,9675,65.27948320413437,-0.028808836486834036,0.6759689922480621,0.013126614987080103,0.2812403100775194,0.0296640826873385,-0.016537467700258397
TinyGRU,aggregate,aggregate,silence_run_length,>50,all,9675,65.27948320413437,-0.06033318566343504,0.681405684754522,0.009529715762273901,0.27212403100775195,0.03694056847545219,-0.02741085271317829
MarbleNet,reference,reference,silence_run_length,1,clean,48682,2.0541473234460376e-05,0.01335365426273513,0.9338153732385687,0.010126946304588965,0.052771044739328705,0.00328663571751366,0.006840310587075305
TinyGRU,seed,41,silence_run_length,1,clean,48682,2.0541473234460376e-05,0.10701244271860294,0.871410377552278,0.05778316420853703,0.06996425783657204,0.0008422004026128754,0.05694096380592416
TinyGRU,seed,59,silence_run_length,1,clean,48682,2.0541473234460376e-05,0.08363080344126234,0.8582638346822234,0.05145639045232324,0.08699313914793969,0.00328663571751366,0.048169754734809576
TinyGRU,seed,71,silence_run_length,1,clean,48682,2.0541473234460376e-05,0.1027259607321664,0.8805307916683784,0.05178505402407461,0.06678032948523067,0.0009038248223162565,0.05088122920175835
TinyGRU,seed,83,silence_run_length,1,clean,48682,2.0541473234460376e-05,0.04589493289179233,0.9025923339221888,0.024916807033400434,0.07041617024773017,0.002074688796680498,0.022842118236719937
TinyGRU,seed,97,silence_run_length,1,clean,48682,2.0541473234460376e-05,0.0668113555774275,0.899202990838503,0.0350437533379894,0.06341152787477917,0.002341727948728483,0.03270202538926091
TinyGRU,aggregate,aggregate,silence_run_length,1,clean,48682,2.0541473234460376e-05,0.08121509907225032,0.8824000657327143,0.04419703381126494,0.07151308491845035,0.0018898155375703548,0.04230721827369459
MarbleNet,reference,reference,silence_run_length,2-4,clean,172,3.2325581395348837,-0.28071512222191175,0.22093023255813948,0.005813953488372093,0.7034883720930233,0.06976744186046512,-0.06395348837209303
TinyGRU,seed,41,silence_run_length,2-4,clean,172,3.2325581395348837,-0.2896925791549777,0.2441860465116279,0.0,0.5581395348837209,0.19767441860465115,-0.19767441860465115
TinyGRU,seed,59,silence_run_length,2-4,clean,172,3.2325581395348837,-0.19992507930747394,0.3546511627906977,0.005813953488372093,0.5174418604651163,0.12209302325581395,-0.11627906976744186
TinyGRU,seed,71,silence_run_length,2-4,clean,172,3.2325581395348837,-0.3386517332050306,0.18604651162790697,0.0,0.5813953488372093,0.23255813953488372,-0.23255813953488372
TinyGRU,seed,83,silence_run_length,2-4,clean,172,3.2325581395348837,-0.13101132283088784,0.2616279069767442,0.0,0.6744186046511628,0.06395348837209303,-0.06395348837209303
TinyGRU,seed,97,silence_run_length,2-4,clean,172,3.2325581395348837,-0.22858377820355374,0.2441860465116279,0.0,0.6511627906976745,0.10465116279069768,-0.10465116279069768
TinyGRU,aggregate,aggregate,silence_run_length,2-4,clean,172,3.2325581395348837,-0.23757289854038474,0.258139534883721,0.0011627906976744186,0.5965116279069768,0.1441860465116279,-0.14302325581395348
MarbleNet,reference,reference,silence_run_length,5-10,clean,259,7.833976833976834,-0.12104896970976896,0.6138996138996139,0.007722007722007722,0.3281853281853282,0.05019305019305019,-0.04247104247104247
TinyGRU,seed,41,silence_run_length,5-10,clean,259,7.833976833976834,-0.2576418508588964,0.5791505791505791,0.0,0.33204633204633205,0.0888030888030888,-0.0888030888030888
TinyGRU,seed,59,silence_run_length,5-10,clean,259,7.833976833976834,-0.19422530125029852,0.6756756756756757,0.007722007722007722,0.20463320463320464,0.11196911196911197,-0.10424710424710425
TinyGRU,seed,71,silence_run_length,5-10,clean,259,7.833976833976834,-0.3056059610595347,0.5521235521235521,0.0,0.277992277992278,0.16988416988416988,-0.16988416988416988
TinyGRU,seed,83,silence_run_length,5-10,clean,259,7.833976833976834,-0.14531251650673813,0.6254826254826255,0.0,0.305019305019305,0.0694980694980695,-0.0694980694980695
TinyGRU,seed,97,silence_run_length,5-10,clean,259,7.833976833976834,-0.22452212560500043,0.555984555984556,0.03088803088803089,0.3088803088803089,0.10424710424710425,-0.07335907335907335
TinyGRU,aggregate,aggregate,silence_run_length,5-10,clean,259,7.833976833976834,-0.22546155105609364,0.5976833976833977,0.007722007722007722,0.2857142857142857,0.10888030888030888,-0.10115830115830116
MarbleNet,reference,reference,silence_run_length,11-25,clean,1517,18.616348055372445,-0.02651353306650314,0.8562953197099539,0.01054713249835201,0.0995385629531971,0.03361898483849703,-0.023071852340145024
TinyGRU,seed,41,silence_run_length,11-25,clean,1517,18.616348055372445,-0.1581525183467842,0.7877389584706658,0.0,0.13052076466710613,0.08174027686222808,-0.08174027686222808
TinyGRU,seed,59,silence_run_length,11-25,clean,1517,18.616348055372445,-0.11804090921658392,0.8226763348714569,0.001977587343441002,0.10283454185893211,0.07251153592617007,-0.07053394858272907
TinyGRU,seed,71,silence_run_length,11-25,clean,1517,18.616348055372445,-0.1425300791118898,0.7409360580092288,0.0006591957811470006,0.17798286090969018,0.08042188529993408,-0.07976268951878708
TinyGRU,seed,83,silence_run_length,11-25,clean,1517,18.616348055372445,-0.07273849269345978,0.8055372445616348,0.001977587343441002,0.15095583388266315,0.04152933421226104,-0.03955174686882004
TinyGRU,seed,97,silence_run_length,11-25,clean,1517,18.616348055372445,-0.11832492579964736,0.7738958470665788,0.017139090309822018,0.12854317732366513,0.08042188529993408,-0.06328279499011205
TinyGRU,aggregate,aggregate,silence_run_length,11-25,clean,1517,18.616348055372445,-0.12195738503367302,0.7861568885959129,0.004350692155570204,0.13816743572841136,0.07132498352010548,-0.06697429136453528
MarbleNet,reference,reference,silence_run_length,26-50,clean,5164,39.08055770720372,-0.05050999157586128,0.903175832687839,0.005034856700232378,0.04918667699457785,0.042602633617350893,-0.03756777691711851
TinyGRU,seed,41,silence_run_length,26-50,clean,5164,39.08055770720372,-0.11902526616313304,0.9345468628969791,0.0011618900077459333,0.027885360185902403,0.03640588690937258,-0.03524399690162665
TinyGRU,seed,59,silence_run_length,26-50,clean,5164,39.08055770720372,-0.07601522220342921,0.9457784663051898,0.002711076684740511,0.026529821843532145,0.02498063516653757,-0.02226955848179706
TinyGRU,seed,71,silence_run_length,26-50,clean,5164,39.08055770720372,-0.10816253464357956,0.9260263361735089,0.0,0.039310611928737416,0.03466305189775368,-0.03466305189775368
TinyGRU,seed,83,silence_run_length,26-50,clean,5164,39.08055770720372,-0.08201423033963758,0.9207978311386522,0.0021301316808675446,0.03446940356312936,0.042602633617350893,-0.04047250193648335
TinyGRU,seed,97,silence_run_length,26-50,clean,5164,39.08055770720372,-0.07364337406953418,0.9256390395042603,0.0011618900077459333,0.039504260263361735,0.03369481022463207,-0.032532920216886134
TinyGRU,aggregate,aggregate,silence_run_length,26-50,clean,5164,39.08055770720372,-0.09177212548386271,0.930557707203718,0.0014329976762199846,0.033539891556932606,0.03446940356312936,-0.03303640588690937
MarbleNet,reference,reference,silence_run_length,>50,clean,1941,65.94384337970118,-0.05211346911288061,0.9417825862957239,0.0005151983513652757,0.02936630602782071,0.02833590932509016,-0.027820710973724884
TinyGRU,seed,41,silence_run_length,>50,clean,1941,65.94384337970118,-0.10136015246821191,0.9587841318907779,0.0,0.013395157135497167,0.027820710973724884,-0.027820710973724884
TinyGRU,seed,59,silence_run_length,>50,clean,1941,65.94384337970118,-0.05818138600679273,0.9706336939721792,0.0005151983513652757,0.01648634724368882,0.012364760432766615,-0.01184956208140134
TinyGRU,seed,71,silence_run_length,>50,clean,1941,65.94384337970118,-0.0927392297140883,0.9634209170530654,0.0,0.02009273570324575,0.01648634724368882,-0.01648634724368882
TinyGRU,seed,83,silence_run_length,>50,clean,1941,65.94384337970118,-0.09294473276320213,0.9119010819165378,0.0036063884595569293,0.02936630602782071,0.05512622359608449,-0.05151983513652756
TinyGRU,seed,97,silence_run_length,>50,clean,1941,65.94384337970118,-0.0454362578693285,0.9680577022153529,0.0010303967027305513,0.02215352910870685,0.008758371973209686,-0.0077279752704791345
TinyGRU,aggregate,aggregate,silence_run_length,>50,clean,1941,65.94384337970118,-0.07813235176432472,0.9545595054095828,0.0010303967027305513,0.020298815043791864,0.024111282843894903,-0.023080886141164353
MarbleNet,reference,reference,silence_run_length,1,seen/-5,25087,0.0,0.00042395301029987827,0.9416829433571172,0.005779885996731375,0.0427312950930761,0.009805875553075298,-0.004025989556343923
TinyGRU,seed,41,silence_run_length,1,seen/-5,25087,0.0,0.009352011385666664,0.9265356559174074,0.01873480288595687,0.049587435723681586,0.0051421054729541196,0.013592697413002749
TinyGRU,seed,59,silence_run_length,1,seen/-5,25087,0.0,-0.008149200307076828,0.9276119105512816,0.01052337864232471,0.05496870889305218,0.006896001913341571,0.0036273767289831393
TinyGRU,seed,71,silence_run_length,1,seen/-5,25087,0.0,-0.0022735052811499908,0.9339099932235819,0.01586479052895922,0.04081795352174433,0.009407262725714514,0.006457527803244706
TinyGRU,seed,83,silence_run_length,1,seen/-5,25087,0.0,-0.017887763708236925,0.9398891856339937,0.0037070992944552954,0.049467851875473354,0.006935863196077649,-0.003228763901622354
TinyGRU,seed,97,silence_run_length,1,seen/-5,25087,0.0,-0.0067039697067202315,0.934468051181887,0.013194084585641965,0.044843943078088255,0.007493921154382748,0.005700163431259218
TinyGRU,aggregate,aggregate,silence_run_length,1,seen/-5,25087,0.0,-0.0051324855235034585,0.9324829593016304,0.012404831187467612,0.04793717861840794,0.00717503089249412,0.005229800294973492
MarbleNet,reference,reference,silence_run_length,2-4,seen/-5,91,3.3076923076923075,-0.11275831073638488,0.04395604395604394,0.01098901098901099,0.9230769230769231,0.02197802197802198,-0.01098901098901099
TinyGRU,seed,41,silence_run_length,2-4,seen/-5,91,3.3076923076923075,-0.03255346043391794,0.16483516483516483,0.01098901098901099,0.8131868131868132,0.01098901098901099,0.0
TinyGRU,seed,59,silence_run_length,2-4,seen/-5,91,3.3076923076923075,-0.016425739302360316,0.24175824175824176,0.01098901098901099,0.7472527472527473,0.0,0.01098901098901099
TinyGRU,seed,71,silence_run_length,2-4,seen/-5,91,3.3076923076923075,0.022178754676970128,0.2087912087912088,0.02197802197802198,0.7692307692307693,0.0,0.02197802197802198
TinyGRU,seed,83,silence_run_length,2-4,seen/-5,91,3.3076923076923075,0.007238676783174417,0.18681318681318682,0.0,0.8021978021978022,0.01098901098901099,-0.01098901098901099
TinyGRU,seed,97,silence_run_length,2-4,seen/-5,91,3.3076923076923075,0.02628734536442772,0.15384615384615385,0.03296703296703297,0.7692307692307693,0.04395604395604396,-0.010989010989010992
TinyGRU,aggregate,aggregate,silence_run_length,2-4,seen/-5,91,3.3076923076923075,0.0013451154176588034,0.1912087912087912,0.015384615384615384,0.7802197802197802,0.013186813186813189,0.002197802197802195
MarbleNet,reference,reference,silence_run_length,5-10,seen/-5,139,8.136690647482014,-0.008016571544593313,0.38129496402877705,0.07194244604316546,0.5251798561151079,0.02158273381294964,0.050359712230215826
TinyGRU,seed,41,silence_run_length,5-10,seen/-5,139,8.136690647482014,0.0066065612663675855,0.3597122302158273,0.0,0.5971223021582733,0.04316546762589928,-0.04316546762589928
TinyGRU,seed,59,silence_run_length,5-10,seen/-5,139,8.136690647482014,0.03759401095387595,0.4028776978417266,0.02158273381294964,0.5539568345323741,0.02158273381294964,0.0
TinyGRU,seed,71,silence_run_length,5-10,seen/-5,139,8.136690647482014,0.03225573563268116,0.2805755395683453,0.014388489208633094,0.6402877697841727,0.06474820143884892,-0.050359712230215826
TinyGRU,seed,83,silence_run_length,5-10,seen/-5,139,8.136690647482014,0.07296698772356419,0.38848920863309355,0.0,0.6115107913669064,0.0,0.0
TinyGRU,seed,97,silence_run_length,5-10,seen/-5,139,8.136690647482014,0.03189717242648602,0.2733812949640288,0.014388489208633094,0.6330935251798561,0.07913669064748201,-0.0647482014388489
TinyGRU,aggregate,aggregate,silence_run_length,5-10,seen/-5,139,8.136690647482014,0.03626409360059498,0.34100719424460435,0.010071942446043166,0.6071942446043166,0.041726618705035974,-0.031654676258992806
MarbleNet,reference,reference,silence_run_length,11-25,seen/-5,869,18.940161104718065,0.05137341360822181,0.5270425776754891,0.0759493670886076,0.36363636363636365,0.0333716915995397,0.04257767548906789
TinyGRU,seed,41,silence_run_length,11-25,seen/-5,869,18.940161104718065,0.1537121854704834,0.379746835443038,0.018411967779056387,0.5592635212888377,0.04257767548906789,-0.024165707710011506
TinyGRU,seed,59,silence_run_length,11-25,seen/-5,869,18.940161104718065,0.18105647508635614,0.3993095512082854,0.01726121979286536,0.5592635212888377,0.024165707710011506,-0.006904487917146145
TinyGRU,seed,71,silence_run_length,11-25,seen/-5,869,18.940161104718065,0.14981981595831242,0.3924050632911392,0.01380897583429229,0.567318757192175,0.026467203682393557,-0.012658227848101267
TinyGRU,seed,83,silence_run_length,11-25,seen/-5,869,18.940161104718065,0.15628755365527364,0.4326812428078251,0.011507479861910242,0.5431530494821634,0.012658227848101266,-0.0011507479861910235
TinyGRU,seed,97,silence_run_length,11-25,seen/-5,869,18.940161104718065,0.19747695589024716,0.41196777905638665,0.018411967779056387,0.5454545454545454,0.024165707710011506,-0.005753739930955119
TinyGRU,aggregate,aggregate,silence_run_length,11-25,seen/-5,869,18.940161104718065,0.16767059721213454,0.4032220943613348,0.015880322209436134,0.5548906789413118,0.026006904487917145,-0.010126582278481011
MarbleNet,reference,reference,silence_run_length,26-50,seen/-5,2588,40.58346213292118,0.026498069795826938,0.5162287480680062,0.025502318392581144,0.4424265842349305,0.015842349304482226,0.009659969088098918
TinyGRU,seed,41,silence_run_length,26-50,seen/-5,2588,40.58346213292118,0.11047587712412683,0.40571870170015456,0.0142967542503864,0.571483771251932,0.008500772797527048,0.005795981452859351
TinyGRU,seed,59,silence_run_length,26-50,seen/-5,2588,40.58346213292118,0.11457547212020558,0.3875579598145286,0.017001545595054096,0.589644513137558,0.005795981452859351,0.011205564142194745
TinyGRU,seed,71,silence_run_length,26-50,seen/-5,2588,40.58346213292118,0.12964449984162144,0.3999227202472952,0.005795981452859351,0.58887171561051,0.005409582689335394,0.0003863987635239572
TinyGRU,seed,83,silence_run_length,26-50,seen/-5,2588,40.58346213292118,0.09951233409239353,0.3983771251931994,0.008500772797527048,0.5826893353941267,0.010432766615146832,-0.0019319938176197843
TinyGRU,seed,97,silence_run_length,26-50,seen/-5,2588,40.58346213292118,0.14658879768741093,0.40687789799072643,0.01313755795981453,0.5730293663060279,0.006955177743431221,0.006182380216383308
TinyGRU,aggregate,aggregate,silence_run_length,26-50,seen/-5,2588,40.58346213292118,0.12015939617315166,0.3996908809891809,0.011746522411128285,0.5811437403400309,0.00741885625965997,0.004327666151468314
MarbleNet,reference,reference,silence_run_length,>50,seen/-5,521,58.34740882917466,0.1009531162656503,0.5585412667946257,0.013435700575815739,0.42034548944337813,0.007677543186180422,0.005758157389635317
TinyGRU,seed,41,silence_run_length,>50,seen/-5,521,58.34740882917466,0.039422501569321894,0.3474088291746641,0.01727447216890595,0.6353166986564299,0.0,0.01727447216890595
TinyGRU,seed,59,silence_run_length,>50,seen/-5,521,58.34740882917466,0.03128528299508891,0.3493282149712092,0.01727447216890595,0.6314779270633397,0.0019193857965451055,0.015355086372360846
TinyGRU,seed,71,silence_run_length,>50,seen/-5,521,58.34740882917466,0.0778257532678175,0.3397312859884837,0.01727447216890595,0.6429942418426103,0.0,0.01727447216890595
TinyGRU,seed,83,silence_run_length,>50,seen/-5,521,58.34740882917466,0.05759888218891041,0.3512476007677543,0.009596928982725527,0.6391554702495201,0.0,0.009596928982725527
TinyGRU,seed,97,silence_run_length,>50,seen/-5,521,58.34740882917466,0.0870158308302547,0.33589251439539347,0.01727447216890595,0.6468330134357005,0.0,0.01727447216890595
TinyGRU,aggregate,aggregate,silence_run_length,>50,seen/-5,521,58.34740882917466,0.05862965017027868,0.344721689059501,0.015738963531669863,0.6391554702495201,0.00038387715930902113,0.015355086372360842
MarbleNet,reference,reference,silence_run_length,1,seen/0,20249,0.0,-0.014824233714887556,0.9528865622993729,0.0023704874314780977,0.034322682601609956,0.010420267667539137,-0.00804978023606104
TinyGRU,seed,41,silence_run_length,1,seen/0,20249,0.0,-0.017219073561513063,0.9674057978171762,0.0033088053731048445,0.02108746110919058,0.008197935700528422,-0.004889130327423577
TinyGRU,seed,59,silence_run_length,1,seen/0,20249,0.0,-0.015965701185800128,0.9731344757765815,0.0025680280507679393,0.019309595535582005,0.004987900637068497,-0.0024198725863005576
TinyGRU,seed,71,silence_run_length,1,seen/0,20249,0.0,-0.02036039945708762,0.9710602992740383,0.0024692577411230183,0.019556521309694305,0.006913921675144452,-0.004444663934021433
TinyGRU,seed,83,silence_run_length,1,seen/0,20249,0.0,-0.010171451796673402,0.9751592671243025,0.0018272507284310337,0.019951602548273988,0.003061879598992543,-0.0012346288705615094
TinyGRU,seed,97,silence_run_length,1,seen/0,20249,0.0,-0.021218879340760343,0.9724430836090671,0.001728480418786113,0.017630500271618353,0.008197935700528422,-0.006469455281742309
TinyGRU,aggregate,aggregate,silence_run_length,1,seen/0,20249,0.0,-0.016987101068366907,0.971840584720233,0.0023803644624425897,0.019507136154871846,0.006271914662452467,-0.0038915502000098773
MarbleNet,reference,reference,silence_run_length,2-4,seen/0,63,3.0,-0.10315398644041868,0.1111111111111111,0.06349206349206349,0.8095238095238095,0.015873015873015872,0.047619047619047616
TinyGRU,seed,41,silence_run_length,2-4,seen/0,63,3.0,0.2029864689952942,0.12698412698412698,0.14285714285714285,0.7301587301587301,0.0,0.14285714285714285
TinyGRU,seed,59,silence_run_length,2-4,seen/0,63,3.0,0.2041216250494957,0.09523809523809523,0.09523809523809523,0.7936507936507936,0.015873015873015872,0.07936507936507936
TinyGRU,seed,71,silence_run_length,2-4,seen/0,63,3.0,0.2196565239622734,0.14285714285714285,0.07936507936507936,0.7777777777777778,0.0,0.07936507936507936
TinyGRU,seed,83,silence_run_length,2-4,seen/0,63,3.0,0.09343454890452683,0.09523809523809523,0.0,0.9047619047619048,0.0,0.0
TinyGRU,seed,97,silence_run_length,2-4,seen/0,63,3.0,0.21259209971788548,0.15873015873015872,0.047619047619047616,0.7777777777777778,0.015873015873015872,0.031746031746031744
TinyGRU,aggregate,aggregate,silence_run_length,2-4,seen/0,63,3.0,0.1865582533258951,0.1238095238095238,0.07301587301587302,0.7968253968253969,0.006349206349206349,0.06666666666666667
MarbleNet,reference,reference,silence_run_length,5-10,seen/0,64,7.6875,0.032050649549829995,0.453125,0.0,0.515625,0.03125,-0.03125
TinyGRU,seed,41,silence_run_length,5-10,seen/0,64,7.6875,0.34665384984418735,0.234375,0.15625,0.609375,0.0,0.15625
TinyGRU,seed,59,silence_run_length,5-10,seen/0,64,7.6875,0.26237269036475847,0.15625,0.21875,0.625,0.0,0.21875
TinyGRU,seed,71,silence_run_length,5-10,seen/0,64,7.6875,0.2887214442491923,0.234375,0.125,0.640625,0.0,0.125
TinyGRU,seed,83,silence_run_length,5-10,seen/0,64,7.6875,0.17509141389669913,0.15625,0.0625,0.78125,0.0,0.0625
TinyGRU,seed,97,silence_run_length,5-10,seen/0,64,7.6875,0.3089919693466744,0.140625,0.0625,0.796875,0.0,0.0625
TinyGRU,aggregate,aggregate,silence_run_length,5-10,seen/0,64,7.6875,0.2763662735403023,0.184375,0.125,0.690625,0.0,0.125
MarbleNet,reference,reference,silence_run_length,11-25,seen/0,683,18.103953147877014,0.1197841294555188,0.49633967789165456,0.08052708638360176,0.4128843338213763,0.010248901903367497,0.07027818448023426
TinyGRU,seed,41,silence_run_length,11-25,seen/0,683,18.103953147877014,0.1826666538161899,0.2796486090775988,0.0424597364568082,0.6544655929721815,0.02342606149341142,0.01903367496339678
TinyGRU,seed,59,silence_run_length,11-25,seen/0,683,18.103953147877014,0.16653143469682416,0.24743777452415813,0.04538799414348463,0.6866764275256223,0.020497803806734993,0.024890190336749635
TinyGRU,seed,71,silence_run_length,11-25,seen/0,683,18.103953147877014,0.1779376749301696,0.23133235724743778,0.029282576866764276,0.7159590043923866,0.02342606149341142,0.005856515373352855
TinyGRU,seed,83,silence_run_length,11-25,seen/0,683,18.103953147877014,0.11151546229933187,0.2664714494875549,0.024890190336749635,0.6998535871156661,0.008784773060029283,0.016105417276720352
TinyGRU,seed,97,silence_run_length,11-25,seen/0,683,18.103953147877014,0.18095827194572797,0.26500732064421667,0.048316251830161056,0.6764275256222547,0.010248901903367497,0.03806734992679356
TinyGRU,aggregate,aggregate,silence_run_length,11-25,seen/0,683,18.103953147877014,0.1639218995376487,0.25797950219619326,0.03806734992679356,0.6866764275256223,0.017276720351390922,0.020790629575402637
MarbleNet,reference,reference,silence_run_length,26-50,seen/0,2167,40.72035071527457,0.15376989204071861,0.5579141670512228,0.08675588371019843,0.3447161975080757,0.010613751730503,0.07614213197969544
TinyGRU,seed,41,silence_run_length,26-50,seen/0,2167,40.72035071527457,0.14772436687283064,0.2524227041993539,0.048454083987078914,0.6857406552838025,0.01338255652976465,0.03507152745731426
TinyGRU,seed,59,silence_run_length,26-50,seen/0,2167,40.72035071527457,0.13789590881708705,0.25288417166589755,0.03368712505768343,0.6917397323488694,0.02168897092754961,0.011998154130133824
TinyGRU,seed,71,silence_run_length,26-50,seen/0,2167,40.72035071527457,0.17643904635529736,0.2602676511305953,0.03830179972311952,0.6778957083525612,0.023534840793724043,0.014766958929395477
TinyGRU,seed,83,silence_run_length,26-50,seen/0,2167,40.72035071527457,0.09048943756817328,0.24642362713428703,0.025842178126442086,0.7125057683433318,0.015228426395939087,0.010613751730503
TinyGRU,seed,97,silence_run_length,26-50,seen/0,2167,40.72035071527457,0.16486366309170947,0.2565759113982464,0.048454083987078914,0.6829718504845408,0.011998154130133826,0.03645592985694509
TinyGRU,aggregate,aggregate,silence_run_length,26-50,seen/0,2167,40.72035071527457,0.14348248454101958,0.253714813105676,0.03894785417628058,0.6901707429626212,0.017166589755422245,0.021781264420858332
MarbleNet,reference,reference,silence_run_length,>50,seen/0,953,64.78384050367261,0.0907395935758983,0.597061909758657,0.026232948583420776,0.372507869884575,0.004197271773347324,0.022035676810073453
TinyGRU,seed,41,silence_run_length,>50,seen/0,953,64.78384050367261,0.022525805234845618,0.4428121720881427,0.015739769150052464,0.5383001049317944,0.0031479538300104933,0.012591815320041971
TinyGRU,seed,59,silence_run_length,>50,seen/0,953,64.78384050367261,0.045230056484878024,0.4753410283315845,0.005246589716684155,0.5183630640083945,0.001049317943336831,0.004197271773347324
TinyGRU,seed,71,silence_run_length,>50,seen/0,953,64.78384050367261,0.053394980174862154,0.45540398740818466,0.0,0.5393494228751312,0.005246589716684155,-0.005246589716684155
TinyGRU,seed,83,silence_run_length,>50,seen/0,953,64.78384050367261,0.021680432068449752,0.46379853095487933,0.001049317943336831,0.5351521511017838,0.0,0.001049317943336831
TinyGRU,seed,97,silence_run_length,>50,seen/0,953,64.78384050367261,0.060426949293035576,0.44805876180482684,0.001049317943336831,0.5498426023084995,0.001049317943336831,0.0
TinyGRU,aggregate,aggregate,silence_run_length,>50,seen/0,953,64.78384050367261,0.040651644651214215,0.4570828961175236,0.004616998950682057,0.5362014690451207,0.002098635886673662,0.002518363064008395
MarbleNet,reference,reference,silence_run_length,1,seen/5,17497,0.0,-0.018845597026410053,0.953306281076756,0.0016574269874835687,0.03663485168886095,0.00840144024689947,-0.0067440132594158994
TinyGRU,seed,41,silence_run_length,1,seen/5,17497,0.0,0.009674990725470812,0.9618220266331371,0.011144767674458479,0.02234668800365777,0.0046865176887466425,0.006458249985711836
TinyGRU,seed,59,silence_run_length,1,seen/5,17497,0.0,0.010082471259554669,0.9610218894667657,0.008915814139566783,0.02680459507344116,0.0032577013202263246,0.005658112819340458
TinyGRU,seed,71,silence_run_length,1,seen/5,17497,0.0,0.007998572971795629,0.9645653540606961,0.009887409270160599,0.0202320397782477,0.0053151968908955825,0.004572212379265016
TinyGRU,seed,83,silence_run_length,1,seen/5,17497,0.0,-0.001243735599503203,0.9696519403326285,0.00400068583185689,0.02211807738469452,0.00422929645082014,-0.0002286106189632502
TinyGRU,seed,97,silence_run_length,1,seen/5,17497,0.0,-0.0001942665232395804,0.963993827513288,0.006915471223638338,0.02257529862262102,0.006515402640452649,0.00040006858318568893
TinyGRU,aggregate,aggregate,silence_run_length,1,seen/5,17497,0.0,0.005263606566815666,0.9642110076013033,0.008172829627936218,0.022815339772532438,0.004800822998228268,0.00337200662970795
MarbleNet,reference,reference,silence_run_length,2-4,seen/5,52,3.3076923076923075,0.12892939098634354,0.0,0.019230769230769232,0.9807692307692307,0.0,0.019230769230769232
TinyGRU,seed,41,silence_run_length,2-4,seen/5,52,3.3076923076923075,0.01764743575867076,0.019230769230769232,0.0,0.9807692307692307,0.0,0.0
TinyGRU,seed,59,silence_run_length,2-4,seen/5,52,3.3076923076923075,-0.023709379287913293,0.0,0.0,1.0,0.0,0.0
TinyGRU,seed,71,silence_run_length,2-4,seen/5,52,3.3076923076923075,-0.04136656832417633,0.0,0.0,1.0,0.0,0.0
TinyGRU,seed,83,silence_run_length,2-4,seen/5,52,3.3076923076923075,0.007978886949760712,0.038461538461538464,0.0,0.9615384615384616,0.0,0.0
TinyGRU,seed,97,silence_run_length,2-4,seen/5,52,3.3076923076923075,0.03964635914337641,0.0,0.0,1.0,0.0,0.0
TinyGRU,aggregate,aggregate,silence_run_length,2-4,seen/5,52,3.3076923076923075,3.9346847943645785e-05,0.01153846153846154,0.0,0.9884615384615386,0.0,0.0
MarbleNet,reference,reference,silence_run_length,5-10,seen/5,135,7.533333333333333,0.12549296719253022,0.31851851851851853,0.037037037037037035,0.6370370370370371,0.007407407407407408,0.02962962962962963
TinyGRU,seed,41,silence_run_length,5-10,seen/5,135,7.533333333333333,-0.0811283514182323,0.14074074074074075,0.0,0.8074074074074075,0.05185185185185185,-0.05185185185185185
TinyGRU,seed,59,silence_run_length,5-10,seen/5,135,7.533333333333333,-0.09683140762352349,0.17777777777777778,0.007407407407407408,0.7481481481481481,0.06666666666666667,-0.05925925925925926
TinyGRU,seed,71,silence_run_length,5-10,seen/5,135,7.533333333333333,-0.11532734395838833,0.1259259259259259,0.007407407407407408,0.8074074074074075,0.05925925925925926,-0.05185185185185186
TinyGRU,seed,83,silence_run_length,5-10,seen/5,135,7.533333333333333,-0.03277158831468827,0.1259259259259259,0.014814814814814815,0.8148148148148148,0.044444444444444446,-0.02962962962962963
TinyGRU,seed,97,silence_run_length,5-10,seen/5,135,7.533333333333333,-0.03193041236273187,0.17777777777777778,0.0,0.7555555555555555,0.06666666666666667,-0.06666666666666667
TinyGRU,aggregate,aggregate,silence_run_length,5-10,seen/5,135,7.533333333333333,-0.07159782073551285,0.14962962962962964,0.0059259259259259265,0.7866666666666666,0.057777777777777775,-0.05185185185185185
MarbleNet,reference,reference,silence_run_length,11-25,seen/5,830,19.074698795180723,0.08777790602896995,0.7493975903614458,0.04939759036144578,0.19036144578313252,0.010843373493975903,0.03855421686746988
TinyGRU,seed,41,silence_run_length,11-25,seen/5,830,19.074698795180723,0.02479049769470938,0.4457831325301205,0.05421686746987952,0.43855421686746987,0.06144578313253012,-0.0072289156626506035
TinyGRU,seed,59,silence_run_length,11-25,seen/5,830,19.074698795180723,0.03652491410959629,0.4819277108433735,0.04939759036144578,0.4433734939759036,0.02530120481927711,0.024096385542168672
TinyGRU,seed,71,silence_run_length,11-25,seen/5,830,19.074698795180723,0.033799522805413776,0.43614457831325304,0.05542168674698795,0.43855421686746987,0.06987951807228916,-0.014457831325301214
TinyGRU,seed,83,silence_run_length,11-25,seen/5,830,19.074698795180723,0.05814061250022159,0.463855421686747,0.04216867469879518,0.4843373493975904,0.00963855421686747,0.03253012048192771
TinyGRU,seed,97,silence_run_length,11-25,seen/5,830,19.074698795180723,0.06332292328243756,0.5216867469879518,0.10361445783132531,0.35542168674698793,0.01927710843373494,0.08433734939759037
TinyGRU,aggregate,aggregate,silence_run_length,11-25,seen/5,830,19.074698795180723,0.043315694078475735,0.46987951807228917,0.060963855421686745,0.43204819277108436,0.03710843373493976,0.023855421686746987
MarbleNet,reference,reference,silence_run_length,26-50,seen/5,1767,38.30843237125071,0.136907936335597,0.6943972835314091,0.059422750424448216,0.24108658743633277,0.0050933786078098476,0.05432937181663837
TinyGRU,seed,41,silence_run_length,26-50,seen/5,1767,38.30843237125071,0.10554479142042798,0.36502546689303905,0.0690435766836446,0.5376344086021505,0.028296547821165818,0.040747028862478774
TinyGRU,seed,59,silence_run_length,26-50,seen/5,1767,38.30843237125071,0.09193986611271732,0.3938879456706282,0.07640067911714771,0.5155631013016412,0.014148273910582909,0.0622524052065648
TinyGRU,seed,71,silence_run_length,26-50,seen/5,1767,38.30843237125071,0.08854784122155486,0.36106395019807586,0.0588568194680249,0.5495189586870401,0.030560271646859084,0.028296547821165818
TinyGRU,seed,83,silence_run_length,26-50,seen/5,1767,38.30843237125071,0.06272073546388263,0.3814374646293152,0.0588568194680249,0.5523486134691568,0.007357102433503113,0.05149971703452179
TinyGRU,seed,97,silence_run_length,26-50,seen/5,1767,38.30843237125071,0.10487837630580918,0.3763440860215054,0.07413695529145445,0.522354272778721,0.027164685908319185,0.046972269383135264
TinyGRU,aggregate,aggregate,silence_run_length,26-50,seen/5,1767,38.30843237125071,0.09072632210487838,0.37555178268251277,0.06745897000565931,0.535483870967742,0.021505376344086023,0.04595359366157329
MarbleNet,reference,reference,silence_run_length,>50,seen/5,392,56.295918367346935,0.21973150839673214,0.35204081632653056,0.1556122448979592,0.46938775510204084,0.02295918367346939,0.1326530612244898
TinyGRU,seed,41,silence_run_length,>50,seen/5,392,56.295918367346935,0.07694162994435097,0.125,0.025510204081632654,0.8341836734693877,0.015306122448979591,0.010204081632653062
TinyGRU,seed,59,silence_run_length,>50,seen/5,392,56.295918367346935,0.06746682757945663,0.21428571428571427,0.025510204081632654,0.7576530612244898,0.002551020408163265,0.02295918367346939
TinyGRU,seed,71,silence_run_length,>50,seen/5,392,56.295918367346935,0.13978407025826387,0.19387755102040816,0.00510204081632653,0.8010204081632653,0.0,0.00510204081632653
TinyGRU,seed,83,silence_run_length,>50,seen/5,392,56.295918367346935,0.04212046355016733,0.23979591836734693,0.025510204081632654,0.7346938775510204,0.0,0.025510204081632654
TinyGRU,seed,97,silence_run_length,>50,seen/5,392,56.295918367346935,0.1390111467840485,0.2066326530612245,0.00510204081632653,0.7882653061224489,0.0,0.00510204081632653
TinyGRU,aggregate,aggregate,silence_run_length,>50,seen/5,392,56.295918367346935,0.09306482762325745,0.1959183673469388,0.017346938775510207,0.7831632653061225,0.0035714285714285713,0.013775510204081636
MarbleNet,reference,reference,silence_run_length,1,seen/10,27881,7.173343854237653e-05,-0.006853423881980812,0.9528711308776586,0.0037301388042035796,0.03755245507693411,0.005846275241203687,-0.0021161364370001078
TinyGRU,seed,41,silence_run_length,1,seen/10,27881,7.173343854237653e-05,0.010325783209395437,0.9507191277213873,0.007280944012051218,0.037695921954018864,0.004304006312542592,0.002976937699508626
TinyGRU,seed,59,silence_run_length,1,seen/10,27881,7.173343854237653e-05,0.005595298932335289,0.9514005953875398,0.008141745274559737,0.03593845270973064,0.0045192066281697215,0.003622538646390015
TinyGRU,seed,71,silence_run_length,1,seen/10,27881,7.173343854237653e-05,0.013249484471355173,0.9503604605286754,0.009002546537068255,0.03654818693734084,0.0040888059969154626,0.004913740540152792
TinyGRU,seed,83,silence_run_length,1,seen/10,27881,7.173343854237653e-05,0.0016981432653612513,0.9595423406620996,0.0035149384885764497,0.03475485097378143,0.0021878698755424843,0.0013270686130339654
TinyGRU,seed,97,silence_run_length,1,seen/10,27881,7.173343854237653e-05,0.006956983388448232,0.9518309960187942,0.007137477134966465,0.03755245507693411,0.0034790717693052617,0.003658405365661203
TinyGRU,aggregate,aggregate,silence_run_length,1,seen/10,27881,7.173343854237653e-05,0.007565138653379077,0.9527707040636993,0.007015530289444426,0.03649797353036118,0.003715792116495104,0.003299738172949322
MarbleNet,reference,reference,silence_run_length,2-4,seen/10,89,3.2247191011235956,0.005048492015152712,0.20224719101123603,0.033707865168539325,0.7528089887640449,0.011235955056179775,0.02247191011235955
TinyGRU,seed,41,silence_run_length,2-4,seen/10,89,3.2247191011235956,0.04566055909013993,0.0898876404494382,0.0,0.8876404494382022,0.02247191011235955,-0.02247191011235955
TinyGRU,seed,59,silence_run_length,2-4,seen/10,89,3.2247191011235956,0.033408768882269055,0.12359550561797752,0.02247191011235955,0.8202247191011236,0.033707865168539325,-0.011235955056179775
TinyGRU,seed,71,silence_run_length,2-4,seen/10,89,3.2247191011235956,0.03463278231726429,0.10112359550561797,0.02247191011235955,0.8314606741573034,0.0449438202247191,-0.02247191011235955
TinyGRU,seed,83,silence_run_length,2-4,seen/10,89,3.2247191011235956,0.040227746464416576,0.0898876404494382,0.0,0.8651685393258427,0.0449438202247191,-0.0449438202247191
TinyGRU,seed,97,silence_run_length,2-4,seen/10,89,3.2247191011235956,0.04781512619425464,0.12359550561797752,0.011235955056179775,0.8539325842696629,0.011235955056179775,0.0
TinyGRU,aggregate,aggregate,silence_run_length,2-4,seen/10,89,3.2247191011235956,0.0403489965896689,0.10561797752808989,0.011235955056179775,0.8516853932584271,0.031460674157303366,-0.02022471910112359
MarbleNet,reference,reference,silence_run_length,5-10,seen/10,140,8.442857142857143,-0.0038118946573270055,0.3785714285714286,0.06428571428571428,0.5357142857142857,0.02142857142857143,0.04285714285714286
TinyGRU,seed,41,silence_run_length,5-10,seen/10,140,8.442857142857143,0.015073067992601153,0.36428571428571427,0.02857142857142857,0.5857142857142857,0.02142857142857143,0.007142857142857142
TinyGRU,seed,59,silence_run_length,5-10,seen/10,140,8.442857142857143,-0.059672422130164854,0.39285714285714285,0.04285714285714286,0.5142857142857142,0.05,-0.007142857142857145
TinyGRU,seed,71,silence_run_length,5-10,seen/10,140,8.442857142857143,-0.01467944321220752,0.32142857142857145,0.04285714285714286,0.5428571428571428,0.09285714285714286,-0.05
TinyGRU,seed,83,silence_run_length,5-10,seen/10,140,8.442857142857143,0.03442396901755967,0.25,0.02142857142857143,0.6785714285714286,0.05,-0.028571428571428574
TinyGRU,seed,97,silence_run_length,5-10,seen/10,140,8.442857142857143,-0.024126940518834482,0.3142857142857143,0.04285714285714286,0.5214285714285715,0.12142857142857143,-0.07857142857142857
TinyGRU,aggregate,aggregate,silence_run_length,5-10,seen/10,140,8.442857142857143,-0.009796353770209204,0.32857142857142857,0.03571428571428571,0.5685714285714285,0.06714285714285714,-0.03142857142857143
MarbleNet,reference,reference,silence_run_length,11-25,seen/10,827,18.656590084643287,0.039439880926233004,0.6082224909310762,0.05441354292623942,0.3192261185006046,0.018137847642079808,0.036275695284159616
TinyGRU,seed,41,silence_run_length,11-25,seen/10,827,18.656590084643287,0.06305643774351886,0.4860943168077388,0.05562273276904474,0.43409915356711004,0.02418379685610641,0.03143893591293833
TinyGRU,seed,59,silence_run_length,11-25,seen/10,827,18.656590084643287,0.04769335928863745,0.47642079806529625,0.03990326481257558,0.46916565900846435,0.014510278113663845,0.025392986698911733
TinyGRU,seed,71,silence_run_length,11-25,seen/10,827,18.656590084643287,0.045277593420008276,0.46311970979443773,0.053204353083434096,0.44740024183796856,0.036275695284159616,0.01692865779927448
TinyGRU,seed,83,silence_run_length,11-25,seen/10,827,18.656590084643287,0.04954351690303247,0.4111245465538089,0.0471584038694075,0.5308343409915357,0.010882708585247884,0.036275695284159616
TinyGRU,seed,97,silence_run_length,11-25,seen/10,827,18.656590084643287,0.029991218234095667,0.4957678355501814,0.03385731559854897,0.4655380894800484,0.0048367593712212815,0.02902055622732769
TinyGRU,aggregate,aggregate,silence_run_length,11-25,seen/10,827,18.656590084643287,0.04711242511785855,0.46650544135429256,0.045949214026602174,0.46940749697702544,0.018137847642079808,0.027811366384522366
MarbleNet,reference,reference,silence_run_length,26-50,seen/10,3255,38.754224270353305,0.052651012925367294,0.8012288786482336,0.041474654377880185,0.14838709677419354,0.008909370199692781,0.0325652841781874
TinyGRU,seed,41,silence_run_length,26-50,seen/10,3255,38.754224270353305,-0.02455418214033045,0.6387096774193548,0.02642089093701997,0.3109062980030722,0.023963133640552997,0.002457757296466974
TinyGRU,seed,59,silence_run_length,26-50,seen/10,3255,38.754224270353305,-0.03726725354773031,0.6224270353302611,0.03748079877112135,0.3087557603686636,0.03133640552995392,0.006144393241167431
TinyGRU,seed,71,silence_run_length,26-50,seen/10,3255,38.754224270353305,-0.06380643958652392,0.6184331797235023,0.020890937019969278,0.3259600614439324,0.034715821812596005,-0.013824884792626727
TinyGRU,seed,83,silence_run_length,26-50,seen/10,3255,38.754224270353305,-0.008272757981083234,0.5852534562211982,0.025192012288786484,0.3720430107526882,0.017511520737327188,0.007680491551459296
TinyGRU,seed,97,silence_run_length,26-50,seen/10,3255,38.754224270353305,-0.027656094035977588,0.6503840245775729,0.024270353302611368,0.2995391705069124,0.025806451612903226,-0.0015360983102918578
TinyGRU,aggregate,aggregate,silence_run_length,26-50,seen/10,3255,38.754224270353305,-0.0323113454583291,0.6230414746543779,0.026850998463901692,0.32344086021505375,0.026666666666666665,0.00018433179723502738
MarbleNet,reference,reference,silence_run_length,>50,seen/10,835,69.3065868263473,0.03591935463362325,0.7676646706586827,0.03592814371257485,0.18922155688622755,0.00718562874251497,0.02874251497005988
TinyGRU,seed,41,silence_run_length,>50,seen/10,835,69.3065868263473,-0.17850329076839566,0.6,0.003592814371257485,0.33652694610778444,0.059880239520958084,-0.0562874251497006
TinyGRU,seed,59,silence_run_length,>50,seen/10,835,69.3065868263473,-0.15294094938570035,0.6083832335329341,0.03952095808383234,0.3077844311377245,0.04431137724550898,-0.0047904191616766414
TinyGRU,seed,71,silence_run_length,>50,seen/10,835,69.3065868263473,-0.16944921251145106,0.629940119760479,0.013173652694610778,0.3221556886227545,0.03473053892215569,-0.02155688622754491
TinyGRU,seed,83,silence_run_length,>50,seen/10,835,69.3065868263473,-0.08998337309084757,0.577245508982036,0.026347305389221556,0.36766467065868264,0.02874251497005988,-0.002395209580838324
TinyGRU,seed,97,silence_run_length,>50,seen/10,835,69.3065868263473,-0.1259840760490134,0.6191616766467066,0.023952095808383235,0.3017964071856287,0.055089820359281436,-0.0311377245508982
TinyGRU,aggregate,aggregate,silence_run_length,>50,seen/10,835,69.3065868263473,-0.14337218036108162,0.6069461077844311,0.02131736526946108,0.327185628742515,0.044550898203592815,-0.023233532934131735
MarbleNet,reference,reference,silence_run_length,1,seen/15,23912,4.182000669120107e-05,-0.0024812934470056515,0.9521160923385747,0.0051856808297089324,0.03972900635664102,0.002969220475075276,0.0022164603546336566
TinyGRU,seed,41,silence_run_length,1,seen/15,23912,4.182000669120107e-05,0.026357402956706362,0.9453830712612914,0.012546002007360321,0.04069086651053864,0.0013800602208096353,0.011165941786550686
TinyGRU,seed,59,silence_run_length,1,seen/15,23912,4.182000669120107e-05,0.020647853879373103,0.9454667112746739,0.010789561726329876,0.04236366677818668,0.0013800602208096353,0.009409501505520241
TinyGRU,seed,71,silence_run_length,1,seen/15,23912,4.182000669120107e-05,0.026811181270999827,0.9482268317162931,0.01367514218802275,0.03747072599531616,0.0006273001003680161,0.013047842087654733
TinyGRU,seed,83,silence_run_length,1,seen/15,23912,4.182000669120107e-05,0.010031406133599718,0.9503596520575444,0.00547842087654734,0.042489126798260286,0.0016728002676480427,0.0038056206088992973
TinyGRU,seed,97,silence_run_length,1,seen/15,23912,4.182000669120107e-05,0.016294338337352162,0.9507360321177651,0.008949481431917029,0.0389344262295082,0.0013800602208096353,0.0075694212111073935
TinyGRU,aggregate,aggregate,silence_run_length,1,seen/15,23912,4.182000669120107e-05,0.020028436515606235,0.9480344596855136,0.010287721646035463,0.040389762462362,0.0012880562060889928,0.00899966543994647
MarbleNet,reference,reference,silence_run_length,2-4,seen/15,72,3.3333333333333335,-0.13482034029755752,0.19444444444444442,0.027777777777777776,0.75,0.027777777777777776,0.0
TinyGRU,seed,41,silence_run_length,2-4,seen/15,72,3.3333333333333335,-0.14462288896065836,0.2222222222222222,0.0,0.7083333333333334,0.06944444444444445,-0.06944444444444445
TinyGRU,seed,59,silence_run_length,2-4,seen/15,72,3.3333333333333335,-0.0815670724621727,0.18055555555555555,0.027777777777777776,0.6666666666666666,0.125,-0.09722222222222222
TinyGRU,seed,71,silence_run_length,2-4,seen/15,72,3.3333333333333335,-0.18426219874131208,0.20833333333333334,0.013888888888888888,0.6388888888888888,0.1388888888888889,-0.125
TinyGRU,seed,83,silence_run_length,2-4,seen/15,72,3.3333333333333335,-0.018871330110164054,0.2916666666666667,0.0,0.6527777777777778,0.05555555555555555,-0.05555555555555555
TinyGRU,seed,97,silence_run_length,2-4,seen/15,72,3.3333333333333335,-0.11617301597538966,0.16666666666666666,0.0,0.7083333333333334,0.125,-0.125
TinyGRU,aggregate,aggregate,silence_run_length,2-4,seen/15,72,3.3333333333333335,-0.10909930124993937,0.2138888888888889,0.008333333333333335,0.675,0.10277777777777779,-0.09444444444444446
MarbleNet,reference,reference,silence_run_length,5-10,seen/15,97,7.989690721649485,-0.03901224806572661,0.6494845360824741,0.020618556701030927,0.32989690721649484,0.0,0.020618556701030927
TinyGRU,seed,41,silence_run_length,5-10,seen/15,97,7.989690721649485,-0.1215741747334049,0.6597938144329897,0.010309278350515464,0.27835051546391754,0.05154639175257732,-0.041237113402061855
TinyGRU,seed,59,silence_run_length,5-10,seen/15,97,7.989690721649485,-0.054280330171600305,0.6288659793814433,0.020618556701030927,0.30927835051546393,0.041237113402061855,-0.020618556701030927
TinyGRU,seed,71,silence_run_length,5-10,seen/15,97,7.989690721649485,-0.09561821146443665,0.5979381443298969,0.020618556701030927,0.27835051546391754,0.10309278350515463,-0.08247422680412371
TinyGRU,seed,83,silence_run_length,5-10,seen/15,97,7.989690721649485,-0.06175432823826792,0.6288659793814433,0.0,0.32989690721649484,0.041237113402061855,-0.041237113402061855
TinyGRU,seed,97,silence_run_length,5-10,seen/15,97,7.989690721649485,-0.11808213729469437,0.4742268041237113,0.020618556701030927,0.3917525773195876,0.1134020618556701,-0.09278350515463918
TinyGRU,aggregate,aggregate,silence_run_length,5-10,seen/15,97,7.989690721649485,-0.09026183638048084,0.5979381443298968,0.014432989690721649,0.31752577319587627,0.07010309278350516,-0.05567010309278351
MarbleNet,reference,reference,silence_run_length,11-25,seen/15,814,18.405405405405407,0.018076158048655516,0.7960687960687961,0.013513513513513514,0.1769041769041769,0.013513513513513514,0.0
TinyGRU,seed,41,silence_run_length,11-25,seen/15,814,18.405405405405407,-0.053723634087391045,0.6240786240786241,0.009828009828009828,0.32678132678132676,0.03931203931203931,-0.029484029484029485
TinyGRU,seed,59,silence_run_length,11-25,seen/15,814,18.405405405405407,-0.03530884812733269,0.5933660933660934,0.0085995085995086,0.35995085995085996,0.038083538083538086,-0.029484029484029485
TinyGRU,seed,71,silence_run_length,11-25,seen/15,814,18.405405405405407,-0.06265549958333715,0.5847665847665847,0.022113022113022112,0.3464373464373464,0.04668304668304668,-0.02457002457002457
TinyGRU,seed,83,silence_run_length,11-25,seen/15,814,18.405405405405407,-0.013005044990672275,0.515970515970516,0.019656019656019656,0.4312039312039312,0.033169533169533166,-0.01351351351351351
TinyGRU,seed,97,silence_run_length,11-25,seen/15,814,18.405405405405407,-0.033980285239031065,0.5933660933660934,0.020884520884520884,0.3476658476658477,0.038083538083538086,-0.017199017199017202
TinyGRU,aggregate,aggregate,silence_run_length,11-25,seen/15,814,18.405405405405407,-0.039734662405552845,0.5823095823095823,0.016216216216216217,0.36240786240786244,0.039066339066339065,-0.022850122850122848
MarbleNet,reference,reference,silence_run_length,26-50,seen/15,2574,39.14607614607615,0.03079884887674219,0.8892773892773893,0.013597513597513598,0.08741258741258741,0.009712509712509712,0.003885003885003885
TinyGRU,seed,41,silence_run_length,26-50,seen/15,2574,39.14607614607615,-0.054774872568659,0.7839937839937839,0.005827505827505828,0.18453768453768454,0.02564102564102564,-0.019813519813519812
TinyGRU,seed,59,silence_run_length,26-50,seen/15,2574,39.14607614607615,-0.06330153001088097,0.771950271950272,0.004662004662004662,0.18142968142968144,0.04195804195804196,-0.037296037296037296
TinyGRU,seed,71,silence_run_length,26-50,seen/15,2574,39.14607614607615,-0.089230100390946,0.7397047397047397,0.004273504273504274,0.20085470085470086,0.05516705516705517,-0.050893550893550896
TinyGRU,seed,83,silence_run_length,26-50,seen/15,2574,39.14607614607615,-0.028540379540905342,0.7738927738927739,0.014763014763014764,0.19463869463869463,0.016705516705516704,-0.0019425019425019403
TinyGRU,seed,97,silence_run_length,26-50,seen/15,2574,39.14607614607615,-0.05527602511907614,0.8022533022533023,0.0034965034965034965,0.16511266511266512,0.029137529137529136,-0.02564102564102564
TinyGRU,aggregate,aggregate,silence_run_length,26-50,seen/15,2574,39.14607614607615,-0.05822458152609349,0.7743589743589743,0.006604506604506605,0.1853146853146853,0.033721833721833724,-0.02711732711732712
MarbleNet,reference,reference,silence_run_length,>50,seen/15,1028,66.17704280155642,-0.011113245945886696,0.8861867704280155,0.0048638132295719845,0.08852140077821012,0.020428015564202335,-0.01556420233463035
TinyGRU,seed,41,silence_run_length,>50,seen/15,1028,66.17704280155642,-0.1897709938489318,0.7529182879377432,0.0,0.17023346303501946,0.07684824902723736,-0.07684824902723736
TinyGRU,seed,59,silence_run_length,>50,seen/15,1028,66.17704280155642,-0.0772031712813706,0.8628404669260701,0.007782101167315175,0.11867704280155641,0.010700389105058366,-0.0029182879377431907
TinyGRU,seed,71,silence_run_length,>50,seen/15,1028,66.17704280155642,-0.1713128661540029,0.7723735408560312,0.0009727626459143969,0.14202334630350194,0.08463035019455253,-0.08365758754863814
TinyGRU,seed,83,silence_run_length,>50,seen/15,1028,66.17704280155642,-0.05816296089156653,0.806420233463035,0.005836575875486381,0.1507782101167315,0.03696498054474708,-0.0311284046692607
TinyGRU,seed,97,silence_run_length,>50,seen/15,1028,66.17704280155642,-0.11144809714599203,0.7480544747081712,0.0009727626459143969,0.17704280155642024,0.07392996108949416,-0.07295719844357977
TinyGRU,aggregate,aggregate,silence_run_length,>50,seen/15,1028,66.17704280155642,-0.12157961786437278,0.7885214007782101,0.0031128404669260703,0.1517509727626459,0.0566147859922179,-0.053501945525291826
MarbleNet,reference,reference,silence_run_length,1,seen/20,24067,4.155067104333735e-05,-0.00020282078395972107,0.9535047991025055,0.0038226617359870363,0.04009639755682054,0.0025761416046869157,0.0012465201313001204
TinyGRU,seed,41,silence_run_length,1,seen/20,24067,4.155067104333735e-05,0.04262073175475252,0.9339344330410936,0.016869572443594966,0.04898824116009474,0.00020775335521668674,0.016661819088378278
TinyGRU,seed,59,silence_run_length,1,seen/20,24067,4.155067104333735e-05,0.034627448681968626,0.934225287738397,0.013711721444301326,0.051356629409564966,0.000706361407736735,0.013005360036564592
TinyGRU,seed,71,silence_run_length,1,seen/20,24067,4.155067104333735e-05,0.041629734253719256,0.9370922840403872,0.016329413720031577,0.04637054888436448,0.00020775335521668674,0.01612166036481489
TinyGRU,seed,83,silence_run_length,1,seen/20,24067,4.155067104333735e-05,0.020988368639949437,0.941247351144721,0.00706361407736735,0.051024224041218265,0.0006648107366933976,0.006398803340673952
TinyGRU,seed,97,silence_run_length,1,seen/20,24067,4.155067104333735e-05,0.026394529171452675,0.9423692192628911,0.010429218431877675,0.04670295425271118,0.0004986080525200482,0.009930610379357626
TinyGRU,aggregate,aggregate,silence_run_length,1,seen/20,24067,4.155067104333735e-05,0.033252162500368505,0.937773715045498,0.012880708023434578,0.04888851954959073,0.00045705738147671087,0.012423650641957867
MarbleNet,reference,reference,silence_run_length,2-4,seen/20,105,3.2285714285714286,-0.22545808130074307,0.19999999999999996,0.01904761904761905,0.7523809523809524,0.02857142857142857,-0.009523809523809525
TinyGRU,seed,41,silence_run_length,2-4,seen/20,105,3.2285714285714286,-0.12798671465682737,0.1619047619047619,0.0,0.7523809523809524,0.08571428571428572,-0.08571428571428572
TinyGRU,seed,59,silence_run_length,2-4,seen/20,105,3.2285714285714286,-0.10305874130865526,0.2,0.0,0.7047619047619048,0.09523809523809523,-0.09523809523809523
TinyGRU,seed,71,silence_run_length,2-4,seen/20,105,3.2285714285714286,-0.17184780234940844,0.13333333333333333,0.0,0.7142857142857143,0.1523809523809524,-0.1523809523809524
TinyGRU,seed,83,silence_run_length,2-4,seen/20,105,3.2285714285714286,-0.045420594758968647,0.14285714285714285,0.0,0.7904761904761904,0.06666666666666667,-0.06666666666666667
TinyGRU,seed,97,silence_run_length,2-4,seen/20,105,3.2285714285714286,-0.11074721217825857,0.11428571428571428,0.0,0.7619047619047619,0.12380952380952381,-0.12380952380952381
TinyGRU,aggregate,aggregate,silence_run_length,2-4,seen/20,105,3.2285714285714286,-0.11181221305042366,0.15047619047619049,0.0,0.7447619047619047,0.10476190476190476,-0.10476190476190476
MarbleNet,reference,reference,silence_run_length,5-10,seen/20,102,8.392156862745098,-0.09595609021055068,0.5784313725490197,0.0196078431372549,0.3627450980392157,0.0392156862745098,-0.0196078431372549
TinyGRU,seed,41,silence_run_length,5-10,seen/20,102,8.392156862745098,-0.09505777324065674,0.5392156862745098,0.0,0.4019607843137255,0.058823529411764705,-0.058823529411764705
TinyGRU,seed,59,silence_run_length,5-10,seen/20,102,8.392156862745098,-0.14413423227893085,0.5784313725490197,0.0,0.3627450980392157,0.058823529411764705,-0.058823529411764705
TinyGRU,seed,71,silence_run_length,5-10,seen/20,102,8.392156862745098,-0.13774581638573455,0.5686274509803921,0.0,0.3627450980392157,0.06862745098039216,-0.06862745098039216
TinyGRU,seed,83,silence_run_length,5-10,seen/20,102,8.392156862745098,-0.057137910282099115,0.5490196078431373,0.0,0.4019607843137255,0.049019607843137254,-0.049019607843137254
TinyGRU,seed,97,silence_run_length,5-10,seen/20,102,8.392156862745098,-0.12078260194110549,0.45098039215686275,0.00980392156862745,0.47058823529411764,0.06862745098039216,-0.05882352941176471
TinyGRU,aggregate,aggregate,silence_run_length,5-10,seen/20,102,8.392156862745098,-0.11097166682570536,0.5372549019607843,0.00196078431372549,0.4000000000000002,0.060784313725490195,-0.058823529411764705
MarbleNet,reference,reference,silence_run_length,11-25,seen/20,740,18.802702702702703,0.018593920949523737,0.7878378378378379,0.021621621621621623,0.17702702702702702,0.013513513513513514,0.008108108108108109
TinyGRU,seed,41,silence_run_length,11-25,seen/20,740,18.802702702702703,-0.09910280670143677,0.7567567567567568,0.0,0.1891891891891892,0.05405405405405406,-0.05405405405405406
TinyGRU,seed,59,silence_run_length,11-25,seen/20,740,18.802702702702703,-0.08126489050119981,0.731081081081081,0.008108108108108109,0.21351351351351353,0.0472972972972973,-0.03918918918918919
TinyGRU,seed,71,silence_run_length,11-25,seen/20,740,18.802702702702703,-0.10191866003777555,0.6972972972972973,0.002702702702702703,0.2391891891891892,0.060810810810810814,-0.05810810810810811
TinyGRU,seed,83,silence_run_length,11-25,seen/20,740,18.802702702702703,-0.03067505010843097,0.7527027027027027,0.006756756756756757,0.21486486486486486,0.025675675675675677,-0.01891891891891892
TinyGRU,seed,97,silence_run_length,11-25,seen/20,740,18.802702702702703,-0.08034023695436233,0.7175675675675676,0.002702702702702703,0.23783783783783785,0.041891891891891894,-0.03918918918918919
TinyGRU,aggregate,aggregate,silence_run_length,11-25,seen/20,740,18.802702702702703,-0.07866032886064107,0.731081081081081,0.004054054054054054,0.21891891891891893,0.04594594594594595,-0.041891891891891894
MarbleNet,reference,reference,silence_run_length,26-50,seen/20,2546,38.50196386488609,0.024615106142271238,0.9025923016496465,0.012175962293794187,0.0769835035349568,0.008248232521602514,0.003927729772191673
TinyGRU,seed,41,silence_run_length,26-50,seen/20,2546,38.50196386488609,-0.09084804872917454,0.8487824037706205,0.0015710919088766694,0.10133542812254517,0.04831107619795758,-0.04673998428908091
TinyGRU,seed,59,silence_run_length,26-50,seen/20,2546,38.50196386488609,-0.08835685100823544,0.8385703063629222,0.0019638648860958365,0.11861743912018853,0.0408483896307934,-0.038884524744697564
TinyGRU,seed,71,silence_run_length,26-50,seen/20,2546,38.50196386488609,-0.11433309840427415,0.8201099764336214,0.0,0.1347211311861744,0.045168892380204245,-0.045168892380204245
TinyGRU,seed,83,silence_run_length,26-50,seen/20,2546,38.50196386488609,-0.053061625099345276,0.8303220738413197,0.0054988216810683424,0.13550667714061274,0.028672427336999214,-0.023173605655930872
TinyGRU,seed,97,silence_run_length,26-50,seen/20,2546,38.50196386488609,-0.07348608536175104,0.8468185388845247,0.0019638648860958365,0.12136684996072271,0.029850746268656716,-0.02788688138256088
TinyGRU,aggregate,aggregate,silence_run_length,26-50,seen/20,2546,38.50196386488609,-0.08401714172055609,0.8369206598586018,0.002199528672427337,0.12230950510604871,0.03857030636292224,-0.036370777690494904
MarbleNet,reference,reference,silence_run_length,>50,seen/20,1144,61.49475524475525,-0.018730657996732597,0.9493006993006994,0.0008741258741258741,0.03583916083916084,0.013986013986013986,-0.013111888111888112
TinyGRU,seed,41,silence_run_length,>50,seen/20,1144,61.49475524475525,-0.16380625902880763,0.8881118881118881,0.0,0.056818181818181816,0.05506993006993007,-0.05506993006993007
TinyGRU,seed,59,silence_run_length,>50,seen/20,1144,61.49475524475525,-0.11575673263681599,0.909965034965035,0.0,0.033216783216783216,0.056818181818181816,-0.056818181818181816
TinyGRU,seed,71,silence_run_length,>50,seen/20,1144,61.49475524475525,-0.15049593267387026,0.9020979020979021,0.0,0.04807692307692308,0.049825174825174824,-0.049825174825174824
TinyGRU,seed,83,silence_run_length,>50,seen/20,1144,61.49475524475525,-0.11429019439989735,0.8688811188811189,0.0017482517482517483,0.06993006993006994,0.05944055944055944,-0.05769230769230769
TinyGRU,seed,97,silence_run_length,>50,seen/20,1144,61.49475524475525,-0.10429028128738828,0.9125874125874126,0.0017482517482517483,0.05506993006993007,0.030594405594405596,-0.028846153846153848
TinyGRU,aggregate,aggregate,silence_run_length,>50,seen/20,1144,61.49475524475525,-0.12972788000535593,0.8963286713286714,0.0006993006993006993,0.05262237762237763,0.05034965034965036,-0.04965034965034966
MarbleNet,reference,reference,silence_run_length,1,unseen/-5,12682,7.885191610156126e-05,0.07558174867580654,0.7657309572622615,0.05259422803974136,0.17733795931241128,0.004336855385585869,0.04825737265415549
TinyGRU,seed,41,silence_run_length,1,unseen/-5,12682,7.885191610156126e-05,0.080657234830709,0.6721337328497082,0.04210692319823372,0.27590285443936285,0.009856489512695158,0.03225043368553856
TinyGRU,seed,59,silence_run_length,1,unseen/-5,12682,7.885191610156126e-05,0.10186792665165251,0.6935814540293329,0.10818482889134207,0.17946696104715346,0.01876675603217158,0.08941807285917049
TinyGRU,seed,71,silence_run_length,1,unseen/-5,12682,7.885191610156126e-05,0.08058157737079973,0.708484466172528,0.07262261472953793,0.2046207222835515,0.01427219681438259,0.05835041791515534
TinyGRU,seed,83,silence_run_length,1,unseen/-5,12682,7.885191610156126e-05,-0.0573392497884948,0.6853808547547705,0.023182463333859014,0.2583977290648163,0.03303895284655417,-0.009856489512695157
TinyGRU,seed,97,silence_run_length,1,unseen/-5,12682,7.885191610156126e-05,0.03182077302714847,0.7071439835988015,0.05566945276770226,0.211717394732692,0.02546916890080429,0.030200283866897968
TinyGRU,aggregate,aggregate,silence_run_length,1,unseen/-5,12682,7.885191610156126e-05,0.04751765241836298,0.6933448982810282,0.06035325658413499,0.22602113231351523,0.020280712821321562,0.040072543762813426
MarbleNet,reference,reference,silence_run_length,2-4,unseen/-5,31,3.129032258064516,-0.17190070076625125,0.3548387096774194,0.0,0.5161290322580645,0.12903225806451613,-0.12903225806451613
TinyGRU,seed,41,silence_run_length,2-4,unseen/-5,31,3.129032258064516,0.10621708246436662,0.0967741935483871,0.12903225806451613,0.7741935483870968,0.0,0.12903225806451613
TinyGRU,seed,59,silence_run_length,2-4,unseen/-5,31,3.129032258064516,0.2705714641354207,0.0967741935483871,0.0967741935483871,0.8064516129032258,0.0,0.0967741935483871
TinyGRU,seed,71,silence_run_length,2-4,unseen/-5,31,3.129032258064516,0.10077713908493627,0.0967741935483871,0.12903225806451613,0.7419354838709677,0.03225806451612903,0.0967741935483871
TinyGRU,seed,83,silence_run_length,2-4,unseen/-5,31,3.129032258064516,0.1269624395754186,0.16129032258064516,0.12903225806451613,0.7096774193548387,0.0,0.12903225806451613
TinyGRU,seed,97,silence_run_length,2-4,unseen/-5,31,3.129032258064516,0.18525307948937983,0.12903225806451613,0.3225806451612903,0.5483870967741935,0.0,0.3225806451612903
TinyGRU,aggregate,aggregate,silence_run_length,2-4,unseen/-5,31,3.129032258064516,0.15795624094990443,0.11612903225806452,0.16129032258064516,0.7161290322580645,0.0064516129032258064,0.15483870967741936
MarbleNet,reference,reference,silence_run_length,5-10,unseen/-5,40,8.1,-0.14761057222469617,0.17500000000000004,0.0,0.825,0.0,0.0
TinyGRU,seed,41,silence_run_length,5-10,unseen/-5,40,8.1,0.05426878387941471,0.2,0.15,0.65,0.0,0.15
TinyGRU,seed,59,silence_run_length,5-10,unseen/-5,40,8.1,0.0894889894990227,0.175,0.05,0.775,0.0,0.05
TinyGRU,seed,71,silence_run_length,5-10,unseen/-5,40,8.1,-0.001798777033163191,0.3,0.025,0.675,0.0,0.025
TinyGRU,seed,83,silence_run_length,5-10,unseen/-5,40,8.1,0.051004430662926384,0.2,0.1,0.7,0.0,0.1
TinyGRU,seed,97,silence_run_length,5-10,unseen/-5,40,8.1,0.036991220779666475,0.3,0.05,0.65,0.0,0.05
TinyGRU,aggregate,aggregate,silence_run_length,5-10,unseen/-5,40,8.1,0.04599092955757341,0.23500000000000001,0.075,0.6900000000000001,0.0,0.075
MarbleNet,reference,reference,silence_run_length,11-25,unseen/-5,287,17.78745644599303,0.0011216848882090438,0.6167247386759581,0.020905923344947737,0.3170731707317073,0.04529616724738676,-0.024390243902439025
TinyGRU,seed,41,silence_run_length,11-25,unseen/-5,287,17.78745644599303,0.14043761357542756,0.4529616724738676,0.03832752613240418,0.47735191637630664,0.0313588850174216,0.006968641114982577
TinyGRU,seed,59,silence_run_length,11-25,unseen/-5,287,17.78745644599303,0.15861732669096407,0.4425087108013937,0.09059233449477352,0.46689895470383275,0.0,0.09059233449477352
TinyGRU,seed,71,silence_run_length,11-25,unseen/-5,287,17.78745644599303,0.11474164606824679,0.4634146341463415,0.08710801393728224,0.42160278745644597,0.027874564459930314,0.05923344947735192
TinyGRU,seed,83,silence_run_length,11-25,unseen/-5,287,17.78745644599303,0.09745133452432597,0.43902439024390244,0.04878048780487805,0.5087108013937283,0.003484320557491289,0.04529616724738676
TinyGRU,seed,97,silence_run_length,11-25,unseen/-5,287,17.78745644599303,0.13277796989116072,0.4634146341463415,0.05226480836236934,0.4843205574912892,0.0,0.05226480836236934
TinyGRU,aggregate,aggregate,silence_run_length,11-25,unseen/-5,287,17.78745644599303,0.128805178150025,0.4522648083623694,0.06341463414634148,0.47177700348432056,0.012543554006968641,0.05087108013937284
MarbleNet,reference,reference,silence_run_length,26-50,unseen/-5,1280,39.246875,0.01326094201299297,0.6523437500000001,0.00234375,0.28828125,0.05703125,-0.0546875
TinyGRU,seed,41,silence_run_length,26-50,unseen/-5,1280,39.246875,-0.011818553628368566,0.584375,0.01796875,0.39453125,0.003125,0.01484375
TinyGRU,seed,59,silence_run_length,26-50,unseen/-5,1280,39.246875,0.0022469992276982543,0.56953125,0.03984375,0.34609375,0.04453125,-0.004687500000000004
TinyGRU,seed,71,silence_run_length,26-50,unseen/-5,1280,39.246875,-0.07567086349518806,0.56953125,0.0234375,0.35703125,0.05,-0.026562500000000003
TinyGRU,seed,83,silence_run_length,26-50,unseen/-5,1280,39.246875,0.044900588790683246,0.5546875,0.0203125,0.421875,0.003125,0.0171875
TinyGRU,seed,97,silence_run_length,26-50,unseen/-5,1280,39.246875,0.0416287957428737,0.59921875,0.02578125,0.3703125,0.0046875,0.021093749999999998
TinyGRU,aggregate,aggregate,silence_run_length,26-50,unseen/-5,1280,39.246875,0.00025739332753972057,0.57546875,0.025468750000000002,0.37796875,0.02109375,0.004375
MarbleNet,reference,reference,silence_run_length,>50,unseen/-5,1096,73.01642335766424,-0.1505612393039455,0.7746350364963503,0.0036496350364963502,0.11222627737226278,0.10948905109489052,-0.10583941605839416
TinyGRU,seed,41,silence_run_length,>50,unseen/-5,1096,73.01642335766424,-0.015656642738269808,0.8001824817518248,0.016423357664233577,0.17427007299270073,0.009124087591240875,0.007299270072992702
TinyGRU,seed,59,silence_run_length,>50,unseen/-5,1096,73.01642335766424,-0.04741872490325868,0.6843065693430657,0.029197080291970802,0.22536496350364962,0.06113138686131387,-0.03193430656934307
TinyGRU,seed,71,silence_run_length,>50,unseen/-5,1096,73.01642335766424,-0.061304268343513976,0.7062043795620438,0.0036496350364963502,0.2208029197080292,0.06934306569343066,-0.06569343065693431
TinyGRU,seed,83,silence_run_length,>50,unseen/-5,1096,73.01642335766424,0.1025206620839371,0.7144160583941606,0.07116788321167883,0.1852189781021898,0.029197080291970802,0.041970802919708027
TinyGRU,seed,97,silence_run_length,>50,unseen/-5,1096,73.01642335766424,0.07593292575884135,0.7153284671532847,0.06478102189781022,0.20437956204379562,0.01551094890510949,0.04927007299270073
TinyGRU,aggregate,aggregate,silence_run_length,>50,unseen/-5,1096,73.01642335766424,0.010814790371547197,0.7240875912408758,0.03704379562043795,0.202007299270073,0.036861313868613146,0.00018248175182480203
MarbleNet,reference,reference,silence_run_length,1,unseen/0,12280,0.0,0.02917665581852826,0.8789902280130293,0.02687296416938111,0.08778501628664495,0.006351791530944626,0.02052117263843648
TinyGRU,seed,41,silence_run_length,1,unseen/0,12280,0.0,0.014307040789215908,0.8552117263843648,0.014413680781758958,0.12117263843648209,0.009201954397394137,0.005211726384364821
TinyGRU,seed,59,silence_run_length,1,unseen/0,12280,0.0,0.009507659769131399,0.8699511400651466,0.02785016286644951,0.08998371335504886,0.012214983713355049,0.01563517915309446
TinyGRU,seed,71,silence_run_length,1,unseen/0,12280,0.0,0.013787211310226512,0.8745114006514658,0.030456026058631923,0.08517915309446254,0.009853420195439739,0.020602605863192184
TinyGRU,seed,83,silence_run_length,1,unseen/0,12280,0.0,0.0003380501469123375,0.8600162866449511,0.020765472312703582,0.10928338762214984,0.00993485342019544,0.010830618892508142
TinyGRU,seed,97,silence_run_length,1,unseen/0,12280,0.0,0.021496175429505614,0.8820032573289902,0.02980456026058632,0.0762214983713355,0.011970684039087949,0.017833876221498374
TinyGRU,aggregate,aggregate,silence_run_length,1,unseen/0,12280,0.0,0.011887227488998356,0.8683387622149837,0.02465798045602606,0.09636807817589575,0.010635179153094464,0.014022801302931596
MarbleNet,reference,reference,silence_run_length,2-4,unseen/0,6,3.0,0.049702388575155264,0.5,0.16666666666666666,0.3333333333333333,0.0,0.16666666666666666
TinyGRU,seed,41,silence_run_length,2-4,unseen/0,6,3.0,-0.5712748446292756,0.5,0.0,0.5,0.0,0.0
TinyGRU,seed,59,silence_run_length,2-4,unseen/0,6,3.0,-0.1597652553837012,0.5,0.0,0.5,0.0,0.0
TinyGRU,seed,71,silence_run_length,2-4,unseen/0,6,3.0,-0.4510351823590129,0.5,0.0,0.5,0.0,0.0
TinyGRU,seed,83,silence_run_length,2-4,unseen/0,6,3.0,0.0012421606129816621,0.5,0.0,0.5,0.0,0.0
TinyGRU,seed,97,silence_run_length,2-4,unseen/0,6,3.0,-0.14804010750436117,0.5,0.0,0.5,0.0,0.0
TinyGRU,aggregate,aggregate,silence_run_length,2-4,unseen/0,6,3.0,-0.2657746458526738,0.5,0.0,0.5,0.0,0.0
MarbleNet,reference,reference,silence_run_length,5-10,unseen/0,82,7.682926829268292,0.09894545729289618,0.17073170731707313,0.012195121951219513,0.7804878048780488,0.036585365853658534,-0.024390243902439025
TinyGRU,seed,41,silence_run_length,5-10,unseen/0,82,7.682926829268292,0.098222083479389,0.07317073170731707,0.07317073170731707,0.7804878048780488,0.07317073170731707,0.0
TinyGRU,seed,59,silence_run_length,5-10,unseen/0,82,7.682926829268292,0.06690103314283163,0.10975609756097561,0.04878048780487805,0.7439024390243902,0.0975609756097561,-0.04878048780487805
TinyGRU,seed,71,silence_run_length,5-10,unseen/0,82,7.682926829268292,-0.06411718706070112,0.08536585365853659,0.12195121951219512,0.6951219512195121,0.0975609756097561,0.02439024390243902
TinyGRU,seed,83,silence_run_length,5-10,unseen/0,82,7.682926829268292,0.01977684832406782,0.04878048780487805,0.12195121951219512,0.7682926829268293,0.06097560975609756,0.06097560975609756
TinyGRU,seed,97,silence_run_length,5-10,unseen/0,82,7.682926829268292,0.02208367076290486,0.07317073170731707,0.04878048780487805,0.7682926829268293,0.10975609756097561,-0.06097560975609756
TinyGRU,aggregate,aggregate,silence_run_length,5-10,unseen/0,82,7.682926829268292,0.028573289729698435,0.07804878048780488,0.08292682926829269,0.751219512195122,0.0878048780487805,-0.004878048780487809
MarbleNet,reference,reference,silence_run_length,11-25,unseen/0,449,18.7728285077951,0.1887880509596463,0.5545657015590201,0.042316258351893093,0.36302895322939865,0.0400890868596882,0.0022271714922048997
TinyGRU,seed,41,silence_run_length,11-25,unseen/0,449,18.7728285077951,0.05388338271948322,0.34075723830734966,0.12026726057906459,0.5055679287305123,0.0334075723830735,0.08685968819599109
TinyGRU,seed,59,silence_run_length,11-25,unseen/0,449,18.7728285077951,0.03811806689957464,0.34966592427616927,0.062360801781737196,0.5300668151447662,0.05790645879732739,0.004454342984409804
TinyGRU,seed,71,silence_run_length,11-25,unseen/0,449,18.7728285077951,-0.03433317538086997,0.37193763919821826,0.053452115812917596,0.532293986636971,0.042316258351893093,0.011135857461024502
TinyGRU,seed,83,silence_run_length,11-25,unseen/0,449,18.7728285077951,0.029011170592281067,0.42761692650334077,0.062360801781737196,0.5033407572383074,0.0066815144766146995,0.0556792873051225
TinyGRU,seed,97,silence_run_length,11-25,unseen/0,449,18.7728285077951,0.029594510683427902,0.40089086859688194,0.0645879732739421,0.5144766146993318,0.0200445434298441,0.044543429844097995
TinyGRU,aggregate,aggregate,silence_run_length,11-25,unseen/0,449,18.7728285077951,0.023254791102779376,0.378173719376392,0.07260579064587974,0.5171492204899778,0.032071269487750555,0.04053452115812919
MarbleNet,reference,reference,silence_run_length,26-50,unseen/0,973,37.19527235354573,0.09648905758662396,0.60431654676259,0.006166495375128468,0.3802672147995889,0.009249743062692703,-0.003083247687564234
TinyGRU,seed,41,silence_run_length,26-50,unseen/0,973,37.19527235354573,0.039617995408431646,0.41212744090441933,0.025693730729701953,0.5457348406988695,0.01644398766700925,0.009249743062692703
TinyGRU,seed,59,silence_run_length,26-50,unseen/0,973,37.19527235354573,0.05605728447504474,0.3648509763617677,0.02672147995889003,0.5549845837615622,0.05344295991778006,-0.02672147995889003
TinyGRU,seed,71,silence_run_length,26-50,unseen/0,973,37.19527235354573,-0.01058091489562107,0.35046248715313466,0.0,0.5981500513874615,0.051387461459403906,-0.051387461459403906
TinyGRU,seed,83,silence_run_length,26-50,unseen/0,973,37.19527235354573,0.05279378161307642,0.3936279547790339,0.01644398766700925,0.578622816032888,0.011305241521068859,0.005138746145940391
TinyGRU,seed,97,silence_run_length,26-50,unseen/0,973,37.19527235354573,0.06584440684044142,0.38848920863309355,0.012332990750256937,0.5889003083247688,0.010277492291880781,0.002055498458376156
TinyGRU,aggregate,aggregate,silence_run_length,26-50,unseen/0,973,37.19527235354573,0.040746510688274624,0.38191161356628983,0.016238437821171636,0.5732785200411099,0.028571428571428567,-0.012332990750256932
MarbleNet,reference,reference,silence_run_length,>50,unseen/0,565,64.6283185840708,0.05472424008206273,0.6725663716814159,0.03716814159292035,0.26902654867256637,0.021238938053097345,0.01592920353982301
TinyGRU,seed,41,silence_run_length,>50,unseen/0,565,64.6283185840708,-0.080422783014207,0.40176991150442476,0.007079646017699115,0.4814159292035398,0.10973451327433628,-0.10265486725663717
TinyGRU,seed,59,silence_run_length,>50,unseen/0,565,64.6283185840708,-0.00017333587186140956,0.5097345132743363,0.005309734513274336,0.4247787610619469,0.06017699115044248,-0.05486725663716814
TinyGRU,seed,71,silence_run_length,>50,unseen/0,565,64.6283185840708,-0.18569969004903747,0.38761061946902653,0.0,0.4849557522123894,0.12743362831858407,-0.12743362831858407
TinyGRU,seed,83,silence_run_length,>50,unseen/0,565,64.6283185840708,0.005576868710490356,0.4902654867256637,0.008849557522123894,0.47079646017699117,0.03008849557522124,-0.021238938053097345
TinyGRU,seed,97,silence_run_length,>50,unseen/0,565,64.6283185840708,5.560927882365603e-05,0.3734513274336283,0.02654867256637168,0.536283185840708,0.06371681415929203,-0.03716814159292035
TinyGRU,aggregate,aggregate,silence_run_length,>50,unseen/0,565,64.6283185840708,-0.05213266618915838,0.4325663716814159,0.009557522123893806,0.479646017699115,0.07823008849557521,-0.0686725663716814
MarbleNet,reference,reference,silence_run_length,1,unseen/5,12610,0.0,0.049417032117085494,0.8187153053132434,0.04813639968279144,0.1295003965107058,0.003647898493259318,0.04448850118953212
TinyGRU,seed,41,silence_run_length,1,unseen/5,12610,0.0,0.06188945012649852,0.7289452815226011,0.013084853291038858,0.2528152260111023,0.005154639175257732,0.007930214115781126
TinyGRU,seed,59,silence_run_length,1,unseen/5,12610,0.0,0.03428161454110836,0.7498017446471055,0.04829500396510706,0.1929421094369548,0.008961141950832672,0.039333862014274384
TinyGRU,seed,71,silence_run_length,1,unseen/5,12610,0.0,-0.028647470809719754,0.7543219666931007,0.01704996034892942,0.19825535289452814,0.030372720063441713,-0.013322759714512293
TinyGRU,seed,83,silence_run_length,1,unseen/5,12610,0.0,-0.03219931470362979,0.7532117367168913,0.004996034892942109,0.23124504361617765,0.010547184773988898,-0.005551149881046789
TinyGRU,seed,97,silence_run_length,1,unseen/5,12610,0.0,0.03981002380566546,0.7853291038858049,0.04536082474226804,0.1612212529738303,0.00808881839809675,0.03727200634417129
TinyGRU,aggregate,aggregate,silence_run_length,1,unseen/5,12610,0.0,0.015026860591984556,0.7543219666931007,0.025757335448057105,0.20729579698651865,0.012624900872323553,0.013132434575733551
MarbleNet,reference,reference,silence_run_length,2-4,unseen/5,43,3.0930232558139537,-0.08188465718108555,0.34883720930232565,0.0,0.6046511627906976,0.046511627906976744,-0.046511627906976744
TinyGRU,seed,41,silence_run_length,2-4,unseen/5,43,3.0930232558139537,-0.04080718230748654,0.3953488372093023,0.0,0.6046511627906976,0.0,0.0
TinyGRU,seed,59,silence_run_length,2-4,unseen/5,43,3.0930232558139537,0.013846431037967935,0.37209302325581395,0.0,0.627906976744186,0.0,0.0
TinyGRU,seed,71,silence_run_length,2-4,unseen/5,43,3.0930232558139537,0.0628464629082853,0.4186046511627907,0.023255813953488372,0.5581395348837209,0.0,0.023255813953488372
TinyGRU,seed,83,silence_run_length,2-4,unseen/5,43,3.0930232558139537,0.017833282185545807,0.37209302325581395,0.0,0.627906976744186,0.0,0.0
TinyGRU,seed,97,silence_run_length,2-4,unseen/5,43,3.0930232558139537,0.006224024672874288,0.3023255813953488,0.06976744186046512,0.6046511627906976,0.023255813953488372,0.046511627906976744
TinyGRU,aggregate,aggregate,silence_run_length,2-4,unseen/5,43,3.0930232558139537,0.01198860369943736,0.3720930232558139,0.018604651162790697,0.6046511627906976,0.004651162790697674,0.013953488372093023
MarbleNet,reference,reference,silence_run_length,5-10,unseen/5,75,7.96,-0.12204403753992288,0.76,0.0,0.16,0.08,-0.08
TinyGRU,seed,41,silence_run_length,5-10,unseen/5,75,7.96,-0.050014922480351526,0.8666666666666667,0.0,0.10666666666666667,0.02666666666666667,-0.02666666666666667
TinyGRU,seed,59,silence_run_length,5-10,unseen/5,75,7.96,-0.05425696396128585,0.7733333333333333,0.0,0.21333333333333335,0.013333333333333334,-0.013333333333333334
TinyGRU,seed,71,silence_run_length,5-10,unseen/5,75,7.96,0.0325474346513703,0.7466666666666667,0.013333333333333334,0.24,0.0,0.013333333333333334
TinyGRU,seed,83,silence_run_length,5-10,unseen/5,75,7.96,0.05197603468909947,0.7333333333333333,0.04,0.22666666666666666,0.0,0.04
TinyGRU,seed,97,silence_run_length,5-10,unseen/5,75,7.96,-0.047861579859810384,0.7066666666666667,0.0,0.24,0.05333333333333334,-0.05333333333333334
TinyGRU,aggregate,aggregate,silence_run_length,5-10,unseen/5,75,7.96,-0.013521999392195599,0.7653333333333334,0.010666666666666668,0.20533333333333334,0.018666666666666665,-0.007999999999999997
MarbleNet,reference,reference,silence_run_length,11-25,unseen/5,419,18.30310262529833,0.035603596226822784,0.6229116945107399,0.021479713603818614,0.30787589498806683,0.0477326968973747,-0.026252983293556086
TinyGRU,seed,41,silence_run_length,11-25,unseen/5,419,18.30310262529833,0.005691441674566499,0.5799522673031027,0.0,0.4128878281622912,0.007159904534606206,-0.007159904534606206
TinyGRU,seed,59,silence_run_length,11-25,unseen/5,419,18.30310262529833,-0.02064519774781029,0.5704057279236276,0.011933174224343675,0.4128878281622912,0.00477326968973747,0.007159904534606205
TinyGRU,seed,71,silence_run_length,11-25,unseen/5,419,18.30310262529833,-0.006891140627043079,0.5417661097852029,0.002386634844868735,0.441527446300716,0.014319809069212411,-0.011933174224343677
TinyGRU,seed,83,silence_run_length,11-25,unseen/5,419,18.30310262529833,0.005273356299070774,0.5584725536992841,0.0,0.4343675417661098,0.007159904534606206,-0.007159904534606206
TinyGRU,seed,97,silence_run_length,11-25,unseen/5,419,18.30310262529833,-0.014922477341581294,0.5202863961813843,0.0,0.46539379474940334,0.014319809069212411,-0.014319809069212411
TinyGRU,aggregate,aggregate,silence_run_length,11-25,unseen/5,419,18.30310262529833,-0.006298803548559475,0.5541766109785202,0.0028639618138424825,0.4334128878281623,0.00954653937947494,-0.006682577565632458
MarbleNet,reference,reference,silence_run_length,26-50,unseen/5,1344,38.836309523809526,0.03333204160195515,0.6763392857142857,0.029017857142857144,0.24627976190476192,0.04836309523809524,-0.019345238095238096
TinyGRU,seed,41,silence_run_length,26-50,unseen/5,1344,38.836309523809526,0.010530161860228326,0.5758928571428571,0.05803571428571429,0.3549107142857143,0.011160714285714286,0.046875
TinyGRU,seed,59,silence_run_length,26-50,unseen/5,1344,38.836309523809526,-0.032280911699673356,0.5602678571428571,0.03050595238095238,0.3861607142857143,0.023065476190476192,0.007440476190476188
TinyGRU,seed,71,silence_run_length,26-50,unseen/5,1344,38.836309523809526,-0.039251134904123984,0.5952380952380952,0.006696428571428571,0.375,0.023065476190476192,-0.01636904761904762
TinyGRU,seed,83,silence_run_length,26-50,unseen/5,1344,38.836309523809526,0.017091031342812486,0.5855654761904762,0.020089285714285716,0.3898809523809524,0.004464285714285714,0.015625
TinyGRU,seed,97,silence_run_length,26-50,unseen/5,1344,38.836309523809526,-0.012308813025075487,0.5654761904761905,0.023065476190476192,0.4017857142857143,0.009672619047619048,0.013392857142857144
TinyGRU,aggregate,aggregate,silence_run_length,26-50,unseen/5,1344,38.836309523809526,-0.0112439332851664,0.5764880952380952,0.02767857142857143,0.381547619047619,0.014285714285714287,0.013392857142857144
MarbleNet,reference,reference,silence_run_length,>50,unseen/5,332,55.72289156626506,0.07333686525422979,0.6054216867469879,0.009036144578313253,0.3825301204819277,0.0030120481927710845,0.006024096385542169
TinyGRU,seed,41,silence_run_length,>50,unseen/5,332,55.72289156626506,-0.03539662376502339,0.5662650602409639,0.018072289156626505,0.4126506024096386,0.0030120481927710845,0.015060240963855422
TinyGRU,seed,59,silence_run_length,>50,unseen/5,332,55.72289156626506,-0.02506262655243685,0.45481927710843373,0.0030120481927710845,0.5391566265060241,0.0030120481927710845,0.0
TinyGRU,seed,71,silence_run_length,>50,unseen/5,332,55.72289156626506,-0.04648806251586771,0.4457831325301205,0.0,0.5542168674698795,0.0,0.0
TinyGRU,seed,83,silence_run_length,>50,unseen/5,332,55.72289156626506,0.0038356913636741997,0.48493975903614456,0.0030120481927710845,0.5120481927710844,0.0,0.0030120481927710845
TinyGRU,seed,97,silence_run_length,>50,unseen/5,332,55.72289156626506,-0.00727220173968567,0.49096385542168675,0.012048192771084338,0.49096385542168675,0.006024096385542169,0.006024096385542169
TinyGRU,aggregate,aggregate,silence_run_length,>50,unseen/5,332,55.72289156626506,-0.022076764641867884,0.48855421686746986,0.007228915662650602,0.5018072289156627,0.0024096385542168677,0.0048192771084337345
MarbleNet,reference,reference,silence_run_length,1,unseen/10,5383,0.0,0.005314805512923669,0.9530001857700168,0.005758870518298346,0.03864016347761471,0.002600780234070221,0.0031580902842281255
TinyGRU,seed,41,silence_run_length,1,unseen/10,5383,0.0,0.02827516961449572,0.8786921790822961,0.013375441203789709,0.10570313951328256,0.002229240200631618,0.011146201003158092
TinyGRU,seed,59,silence_run_length,1,unseen/10,5383,0.0,0.03328601983128231,0.9063719115734721,0.025264722273825004,0.06594835593535203,0.0024150102173509194,0.022849712056474084
TinyGRU,seed,71,silence_run_length,1,unseen/10,5383,0.0,0.0416315588494392,0.9089726918075423,0.027493962474456624,0.06037525543377299,0.0031580902842281255,0.024335872190228498
TinyGRU,seed,83,silence_run_length,1,unseen/10,5383,0.0,0.035424239742176955,0.9080438417239458,0.02080624187256177,0.07003529630317666,0.001114620100315809,0.01969162177224596
TinyGRU,seed,97,silence_run_length,1,unseen/10,5383,0.0,0.046592974130562806,0.9128738621586476,0.03473899312650938,0.05182983466468512,0.0005573100501579045,0.03418168307635148
TinyGRU,aggregate,aggregate,silence_run_length,1,unseen/10,5383,0.0,0.037041992433591395,0.9029908972691806,0.024335872190228498,0.07077837637005387,0.0018948541705368753,0.022441018019691623
MarbleNet,reference,reference,silence_run_length,2-4,unseen/10,10,3.4,0.2761779271434476,0.0,0.0,1.0,0.0,0.0
TinyGRU,seed,41,silence_run_length,2-4,unseen/10,10,3.4,-0.0019531725997012695,0.0,0.0,1.0,0.0,0.0
TinyGRU,seed,59,silence_run_length,2-4,unseen/10,10,3.4,0.0015651683876187427,0.0,0.0,1.0,0.0,0.0
TinyGRU,seed,71,silence_run_length,2-4,unseen/10,10,3.4,-0.0009665320632653906,0.0,0.0,1.0,0.0,0.0
TinyGRU,seed,83,silence_run_length,2-4,unseen/10,10,3.4,0.0005866836913755557,0.0,0.0,1.0,0.0,0.0
TinyGRU,seed,97,silence_run_length,2-4,unseen/10,10,3.4,0.0024179434258912113,0.0,0.0,1.0,0.0,0.0
TinyGRU,aggregate,aggregate,silence_run_length,2-4,unseen/10,10,3.4,0.00033001816838377,0.0,0.0,1.0,0.0,0.0
MarbleNet,reference,reference,silence_run_length,5-10,unseen/10,40,8.2,0.10378788008054336,0.475,0.025,0.5,0.0,0.025
TinyGRU,seed,41,silence_run_length,5-10,unseen/10,40,8.2,-0.10166822789114771,0.425,0.0,0.5,0.075,-0.075
TinyGRU,seed,59,silence_run_length,5-10,unseen/10,40,8.2,-0.0521565331927903,0.475,0.0,0.5,0.025,-0.025
TinyGRU,seed,71,silence_run_length,5-10,unseen/10,40,8.2,-0.18618327103823443,0.35,0.0,0.55,0.1,-0.1
TinyGRU,seed,83,silence_run_length,5-10,unseen/10,40,8.2,-0.015679556873186895,0.325,0.075,0.55,0.05,0.024999999999999994
TinyGRU,seed,97,silence_run_length,5-10,unseen/10,40,8.2,-0.23855347101398228,0.275,0.0,0.625,0.1,-0.1
TinyGRU,aggregate,aggregate,silence_run_length,5-10,unseen/10,40,8.2,-0.11884821200186832,0.37,0.015000000000000003,0.545,0.06999999999999999,-0.05499999999999999
MarbleNet,reference,reference,silence_run_length,11-25,unseen/10,225,18.297777777777778,-0.0034751038733106497,0.6888888888888889,0.0044444444444444444,0.27555555555555555,0.03111111111111111,-0.02666666666666667
TinyGRU,seed,41,silence_run_length,11-25,unseen/10,225,18.297777777777778,0.011166185119716667,0.5333333333333333,0.0,0.4622222222222222,0.0044444444444444444,-0.0044444444444444444
TinyGRU,seed,59,silence_run_length,11-25,unseen/10,225,18.297777777777778,-0.014024352479297703,0.4222222222222222,0.013333333333333334,0.5422222222222223,0.022222222222222223,-0.008888888888888889
TinyGRU,seed,71,silence_run_length,11-25,unseen/10,225,18.297777777777778,-0.06326266352123419,0.4088888888888889,0.05333333333333334,0.5155555555555555,0.022222222222222223,0.031111111111111114
TinyGRU,seed,83,silence_run_length,11-25,unseen/10,225,18.297777777777778,-0.011365992960551225,0.47555555555555556,0.0,0.5111111111111111,0.013333333333333334,-0.013333333333333334
TinyGRU,seed,97,silence_run_length,11-25,unseen/10,225,18.297777777777778,-0.04713239546304121,0.5155555555555555,0.057777777777777775,0.40444444444444444,0.022222222222222223,0.03555555555555555
TinyGRU,aggregate,aggregate,silence_run_length,11-25,unseen/10,225,18.297777777777778,-0.02492384386088153,0.4711111111111111,0.024888888888888887,0.4871111111111111,0.01688888888888889,0.007999999999999997
MarbleNet,reference,reference,silence_run_length,26-50,unseen/10,563,41.55772646536412,0.01834536546926486,0.8579040852575488,0.015985790408525755,0.11367673179396093,0.012433392539964476,0.003552397868561279
TinyGRU,seed,41,silence_run_length,26-50,unseen/10,563,41.55772646536412,-0.014564910283833813,0.6998223801065719,0.02664298401420959,0.2557726465364121,0.017761989342806393,0.008880994671403197
TinyGRU,seed,59,silence_run_length,26-50,unseen/10,563,41.55772646536412,-0.01993375453997909,0.7602131438721137,0.03019538188277087,0.15097690941385436,0.0586145648312611,-0.028419182948490232
TinyGRU,seed,71,silence_run_length,26-50,unseen/10,563,41.55772646536412,-0.13151370355046357,0.655417406749556,0.007104795737122558,0.22735346358792186,0.11012433392539965,-0.1030195381882771
TinyGRU,seed,83,silence_run_length,26-50,unseen/10,563,41.55772646536412,-0.03953043189716939,0.7051509769094139,0.003552397868561279,0.2664298401420959,0.02486678507992895,-0.02131438721136767
TinyGRU,seed,97,silence_run_length,26-50,unseen/10,563,41.55772646536412,-0.05631036076179665,0.7460035523978685,0.007104795737122558,0.2113676731793961,0.035523978685612786,-0.02841918294849023
TinyGRU,aggregate,aggregate,silence_run_length,26-50,unseen/10,563,41.55772646536412,-0.0523706322066485,0.7133214920071048,0.014920071047957372,0.22238010657193605,0.04937833037300178,-0.034458259325044406
MarbleNet,reference,reference,silence_run_length,>50,unseen/10,170,56.76470588235294,0.10268704979611314,0.611764705882353,0.0058823529411764705,0.38235294117647056,0.0,0.0058823529411764705
TinyGRU,seed,41,silence_run_length,>50,unseen/10,170,56.76470588235294,-0.022675940877886668,0.6352941176470588,0.0,0.35294117647058826,0.011764705882352941,-0.011764705882352941
TinyGRU,seed,59,silence_run_length,>50,unseen/10,170,56.76470588235294,-0.03957821711759328,0.38823529411764707,0.0058823529411764705,0.5529411764705883,0.052941176470588235,-0.047058823529411764
TinyGRU,seed,71,silence_run_length,>50,unseen/10,170,56.76470588235294,-0.031228114287147984,0.4470588235294118,0.0,0.5117647058823529,0.041176470588235294,-0.041176470588235294
TinyGRU,seed,83,silence_run_length,>50,unseen/10,170,56.76470588235294,-0.001126008502744704,0.5647058823529412,0.0058823529411764705,0.4235294117647059,0.0058823529411764705,0.0
TinyGRU,seed,97,silence_run_length,>50,unseen/10,170,56.76470588235294,-0.0062432654207042375,0.5529411764705883,0.0,0.43529411764705883,0.011764705882352941,-0.011764705882352941
TinyGRU,aggregate,aggregate,silence_run_length,>50,unseen/10,170,56.76470588235294,-0.02017030924121537,0.5176470588235295,0.0023529411764705885,0.4552941176470588,0.02470588235294117,-0.022352941176470582
MarbleNet,reference,reference,silence_run_length,1,unseen/15,13444,0.0,0.0057498687094270605,0.9609491222850343,0.005727462064861648,0.030496875929782803,0.002826539720321333,0.0029009223445403153
TinyGRU,seed,41,silence_run_length,1,unseen/15,13444,0.0,0.044656400446091635,0.9072448675989289,0.02521570961023505,0.06515917881582863,0.0023802439750074383,0.022835465635227613
TinyGRU,seed,59,silence_run_length,1,unseen/15,13444,0.0,0.035621838547583586,0.9022612317762571,0.022017256768818803,0.07170484974709908,0.004016661707825052,0.01800059506099375
TinyGRU,seed,71,silence_run_length,1,unseen/15,13444,0.0,0.04639778152939832,0.9221213924427254,0.027149657839928593,0.0487206188634335,0.002008330853912526,0.025141326986016066
TinyGRU,seed,83,silence_run_length,1,unseen/15,13444,0.0,0.021186096932725697,0.9261380541505504,0.011157393632847366,0.06121689973222255,0.001487652484379649,0.009669741148467718
TinyGRU,seed,97,silence_run_length,1,unseen/15,13444,0.0,0.029019451116192214,0.9309729247247843,0.016661707825052066,0.04983635822671824,0.0025290092234454033,0.014132698601606663
TinyGRU,aggregate,aggregate,silence_run_length,1,unseen/15,13444,0.0,0.03537631371439829,0.9177476941386493,0.020440345135376382,0.05932758107706041,0.0024843796489140138,0.017955965486462368
MarbleNet,reference,reference,silence_run_length,2-4,unseen/15,30,3.4,-0.3284407587084804,0.09999999999999998,0.0,0.9,0.0,0.0
TinyGRU,seed,41,silence_run_length,2-4,unseen/15,30,3.4,-0.25431196792978156,0.13333333333333333,0.0,0.7666666666666667,0.1,-0.1
TinyGRU,seed,59,silence_run_length,2-4,unseen/15,30,3.4,-0.3299167972150805,0.1,0.0,0.8333333333333334,0.06666666666666667,-0.06666666666666667
TinyGRU,seed,71,silence_run_length,2-4,unseen/15,30,3.4,-0.42326342688060226,0.13333333333333333,0.0,0.7333333333333333,0.13333333333333333,-0.13333333333333333
TinyGRU,seed,83,silence_run_length,2-4,unseen/15,30,3.4,-0.13658145006720562,0.23333333333333334,0.0,0.7666666666666667,0.0,0.0
TinyGRU,seed,97,silence_run_length,2-4,unseen/15,30,3.4,-0.300010393626335,0.1,0.0,0.7666666666666667,0.13333333333333333,-0.13333333333333333
TinyGRU,aggregate,aggregate,silence_run_length,2-4,unseen/15,30,3.4,-0.28881680714380104,0.14,0.0,0.7733333333333333,0.08666666666666667,-0.08666666666666667
MarbleNet,reference,reference,silence_run_length,5-10,unseen/15,46,8.26086956521739,0.03399609378390897,0.26086956521739135,0.0,0.7391304347826086,0.0,0.0
TinyGRU,seed,41,silence_run_length,5-10,unseen/15,46,8.26086956521739,-0.1064652911749405,0.30434782608695654,0.021739130434782608,0.6739130434782609,0.0,0.021739130434782608
TinyGRU,seed,59,silence_run_length,5-10,unseen/15,46,8.26086956521739,-0.24735842814904738,0.30434782608695654,0.0,0.6521739130434783,0.043478260869565216,-0.043478260869565216
TinyGRU,seed,71,silence_run_length,5-10,unseen/15,46,8.26086956521739,-0.25088301522843476,0.30434782608695654,0.0,0.6521739130434783,0.043478260869565216,-0.043478260869565216
TinyGRU,seed,83,silence_run_length,5-10,unseen/15,46,8.26086956521739,-0.12386088179761146,0.30434782608695654,0.0,0.6739130434782609,0.021739130434782608,-0.021739130434782608
TinyGRU,seed,97,silence_run_length,5-10,unseen/15,46,8.26086956521739,-0.1728048105016629,0.30434782608695654,0.0,0.6739130434782609,0.021739130434782608,-0.021739130434782608
TinyGRU,aggregate,aggregate,silence_run_length,5-10,unseen/15,46,8.26086956521739,-0.1802744853703394,0.30434782608695654,0.004347826086956522,0.6652173913043479,0.026086956521739136,-0.021739130434782615
MarbleNet,reference,reference,silence_run_length,11-25,unseen/15,576,19.010416666666668,-0.029731976600015895,0.65625,0.010416666666666666,0.2847222222222222,0.04861111111111111,-0.03819444444444445
TinyGRU,seed,41,silence_run_length,11-25,unseen/15,576,19.010416666666668,-0.07689362336063299,0.65625,0.0,0.2986111111111111,0.04513888888888889,-0.04513888888888889
TinyGRU,seed,59,silence_run_length,11-25,unseen/15,576,19.010416666666668,-0.04791197566262015,0.7152777777777778,0.0,0.2621527777777778,0.022569444444444444,-0.022569444444444444
TinyGRU,seed,71,silence_run_length,11-25,unseen/15,576,19.010416666666668,-0.09750998594705755,0.6076388888888888,0.0,0.3211805555555556,0.07118055555555555,-0.07118055555555555
TinyGRU,seed,83,silence_run_length,11-25,unseen/15,576,19.010416666666668,-0.022241999537431015,0.7152777777777778,0.006944444444444444,0.2708333333333333,0.006944444444444444,0.0
TinyGRU,seed,97,silence_run_length,11-25,unseen/15,576,19.010416666666668,-0.050988308556983775,0.6458333333333334,0.001736111111111111,0.3385416666666667,0.013888888888888888,-0.012152777777777776
TinyGRU,aggregate,aggregate,silence_run_length,11-25,unseen/15,576,19.010416666666668,-0.05910917861294508,0.6680555555555556,0.001736111111111111,0.2982638888888889,0.03194444444444444,-0.03020833333333333
MarbleNet,reference,reference,silence_run_length,26-50,unseen/15,1563,38.658349328214975,0.03847863316188603,0.6813819577735124,0.01727447216890595,0.2923864363403711,0.008957133717210493,0.008317338451695458
TinyGRU,seed,41,silence_run_length,26-50,unseen/15,1563,38.658349328214975,-0.07760552999955088,0.6839411388355726,0.0006397952655150352,0.2706333973128599,0.044785668586052464,-0.04414587332053743
TinyGRU,seed,59,silence_run_length,26-50,unseen/15,1563,38.658349328214975,-0.05688724608762161,0.6769033909149073,0.003838771593090211,0.2981445937300064,0.02111324376199616,-0.01727447216890595
TinyGRU,seed,71,silence_run_length,26-50,unseen/15,1563,38.658349328214975,-0.10294667649221564,0.6314779270633397,0.0006397952655150352,0.3115802943058221,0.0563019833653231,-0.055662188099808066
TinyGRU,seed,83,silence_run_length,26-50,unseen/15,1563,38.658349328214975,-0.04196005347000211,0.708893154190659,0.0012795905310300703,0.26231605886116444,0.027511196417146513,-0.026231605886116442
TinyGRU,seed,97,silence_run_length,26-50,unseen/15,1563,38.658349328214975,-0.07054874341451509,0.6340371081253998,0.0006397952655150352,0.3141394753678823,0.05118362124120281,-0.05054382597568778
TinyGRU,aggregate,aggregate,silence_run_length,26-50,unseen/15,1563,38.658349328214975,-0.06998964989278107,0.6670505438259756,0.0014075495841330775,0.291362763915547,0.040179142674344206,-0.03877159309021113
MarbleNet,reference,reference,silence_run_length,>50,unseen/15,468,75.03846153846153,0.08593130228988984,0.6025641025641026,0.01282051282051282,0.3782051282051282,0.00641025641025641,0.00641025641025641
TinyGRU,seed,41,silence_run_length,>50,unseen/15,468,75.03846153846153,-0.13703873151422524,0.5534188034188035,0.0,0.37393162393162394,0.07264957264957266,-0.07264957264957266
TinyGRU,seed,59,silence_run_length,>50,unseen/15,468,75.03846153846153,-0.14203011870689447,0.532051282051282,0.0,0.4188034188034188,0.049145299145299144,-0.049145299145299144
TinyGRU,seed,71,silence_run_length,>50,unseen/15,468,75.03846153846153,-0.18656681462648575,0.6282051282051282,0.0,0.2670940170940171,0.1047008547008547,-0.1047008547008547
TinyGRU,seed,83,silence_run_length,>50,unseen/15,468,75.03846153846153,-0.0908323499761225,0.6730769230769231,0.002136752136752137,0.29273504273504275,0.03205128205128205,-0.029914529914529912
TinyGRU,seed,97,silence_run_length,>50,unseen/15,468,75.03846153846153,-0.11241194772127823,0.5170940170940171,0.0,0.4358974358974359,0.04700854700854701,-0.04700854700854701
TinyGRU,aggregate,aggregate,silence_run_length,>50,unseen/15,468,75.03846153846153,-0.13377599250900124,0.5807692307692308,0.00042735042735042735,0.3576923076923077,0.06111111111111112,-0.0606837606837607
MarbleNet,reference,reference,silence_run_length,1,unseen/20,7697,0.0,0.008115674120590827,0.9608938547486033,0.006625958165519034,0.03131090035078602,0.0011692867350915942,0.005456671430427439
TinyGRU,seed,41,silence_run_length,1,unseen/20,7697,0.0,0.044805198377075875,0.9199688190203975,0.023775496946862415,0.05560608029102248,0.0006496037417175523,0.02312589320514486
TinyGRU,seed,59,silence_run_length,1,unseen/20,7697,0.0,0.05105919607195211,0.913472781603222,0.02260621021177082,0.06301156294660257,0.0009094452384045733,0.02169676497336625
TinyGRU,seed,71,silence_run_length,1,unseen/20,7697,0.0,0.048878795352064956,0.9316616863713135,0.01948811225152657,0.04859035988047291,0.0002598414966870209,0.019228270754839547
TinyGRU,seed,83,silence_run_length,1,unseen/20,7697,0.0,0.025562070650050072,0.9338703390931532,0.0111731843575419,0.05456671430427439,0.0003897622450305314,0.010783422112511369
TinyGRU,seed,97,silence_run_length,1,unseen/20,7697,0.0,0.031430188101928304,0.9427049499805119,0.013251916331038067,0.04339352994673249,0.0006496037417175523,0.012602312589320515
TinyGRU,aggregate,aggregate,silence_run_length,1,unseen/20,7697,0.0,0.040347089710614265,0.9283357152137197,0.018058984019747953,0.05303364947382097,0.0005716512927114461,0.01748733272703651
MarbleNet,reference,reference,silence_run_length,2-4,unseen/20,34,3.1176470588235294,-0.2225788697006974,0.17647058823529416,0.0,0.8235294117647058,0.0,0.0
TinyGRU,seed,41,silence_run_length,2-4,unseen/20,34,3.1176470588235294,-0.09301827445178001,0.29411764705882354,0.0,0.6176470588235294,0.08823529411764706,-0.08823529411764706
TinyGRU,seed,59,silence_run_length,2-4,unseen/20,34,3.1176470588235294,-0.11831194505986303,0.3235294117647059,0.0,0.5882352941176471,0.08823529411764706,-0.08823529411764706
TinyGRU,seed,71,silence_run_length,2-4,unseen/20,34,3.1176470588235294,-0.11666673671510805,0.2647058823529412,0.0,0.6176470588235294,0.11764705882352941,-0.11764705882352941
TinyGRU,seed,83,silence_run_length,2-4,unseen/20,34,3.1176470588235294,-0.07267864461509302,0.35294117647058826,0.0,0.6176470588235294,0.029411764705882353,-0.029411764705882353
TinyGRU,seed,97,silence_run_length,2-4,unseen/20,34,3.1176470588235294,-0.09804482004211283,0.23529411764705882,0.0,0.6470588235294118,0.11764705882352941,-0.11764705882352941
TinyGRU,aggregate,aggregate,silence_run_length,2-4,unseen/20,34,3.1176470588235294,-0.09974408417679138,0.29411764705882354,0.0,0.6176470588235294,0.08823529411764706,-0.08823529411764706
MarbleNet,reference,reference,silence_run_length,5-10,unseen/20,7,7.0,-0.05451026687426412,0.5714285714285714,0.0,0.2857142857142857,0.14285714285714285,-0.14285714285714285
TinyGRU,seed,41,silence_run_length,5-10,unseen/20,7,7.0,-0.332657831192134,0.2857142857142857,0.0,0.2857142857142857,0.42857142857142855,-0.42857142857142855
TinyGRU,seed,59,silence_run_length,5-10,unseen/20,7,7.0,-0.1024195211982851,0.7142857142857143,0.0,0.14285714285714285,0.14285714285714285,-0.14285714285714285
TinyGRU,seed,71,silence_run_length,5-10,unseen/20,7,7.0,-0.7856713588268309,0.42857142857142855,0.0,0.0,0.5714285714285714,-0.5714285714285714
TinyGRU,seed,83,silence_run_length,5-10,unseen/20,7,7.0,-0.16831153178863276,0.5714285714285714,0.0,0.14285714285714285,0.2857142857142857,-0.2857142857142857
TinyGRU,seed,97,silence_run_length,5-10,unseen/20,7,7.0,-1.0178631674739964,0.0,0.0,0.42857142857142855,0.5714285714285714,-0.5714285714285714
TinyGRU,aggregate,aggregate,silence_run_length,5-10,unseen/20,7,7.0,-0.48138468209597585,0.39999999999999997,0.0,0.2,0.4,-0.4
MarbleNet,reference,reference,silence_run_length,11-25,unseen/20,268,18.970149253731343,-0.040246426128719724,0.7686567164179106,0.0,0.208955223880597,0.022388059701492536,-0.022388059701492536
TinyGRU,seed,41,silence_run_length,11-25,unseen/20,268,18.970149253731343,-0.04327611171027964,0.7723880597014925,0.0,0.21641791044776118,0.011194029850746268,-0.011194029850746268
TinyGRU,seed,59,silence_run_length,11-25,unseen/20,268,18.970149253731343,-0.0388873780472648,0.7425373134328358,0.007462686567164179,0.2126865671641791,0.03731343283582089,-0.029850746268656712
TinyGRU,seed,71,silence_run_length,11-25,unseen/20,268,18.970149253731343,-0.049634503621556934,0.6156716417910447,0.011194029850746268,0.34701492537313433,0.026119402985074626,-0.014925373134328358
TinyGRU,seed,83,silence_run_length,11-25,unseen/20,268,18.970149253731343,-0.014956249547787952,0.7276119402985075,0.007462686567164179,0.23507462686567165,0.029850746268656716,-0.022388059701492536
TinyGRU,seed,97,silence_run_length,11-25,unseen/20,268,18.970149253731343,-0.02779618957190239,0.7276119402985075,0.011194029850746268,0.24253731343283583,0.018656716417910446,-0.007462686567164178
TinyGRU,aggregate,aggregate,silence_run_length,11-25,unseen/20,268,18.970149253731343,-0.034910086499758346,0.7171641791044776,0.007462686567164181,0.25074626865671645,0.02462686567164179,-0.01716417910447761
MarbleNet,reference,reference,silence_run_length,26-50,unseen/20,842,38.00712589073634,0.012180744206880388,0.7660332541567696,0.010688836104513063,0.20546318289786222,0.017814726840855107,-0.007125890736342043
TinyGRU,seed,41,silence_run_length,26-50,unseen/20,842,38.00712589073634,-0.08044652794911253,0.7897862232779097,0.0011876484560570072,0.1840855106888361,0.02494061757719715,-0.023752969121140142
TinyGRU,seed,59,silence_run_length,26-50,unseen/20,842,38.00712589073634,-0.08126231388332149,0.83729216152019,0.0023752969121140144,0.1330166270783848,0.027315914489311165,-0.02494061757719715
TinyGRU,seed,71,silence_run_length,26-50,unseen/20,842,38.00712589073634,-0.11160026319991091,0.8052256532066508,0.0,0.15320665083135393,0.04156769596199525,-0.04156769596199525
TinyGRU,seed,83,silence_run_length,26-50,unseen/20,842,38.00712589073634,-0.06171613571457188,0.8135391923990499,0.0,0.15795724465558195,0.028503562945368172,-0.028503562945368172
TinyGRU,seed,97,silence_run_length,26-50,unseen/20,842,38.00712589073634,-0.07397661356604998,0.7909738717339667,0.0,0.18646080760095013,0.022565320665083134,-0.022565320665083134
TinyGRU,aggregate,aggregate,silence_run_length,26-50,unseen/20,842,38.00712589073634,-0.08180037086259336,0.8073634204275534,0.0007125890736342043,0.16294536817102137,0.02897862232779097,-0.028266033254156765
MarbleNet,reference,reference,silence_run_length,>50,unseen/20,230,57.89565217391304,-0.02437706325931134,0.8521739130434783,0.004347826086956522,0.11739130434782609,0.02608695652173913,-0.021739130434782608
TinyGRU,seed,41,silence_run_length,>50,unseen/20,230,57.89565217391304,-0.2902372228749237,0.5478260869565217,0.0,0.21304347826086956,0.2391304347826087,-0.2391304347826087
TinyGRU,seed,59,silence_run_length,>50,unseen/20,230,57.89565217391304,-0.17626751178376984,0.6695652173913044,0.0,0.23478260869565218,0.09565217391304348,-0.09565217391304348
TinyGRU,seed,71,silence_run_length,>50,unseen/20,230,57.89565217391304,-0.37738003411314036,0.6086956521739131,0.0,0.20434782608695654,0.18695652173913044,-0.18695652173913044
TinyGRU,seed,83,silence_run_length,>50,unseen/20,230,57.89565217391304,-0.16812517343450592,0.6565217391304348,0.0,0.23043478260869565,0.11304347826086956,-0.11304347826086956
TinyGRU,seed,97,silence_run_length,>50,unseen/20,230,57.89565217391304,-0.15671380715529984,0.6695652173913044,0.0,0.18695652173913044,0.14347826086956522,-0.14347826086956522
TinyGRU,aggregate,aggregate,silence_run_length,>50,unseen/20,230,57.89565217391304,-0.23374474987232796,0.6304347826086957,0.0,0.21391304347826087,0.15565217391304353,-0.15565217391304353
MarbleNet,reference,reference,posterior_transition_distance,0,all,5636,0.0,0.04174002224852995,0.48970901348474094,0.1903832505322924,0.21788502484031227,0.10202271114265436,0.08836053938963805
TinyGRU,seed,41,posterior_transition_distance,0,all,5636,0.0,0.1415265446997484,0.39673527324343505,0.09137686302342087,0.47675656493967355,0.035131298793470545,0.05624556422995032
TinyGRU,seed,59,posterior_transition_distance,0,all,5636,0.0,0.11064767342989378,0.4027679205110007,0.10415188076650106,0.4517388218594748,0.04134137686302342,0.06281050390347764
TinyGRU,seed,71,posterior_transition_distance,0,all,5636,0.0,0.11330559132274812,0.4114620298083747,0.09616749467707594,0.44623846699787084,0.046132008516678494,0.05003548616039745
TinyGRU,seed,83,posterior_transition_distance,0,all,5636,0.0,0.0441999450016174,0.4350603264726757,0.053229240596167494,0.4815471965933286,0.030163236337828248,0.023066004258339247
TinyGRU,seed,97,posterior_transition_distance,0,all,5636,0.0,0.10137728431921189,0.434528034066714,0.08889283179559972,0.4396735273243435,0.036905606813342796,0.05198722498225692
TinyGRU,aggregate,aggregate,posterior_transition_distance,0,all,5636,0.0,0.10221140775464391,0.41611071682044,0.08676366217175302,0.4591909155429382,0.037934705464868705,0.048828956706884315
MarbleNet,reference,reference,posterior_transition_distance,1,all,8442,1.0,0.03722147752781806,0.48993129590144513,0.12757640369580667,0.3275290215588723,0.054963278843875855,0.07261312485193082
TinyGRU,seed,41,posterior_transition_distance,1,all,8442,1.0,0.13621824494728077,0.4125799573560768,0.08291873963515754,0.46647713811892916,0.03802416488983653,0.04489457474532101
TinyGRU,seed,59,posterior_transition_distance,1,all,8442,1.0,0.10578769556720986,0.42170101871594406,0.09997630893153281,0.43923240938166314,0.03909026297085998,0.060886045960672826
TinyGRU,seed,71,posterior_transition_distance,1,all,8442,1.0,0.10856467728210277,0.4262023217247098,0.09583037194977494,0.431651267472163,0.04631603885335229,0.04951433309642265
TinyGRU,seed,83,posterior_transition_distance,1,all,8442,1.0,0.04171056343710682,0.4470504619758351,0.04915896706941483,0.47121535181236673,0.03257521914238332,0.01658374792703151
TinyGRU,seed,97,posterior_transition_distance,1,all,8442,1.0,0.09373319934025207,0.44859038142620233,0.08836768538261075,0.4239516702203269,0.03909026297085998,0.04927742241175077
TinyGRU,aggregate,aggregate,posterior_transition_distance,1,all,8442,1.0,0.09720287611479048,0.4312248282397536,0.08325041459369817,0.44650556740108976,0.03901918976545842,0.04423122482823975
MarbleNet,reference,reference,posterior_transition_distance,2-4,all,19759,2.946302950554178,0.024048658341235006,0.6102029454931929,0.050154360038463484,0.3174755807480136,0.022167113720329975,0.02798724631813351
TinyGRU,seed,41,posterior_transition_distance,2-4,all,19759,2.946302950554178,0.11508419380416422,0.5005314034111038,0.0731312313376183,0.3951616984665216,0.031175666784756313,0.041955564552861986
TinyGRU,seed,59,posterior_transition_distance,2-4,all,19759,2.946302950554178,0.08669123146218562,0.5154613087706867,0.08300015182954602,0.37051470216104054,0.031023837238726655,0.05197631459081937
TinyGRU,seed,71,posterior_transition_distance,2-4,all,19759,2.946302950554178,0.08922021890462511,0.517131433777013,0.07141049648261552,0.370464092312364,0.04099397742800749,0.03041651905460803
TinyGRU,seed,83,posterior_transition_distance,2-4,all,19759,2.946302950554178,0.03557174284769456,0.5257857179007035,0.041247026671390255,0.40543549774786175,0.027531757680044535,0.01371526899134572
TinyGRU,seed,97,posterior_transition_distance,2-4,all,19759,2.946302950554178,0.07535535838718975,0.5360595171820436,0.06948732223290652,0.3614049293992611,0.03304823118578876,0.03643909104711776
TinyGRU,aggregate,aggregate,posterior_transition_distance,2-4,all,19759,2.946302950554178,0.08038454908117186,0.5189938762083102,0.06765524571081534,0.3805961840174098,0.032754694063464755,0.034900551647350585
MarbleNet,reference,reference,posterior_transition_distance,5-10,all,31393,7.389418023126175,0.01495175621618452,0.8232727041060109,0.013187653298506036,0.15735992100149715,0.00617972159398592,0.007007931704520116
TinyGRU,seed,41,posterior_transition_distance,5-10,all,31393,7.389418023126175,0.05400323530075446,0.7271684770490237,0.042143152932182334,0.21307297805243208,0.01761539196636193,0.024527760965820405
TinyGRU,seed,59,posterior_transition_distance,5-10,all,31393,7.389418023126175,0.04275959370965022,0.733252635937948,0.04940591851686682,0.19921638581849457,0.018125059726690665,0.031280858790176155
TinyGRU,seed,71,posterior_transition_distance,5-10,all,31393,7.389418023126175,0.03740239643283112,0.7358009747395916,0.0435765935081069,0.197082152072118,0.02354027968018348,0.02003631382792342
TinyGRU,seed,83,posterior_transition_distance,5-10,all,31393,7.389418023126175,0.0125363745882303,0.7389863982416462,0.023731405090306756,0.22055872328226037,0.01672347338578664,0.007007931704520114
TinyGRU,seed,97,posterior_transition_distance,5-10,all,31393,7.389418023126175,0.033233093821424364,0.7491160449781799,0.03682349568375116,0.19523460644092633,0.018825852897142677,0.01799764278660848
TinyGRU,aggregate,aggregate,posterior_transition_distance,5-10,all,31393,7.389418023126175,0.03598693877057809,0.7368649061892779,0.03913611314624279,0.20503296913324628,0.01896601153123308,0.02017010161500971
MarbleNet,reference,reference,posterior_transition_distance,11-25,all,57633,17.488071070393698,0.008031025073193462,0.9419429840542745,0.003956066836708136,0.04981521003591692,0.004285739073100481,-0.00032967223639234465
TinyGRU,seed,41,posterior_transition_distance,11-25,all,57633,17.488071070393698,0.016723660302325864,0.8885013794180417,0.020283518123297418,0.08342442697759964,0.007790675481061197,0.01249284264223622
TinyGRU,seed,59,posterior_transition_distance,11-25,all,57633,17.488071070393698,0.01393772743477781,0.8901670917703399,0.023476133465202227,0.07811496885464925,0.008241805909808617,0.01523432755539361
TinyGRU,seed,71,posterior_transition_distance,11-25,all,57633,17.488071070393698,0.007015081195488439,0.8949733659535336,0.019415959606475457,0.07441916957298769,0.01119150486700328,0.008224454739472177
TinyGRU,seed,83,posterior_transition_distance,11-25,all,57633,17.488071070393698,-0.0011187480007162612,0.8996061284333629,0.009820762410424583,0.08234865441674041,0.008224454739472177,0.0015963076709524064
TinyGRU,seed,97,posterior_transition_distance,11-25,all,57633,17.488071070393698,0.008806303785105721,0.904707372512276,0.017281765655093435,0.07030694220325161,0.007703919629379001,0.009577846025714435
TinyGRU,aggregate,aggregate,posterior_transition_distance,11-25,all,57633,17.488071070393698,0.009072804943396316,0.895591067617511,0.018055627852098622,0.07772283240504572,0.008630472125344854,0.009425155726753768
MarbleNet,reference,reference,posterior_transition_distance,26-50,all,61055,36.95900417656212,0.0013483400428559288,0.9757104250266153,0.0014904594218327738,0.018786340185079027,0.004012775366472853,-0.0025223159446400786
TinyGRU,seed,41,posterior_transition_distance,26-50,all,61055,36.95900417656212,0.011574340075785684,0.9519777250020474,0.01112112030136762,0.034034886577675866,0.00286626811890918,0.00825485218245844
TinyGRU,seed,59,posterior_transition_distance,26-50,all,61055,36.95900417656212,0.010596272377834389,0.9481287363852264,0.013364998771599378,0.03393661452788469,0.004569650315289493,0.008795348456309884
TinyGRU,seed,71,posterior_transition_distance,26-50,all,61055,36.95900417656212,0.007911303318324795,0.9539267873229056,0.01238227827368766,0.027892883465727623,0.005798050937679142,0.006584227336008518
TinyGRU,seed,83,posterior_transition_distance,26-50,all,61055,36.95900417656212,-0.0022109932990454664,0.960248955859471,0.005192039963966915,0.031004831709114732,0.0035541724674473833,0.0016378674965195315
TinyGRU,seed,97,posterior_transition_distance,26-50,all,61055,36.95900417656212,0.007792358074805206,0.9604618786340186,0.009139300630578986,0.027041192367537468,0.0033576283678650397,0.005781672262713946
TinyGRU,aggregate,aggregate,posterior_transition_distance,26-50,all,61055,36.95900417656212,0.007132656109540923,0.9549488166407338,0.010239947588240112,0.030782081729588077,0.0040291540414380475,0.006210793546802065
MarbleNet,reference,reference,posterior_transition_distance,>50,all,114382,148.95589340980223,0.008642703640893722,0.9545208162123411,0.0009354618733716844,0.04251543074959347,0.0020282911646937454,-0.0010928292913220611
TinyGRU,seed,41,posterior_transition_distance,>50,all,114382,148.95589340980223,0.010804392572180686,0.9402353517161791,0.008104422024444405,0.04969313353499676,0.00196709272437971,0.006137329300064695
TinyGRU,seed,59,posterior_transition_distance,>50,all,114382,148.95589340980223,0.010462792027099974,0.9396321099473693,0.007256386494378486,0.0512056092741865,0.0019058942840656746,0.0053504922103128115
TinyGRU,seed,71,posterior_transition_distance,>50,all,114382,148.95589340980223,0.011026340194039712,0.9424384955674844,0.007754716651221346,0.047708555541955903,0.0020982322393383575,0.0056564844118829885
TinyGRU,seed,83,posterior_transition_distance,>50,all,114382,148.95589340980223,0.000724827268185959,0.9477103040688221,0.0031386057246769595,0.047708555541955903,0.0014425346645451206,0.001696071060131839
TinyGRU,seed,97,posterior_transition_distance,>50,all,114382,148.95589340980223,0.006586281033811236,0.9465300484341942,0.005061985277403787,0.0460736829221381,0.0023342833662639228,0.0027277019111398644
TinyGRU,aggregate,aggregate,posterior_transition_distance,>50,all,114382,148.95589340980223,0.007920926619063512,0.9433092619468099,0.006263223234424997,0.048477907363046635,0.0019496074557185572,0.004313615778706439
MarbleNet,reference,reference,posterior_transition_distance,0,clean,1106,0.0,0.04191151874508618,0.4737793851717903,0.20253164556962025,0.2070524412296564,0.1166365280289331,0.08589511754068715
TinyGRU,seed,41,posterior_transition_distance,0,clean,1106,0.0,0.22537023565772846,0.40867992766726946,0.16184448462929477,0.3779385171790235,0.051537070524412296,0.11030741410488247
TinyGRU,seed,59,posterior_transition_distance,0,clean,1106,0.0,0.163890607425065,0.4014466546112116,0.12025316455696203,0.4358047016274864,0.042495479204339964,0.07775768535262206
TinyGRU,seed,71,posterior_transition_distance,0,clean,1106,0.0,0.2233864322240698,0.40596745027124775,0.16184448462929477,0.3770343580470163,0.05515370705244123,0.10669077757685354
TinyGRU,seed,83,posterior_transition_distance,0,clean,1106,0.0,0.11141229502452554,0.47468354430379744,0.1003616636528029,0.3933092224231465,0.03164556962025317,0.06871609403254973
TinyGRU,seed,97,posterior_transition_distance,0,clean,1106,0.0,0.15233717767355595,0.45750452079566006,0.13471971066907776,0.3589511754068716,0.048824593128390596,0.08589511754068715
TinyGRU,aggregate,aggregate,posterior_transition_distance,0,clean,1106,0.0,0.17527934960098895,0.4296564195298373,0.13580470162748645,0.3886075949367089,0.04593128390596746,0.089873417721519
MarbleNet,reference,reference,posterior_transition_distance,1,clean,1784,1.0,0.03768079244313387,0.5072869955156951,0.09753363228699552,0.3419282511210762,0.053251121076233185,0.044282511210762335
TinyGRU,seed,41,posterior_transition_distance,1,clean,1784,1.0,0.2250194143666336,0.4232062780269058,0.15975336322869954,0.3710762331838565,0.04596412556053812,0.11378923766816143
TinyGRU,seed,59,posterior_transition_distance,1,clean,1784,1.0,0.16288938399793693,0.4232062780269058,0.12724215246636772,0.4052690582959641,0.044282511210762335,0.08295964125560538
TinyGRU,seed,71,posterior_transition_distance,1,clean,1784,1.0,0.2173574404779515,0.43609865470852016,0.14742152466367714,0.36771300448430494,0.04876681614349776,0.09865470852017938
TinyGRU,seed,83,posterior_transition_distance,1,clean,1784,1.0,0.11306462332710539,0.48710762331838564,0.08912556053811659,0.3923766816143498,0.03139013452914798,0.0577354260089686
TinyGRU,seed,97,posterior_transition_distance,1,clean,1784,1.0,0.14836091849058375,0.47477578475336324,0.13228699551569506,0.3508968609865471,0.04204035874439462,0.09024663677130043
TinyGRU,aggregate,aggregate,posterior_transition_distance,1,clean,1784,1.0,0.17333835613204227,0.4488789237668161,0.13116591928251123,0.37746636771300446,0.04248878923766816,0.08867713004484307
MarbleNet,reference,reference,posterior_transition_distance,2-4,clean,4258,2.951385627054955,0.021768553783929168,0.6679192108971348,0.023485204321277594,0.29145138562705497,0.017144199154532646,0.0063410051667449506
TinyGRU,seed,41,posterior_transition_distance,2-4,clean,4258,2.951385627054955,0.19096170416272873,0.5469704086425552,0.12423673085955848,0.29520901831845936,0.03358384217942696,0.09065288868013152
TinyGRU,seed,59,posterior_transition_distance,2-4,clean,4258,2.951385627054955,0.13920291001530347,0.5488492249882574,0.10826679192108972,0.31000469704086425,0.03287928604978863,0.07538750587130108
TinyGRU,seed,71,posterior_transition_distance,2-4,clean,4258,2.951385627054955,0.1790806729057559,0.5580084546735556,0.11390324095819633,0.29168623767026775,0.036402066697980275,0.07750117426021605
TinyGRU,seed,83,posterior_transition_distance,2-4,clean,4258,2.951385627054955,0.09094511630690771,0.5918271488961954,0.06881164866134336,0.3116486613433537,0.027712541099107563,0.041099107562235795
TinyGRU,seed,97,posterior_transition_distance,2-4,clean,4258,2.951385627054955,0.12041292218395083,0.6007515265382809,0.08877407233442931,0.2825270079849695,0.027947393142320337,0.060826679192108976
TinyGRU,aggregate,aggregate,posterior_transition_distance,2-4,clean,4258,2.951385627054955,0.14412066511492932,0.5692813527477689,0.10079849694692342,0.29821512447158294,0.031705025833724754,0.06909347111319866
MarbleNet,reference,reference,posterior_transition_distance,5-10,clean,7054,7.421604763254891,0.006407989384404803,0.8874397504961723,0.005103487383045081,0.10277856535299121,0.004678196767791324,0.00042529061525375673
TinyGRU,seed,41,posterior_transition_distance,5-10,clean,7054,7.421604763254891,0.08405881638776459,0.8124468386730933,0.06988942444003403,0.10533030904451375,0.012333427842358946,0.05755599659767508
TinyGRU,seed,59,posterior_transition_distance,5-10,clean,7054,7.421604763254891,0.06965542361674773,0.8066345335979586,0.06308477459597392,0.1169549191947831,0.013325772611284377,0.04975900198468954
TinyGRU,seed,71,posterior_transition_distance,5-10,clean,7054,7.421604763254891,0.07944264414995021,0.8184009072866458,0.06138361213495889,0.10774028919761837,0.012475191380776865,0.04890842075418202
TinyGRU,seed,83,posterior_transition_distance,5-10,clean,7054,7.421604763254891,0.03344036397420259,0.8378225120499008,0.030904451375106324,0.11284377658066345,0.01842925999432946,0.012475191380776865
TinyGRU,seed,97,posterior_transition_distance,5-10,clean,7054,7.421604763254891,0.04584758909823003,0.8476041962007371,0.03785086475758435,0.09852565920045364,0.016019279841224837,0.02183158491635951
TinyGRU,aggregate,aggregate,posterior_transition_distance,5-10,clean,7054,7.421604763254891,0.06248896744537903,0.8245817975616672,0.05262262546073151,0.10827899064360645,0.014516586333994897,0.03810603912673661
MarbleNet,reference,reference,posterior_transition_distance,11-25,clean,13674,17.517478426210324,-0.0011706265506174443,0.9709667983033494,0.000292525961679099,0.024352786309784994,0.004387889425186486,-0.004095363463507386
TinyGRU,seed,41,posterior_transition_distance,11-25,clean,13674,17.517478426210324,0.038203446745075344,0.9294281117449174,0.03437180049729414,0.031300277899663595,0.004899809858124909,0.029471990639169228
TinyGRU,seed,59,posterior_transition_distance,11-25,clean,13674,17.517478426210324,0.035017715383328346,0.9219686997221004,0.03393301155477549,0.03934474184583882,0.004753546877285359,0.02917946467749013
TinyGRU,seed,71,posterior_transition_distance,11-25,clean,13674,17.517478426210324,0.034697168537660736,0.9365949978060553,0.02705865145531666,0.032250987275120664,0.004095363463507386,0.022963287991809272
TinyGRU,seed,83,posterior_transition_distance,11-25,clean,13674,17.517478426210324,0.007406692697980363,0.9478572473307006,0.012578616352201259,0.03349422261225684,0.006069913704841305,0.006508702647359954
TinyGRU,seed,97,posterior_transition_distance,11-25,clean,13674,17.517478426210324,0.017293000175068112,0.9485885622348984,0.01645458534444932,0.02903320169665058,0.005923650724001755,0.010530934620447565
TinyGRU,aggregate,aggregate,posterior_transition_distance,11-25,clean,13674,17.517478426210324,0.026523604707822585,0.9368875237677344,0.024879333040807375,0.0330846862659061,0.005148456925552143,0.01973087611525523
MarbleNet,reference,reference,posterior_transition_distance,26-50,clean,13729,36.79474105907204,-0.006609270989938302,0.9892198994828465,0.0,0.003641925850389686,0.0071381746667637845,-0.0071381746667637845
TinyGRU,seed,41,posterior_transition_distance,26-50,clean,13729,36.79474105907204,0.04203670715638474,0.9590647534416199,0.025711996503751184,0.014349187850535364,0.0008740622040935246,0.02483793429965766
TinyGRU,seed,59,posterior_transition_distance,26-50,clean,13729,36.79474105907204,0.03936462854407468,0.9464636899992717,0.028042829048000584,0.02389103357855634,0.001602447374171462,0.026440381673829123
TinyGRU,seed,71,posterior_transition_distance,26-50,clean,13729,36.79474105907204,0.0426852431157639,0.9623424867069706,0.02542064243572001,0.011581324204239202,0.0006555466530701434,0.024765095782649866
TinyGRU,seed,83,posterior_transition_distance,26-50,clean,13729,36.79474105907204,0.0077775710897540346,0.9750163886663268,0.008085075387865103,0.012965256027387283,0.003933279918420861,0.004151795469444243
TinyGRU,seed,97,posterior_transition_distance,26-50,clean,13729,36.79474105907204,0.028131572114798366,0.9689707917546799,0.016170150775730207,0.013839318231480807,0.001019739238109112,0.015150411537621094
TinyGRU,aggregate,aggregate,posterior_transition_distance,26-50,clean,13729,36.79474105907204,0.03199914440415515,0.9623716221137737,0.020686138830213415,0.015325223978439799,0.0016170150775730206,0.019069123752640395
MarbleNet,reference,reference,posterior_transition_distance,>50,clean,16130,88.36528208307502,0.0014580123513680317,0.9954742715437074,6.199628022318661e-05,0.003037817730936144,0.001425914445133292,-0.0013639181649101053
TinyGRU,seed,41,posterior_transition_distance,>50,clean,16130,88.36528208307502,0.05489421242199316,0.951828890266584,0.03161810291382517,0.015561066336019839,0.0009919404835709857,0.030626162430254185
TinyGRU,seed,59,posterior_transition_distance,>50,clean,16130,88.36528208307502,0.04506387614061961,0.9427774333539988,0.025480471171729697,0.030130192188468692,0.001611903285802852,0.023868567885926846
TinyGRU,seed,71,posterior_transition_distance,>50,clean,16130,88.36528208307502,0.05520825197217442,0.9561066336019839,0.02746435213887167,0.016119032858028518,0.00030998140111593303,0.027154370737755736
TinyGRU,seed,83,posterior_transition_distance,>50,clean,16130,88.36528208307502,0.018828048362547915,0.9747675139491631,0.010539367637941723,0.011965282083075016,0.0027278363298202106,0.007811531308121513
TinyGRU,seed,97,posterior_transition_distance,>50,clean,16130,88.36528208307502,0.03813310278796237,0.9690018598884067,0.01680099194048357,0.013205207687538748,0.0009919404835709857,0.015809051456912585
TinyGRU,aggregate,aggregate,posterior_transition_distance,>50,clean,16130,88.36528208307502,0.0424254983370595,0.9588964662120273,0.022380657160570364,0.017396156230626163,0.0013267203967761935,0.02105393676379417
MarbleNet,reference,reference,posterior_transition_distance,0,seen/-5,547,0.0,-0.006401586021859034,0.4478976234003657,0.1663619744058501,0.263254113345521,0.12248628884826325,0.043875685557586835
TinyGRU,seed,41,posterior_transition_distance,0,seen/-5,547,0.0,0.09381630359022029,0.5173674588665448,0.04570383912248629,0.4113345521023766,0.025594149908592323,0.020109689213893965
TinyGRU,seed,59,posterior_transition_distance,0,seen/-5,547,0.0,0.05198170976484363,0.5118829981718465,0.029250457038391225,0.43875685557586835,0.02010968921389397,0.009140767824497256
TinyGRU,seed,71,posterior_transition_distance,0,seen/-5,547,0.0,0.07330305104830262,0.5155393053016454,0.04570383912248629,0.39853747714808047,0.04021937842778794,0.005484460694698351
TinyGRU,seed,83,posterior_transition_distance,0,seen/-5,547,0.0,0.021008709754433974,0.5338208409506399,0.012797074954296161,0.43144424131627057,0.021937842778793418,-0.009140767824497256
TinyGRU,seed,97,posterior_transition_distance,0,seen/-5,547,0.0,0.08670317623242371,0.5447897623400365,0.04204753199268738,0.39488117001828155,0.018281535648994516,0.023765996343692867
TinyGRU,aggregate,aggregate,posterior_transition_distance,0,seen/-5,547,0.0,0.06536259007804485,0.5246800731261426,0.035100548446069475,0.4149908592321755,0.02522851919561243,0.009872029250457045
MarbleNet,reference,reference,posterior_transition_distance,1,seen/-5,754,1.0,0.010225756018940862,0.4814323607427055,0.10212201591511937,0.3448275862068966,0.07161803713527852,0.03050397877984085
TinyGRU,seed,41,posterior_transition_distance,1,seen/-5,754,1.0,0.0874540835331132,0.513262599469496,0.04509283819628647,0.40583554376657827,0.03580901856763926,0.00928381962864721
TinyGRU,seed,59,posterior_transition_distance,1,seen/-5,754,1.0,0.04642860883072165,0.5039787798408488,0.038461538461538464,0.4297082228116711,0.027851458885941646,0.010610079575596818
TinyGRU,seed,71,posterior_transition_distance,1,seen/-5,754,1.0,0.0623682781205651,0.5172413793103449,0.04774535809018567,0.3912466843501326,0.04376657824933687,0.003978779840848802
TinyGRU,seed,83,posterior_transition_distance,1,seen/-5,754,1.0,0.012525890201372418,0.5344827586206896,0.014588859416445624,0.4151193633952255,0.03580901856763926,-0.021220159151193636
TinyGRU,seed,97,posterior_transition_distance,1,seen/-5,754,1.0,0.07239939244403204,0.5291777188328912,0.04376657824933687,0.4005305039787798,0.026525198938992044,0.017241379310344827
TinyGRU,aggregate,aggregate,posterior_transition_distance,1,seen/-5,754,1.0,0.05623525062596087,0.5196286472148541,0.03793103448275862,0.40848806366047746,0.03395225464190981,0.003978779840848809
MarbleNet,reference,reference,posterior_transition_distance,2-4,seen/-5,1702,2.944183313748531,0.012998912977143201,0.5863689776733254,0.036427732079905996,0.3401880141010576,0.03701527614571093,-0.0005875440658049354
TinyGRU,seed,41,posterior_transition_distance,2-4,seen/-5,1702,2.944183313748531,0.07094942777240754,0.5681551116333725,0.05052878965922444,0.36603995299647474,0.01527614571092832,0.03525264394829612
TinyGRU,seed,59,posterior_transition_distance,2-4,seen/-5,1702,2.944183313748531,0.03315405504868681,0.5652173913043478,0.02937720329024677,0.381903642773208,0.023501762632197415,0.005875440658049354
TinyGRU,seed,71,posterior_transition_distance,2-4,seen/-5,1702,2.944183313748531,0.044568702728559256,0.5746180963572268,0.03936545240893067,0.3584018801410106,0.027614571092831962,0.011750881316098707
TinyGRU,seed,83,posterior_transition_distance,2-4,seen/-5,1702,2.944183313748531,0.004054850557372574,0.5846063454759107,0.01762632197414806,0.3719153936545241,0.025851938895417155,-0.008225616921269094
TinyGRU,seed,97,posterior_transition_distance,2-4,seen/-5,1702,2.944183313748531,0.05117493960110803,0.5863689776733255,0.0399529964747356,0.35311398354876616,0.020564042303172738,0.019388954171562865
TinyGRU,aggregate,aggregate,posterior_transition_distance,2-4,seen/-5,1702,2.944183313748531,0.04078039514162684,0.5757931844888367,0.03537015276145711,0.36627497062279674,0.022561692126909522,0.012808460634547585
MarbleNet,reference,reference,posterior_transition_distance,5-10,seen/-5,2674,7.380329094988781,0.0012099046166872602,0.7681376215407629,0.007105459985041137,0.20381451009723262,0.020942408376963352,-0.013836948391922213
TinyGRU,seed,41,posterior_transition_distance,5-10,seen/-5,2674,7.380329094988781,0.047998731682318364,0.7139117427075542,0.03926701570680628,0.23709798055347794,0.009723261032161555,0.029543754674644727
TinyGRU,seed,59,posterior_transition_distance,5-10,seen/-5,2674,7.380329094988781,0.028902569182593315,0.706058339566193,0.019820493642483172,0.26327599102468213,0.010845175766641735,0.008975317875841438
TinyGRU,seed,71,posterior_transition_distance,5-10,seen/-5,2674,7.380329094988781,0.03119772026927327,0.7202692595362753,0.030665669409124907,0.2318623784592371,0.01720269259536275,0.013462976813762156
TinyGRU,seed,83,posterior_transition_distance,5-10,seen/-5,2674,7.380329094988781,0.008986320150383685,0.7258788332086762,0.012341062079281975,0.2513089005235602,0.010471204188481676,0.001869857890800299
TinyGRU,seed,97,posterior_transition_distance,5-10,seen/-5,2674,7.380329094988781,0.03459273551407101,0.7120418848167539,0.03216155572176515,0.237471952131638,0.01832460732984293,0.013836948391922219
TinyGRU,aggregate,aggregate,posterior_transition_distance,5-10,seen/-5,2674,7.380329094988781,0.030335615359727924,0.7156320119670906,0.0268511593118923,0.24420344053851908,0.01331338818249813,0.01353777112939417
MarbleNet,reference,reference,posterior_transition_distance,11-25,seen/-5,4849,17.505052588162506,-0.0019124985270899258,0.9387502577851103,0.003712105588781192,0.05073210971334296,0.006805526912765519,-0.0030934213239843266
TinyGRU,seed,41,posterior_transition_distance,11-25,seen/-5,4849,17.505052588162506,0.018812376587002234,0.8721385852753145,0.017323159414312228,0.10290781604454527,0.007630439265828006,0.009692720148484223
TinyGRU,seed,59,posterior_transition_distance,11-25,seen/-5,4849,17.505052588162506,0.007284377798125601,0.8704887605691896,0.015260878531656011,0.10579500928026397,0.008455351618890493,0.006805526912765519
TinyGRU,seed,71,posterior_transition_distance,11-25,seen/-5,4849,17.505052588162506,0.012224298387190203,0.8867807795421736,0.013198597648999794,0.08950299030727984,0.010517632501546711,0.002680965147453083
TinyGRU,seed,83,posterior_transition_distance,11-25,seen/-5,4849,17.505052588162506,-0.004025550995882974,0.8929676221901423,0.0028871932357187047,0.09445246442565478,0.009692720148484223,-0.006805526912765519
TinyGRU,seed,97,posterior_transition_distance,11-25,seen/-5,4849,17.505052588162506,0.01355629783524745,0.8865745514539081,0.015673334708187256,0.08805939368942049,0.009692720148484223,0.005980614559703033
TinyGRU,aggregate,aggregate,posterior_transition_distance,11-25,seen/-5,4849,17.505052588162506,0.009570359922336505,0.8817900598061457,0.0128686327077748,0.09614353474943288,0.00919777273664673,0.0036708599711280706
MarbleNet,reference,reference,posterior_transition_distance,26-50,seen/-5,5549,36.912236438998015,0.0015818599736987298,0.9852225626238962,0.0,0.014056586772391421,0.0007208506037123806,-0.0007208506037123806
TinyGRU,seed,41,posterior_transition_distance,26-50,seen/-5,5549,36.912236438998015,0.01731429890755409,0.9360245089205262,0.0185619030455938,0.040007208506037124,0.005406379527842855,0.013155523517750945
TinyGRU,seed,59,posterior_transition_distance,26-50,seen/-5,5549,36.912236438998015,0.0022196455117480885,0.9399891872409443,0.008289781942692377,0.04361146152459903,0.008109569291764282,0.00018021265092809519
TinyGRU,seed,71,posterior_transition_distance,26-50,seen/-5,5549,36.912236438998015,0.006712389280430043,0.9421517390520815,0.013876374121463328,0.03406019102540998,0.009911695801045233,0.003964678320418094
TinyGRU,seed,83,posterior_transition_distance,26-50,seen/-5,5549,36.912236438998015,-0.009638271256202027,0.9497206703910615,0.0027031897639214274,0.04162912236438998,0.00594701748062714,-0.003243827716705713
TinyGRU,seed,97,posterior_transition_distance,26-50,seen/-5,5549,36.912236438998015,0.005813907461987718,0.943052802306722,0.009371057848260948,0.04018742115696522,0.007388718688051901,0.001982339160209047
TinyGRU,aggregate,aggregate,posterior_transition_distance,26-50,seen/-5,5549,36.912236438998015,0.004484393981103581,0.9421877815822672,0.010560461344386377,0.039899080915480264,0.007352676157866283,0.003207785186520094
MarbleNet,reference,reference,posterior_transition_distance,>50,seen/-5,13220,140.79561270801815,0.0102878556071553,0.9142965204236005,0.002118003025718608,0.07995461422087746,0.003630862329803328,-0.0015128593040847202
TinyGRU,seed,41,posterior_transition_distance,>50,seen/-5,13220,140.79561270801815,0.008996652715136085,0.9002269288956127,0.007261724659606656,0.08986384266263238,0.00264750378214826,0.004614220877458396
TinyGRU,seed,59,posterior_transition_distance,>50,seen/-5,13220,140.79561270801815,0.0018651489716611333,0.9027231467473525,0.005143721633888048,0.09016641452344933,0.0019667170953101363,0.003177004538577912
TinyGRU,seed,71,posterior_transition_distance,>50,seen/-5,13220,140.79561270801815,0.008532770982132834,0.902874432677761,0.006580937972768533,0.0884266263237519,0.002118003025718608,0.004462934947049925
TinyGRU,seed,83,posterior_transition_distance,>50,seen/-5,13220,140.79561270801815,0.0004952517331082749,0.9083963691376702,0.0015128593040847202,0.0884266263237519,0.0016641452344931921,-0.00015128593040847197
TinyGRU,seed,97,posterior_transition_distance,>50,seen/-5,13220,140.79561270801815,0.004186500478958291,0.9039334341906202,0.004311649016641452,0.08872919818456884,0.0030257186081694403,0.0012859304084720117
TinyGRU,aggregate,aggregate,posterior_transition_distance,>50,seen/-5,13220,140.79561270801815,0.004815264976199323,0.9036308623298033,0.004962178517397882,0.08912254160363087,0.0022844175491679277,0.002677760968229954
MarbleNet,reference,reference,posterior_transition_distance,0,seen/0,382,0.0,0.007851410263108446,0.45811518324607337,0.16753926701570682,0.2486910994764398,0.1256544502617801,0.041884816753926704
TinyGRU,seed,41,posterior_transition_distance,0,seen/0,382,0.0,0.09335165007262014,0.4738219895287958,0.05759162303664921,0.4397905759162304,0.028795811518324606,0.028795811518324606
TinyGRU,seed,59,posterior_transition_distance,0,seen/0,382,0.0,0.07959616284681544,0.46335078534031415,0.034031413612565446,0.47643979057591623,0.02617801047120419,0.007853403141361258
TinyGRU,seed,71,posterior_transition_distance,0,seen/0,382,0.0,0.08856719315420186,0.4790575916230366,0.03664921465968586,0.4607329842931937,0.02356020942408377,0.01308900523560209
TinyGRU,seed,83,posterior_transition_distance,0,seen/0,382,0.0,0.06106028146620519,0.4790575916230366,0.02356020942408377,0.48429319371727747,0.013089005235602094,0.010471204188481676
TinyGRU,seed,97,posterior_transition_distance,0,seen/0,382,0.0,0.08375228285317741,0.45287958115183247,0.031413612565445025,0.47643979057591623,0.03926701570680628,-0.007853403141361258
TinyGRU,aggregate,aggregate,posterior_transition_distance,0,seen/0,382,0.0,0.08126551407860401,0.4696335078534031,0.03664921465968586,0.4675392670157068,0.02617801047120419,0.010471204188481673
MarbleNet,reference,reference,posterior_transition_distance,1,seen/0,551,1.0,-0.0025528854800596877,0.4718693284936479,0.132486388384755,0.29764065335753176,0.09800362976406533,0.034482758620689655
TinyGRU,seed,41,posterior_transition_distance,1,seen/0,551,1.0,0.07346293390784023,0.5081669691470054,0.04900181488203267,0.41379310344827586,0.029038112522686024,0.019963702359346643
TinyGRU,seed,59,posterior_transition_distance,1,seen/0,551,1.0,0.05911354686739682,0.49727767695099817,0.041742286751361164,0.43738656987295826,0.023593466424682397,0.018148820326678767
TinyGRU,seed,71,posterior_transition_distance,1,seen/0,551,1.0,0.07106444131857956,0.5027223230490018,0.029038112522686024,0.44283121597096187,0.025408348457350273,0.0036297640653357513
TinyGRU,seed,83,posterior_transition_distance,1,seen/0,551,1.0,0.04891154190168266,0.5172413793103449,0.025408348457350273,0.44101633393829404,0.016333938294010888,0.009074410163339385
TinyGRU,seed,97,posterior_transition_distance,1,seen/0,551,1.0,0.063708349378137,0.484573502722323,0.041742286751361164,0.4337568058076225,0.039927404718693285,0.0018148820326678791
TinyGRU,aggregate,aggregate,posterior_transition_distance,1,seen/0,551,1.0,0.06325216267472725,0.5019963702359347,0.03738656987295826,0.4337568058076225,0.02686025408348457,0.010526315789473693
MarbleNet,reference,reference,posterior_transition_distance,2-4,seen/0,1268,2.941640378548896,0.0001975141184355911,0.5891167192429023,0.06861198738170347,0.2973186119873817,0.044952681388012616,0.02365930599369085
TinyGRU,seed,41,posterior_transition_distance,2-4,seen/0,1268,2.941640378548896,0.04970022998145534,0.5512618296529969,0.052050473186119876,0.3667192429022082,0.02996845425867508,0.022082018927444796
TinyGRU,seed,59,posterior_transition_distance,2-4,seen/0,1268,2.941640378548896,0.04001921762263616,0.5607255520504731,0.032334384858044164,0.3832807570977918,0.02365930599369085,0.008675078864353314
TinyGRU,seed,71,posterior_transition_distance,2-4,seen/0,1268,2.941640378548896,0.04978052566045058,0.5536277602523659,0.026813880126182965,0.38801261829652994,0.031545741324921134,-0.004731861198738169
TinyGRU,seed,83,posterior_transition_distance,2-4,seen/0,1268,2.941640378548896,0.03641923479004923,0.5694006309148265,0.02050473186119874,0.39589905362776023,0.014195583596214511,0.006309148264984228
TinyGRU,seed,97,posterior_transition_distance,2-4,seen/0,1268,2.941640378548896,0.04749322695145237,0.5488958990536278,0.03706624605678233,0.3801261829652997,0.03391167192429022,0.0031545741324921148
TinyGRU,aggregate,aggregate,posterior_transition_distance,2-4,seen/0,1268,2.941640378548896,0.04468248700120874,0.556782334384858,0.033753943217665616,0.38280757097791795,0.026656151419558356,0.00709779179810726
MarbleNet,reference,reference,posterior_transition_distance,5-10,seen/0,2039,7.38989700833742,0.012791671698492976,0.7724374693477194,0.022560078469838155,0.18636586562040217,0.018636586562040217,0.00392349190779794
TinyGRU,seed,41,posterior_transition_distance,5-10,seen/0,2039,7.38989700833742,0.0338084716396859,0.670426679744973,0.023540951446787643,0.2785679254536538,0.02746444335458558,-0.003923491907797939
TinyGRU,seed,59,posterior_transition_distance,5-10,seen/0,2039,7.38989700833742,0.03134703051301397,0.6738597351642962,0.0230505149583129,0.2766061794997548,0.026483570377636097,-0.0034330554193231985
TinyGRU,seed,71,posterior_transition_distance,5-10,seen/0,2039,7.38989700833742,0.03837624140515346,0.6792545365375184,0.02550269740068661,0.27366356056890634,0.02157920549288867,0.003923491907797939
TinyGRU,seed,83,posterior_transition_distance,5-10,seen/0,2039,7.38989700833742,0.024655030116799367,0.6802354095144679,0.016184404119666502,0.29328102010789603,0.010299166257969592,0.00588523786169691
TinyGRU,seed,97,posterior_transition_distance,5-10,seen/0,2039,7.38989700833742,0.03649257040205537,0.6718979892103972,0.024031387935262383,0.2805296714075527,0.023540951446787643,0.0004904364884747402
TinyGRU,aggregate,aggregate,posterior_transition_distance,5-10,seen/0,2039,7.38989700833742,0.032935868815341614,0.6751348700343305,0.02246199117214321,0.2805296714075527,0.021873467385973518,0.0005885237861696924
MarbleNet,reference,reference,posterior_transition_distance,11-25,seen/0,3743,17.601656425327278,0.013976415126479722,0.8912636922254876,0.008014961261020572,0.09591236975687951,0.004808976756612343,0.0032059845044082286
TinyGRU,seed,41,posterior_transition_distance,11-25,seen/0,3743,17.601656425327278,0.01214233152185975,0.8191290408763024,0.01228960726689821,0.1621693828479829,0.006411969008816457,0.005877638258081752
TinyGRU,seed,59,posterior_transition_distance,11-25,seen/0,3743,17.601656425327278,0.012863173817706722,0.8311514827678332,0.007213465134918514,0.15575741383916644,0.005877638258081752,0.001335826876836762
TinyGRU,seed,71,posterior_transition_distance,11-25,seen/0,3743,17.601656425327278,0.011248711117769762,0.8276783328880577,0.006144803633449105,0.15816190221747262,0.008014961261020572,-0.0018701576275714678
TinyGRU,seed,83,posterior_transition_distance,11-25,seen/0,3743,17.601656425327278,0.004178020289142933,0.8258081752604862,0.0026716537536735237,0.1667111942292279,0.004808976756612343,-0.002137323002938819
TinyGRU,seed,97,posterior_transition_distance,11-25,seen/0,3743,17.601656425327278,0.012778513176468914,0.8346246326476089,0.007213465134918514,0.1544215869623297,0.0037403152551429334,0.003473149879775581
TinyGRU,aggregate,aggregate,posterior_transition_distance,11-25,seen/0,3743,17.601656425327278,0.010642149984589618,0.8276783328880577,0.007106598984771574,0.1594442960192359,0.005770772107934812,0.001335826876836762
MarbleNet,reference,reference,posterior_transition_distance,26-50,seen/0,4506,37.147137150466044,0.0010359443433568887,0.9709276520195295,0.0,0.02796271637816245,0.0011096316023080338,-0.0011096316023080338
TinyGRU,seed,41,posterior_transition_distance,26-50,seen/0,4506,37.147137150466044,-0.007987035326501813,0.9509542831779849,0.002663115845539281,0.04150022192632046,0.004882379050155349,-0.0022192632046160675
TinyGRU,seed,59,posterior_transition_distance,26-50,seen/0,4506,37.147137150466044,-0.00391096124311785,0.9591655570350643,0.0024411895250776743,0.03661784287616511,0.001775410563692854,0.0006657789613848204
TinyGRU,seed,71,posterior_transition_distance,26-50,seen/0,4506,37.147137150466044,-0.00743621585162565,0.9584997780736796,0.0022192632046160675,0.03683976919662672,0.0024411895250776743,-0.0002219263204616068
TinyGRU,seed,83,posterior_transition_distance,26-50,seen/0,4506,37.147137150466044,-0.005803751212665703,0.9565024411895251,0.000887705281846427,0.040390590324012425,0.0022192632046160675,-0.0013315579227696406
TinyGRU,seed,97,posterior_transition_distance,26-50,seen/0,4506,37.147137150466044,-0.008682286143582331,0.9582778517532179,0.0019973368841544607,0.03573013759431869,0.0039946737683089215,-0.0019973368841544607
TinyGRU,aggregate,aggregate,posterior_transition_distance,26-50,seen/0,4506,37.147137150466044,-0.00676404995549867,0.9566799822458945,0.0020417221482467818,0.03821571238348868,0.0030625832223701733,-0.0010208610741233915
MarbleNet,reference,reference,posterior_transition_distance,>50,seen/0,11690,145.73250641573995,0.009578821961924243,0.9392643284858855,0.001710863986313088,0.05662959794696321,0.0023952095808383233,-0.0006843455945252353
TinyGRU,seed,41,posterior_transition_distance,>50,seen/0,11690,145.73250641573995,-0.0055518258817388024,0.931907613344739,0.0011976047904191617,0.06287425149700598,0.004020530367835757,-0.0028229255774165954
TinyGRU,seed,59,posterior_transition_distance,>50,seen/0,11690,145.73250641573995,-0.003946505607040317,0.9343028229255774,0.0016253207869974338,0.06176218990590248,0.002309666381522669,-0.0006843455945252353
TinyGRU,seed,71,posterior_transition_distance,>50,seen/0,11690,145.73250641573995,-0.0041195302334906215,0.9306244653550043,0.0014542343883661248,0.06244653550042772,0.005474764756201882,-0.004020530367835758
TinyGRU,seed,83,posterior_transition_distance,>50,seen/0,11690,145.73250641573995,-0.0027515386523868438,0.9360136869118905,0.0016253207869974338,0.060650128314798976,0.001710863986313088,-8.554319931565425e-05
TinyGRU,seed,97,posterior_transition_distance,>50,seen/0,11690,145.73250641573995,-0.0058584591919378605,0.93464499572284,0.0011976047904191617,0.060650128314798976,0.0035072711719418307,-0.002309666381522669
TinyGRU,aggregate,aggregate,posterior_transition_distance,>50,seen/0,11690,145.73250641573995,-0.004445571913318888,0.9334987168520102,0.0014200171086398631,0.061676646706586825,0.003404619332763045,-0.001984602224123182
MarbleNet,reference,reference,posterior_transition_distance,0,seen/5,332,0.0,-0.03136732439607436,0.5030120481927711,0.11746987951807229,0.24096385542168675,0.13855421686746988,-0.02108433734939759
TinyGRU,seed,41,posterior_transition_distance,0,seen/5,332,0.0,0.13468839149542863,0.3885542168674699,0.09337349397590361,0.4879518072289157,0.030120481927710843,0.06325301204819277
TinyGRU,seed,59,posterior_transition_distance,0,seen/5,332,0.0,0.13223129995394142,0.37650602409638556,0.08132530120481928,0.5,0.04216867469879518,0.0391566265060241
TinyGRU,seed,71,posterior_transition_distance,0,seen/5,332,0.0,0.11381501268189452,0.40963855421686746,0.06626506024096386,0.47289156626506024,0.05120481927710843,0.015060240963855429
TinyGRU,seed,83,posterior_transition_distance,0,seen/5,332,0.0,0.06662089107827862,0.4608433734939759,0.06626506024096386,0.45481927710843373,0.018072289156626505,0.04819277108433735
TinyGRU,seed,97,posterior_transition_distance,0,seen/5,332,0.0,0.11079162049889715,0.4186746987951807,0.11144578313253012,0.4367469879518072,0.03313253012048193,0.0783132530120482
TinyGRU,aggregate,aggregate,posterior_transition_distance,0,seen/5,332,0.0,0.11162944314168806,0.4108433734939759,0.08373493975903615,0.47048192771084335,0.03493975903614458,0.04879518072289157
MarbleNet,reference,reference,posterior_transition_distance,1,seen/5,492,1.0,-0.03423574590110635,0.4654471544715447,0.12601626016260162,0.3313008130081301,0.07723577235772358,0.04878048780487805
TinyGRU,seed,41,posterior_transition_distance,1,seen/5,492,1.0,0.09656971102364564,0.4268292682926829,0.07317073170731707,0.45934959349593496,0.04065040650406504,0.03252032520325203
TinyGRU,seed,59,posterior_transition_distance,1,seen/5,492,1.0,0.09491679523024578,0.4410569105691057,0.06504065040650407,0.45528455284552843,0.03861788617886179,0.02642276422764228
TinyGRU,seed,71,posterior_transition_distance,1,seen/5,492,1.0,0.08160116290237696,0.4247967479674797,0.07317073170731707,0.4451219512195122,0.056910569105691054,0.016260162601626015
TinyGRU,seed,83,posterior_transition_distance,1,seen/5,492,1.0,0.041918920969655694,0.483739837398374,0.052845528455284556,0.4349593495934959,0.028455284552845527,0.02439024390243903
TinyGRU,seed,97,posterior_transition_distance,1,seen/5,492,1.0,0.07741806661323687,0.44308943089430897,0.09146341463414634,0.4166666666666667,0.04878048780487805,0.04268292682926829
TinyGRU,aggregate,aggregate,posterior_transition_distance,1,seen/5,492,1.0,0.0784849313478322,0.4439024390243902,0.07113821138211382,0.44227642276422763,0.042682926829268296,0.028455284552845524
MarbleNet,reference,reference,posterior_transition_distance,2-4,seen/5,1212,2.9546204620462047,-0.0320916114660166,0.5882838283828382,0.0627062706270627,0.31435643564356436,0.034653465346534656,0.028052805280528052
TinyGRU,seed,41,posterior_transition_distance,2-4,seen/5,1212,2.9546204620462047,0.0686949633225546,0.5008250825082509,0.07095709570957096,0.3811881188118812,0.04702970297029703,0.023927392739273926
TinyGRU,seed,59,posterior_transition_distance,2-4,seen/5,1212,2.9546204620462047,0.059167007402723557,0.5387788778877888,0.05115511551155116,0.3811881188118812,0.028877887788778877,0.02227722772277228
TinyGRU,seed,71,posterior_transition_distance,2-4,seen/5,1212,2.9546204620462047,0.048285578574317436,0.514026402640264,0.04207920792079208,0.38778877887788776,0.056105610561056105,-0.014026402640264023
TinyGRU,seed,83,posterior_transition_distance,2-4,seen/5,1212,2.9546204620462047,0.02811133800937554,0.5445544554455446,0.037953795379537955,0.38943894389438943,0.028052805280528052,0.009900990099009903
TinyGRU,seed,97,posterior_transition_distance,2-4,seen/5,1212,2.9546204620462047,0.047707083405818106,0.5247524752475248,0.06353135313531354,0.3655115511551155,0.0462046204620462,0.017326732673267335
TinyGRU,aggregate,aggregate,posterior_transition_distance,2-4,seen/5,1212,2.9546204620462047,0.05039319414295785,0.5245874587458745,0.05313531353135314,0.381023102310231,0.041254125412541254,0.011881188118811885
MarbleNet,reference,reference,posterior_transition_distance,5-10,seen/5,1986,7.37361530715005,0.00247887994569079,0.7930513595166163,0.01863041289023162,0.18529707955689828,0.0030211480362537764,0.015609264853977844
TinyGRU,seed,41,posterior_transition_distance,5-10,seen/5,1986,7.37361530715005,0.040054119522963776,0.6782477341389728,0.042799597180261835,0.24370594159113795,0.035246727089627394,0.007552870090634441
TinyGRU,seed,59,posterior_transition_distance,5-10,seen/5,1986,7.37361530715005,0.03772147430882453,0.6963746223564955,0.03272910372608258,0.2542799597180262,0.01661631419939577,0.016112789526686808
TinyGRU,seed,71,posterior_transition_distance,5-10,seen/5,1986,7.37361530715005,0.033096711203179176,0.6737160120845922,0.03877139979859013,0.24420946626384693,0.0433031218529708,-0.0045317220543806686
TinyGRU,seed,83,posterior_transition_distance,5-10,seen/5,1986,7.37361530715005,0.018629028969152993,0.6978851963746223,0.030715005035246726,0.256797583081571,0.01460221550855992,0.016112789526686808
TinyGRU,seed,97,posterior_transition_distance,5-10,seen/5,1986,7.37361530715005,0.03206598897129166,0.701913393756294,0.032225579053373615,0.2311178247734139,0.03474320241691843,-0.002517623363544816
TinyGRU,aggregate,aggregate,posterior_transition_distance,5-10,seen/5,1986,7.37361530715005,0.03231346459508242,0.6896273917421955,0.03544813695871098,0.24602215508559921,0.028902316213494463,0.006545820745216514
MarbleNet,reference,reference,posterior_transition_distance,11-25,seen/5,3461,17.505923143600114,0.012115300530133037,0.9566599248772031,0.004622941346431667,0.036405663103149376,0.0023114706732158337,0.0023114706732158337
TinyGRU,seed,41,posterior_transition_distance,11-25,seen/5,3461,17.505923143600114,0.022365750586833513,0.888182606183184,0.01849176538572667,0.08639121641144178,0.006934412019647501,0.01155735336607917
TinyGRU,seed,59,posterior_transition_distance,11-25,seen/5,3461,17.505923143600114,0.021279792555292595,0.887893672349032,0.022825772898006358,0.08668015024559377,0.002600404507367813,0.020225368390638546
TinyGRU,seed,71,posterior_transition_distance,11-25,seen/5,3461,17.505923143600114,0.02014343860362387,0.8991620918809593,0.01704709621496677,0.08119040739670616,0.002600404507367813,0.014446691707598958
TinyGRU,seed,83,posterior_transition_distance,11-25,seen/5,3461,17.505923143600114,0.009630446010572571,0.8904940768563999,0.01097948569777521,0.09621496677260907,0.0023114706732158337,0.008668015024559377
TinyGRU,seed,97,posterior_transition_distance,11-25,seen/5,3461,17.505923143600114,0.018940957648628916,0.8951170182028315,0.020803236058942503,0.07974573822594626,0.004334007512279688,0.016469228546662815
TinyGRU,aggregate,aggregate,posterior_transition_distance,11-25,seen/5,3461,17.505923143600114,0.01847207708099029,0.8921698930944815,0.018029471251083503,0.0860444958104594,0.0037561398439757295,0.014273331407107773
MarbleNet,reference,reference,posterior_transition_distance,26-50,seen/5,3986,37.2272955343703,0.005324231532766759,0.9952333166081284,0.0,0.003763171098845961,0.0010035122930255895,-0.0010035122930255895
TinyGRU,seed,41,posterior_transition_distance,26-50,seen/5,3986,37.2272955343703,0.012514427126989894,0.9626191670847968,0.009533366783743101,0.02609131961866533,0.0017561465127947818,0.00777722027094832
TinyGRU,seed,59,posterior_transition_distance,26-50,seen/5,3986,37.2272955343703,0.013265472831428366,0.9643753135975915,0.011038635223281485,0.024586051179126944,0.0,0.011038635223281485
TinyGRU,seed,71,posterior_transition_distance,26-50,seen/5,3986,37.2272955343703,0.010802096232540038,0.9601103863522328,0.011289513296537882,0.02784746613146011,0.0007526342197691922,0.01053687907676869
TinyGRU,seed,83,posterior_transition_distance,26-50,seen/5,3986,37.2272955343703,0.003061373906808101,0.9719016557952835,0.005017561465127948,0.02207727044656297,0.0010035122930255895,0.004014049172102358
TinyGRU,seed,97,posterior_transition_distance,26-50,seen/5,3986,37.2272955343703,0.0071811656940901905,0.9676367285499248,0.007024586051179127,0.024586051179126944,0.0007526342197691922,0.006271951831409935
TinyGRU,aggregate,aggregate,posterior_transition_distance,26-50,seen/5,3986,37.2272955343703,0.009364907158371317,0.9653286502759659,0.008780732563973909,0.025037631710988464,0.0008529854490717513,0.007927747114902158
MarbleNet,reference,reference,posterior_transition_distance,>50,seen/5,9204,152.71479791395046,0.01009209894772502,0.9504563233376794,0.001303780964797914,0.04487179487179487,0.0033681008257279445,-0.0020643198609300306
TinyGRU,seed,41,posterior_transition_distance,>50,seen/5,9204,152.71479791395046,0.0015383029527783836,0.9462190352020861,0.003476749239461104,0.04943502824858757,0.000869187309865276,0.002607561929595828
TinyGRU,seed,59,posterior_transition_distance,>50,seen/5,9204,152.71479791395046,0.0019097824741641828,0.9478487614080835,0.0036940460669274227,0.048131247283789654,0.0003259452411994785,0.003368100825727944
TinyGRU,seed,71,posterior_transition_distance,>50,seen/5,9204,152.71479791395046,0.005061237568285209,0.9479574098218166,0.003911342894393742,0.04791395045632334,0.000217296827466319,0.003694046066927423
TinyGRU,seed,83,posterior_transition_distance,>50,seen/5,9204,152.71479791395046,-0.0010342766866972698,0.9501303780964798,0.000869187309865276,0.04834854411125598,0.000651890482398957,0.00021729682746631906
TinyGRU,seed,97,posterior_transition_distance,>50,seen/5,9204,152.71479791395046,-0.00041644028653112415,0.9482833550630161,0.0018470230334637113,0.04889178617992177,0.0009778357235984355,0.0008691873098652758
TinyGRU,aggregate,aggregate,posterior_transition_distance,>50,seen/5,9204,152.71479791395046,0.001411721204399877,0.9480877879182965,0.002759669708822251,0.048544111255975665,0.0006084311169056932,0.002151238591916558
MarbleNet,reference,reference,posterior_transition_distance,0,seen/10,581,0.0,0.021012017612274347,0.523235800344234,0.14974182444061962,0.22375215146299485,0.10327022375215146,0.04647160068846816
TinyGRU,seed,41,posterior_transition_distance,0,seen/10,581,0.0,0.056945356295134524,0.4388984509466437,0.07056798623063683,0.4509466437177281,0.039586919104991396,0.030981067125645433
TinyGRU,seed,59,posterior_transition_distance,0,seen/10,581,0.0,0.028261847931769227,0.45266781411359724,0.06368330464716007,0.4388984509466437,0.04475043029259897,0.018932874354561105
TinyGRU,seed,71,posterior_transition_distance,0,seen/10,581,0.0,0.04661024917414789,0.39414802065404475,0.06540447504302926,0.4905335628227194,0.04991394148020654,0.015490533562822727
TinyGRU,seed,83,posterior_transition_distance,0,seen/10,581,0.0,0.012364099019744078,0.46987951807228917,0.03442340791738382,0.46471600688468157,0.03098106712564544,0.0034423407917383783
TinyGRU,seed,97,posterior_transition_distance,0,seen/10,581,0.0,0.030676848968985888,0.4457831325301205,0.05163511187607573,0.47160068846815834,0.03098106712564544,0.02065404475043029
TinyGRU,aggregate,aggregate,posterior_transition_distance,0,seen/10,581,0.0,0.03497168027795633,0.4402753872633391,0.05714285714285715,0.46333907056798623,0.03924268502581755,0.0179001721170396
MarbleNet,reference,reference,posterior_transition_distance,1,seen/10,857,1.0,0.0021065805787308313,0.49124854142357055,0.11785297549591599,0.34072345390898484,0.050175029171528586,0.0676779463243874
TinyGRU,seed,41,posterior_transition_distance,1,seen/10,857,1.0,0.0518772289415263,0.46674445740956827,0.056009334889148193,0.4387397899649942,0.038506417736289385,0.01750291715285881
TinyGRU,seed,59,posterior_transition_distance,1,seen/10,857,1.0,0.020819011387507837,0.45274212368728123,0.06534422403733955,0.4340723453908985,0.047841306884480746,0.01750291715285881
TinyGRU,seed,71,posterior_transition_distance,1,seen/10,857,1.0,0.040126175812185416,0.425904317386231,0.07001166861143523,0.46091015169194866,0.043173862310385065,0.02683780630105017
TinyGRU,seed,83,posterior_transition_distance,1,seen/10,857,1.0,0.008398661890475717,0.48191365227537925,0.030338389731621937,0.4539089848308051,0.0338389731621937,-0.0035005834305717604
TinyGRU,seed,97,posterior_transition_distance,1,seen/10,857,1.0,0.0223871202226113,0.4644107351225204,0.05367561260210035,0.4457409568261377,0.03617269544924154,0.017502917152858816
TinyGRU,aggregate,aggregate,posterior_transition_distance,1,seen/10,857,1.0,0.028721639650861313,0.45834305717619606,0.05507584597432906,0.4466744457409568,0.03990665110851809,0.015169194865810968
MarbleNet,reference,reference,posterior_transition_distance,2-4,seen/10,2087,2.9535218016291327,-0.002793232005616391,0.5951126018207954,0.048873981792046,0.33397220891231433,0.022041207474844275,0.026832774317201723
TinyGRU,seed,41,posterior_transition_distance,2-4,seen/10,2087,2.9535218016291327,0.04622481223225569,0.5443219932918064,0.04647819837086727,0.37374221370388117,0.03545759463344514,0.011020603737422134
TinyGRU,seed,59,posterior_transition_distance,2-4,seen/10,2087,2.9535218016291327,0.020277969657249352,0.5419262098706277,0.058936272160996644,0.3655965500718735,0.033540967896502155,0.02539530426449449
TinyGRU,seed,71,posterior_transition_distance,2-4,seen/10,2087,2.9535218016291327,0.03745007336448533,0.5385721130809775,0.04791566842357451,0.3780546238620029,0.03545759463344514,0.012458073790129372
TinyGRU,seed,83,posterior_transition_distance,2-4,seen/10,2087,2.9535218016291327,0.014617130949977554,0.5486344034499281,0.024916147580258743,0.40105414470531864,0.02539530426449449,-0.00047915668423574587
TinyGRU,seed,97,posterior_transition_distance,2-4,seen/10,2087,2.9535218016291327,0.020780868301081543,0.5510301868711068,0.051269765213224724,0.3579300431241016,0.039770004791566844,0.01149976042165788
TinyGRU,aggregate,aggregate,posterior_transition_distance,2-4,seen/10,2087,2.9535218016291327,0.027870170901009895,0.5448969813128893,0.04590321034978438,0.3752755150934356,0.033924293243890756,0.011978917105893626
MarbleNet,reference,reference,posterior_transition_distance,5-10,seen/10,3384,7.41016548463357,0.0012156165012358613,0.8312647754137117,0.007978723404255319,0.15721040189125296,0.0035460992907801418,0.004432624113475178
TinyGRU,seed,41,posterior_transition_distance,5-10,seen/10,3384,7.41016548463357,0.010309574993639306,0.7621158392434988,0.02186761229314421,0.1991725768321513,0.016843971631205674,0.005023640661938535
TinyGRU,seed,59,posterior_transition_distance,5-10,seen/10,3384,7.41016548463357,-0.005976845437534343,0.7606382978723404,0.025709219858156027,0.19533096926713947,0.018321513002364065,0.007387706855791962
TinyGRU,seed,71,posterior_transition_distance,5-10,seen/10,3384,7.41016548463357,-0.00044546311184167215,0.7591607565011821,0.020685579196217493,0.1991725768321513,0.02098108747044917,-0.0002955082742316789
TinyGRU,seed,83,posterior_transition_distance,5-10,seen/10,3384,7.41016548463357,0.0026740513938615634,0.7432033096926713,0.017139479905437353,0.23108747044917258,0.008569739952718676,0.008569739952718676
TinyGRU,seed,97,posterior_transition_distance,5-10,seen/10,3384,7.41016548463357,-0.00012546003572453459,0.7618203309692672,0.022754137115839245,0.20419621749408984,0.011229314420803783,0.011524822695035462
TinyGRU,aggregate,aggregate,posterior_transition_distance,5-10,seen/10,3384,7.41016548463357,0.0012871715604800627,0.7573877068557919,0.021631205673758865,0.2057919621749409,0.015189125295508275,0.00644208037825059
MarbleNet,reference,reference,posterior_transition_distance,11-25,seen/10,6522,17.543084943268937,0.001452401371167095,0.9573750383318,0.0007666360012266176,0.039405090463048145,0.0024532352039251764,-0.0016865992026985587
TinyGRU,seed,41,posterior_transition_distance,11-25,seen/10,6522,17.543084943268937,-0.013326902397520773,0.9173566390677707,0.005366452008586323,0.07221711131554738,0.005059797608095676,0.00030665440049064754
TinyGRU,seed,59,posterior_transition_distance,11-25,seen/10,6522,17.543084943268937,-0.01927124438193499,0.9095369518552591,0.012112848819380559,0.06915056731064091,0.00919963201471941,0.002913216804661148
TinyGRU,seed,71,posterior_transition_distance,11-25,seen/10,6522,17.543084943268937,-0.01931460400868662,0.916130021465808,0.007206378411530205,0.06930389451088623,0.007359705611775529,-0.00015332720024532377
TinyGRU,seed,83,posterior_transition_distance,11-25,seen/10,6522,17.543084943268937,-0.007244199328729251,0.9043238270469182,0.0078196872125115,0.08463661453541858,0.003219871205151794,0.004599816007359706
TinyGRU,seed,97,posterior_transition_distance,11-25,seen/10,6522,17.543084943268937,-0.011832344120015301,0.9155167126648267,0.005979760809567618,0.07053051211284882,0.007973014412756822,-0.0019932536031892047
TinyGRU,aggregate,aggregate,posterior_transition_distance,11-25,seen/10,6522,17.543084943268937,-0.014197858847377386,0.9125728304201164,0.007697025452315241,0.07316773995706838,0.006562404170499846,0.0011346212818153954
MarbleNet,reference,reference,posterior_transition_distance,26-50,seen/10,7098,37.07664130741054,0.0018225621482827917,0.9932375316990701,0.0,0.005776275007044238,0.0009861932938856016,-0.0009861932938856016
TinyGRU,seed,41,posterior_transition_distance,26-50,seen/10,7098,37.07664130741054,-0.0009489506545185706,0.9809805579036348,0.003240349394195548,0.014792899408284023,0.0009861932938856016,0.0022541561003099463
TinyGRU,seed,59,posterior_transition_distance,26-50,seen/10,7098,37.07664130741054,0.0011662043491677994,0.9830938292476754,0.002113271344040575,0.013806706114398421,0.0009861932938856016,0.0011270780501549734
TinyGRU,seed,71,posterior_transition_distance,26-50,seen/10,7098,37.07664130741054,0.00035295620064520724,0.9832347140039448,0.0014088475626937165,0.01366582135812905,0.0016906170752324597,-0.0002817695125387433
TinyGRU,seed,83,posterior_transition_distance,26-50,seen/10,7098,37.07664130741054,-0.000313806238022915,0.9842209072978304,0.0026768103691180616,0.012256973795435333,0.0008453085376162299,0.0018315018315018317
TinyGRU,seed,97,posterior_transition_distance,26-50,seen/10,7098,37.07664130741054,0.0016914431613637988,0.9859115243730628,0.001267962806424345,0.011552550014088475,0.001267962806424345,0.0
TinyGRU,aggregate,aggregate,posterior_transition_distance,26-50,seen/10,7098,37.07664130741054,0.0003895693637270643,0.9834883065652297,0.0021414482952944493,0.013214990138067062,0.0011552550014088474,0.0009861932938856018
MarbleNet,reference,reference,posterior_transition_distance,>50,seen/10,12498,103.07281164986398,0.0006494821808712517,0.9854376700272044,0.0003200512081933109,0.011601856297007522,0.002640422467594815,-0.002320371259401504
TinyGRU,seed,41,posterior_transition_distance,>50,seen/10,12498,103.07281164986398,0.0001593560057204292,0.9787165946551448,0.0019203072491598655,0.015682509201472235,0.0036805888942230756,-0.0017602816450632101
TinyGRU,seed,59,posterior_transition_distance,>50,seen/10,12498,103.07281164986398,0.00016853970464010155,0.9804768763002081,0.002080332853256521,0.015762522003520563,0.0016802688430148825,0.00040006401024163837
TinyGRU,seed,71,posterior_transition_distance,>50,seen/10,12498,103.07281164986398,0.003524212628386448,0.9787165946551448,0.004560729716754681,0.014162265962554009,0.0025604096655464873,0.002000320051208194
TinyGRU,seed,83,posterior_transition_distance,>50,seen/10,12498,103.07281164986398,-0.0007847631686452376,0.9835973755800929,0.0014402304368698992,0.014482317170747319,0.00048007681228996637,0.0009601536245799329
TinyGRU,seed,97,posterior_transition_distance,>50,seen/10,12498,103.07281164986398,0.000771438184485228,0.9827972475596095,0.0020003200512081934,0.01376220195231237,0.0014402304368698992,0.0005600896143382942
TinyGRU,aggregate,aggregate,posterior_transition_distance,>50,seen/10,12498,103.07281164986398,0.0007677566709173946,0.9808609377500399,0.0024003840614498324,0.014770363258121299,0.0019683149303888624,0.00043206913106097
MarbleNet,reference,reference,posterior_transition_distance,0,seen/15,452,0.0,0.02133084786700961,0.5309734513274337,0.14601769911504425,0.22787610619469026,0.09513274336283185,0.05088495575221239
TinyGRU,seed,41,posterior_transition_distance,0,seen/15,452,0.0,0.10927961950676868,0.4225663716814159,0.09292035398230089,0.46238938053097345,0.022123893805309734,0.07079646017699115
TinyGRU,seed,59,posterior_transition_distance,0,seen/15,452,0.0,0.0858849537094058,0.4358407079646018,0.07743362831858407,0.43805309734513276,0.048672566371681415,0.02876106194690265
TinyGRU,seed,71,posterior_transition_distance,0,seen/15,452,0.0,0.11462390722716757,0.4004424778761062,0.12831858407079647,0.44026548672566373,0.030973451327433628,0.09734513274336284
TinyGRU,seed,83,posterior_transition_distance,0,seen/15,452,0.0,0.04862918665358002,0.44026548672566373,0.05530973451327434,0.48672566371681414,0.017699115044247787,0.03761061946902655
TinyGRU,seed,97,posterior_transition_distance,0,seen/15,452,0.0,0.0717542486778408,0.4491150442477876,0.07964601769911504,0.43805309734513276,0.033185840707964605,0.04646017699115044
TinyGRU,aggregate,aggregate,posterior_transition_distance,0,seen/15,452,0.0,0.08603438315495257,0.4296460176991151,0.08672566371681417,0.4530973451327433,0.030530973451327437,0.056194690265486735
MarbleNet,reference,reference,posterior_transition_distance,1,seen/15,717,1.0,-0.0004936161753037275,0.4853556485355648,0.09205020920502092,0.36541143654114366,0.05718270571827057,0.03486750348675035
TinyGRU,seed,41,posterior_transition_distance,1,seen/15,717,1.0,0.0827948495756315,0.4435146443514644,0.07531380753138076,0.4504881450488145,0.030683403068340307,0.04463040446304045
TinyGRU,seed,59,posterior_transition_distance,1,seen/15,717,1.0,0.06864887903085792,0.4435146443514644,0.06834030683403068,0.4504881450488145,0.03765690376569038,0.030683403068340304
TinyGRU,seed,71,posterior_transition_distance,1,seen/15,717,1.0,0.08498201287621654,0.4309623430962343,0.10599721059972106,0.4295676429567643,0.03347280334728033,0.07252440725244072
TinyGRU,seed,83,posterior_transition_distance,1,seen/15,717,1.0,0.039500169198301044,0.4714086471408647,0.044630404463040445,0.4630404463040446,0.02092050209205021,0.023709902370990237
TinyGRU,seed,97,posterior_transition_distance,1,seen/15,717,1.0,0.05716566279245299,0.4630404463040446,0.07531380753138076,0.4309623430962343,0.030683403068340307,0.04463040446304045
TinyGRU,aggregate,aggregate,posterior_transition_distance,1,seen/15,717,1.0,0.06661831469469201,0.4504881450488145,0.07391910739191074,0.44490934449093444,0.030683403068340307,0.043235704323570434
MarbleNet,reference,reference,posterior_transition_distance,2-4,seen/15,1817,2.969179966978536,-0.019244297425161833,0.6208035222894882,0.020913593835993397,0.34287286736378647,0.015410016510731976,0.00550357732526142
TinyGRU,seed,41,posterior_transition_distance,2-4,seen/15,1817,2.969179966978536,0.06094008998072636,0.5470555861309851,0.04953219592735278,0.37919647771051185,0.024215740231150248,0.02531645569620253
TinyGRU,seed,59,posterior_transition_distance,2-4,seen/15,1817,2.969179966978536,0.049018771614445206,0.5531095211887727,0.03962575674188222,0.38580077050082556,0.02146395156851954,0.01816180517336268
TinyGRU,seed,71,posterior_transition_distance,2-4,seen/15,1817,2.969179966978536,0.05478438621174998,0.5343973582828839,0.053384700055035775,0.37424325811777653,0.0379746835443038,0.015410016510731976
TinyGRU,seed,83,posterior_transition_distance,2-4,seen/15,1817,2.969179966978536,0.02726205240025434,0.5509080902586682,0.02201430930104568,0.4006604292790314,0.026417171161254815,-0.004402861860209134
TinyGRU,seed,97,posterior_transition_distance,2-4,seen/15,1817,2.969179966978536,0.03705862975830373,0.5492570170610898,0.0379746835443038,0.3813979086406164,0.03137039075399009,0.006604292790313708
TinyGRU,aggregate,aggregate,posterior_transition_distance,2-4,seen/15,1817,2.969179966978536,0.04581278599309592,0.5469455145844799,0.040506329113924044,0.3842597688497524,0.028288387451843703,0.012217941662080341
MarbleNet,reference,reference,posterior_transition_distance,5-10,seen/15,3106,7.415003219575016,-0.0012383961694308397,0.8773341918866709,0.0019317450096587251,0.12009014810045074,0.000643915003219575,0.00128783000643915
TinyGRU,seed,41,posterior_transition_distance,5-10,seen/15,3106,7.415003219575016,0.009840774251910057,0.81809401159047,0.018995492594977462,0.15099806825499035,0.011912427559562138,0.007083065035415325
TinyGRU,seed,59,posterior_transition_distance,5-10,seen/15,3106,7.415003219575016,0.006400014102955749,0.8193818415969092,0.0206052801030264,0.1497102382485512,0.0103026400515132,0.0103026400515132
TinyGRU,seed,71,posterior_transition_distance,5-10,seen/15,3106,7.415003219575016,0.002235882351926378,0.8068254990341275,0.021249195106245976,0.15035415325177076,0.021571152607855762,-0.00032195750160978615
TinyGRU,seed,83,posterior_transition_distance,5-10,seen/15,3106,7.415003219575016,0.0011415918958900086,0.8142305215711526,0.0103026400515132,0.16613007083065034,0.009336767546683838,0.0009658725048293619
TinyGRU,seed,97,posterior_transition_distance,5-10,seen/15,3106,7.415003219575016,-4.145668522886481e-06,0.8158403090792016,0.015453960077269801,0.15518351577591757,0.013522215067611075,0.0019317450096587255
TinyGRU,aggregate,aggregate,posterior_transition_distance,5-10,seen/15,3106,7.415003219575016,0.003922823386831862,0.8148744365743722,0.017321313586606567,0.15447520927237604,0.013329040566645205,0.003992273019961362
MarbleNet,reference,reference,posterior_transition_distance,11-25,seen/15,5956,17.523002014775017,0.003732296684064644,0.9855607790463398,0.0005036937541974479,0.012424445936870383,0.0015110812625923438,-0.0010073875083948958
TinyGRU,seed,41,posterior_transition_distance,11-25,seen/15,5956,17.523002014775017,-0.012690783048058355,0.9544996642041639,0.0047011417058428475,0.029885829415715246,0.01091336467427804,-0.006212222968435192
TinyGRU,seed,59,posterior_transition_distance,11-25,seen/15,5956,17.523002014775017,-0.009733538750689517,0.9585292142377434,0.0036937541974479517,0.0283747481531229,0.009402283411685695,-0.005708529214237743
TinyGRU,seed,71,posterior_transition_distance,11-25,seen/15,5956,17.523002014775017,-0.01812824715331318,0.9521490933512424,0.005372733378106112,0.028206850235057087,0.014271323035594358,-0.008898589657488246
TinyGRU,seed,83,posterior_transition_distance,11-25,seen/15,5956,17.523002014775017,-0.006893265484025808,0.9544996642041639,0.0041974479516454,0.033915379449294826,0.007387508394895903,-0.0031900604432505038
TinyGRU,seed,97,posterior_transition_distance,11-25,seen/15,5956,17.523002014775017,-0.013674635855929082,0.9627266621893888,0.002686366689053056,0.025352585627938212,0.009234385493619879,-0.006548018804566823
TinyGRU,aggregate,aggregate,posterior_transition_distance,11-25,seen/15,5956,17.523002014775017,-0.012224094058403188,0.9564808596373405,0.004130288784419073,0.029147078576225657,0.010241773002014776,-0.006111484217595703
MarbleNet,reference,reference,posterior_transition_distance,26-50,seen/15,6574,36.96075448737451,0.0008540576058222069,0.995892911469425,0.0,0.003346516580468512,0.0007605719501064801,-0.0007605719501064801
TinyGRU,seed,41,posterior_transition_distance,26-50,seen/15,6574,36.96075448737451,-0.0026409121976815842,0.9840279890477639,0.0036507453605111044,0.008518405841192577,0.0038028597505324006,-0.00015211439002129614
TinyGRU,seed,59,posterior_transition_distance,26-50,seen/15,6574,36.96075448737451,0.0009615389528430854,0.9879829631883176,0.0027380590203833284,0.007605719501064801,0.001673258290234256,0.0010648007301490724
TinyGRU,seed,71,posterior_transition_distance,26-50,seen/15,6574,36.96075448737451,-0.0035150412969921522,0.9847885609978704,0.002433830240340736,0.007149376331000912,0.0056282324307879526,-0.0031944021904472164
TinyGRU,seed,83,posterior_transition_distance,26-50,seen/15,6574,36.96075448737451,-2.2056043109692242e-05,0.9890477639184667,0.0034986309704898083,0.0065409187709157286,0.0009126863401277761,0.0025859446303620323
TinyGRU,seed,97,posterior_transition_distance,26-50,seen/15,6574,36.96075448737451,-0.0022881773282905737,0.987678734408275,0.0015211439002129601,0.005476118040766657,0.00532400365074536,-0.0038028597505324
TinyGRU,aggregate,aggregate,posterior_transition_distance,26-50,seen/15,6574,36.96075448737451,-0.0015009295826461835,0.9867052023121388,0.002768481898387588,0.007058107696988135,0.003468208092485549,-0.0006997261940979611
MarbleNet,reference,reference,posterior_transition_distance,>50,seen/15,9875,98.59473417721519,0.001156806490529736,0.9958481012658228,0.0,0.003949367088607595,0.00020253164556962027,-0.00020253164556962027
TinyGRU,seed,41,posterior_transition_distance,>50,seen/15,9875,98.59473417721519,0.007204284746175493,0.9911898734177215,0.0027341772151898733,0.004354430379746836,0.0017215189873417721,0.0010126582278481011
TinyGRU,seed,59,posterior_transition_distance,>50,seen/15,9875,98.59473417721519,0.006705221526365053,0.9893670886075949,0.0029367088607594937,0.006784810126582278,0.0009113924050632911,0.0020253164556962027
TinyGRU,seed,71,posterior_transition_distance,>50,seen/15,9875,98.59473417721519,0.007455936421071017,0.9933164556962025,0.0015189873417721519,0.004556962025316456,0.0006075949367088608,0.0009113924050632911
TinyGRU,seed,83,posterior_transition_distance,>50,seen/15,9875,98.59473417721519,0.002683528995456096,0.9917974683544304,0.0014177215189873419,0.006177215189873418,0.0006075949367088608,0.0008101265822784811
TinyGRU,seed,97,posterior_transition_distance,>50,seen/15,9875,98.59473417721519,0.004156755808902853,0.9939240506329113,0.0010126582278481013,0.004151898734177215,0.0009113924050632911,0.00010126582278481024
TinyGRU,aggregate,aggregate,posterior_transition_distance,>50,seen/15,9875,98.59473417721519,0.005641145499594102,0.9919189873417722,0.0019240506329113928,0.005205063291139241,0.0009518987341772152,0.0009721518987341777
MarbleNet,reference,reference,posterior_transition_distance,0,seen/20,408,0.0,0.00640968958342248,0.5637254901960784,0.11519607843137254,0.2034313725490196,0.11764705882352941,-0.0024509803921568627
TinyGRU,seed,41,posterior_transition_distance,0,seen/20,408,0.0,0.13994659925177846,0.43137254901960786,0.09558823529411764,0.4362745098039216,0.03676470588235294,0.0588235294117647
TinyGRU,seed,59,posterior_transition_distance,0,seen/20,408,0.0,0.09629249089605636,0.40441176470588236,0.09313725490196079,0.45588235294117646,0.04656862745098039,0.04656862745098039
TinyGRU,seed,71,posterior_transition_distance,0,seen/20,408,0.0,0.12570431053278025,0.39950980392156865,0.09558823529411764,0.4387254901960784,0.0661764705882353,0.029411764705882346
TinyGRU,seed,83,posterior_transition_distance,0,seen/20,408,0.0,0.06733521718991649,0.4803921568627451,0.0392156862745098,0.44607843137254904,0.03431372549019608,0.004901960784313722
TinyGRU,seed,97,posterior_transition_distance,0,seen/20,408,0.0,0.06785849089447754,0.4583333333333333,0.07352941176470588,0.42401960784313725,0.04411764705882353,0.029411764705882353
TinyGRU,aggregate,aggregate,posterior_transition_distance,0,seen/20,408,0.0,0.0994274217530018,0.43480392156862746,0.07941176470588236,0.4401960784313726,0.04558823529411765,0.03382352941176471
MarbleNet,reference,reference,posterior_transition_distance,1,seen/20,704,1.0,0.0004376482286293289,0.5085227272727273,0.07386363636363637,0.3778409090909091,0.03977272727272727,0.03409090909090909
TinyGRU,seed,41,posterior_transition_distance,1,seen/20,704,1.0,0.14244936725305032,0.4431818181818182,0.08522727272727272,0.42045454545454547,0.05113636363636364,0.03409090909090908
TinyGRU,seed,59,posterior_transition_distance,1,seen/20,704,1.0,0.09248769803944748,0.4602272727272727,0.0625,0.43607954545454547,0.041193181818181816,0.021306818181818184
TinyGRU,seed,71,posterior_transition_distance,1,seen/20,704,1.0,0.12267549853369175,0.4289772727272727,0.10795454545454546,0.4133522727272727,0.04971590909090909,0.05823863636363637
TinyGRU,seed,83,posterior_transition_distance,1,seen/20,704,1.0,0.0665710005659395,0.4928977272727273,0.04261363636363636,0.4303977272727273,0.03409090909090909,0.008522727272727272
TinyGRU,seed,97,posterior_transition_distance,1,seen/20,704,1.0,0.06861017736249503,0.48863636363636365,0.061079545454545456,0.4090909090909091,0.041193181818181816,0.01988636363636364
TinyGRU,aggregate,aggregate,posterior_transition_distance,1,seen/20,704,1.0,0.09855874835092483,0.46278409090909095,0.07187500000000001,0.421875,0.04346590909090909,0.02840909090909092
MarbleNet,reference,reference,posterior_transition_distance,2-4,seen/20,1820,2.968681318681319,-0.00805133392083495,0.6439560439560439,0.017582417582417582,0.32582417582417583,0.012637362637362638,0.004945054945054945
TinyGRU,seed,41,posterior_transition_distance,2-4,seen/20,1820,2.968681318681319,0.11231624900859229,0.560989010989011,0.06428571428571428,0.3373626373626374,0.03736263736263736,0.026923076923076918
TinyGRU,seed,59,posterior_transition_distance,2-4,seen/20,1820,2.968681318681319,0.07368399138712908,0.5796703296703297,0.05,0.33406593406593404,0.03626373626373627,0.013736263736263736
TinyGRU,seed,71,posterior_transition_distance,2-4,seen/20,1820,2.968681318681319,0.08459349455854787,0.5565934065934066,0.053296703296703295,0.3467032967032967,0.043406593406593405,0.00989010989010989
TinyGRU,seed,83,posterior_transition_distance,2-4,seen/20,1820,2.968681318681319,0.061257826878682406,0.5763736263736263,0.03296703296703297,0.37032967032967035,0.02032967032967033,0.012637362637362638
TinyGRU,seed,97,posterior_transition_distance,2-4,seen/20,1820,2.968681318681319,0.05381158745178467,0.582967032967033,0.045054945054945054,0.3401098901098901,0.031868131868131866,0.013186813186813189
TinyGRU,aggregate,aggregate,posterior_transition_distance,2-4,seen/20,1820,2.968681318681319,0.07713262985694724,0.5713186813186812,0.049120879120879125,0.34571428571428575,0.03384615384615385,0.015274725274725273
MarbleNet,reference,reference,posterior_transition_distance,5-10,seen/20,3253,7.442668306178912,0.0017326255943253,0.8942514601905932,0.003074085459575776,0.10083000307408546,0.0018444512757454657,0.0012296341838303104
TinyGRU,seed,41,posterior_transition_distance,5-10,seen/20,3253,7.442668306178912,0.021636856788885026,0.839840147556102,0.020288964033200123,0.1235782354749462,0.016292652935751613,0.00399631109744851
TinyGRU,seed,59,posterior_transition_distance,5-10,seen/20,3253,7.442668306178912,0.010954232042944701,0.8315401168152474,0.017522287119581925,0.1263449123885644,0.02459268367660621,-0.007070396557024284
TinyGRU,seed,71,posterior_transition_distance,5-10,seen/20,3253,7.442668306178912,0.015994516416617227,0.8321549339071627,0.0205963725791577,0.13003381494005534,0.017214878573624345,0.003381494005533354
TinyGRU,seed,83,posterior_transition_distance,5-10,seen/20,3253,7.442668306178912,0.008447903910942939,0.8315401168152474,0.009529664924684907,0.14509683369197662,0.013833384568090993,-0.004303719643406086
TinyGRU,seed,97,posterior_transition_distance,5-10,seen/20,3253,7.442668306178912,0.0053809658406698425,0.8395327390101445,0.009837073470642483,0.1358745773132493,0.014755610205963726,-0.0049185367353212425
TinyGRU,aggregate,aggregate,posterior_transition_distance,5-10,seen/20,3253,7.442668306178912,0.012482895000011944,0.8349216108207809,0.015554872425453429,0.13218567476175838,0.01733784199200738,-0.0017829695665539502
MarbleNet,reference,reference,posterior_transition_distance,11-25,seen/20,6357,17.503382098474123,0.004098482712104543,0.9800220229668083,0.00047192071731949034,0.019191442504325938,0.0003146138115463269,0.00015730690577316344
TinyGRU,seed,41,posterior_transition_distance,11-25,seen/20,6357,17.503382098474123,-0.008149605126146918,0.9603586597451628,0.0075507314771118455,0.02343872896020135,0.008651879817523989,-0.0011011483404121435
TinyGRU,seed,59,posterior_transition_distance,11-25,seen/20,6357,17.503382098474123,-0.005278755293318587,0.9627182633317602,0.00550574170206072,0.026742173981437786,0.00503382098474123,0.00047192071731949007
TinyGRU,seed,71,posterior_transition_distance,11-25,seen/20,6357,17.503382098474123,-0.011044251990529289,0.9622463426144408,0.006449583136699701,0.025798332546798804,0.00550574170206072,0.000943841434638981
TinyGRU,seed,83,posterior_transition_distance,11-25,seen/20,6357,17.503382098474123,-0.006976478103338704,0.9609878873682555,0.0036180588327827594,0.027528708510303604,0.007865345288658171,-0.0042472864558754115
TinyGRU,seed,97,posterior_transition_distance,11-25,seen/20,6357,17.503382098474123,-0.008036850675122444,0.9666509359760893,0.003932672644329086,0.026742173981437786,0.0026742173981437784,0.0012584552461853073
TinyGRU,aggregate,aggregate,posterior_transition_distance,11-25,seen/20,6357,17.503382098474123,-0.007897188237691187,0.9625924178071417,0.005411357558596824,0.026050023596035865,0.005946201038225578,-0.0005348434796287544
MarbleNet,reference,reference,posterior_transition_distance,26-50,seen/20,6551,36.84857273698672,-0.001098476363607612,0.9970996794382536,0.0,0.0025950236605098457,0.0003052969012364525,-0.0003052969012364525
TinyGRU,seed,41,posterior_transition_distance,26-50,seen/20,6551,36.84857273698672,-9.890411327116273e-05,0.9903831476110517,0.0016791329568004885,0.005495344222256144,0.00244237520989162,-0.0007632422530911313
TinyGRU,seed,59,posterior_transition_distance,26-50,seen/20,6551,36.84857273698672,0.0057889286913932695,0.9870248816974507,0.0039688597160738815,0.00809036788276599,0.0009158907037093573,0.0030529690123645243
TinyGRU,seed,71,posterior_transition_distance,26-50,seen/20,6551,36.84857273698672,0.002496248070466441,0.99053579606167,0.002747672111128072,0.005495344222256144,0.00122118760494581,0.0015264845061822622
TinyGRU,seed,83,posterior_transition_distance,26-50,seen/20,6551,36.84857273698672,-0.001677702279917917,0.9899252022591971,0.00122118760494581,0.006411234925965501,0.00244237520989162,-0.00122118760494581
TinyGRU,seed,97,posterior_transition_distance,26-50,seen/20,6551,36.84857273698672,0.0025570220911339168,0.9893146084567241,0.0030529690123645243,0.0073271256296748586,0.0003052969012364525,0.0027476721111280716
TinyGRU,aggregate,aggregate,posterior_transition_distance,26-50,seen/20,6551,36.84857273698672,0.0018131184919609096,0.9894367272172186,0.0025339642802625554,0.006563883376583727,0.0014654251259349719,0.0010685391543275836
MarbleNet,reference,reference,posterior_transition_distance,>50,seen/20,9611,96.24888148995942,0.0004053464237569575,0.9951097700551451,0.0,0.004161897825408386,0.0007283321194464676,-0.0007283321194464676
TinyGRU,seed,41,posterior_transition_distance,>50,seen/20,9611,96.24888148995942,0.0136157745439412,0.9834564561440017,0.007179273748829466,0.00905212777026324,0.00031214233690562894,0.006867131411923837
TinyGRU,seed,59,posterior_transition_distance,>50,seen/20,9611,96.24888148995942,0.011636021517155275,0.9828321714701904,0.005202372281760482,0.011445219019873063,0.0005202372281760483,0.004682135053584434
TinyGRU,seed,71,posterior_transition_distance,>50,seen/20,9611,96.24888148995942,0.01470644625443219,0.9853293101654355,0.005930704401206951,0.008219748205181563,0.0005202372281760483,0.0054104671730309025
TinyGRU,seed,83,posterior_transition_distance,>50,seen/20,9611,96.24888148995942,0.00499620137007621,0.9882426386432213,0.002393091249609822,0.00915617521589845,0.00020809489127041931,0.0021849963583394027
TinyGRU,seed,97,posterior_transition_distance,>50,seen/20,9611,96.24888148995942,0.00919190804861801,0.9905316824471959,0.00301737592342108,0.0062428467381125795,0.00020809489127041931,0.002809281032150661
TinyGRU,aggregate,aggregate,posterior_transition_distance,>50,seen/20,9611,96.24888148995942,0.010829270346844576,0.986078451774009,0.00474456352096556,0.00882322338986578,0.00035376131515971285,0.004390802205805847
MarbleNet,reference,reference,posterior_transition_distance,0,unseen/-5,510,0.0,0.12971777201475845,0.4529411764705882,0.307843137254902,0.17647058823529413,0.06274509803921569,0.24509803921568626
TinyGRU,seed,41,posterior_transition_distance,0,unseen/-5,510,0.0,0.19897726765801033,0.26666666666666666,0.0784313725490196,0.6352941176470588,0.0196078431372549,0.058823529411764705
TinyGRU,seed,59,posterior_transition_distance,0,unseen/-5,510,0.0,0.24838202051278732,0.28823529411764703,0.296078431372549,0.35490196078431374,0.060784313725490195,0.23529411764705882
TinyGRU,seed,71,posterior_transition_distance,0,unseen/-5,510,0.0,0.20640962750701475,0.38823529411764707,0.11764705882352941,0.47843137254901963,0.01568627450980392,0.10196078431372549
TinyGRU,seed,83,posterior_transition_distance,0,unseen/-5,510,0.0,-0.009801644096262671,0.2607843137254902,0.07647058823529412,0.5980392156862745,0.06470588235294118,0.011764705882352941
TinyGRU,seed,97,posterior_transition_distance,0,unseen/-5,510,0.0,0.14564206894237336,0.3333333333333333,0.12549019607843137,0.5019607843137255,0.0392156862745098,0.08627450980392157
TinyGRU,aggregate,aggregate,posterior_transition_distance,0,unseen/-5,510,0.0,0.15792186810478462,0.3074509803921569,0.13882352941176473,0.5137254901960784,0.039999999999999994,0.09882352941176474
MarbleNet,reference,reference,posterior_transition_distance,1,unseen/-5,728,1.0,0.15082944227042971,0.46840659340659335,0.2403846153846154,0.24725274725274726,0.04395604395604396,0.19642857142857142
TinyGRU,seed,41,posterior_transition_distance,1,unseen/-5,728,1.0,0.19933005497372627,0.2733516483516483,0.06868131868131869,0.6346153846153846,0.023351648351648352,0.045329670329670335
TinyGRU,seed,59,posterior_transition_distance,1,unseen/-5,728,1.0,0.24228052013074763,0.3241758241758242,0.2815934065934066,0.35714285714285715,0.03708791208791209,0.2445054945054945
TinyGRU,seed,71,posterior_transition_distance,1,unseen/-5,728,1.0,0.20237258650085407,0.3804945054945055,0.125,0.4642857142857143,0.03021978021978022,0.09478021978021978
TinyGRU,seed,83,posterior_transition_distance,1,unseen/-5,728,1.0,-0.018776214125385878,0.2815934065934066,0.0521978021978022,0.6057692307692307,0.06043956043956044,-0.00824175824175824
TinyGRU,seed,97,posterior_transition_distance,1,unseen/-5,728,1.0,0.14295330320683777,0.35027472527472525,0.12637362637362637,0.4807692307692308,0.042582417582417584,0.08379120879120878
TinyGRU,aggregate,aggregate,posterior_transition_distance,1,unseen/-5,728,1.0,0.15363205013735595,0.321978021978022,0.13076923076923075,0.5085164835164836,0.03873626373626374,0.09203296703296701
MarbleNet,reference,reference,posterior_transition_distance,2-4,unseen/-5,1496,2.910427807486631,0.14784412972792962,0.5300802139037433,0.1410427807486631,0.30280748663101603,0.02606951871657754,0.11497326203208556
TinyGRU,seed,41,posterior_transition_distance,2-4,unseen/-5,1496,2.910427807486631,0.20883866026844514,0.30280748663101603,0.08221925133689839,0.5909090909090909,0.02406417112299465,0.05815508021390374
TinyGRU,seed,59,posterior_transition_distance,2-4,unseen/-5,1496,2.910427807486631,0.23417237490197226,0.37366310160427807,0.24598930481283424,0.3442513368983957,0.03609625668449198,0.20989304812834225
TinyGRU,seed,71,posterior_transition_distance,2-4,unseen/-5,1496,2.910427807486631,0.21863195447249115,0.393048128342246,0.1463903743315508,0.42045454545454547,0.040106951871657755,0.10628342245989306
TinyGRU,seed,83,posterior_transition_distance,2-4,unseen/-5,1496,2.910427807486631,-0.02045744850157988,0.3255347593582888,0.04879679144385027,0.5621657754010695,0.06350267379679145,-0.01470588235294118
TinyGRU,seed,97,posterior_transition_distance,2-4,unseen/-5,1496,2.910427807486631,0.14481419102955784,0.3870320855614973,0.1323529411764706,0.4445187165775401,0.03609625668449198,0.0962566844919786
TinyGRU,aggregate,aggregate,posterior_transition_distance,2-4,unseen/-5,1496,2.910427807486631,0.1571999464341773,0.35641711229946527,0.13114973262032087,0.4724598930481284,0.039973262032085566,0.0911764705882353
MarbleNet,reference,reference,posterior_transition_distance,5-10,unseen/-5,1879,7.237892496008516,0.09364278014068875,0.6482171367748802,0.041511442256519426,0.30228845130388504,0.007982969664715274,0.03352847259180415
TinyGRU,seed,41,posterior_transition_distance,5-10,unseen/-5,1879,7.237892496008516,0.16412793600438697,0.4417243214475785,0.08887706226716338,0.4422565194252262,0.027142096860031932,0.06173496540713145
TinyGRU,seed,59,posterior_transition_distance,5-10,unseen/-5,1879,7.237892496008516,0.1817031021913989,0.48430015965939327,0.2086216072378925,0.27088877062267164,0.036189462480042574,0.17243214475784993
TinyGRU,seed,71,posterior_transition_distance,5-10,unseen/-5,1879,7.237892496008516,0.17112728077223086,0.5114422565194252,0.1415646620542842,0.3246407663650878,0.022352315061202766,0.11921234699308143
TinyGRU,seed,83,posterior_transition_distance,5-10,unseen/-5,1879,7.237892496008516,-0.01323516856298436,0.4550292708887706,0.061734965407131456,0.4204364023416711,0.06279936136242682,-0.0010643959552953663
TinyGRU,seed,97,posterior_transition_distance,5-10,unseen/-5,1879,7.237892496008516,0.10656168188625165,0.5194252261841406,0.10537519957424162,0.34167110164981374,0.03352847259180415,0.07184672698243746
TinyGRU,aggregate,aggregate,posterior_transition_distance,5-10,unseen/-5,1879,7.237892496008516,0.12205696645825681,0.4823842469398616,0.12123469930814265,0.35997871208089416,0.03640234167110165,0.084832357637041
MarbleNet,reference,reference,posterior_transition_distance,11-25,unseen/-5,2666,17.190172543135784,0.0119298469817224,0.7839459864966241,0.007876969242310577,0.18604651162790697,0.02213053263315829,-0.014253563390847712
TinyGRU,seed,41,posterior_transition_distance,11-25,unseen/-5,2666,17.190172543135784,0.07386891972405163,0.7055513878469617,0.05438859714928732,0.2355588897224306,0.00450112528132033,0.04988747186796699
TinyGRU,seed,59,posterior_transition_distance,11-25,unseen/-5,2666,17.190172543135784,0.07949729357700185,0.7018004501125281,0.09714928732183045,0.17629407351837958,0.024756189047261814,0.07239309827456863
TinyGRU,seed,71,posterior_transition_distance,11-25,unseen/-5,2666,17.190172543135784,0.07332869511206143,0.7070517629407351,0.09264816204051013,0.1714178544636159,0.028882220555138786,0.06376594148537135
TinyGRU,seed,83,posterior_transition_distance,11-25,unseen/-5,2666,17.190172543135784,-0.02872880189924735,0.7003000750187547,0.03225806451612903,0.22993248312078018,0.037509377344336084,-0.005251312828207053
TinyGRU,seed,97,posterior_transition_distance,11-25,unseen/-5,2666,17.190172543135784,0.03220504535990239,0.7258064516129032,0.0708927231807952,0.18304576144036008,0.020255063765941484,0.05063765941485372
TinyGRU,aggregate,aggregate,posterior_transition_distance,11-25,unseen/-5,2666,17.190172543135784,0.04603423037475398,0.7081020255063766,0.06946736684171044,0.1992498124531133,0.023180795198799703,0.04628657164291074
MarbleNet,reference,reference,posterior_transition_distance,26-50,unseen/-5,2308,36.92374350086655,-0.041530832144326624,0.847053726169844,0.00389948006932409,0.11265164644714037,0.036395147313691506,-0.03249566724436742
TinyGRU,seed,41,posterior_transition_distance,26-50,unseen/-5,2308,36.92374350086655,0.00741294018566092,0.817157712305026,0.01776429809358752,0.1572790294627383,0.00779896013864818,0.00996533795493934
TinyGRU,seed,59,posterior_transition_distance,26-50,unseen/-5,2308,36.92374350086655,-0.015984153100528215,0.7876949740034662,0.03119584055459272,0.14471403812824957,0.036395147313691506,-0.005199306759098785
TinyGRU,seed,71,posterior_transition_distance,26-50,unseen/-5,2308,36.92374350086655,-0.0101440741095132,0.7998266897746967,0.03076256499133449,0.12694974003466206,0.04246100519930676,-0.011698440207972272
TinyGRU,seed,83,posterior_transition_distance,26-50,unseen/-5,2308,36.92374350086655,-0.02965667886201232,0.8149913344887348,0.01949740034662045,0.14341421143847488,0.022097053726169845,-0.0025996533795493958
TinyGRU,seed,97,posterior_transition_distance,26-50,unseen/-5,2308,36.92374350086655,0.003062233611312734,0.8266897746967071,0.0255632582322357,0.1291161178509532,0.018630849220103985,0.006932409012131716
TinyGRU,aggregate,aggregate,posterior_transition_distance,26-50,unseen/-5,2308,36.92374350086655,-0.009061946455016016,0.8092720970537263,0.024956672443674176,0.1402946273830156,0.025476603119584055,-0.0005199306759098785
MarbleNet,reference,reference,posterior_transition_distance,>50,unseen/-5,5829,351.8119746097101,0.049842836169901705,0.8512609366958312,0.004975124378109453,0.14307771487390633,0.0006862240521530279,0.004288900325956425
TinyGRU,seed,41,posterior_transition_distance,>50,unseen/-5,5829,351.8119746097101,-0.0077331653676112975,0.8414822439526506,0.0051466803911477095,0.1526848516040487,0.0006862240521530279,0.004460456338994682
TinyGRU,seed,59,posterior_transition_distance,>50,unseen/-5,5829,351.8119746097101,0.02237764963702902,0.8356493395093498,0.0066906845084920225,0.15217018356493395,0.005489792417224223,0.0012008920912677992
TinyGRU,seed,71,posterior_transition_distance,>50,unseen/-5,5829,351.8119746097101,-0.030782144809919986,0.8373648996397324,0.0053182364041859664,0.15337107565620176,0.00394578829987991,0.001372448104306056
TinyGRU,seed,83,posterior_transition_distance,>50,unseen/-5,5829,351.8119746097101,-0.052190199506309994,0.8399382398353062,0.00394578829987991,0.15354263166924,0.0025733401955738548,0.0013724481043060556
TinyGRU,seed,97,posterior_transition_distance,>50,unseen/-5,5829,351.8119746097101,-0.01762858392127248,0.8311888831703551,0.006347572482415509,0.14856750729113055,0.013896037056098817,-0.007548464573683308
TinyGRU,aggregate,aggregate,posterior_transition_distance,>50,unseen/-5,5829,351.8119746097101,-0.01719128879361695,0.8371247212214789,0.005489792417224225,0.15206724995711102,0.0053182364041859664,0.00017155601303825863
MarbleNet,reference,reference,posterior_transition_distance,0,unseen/0,340,0.0,0.0832248218676481,0.4705882352941176,0.23529411764705882,0.21176470588235294,0.08235294117647059,0.15294117647058825
TinyGRU,seed,41,posterior_transition_distance,0,unseen/0,340,0.0,0.09180255140025305,0.3205882352941177,0.1,0.4970588235294118,0.08235294117647059,0.01764705882352942
TinyGRU,seed,59,posterior_transition_distance,0,unseen/0,340,0.0,0.03905454205647626,0.4294117647058823,0.11470588235294117,0.4088235294117647,0.047058823529411764,0.06764705882352941
TinyGRU,seed,71,posterior_transition_distance,0,unseen/0,340,0.0,0.016108195436071678,0.4147058823529412,0.14411764705882352,0.39705882352941174,0.04411764705882353,0.09999999999999998
TinyGRU,seed,83,posterior_transition_distance,0,unseen/0,340,0.0,-0.007428971484676093,0.38235294117647056,0.08823529411764706,0.47941176470588237,0.05,0.03823529411764706
TinyGRU,seed,97,posterior_transition_distance,0,unseen/0,340,0.0,0.08449683629935749,0.4323529411764706,0.10294117647058823,0.4176470588235294,0.047058823529411764,0.055882352941176466
TinyGRU,aggregate,aggregate,posterior_transition_distance,0,unseen/0,340,0.0,0.044806630741496475,0.3958823529411765,0.11000000000000001,0.44,0.05411764705882353,0.05588235294117649
MarbleNet,reference,reference,posterior_transition_distance,1,unseen/0,462,1.0,0.08133436520334979,0.48484848484848486,0.17316017316017315,0.2748917748917749,0.0670995670995671,0.10606060606060606
TinyGRU,seed,41,posterior_transition_distance,1,unseen/0,462,1.0,0.07165755310852051,0.33116883116883117,0.06926406926406926,0.5497835497835498,0.049783549783549784,0.01948051948051948
TinyGRU,seed,59,posterior_transition_distance,1,unseen/0,462,1.0,0.03738456513992962,0.4134199134199134,0.10173160173160173,0.42857142857142855,0.05627705627705628,0.04545454545454545
TinyGRU,seed,71,posterior_transition_distance,1,unseen/0,462,1.0,0.004994846390661331,0.4004329004329004,0.11688311688311688,0.42424242424242425,0.05844155844155844,0.05844155844155844
TinyGRU,seed,83,posterior_transition_distance,1,unseen/0,462,1.0,-0.0196244754094078,0.37012987012987014,0.08441558441558442,0.5086580086580087,0.0367965367965368,0.047619047619047616
TinyGRU,seed,97,posterior_transition_distance,1,unseen/0,462,1.0,0.08025063205200848,0.42207792207792205,0.09090909090909091,0.4329004329004329,0.05411255411255411,0.0367965367965368
TinyGRU,aggregate,aggregate,posterior_transition_distance,1,unseen/0,462,1.0,0.03493262425634243,0.3874458874458874,0.09264069264069263,0.46883116883116877,0.05108225108225108,0.04155844155844155
MarbleNet,reference,reference,posterior_transition_distance,2-4,unseen/0,1008,2.9226190476190474,0.07311091864115146,0.5753968253968254,0.09027777777777778,0.310515873015873,0.023809523809523808,0.06646825396825397
TinyGRU,seed,41,posterior_transition_distance,2-4,unseen/0,1008,2.9226190476190474,0.06504334740492806,0.4037698412698413,0.06944444444444445,0.4930555555555556,0.03373015873015873,0.03571428571428572
TinyGRU,seed,59,posterior_transition_distance,2-4,unseen/0,1008,2.9226190476190474,0.03403287630627316,0.45634920634920634,0.09623015873015874,0.39880952380952384,0.04861111111111111,0.04761904761904762
TinyGRU,seed,71,posterior_transition_distance,2-4,unseen/0,1008,2.9226190476190474,0.0013384008896895915,0.46726190476190477,0.07539682539682539,0.3948412698412698,0.0625,0.012896825396825393
TinyGRU,seed,83,posterior_transition_distance,2-4,unseen/0,1008,2.9226190476190474,-0.002245130265192418,0.41964285714285715,0.08134920634920635,0.4652777777777778,0.03373015873015873,0.04761904761904762
TinyGRU,seed,97,posterior_transition_distance,2-4,unseen/0,1008,2.9226190476190474,0.0724315102594869,0.4781746031746032,0.07837301587301587,0.39384920634920634,0.0496031746031746,0.02876984126984127
TinyGRU,aggregate,aggregate,posterior_transition_distance,2-4,unseen/0,1008,2.9226190476190474,0.03412020091903705,0.44503968253968257,0.08015873015873015,0.4291666666666667,0.04563492063492063,0.03452380952380952
MarbleNet,reference,reference,posterior_transition_distance,5-10,unseen/0,1335,7.28689138576779,0.06412872442520849,0.7205992509363295,0.04794007490636704,0.22846441947565543,0.00299625468164794,0.0449438202247191
TinyGRU,seed,41,posterior_transition_distance,5-10,unseen/0,1335,7.28689138576779,0.03929111074083253,0.5700374531835206,0.04344569288389513,0.352059925093633,0.03445692883895131,0.008988764044943823
TinyGRU,seed,59,posterior_transition_distance,5-10,unseen/0,1335,7.28689138576779,0.029719285042965022,0.6112359550561798,0.06441947565543071,0.2876404494382023,0.03670411985018727,0.027715355805243445
TinyGRU,seed,71,posterior_transition_distance,5-10,unseen/0,1335,7.28689138576779,-0.011660489569816461,0.6112359550561798,0.052434456928838954,0.2868913857677903,0.04943820224719101,0.0029962546816479432
TinyGRU,seed,83,posterior_transition_distance,5-10,unseen/0,1335,7.28689138576779,0.007442815712485112,0.5797752808988764,0.04119850187265917,0.352059925093633,0.02696629213483146,0.014232209737827711
TinyGRU,seed,97,posterior_transition_distance,5-10,unseen/0,1335,7.28689138576779,0.046726475260401815,0.6209737827715356,0.07041198501872659,0.2696629213483146,0.03895131086142322,0.031460674157303366
TinyGRU,aggregate,aggregate,posterior_transition_distance,5-10,unseen/0,1335,7.28689138576779,0.02230383943737361,0.5986516853932584,0.05438202247191012,0.3096629213483146,0.037303370786516854,0.017078651685393263
MarbleNet,reference,reference,posterior_transition_distance,11-25,unseen/0,2175,17.39080459770115,0.05262768948091103,0.8537931034482759,0.022988505747126436,0.11632183908045977,0.006896551724137931,0.016091954022988506
TinyGRU,seed,41,posterior_transition_distance,11-25,unseen/0,2175,17.39080459770115,0.021915626354847034,0.775632183908046,0.030804597701149426,0.1742528735632184,0.019310344827586208,0.011494252873563218
TinyGRU,seed,59,posterior_transition_distance,11-25,unseen/0,2175,17.39080459770115,0.029531168054895206,0.8036781609195403,0.03402298850574713,0.14022988505747128,0.022068965517241378,0.011954022988505751
TinyGRU,seed,71,posterior_transition_distance,11-25,unseen/0,2175,17.39080459770115,0.006075939357204815,0.7779310344827586,0.03770114942528736,0.15632183908045977,0.028045977011494253,0.009655172413793104
TinyGRU,seed,83,posterior_transition_distance,11-25,unseen/0,2175,17.39080459770115,0.016670394919932746,0.7949425287356322,0.021149425287356322,0.17333333333333334,0.010574712643678161,0.010574712643678161
TinyGRU,seed,97,posterior_transition_distance,11-25,unseen/0,2175,17.39080459770115,0.03851354280750876,0.7852873563218391,0.04459770114942529,0.1503448275862069,0.019770114942528734,0.024827586206896554
TinyGRU,aggregate,aggregate,posterior_transition_distance,11-25,unseen/0,2175,17.39080459770115,0.022541334298877707,0.7874942528735632,0.03365517241379311,0.15889655172413794,0.01995402298850575,0.013701149425287357
MarbleNet,reference,reference,posterior_transition_distance,26-50,unseen/0,2265,36.849889624724064,0.02811727757804363,0.9152317880794701,0.0030905077262693157,0.07770419426048565,0.003973509933774834,-0.0008830022075055188
TinyGRU,seed,41,posterior_transition_distance,26-50,unseen/0,2265,36.849889624724064,-0.025513044890191423,0.8962472406181016,0.002207505518763797,0.09271523178807947,0.008830022075055188,-0.006622516556291391
TinyGRU,seed,59,posterior_transition_distance,26-50,unseen/0,2265,36.849889624724064,-0.02406701110980299,0.8777041942604856,0.013686534216335542,0.08256070640176601,0.026048565121412803,-0.012362030905077261
TinyGRU,seed,71,posterior_transition_distance,26-50,unseen/0,2265,36.849889624724064,-0.03427089337594625,0.8852097130242825,0.02163355408388521,0.07947019867549669,0.013686534216335542,0.007947019867549669
TinyGRU,seed,83,posterior_transition_distance,26-50,unseen/0,2265,36.849889624724064,-0.010481597038787416,0.8975717439293598,0.01545253863134658,0.08035320088300221,0.006622516556291391,0.008830022075055188
TinyGRU,seed,97,posterior_transition_distance,26-50,unseen/0,2265,36.849889624724064,-0.007827109802648889,0.9134657836644592,0.015894039735099338,0.0631346578366446,0.0075055187637969095,0.008388520971302427
TinyGRU,aggregate,aggregate,posterior_transition_distance,26-50,unseen/0,2265,36.849889624724064,-0.020431931243475396,0.8940397350993378,0.013774834437086093,0.07964679911699779,0.012538631346578366,0.0012362030905077263
MarbleNet,reference,reference,posterior_transition_distance,>50,unseen/0,6770,405.34298375184636,0.02554483474858122,0.9116691285081241,0.0008862629246676514,0.08611521418020679,0.001329394387001477,-0.0004431314623338257
TinyGRU,seed,41,posterior_transition_distance,>50,unseen/0,6770,405.34298375184636,0.003752536773799182,0.9076809453471196,0.0,0.0895125553914328,0.002806499261447563,-0.002806499261447563
TinyGRU,seed,59,posterior_transition_distance,>50,unseen/0,6770,405.34298375184636,0.011609019441099716,0.9078286558345643,0.004283604135893649,0.0844903988183161,0.003397341211225997,0.0008862629246676515
TinyGRU,seed,71,posterior_transition_distance,>50,unseen/0,6770,405.34298375184636,0.015000536046091542,0.9107828655834564,0.00413589364844904,0.08404726735598228,0.00103397341211226,0.00310192023633678
TinyGRU,seed,83,posterior_transition_distance,>50,unseen/0,6770,405.34298375184636,0.009560960838153904,0.9098966026587888,0.003988183161004431,0.08375184638109305,0.002363367799113737,0.0016248153618906944
TinyGRU,seed,97,posterior_transition_distance,>50,unseen/0,6770,405.34298375184636,0.011085309004381753,0.9127031019202363,0.006351550960118168,0.07976366322008863,0.0011816838995568684,0.0051698670605613
TinyGRU,aggregate,aggregate,posterior_transition_distance,>50,unseen/0,6770,405.34298375184636,0.010201672420705219,0.9097784342688331,0.003751846381093058,0.08431314623338257,0.002156573116691285,0.001595273264401773
MarbleNet,reference,reference,posterior_transition_distance,0,unseen/5,412,0.0,0.12899533326402765,0.4854368932038835,0.30097087378640774,0.15048543689320387,0.06310679611650485,0.23786407766990292
TinyGRU,seed,41,posterior_transition_distance,0,unseen/5,412,0.0,0.2503723047186815,0.17718446601941748,0.06310679611650485,0.7548543689320388,0.0048543689320388345,0.05825242718446602
TinyGRU,seed,59,posterior_transition_distance,0,unseen/5,412,0.0,0.16952179198845188,0.2111650485436893,0.14805825242718446,0.616504854368932,0.024271844660194174,0.12378640776699028
TinyGRU,seed,71,posterior_transition_distance,0,unseen/5,412,0.0,-0.001970792177225027,0.24757281553398058,0.0412621359223301,0.6359223300970874,0.07524271844660194,-0.033980582524271837
TinyGRU,seed,83,posterior_transition_distance,0,unseen/5,412,0.0,-0.021677184300279255,0.21359223300970873,0.01699029126213592,0.7451456310679612,0.024271844660194174,-0.007281553398058253
TinyGRU,seed,97,posterior_transition_distance,0,unseen/5,412,0.0,0.17913803040229923,0.28398058252427183,0.1262135922330097,0.5558252427184466,0.03398058252427184,0.09223300970873786
TinyGRU,aggregate,aggregate,posterior_transition_distance,0,unseen/5,412,0.0,0.11507683012638566,0.22669902912621362,0.07912621359223301,0.6616504854368933,0.032524271844660196,0.04660194174757282
MarbleNet,reference,reference,posterior_transition_distance,1,unseen/5,591,1.0,0.12332027801211884,0.48561759729272425,0.24196277495769883,0.24196277495769883,0.030456852791878174,0.21150592216582065
TinyGRU,seed,41,posterior_transition_distance,1,unseen/5,591,1.0,0.24484328710320108,0.19458544839255498,0.047377326565143825,0.7428087986463621,0.015228426395939087,0.03214890016920474
TinyGRU,seed,59,posterior_transition_distance,1,unseen/5,591,1.0,0.16982107486007847,0.2470389170896785,0.14213197969543148,0.5854483925549916,0.025380710659898477,0.11675126903553301
TinyGRU,seed,71,posterior_transition_distance,1,unseen/5,591,1.0,0.0027991394798346217,0.2622673434856176,0.06260575296108291,0.61082910321489,0.06429780033840947,-0.001692047377326561
TinyGRU,seed,83,posterior_transition_distance,1,unseen/5,591,1.0,-0.024653460161849345,0.2131979695431472,0.021996615905245348,0.727580372250423,0.03722504230118443,-0.015228426395939083
TinyGRU,seed,97,posterior_transition_distance,1,unseen/5,591,1.0,0.16554410885623452,0.3011844331641286,0.14213197969543148,0.5228426395939086,0.0338409475465313,0.10829103214890018
TinyGRU,aggregate,aggregate,posterior_transition_distance,1,unseen/5,591,1.0,0.11167083002749988,0.2436548223350254,0.08324873096446701,0.637901861252115,0.03519458544839256,0.048054145516074454
MarbleNet,reference,reference,posterior_transition_distance,2-4,unseen/5,1181,2.896697713801863,0.10442253888607522,0.541913632514818,0.13124470787468248,0.31329381879762913,0.013547840812870448,0.11769686706181202
TinyGRU,seed,41,posterior_transition_distance,2-4,unseen/5,1181,2.896697713801863,0.21391162999394792,0.2464013547840813,0.04826418289585097,0.6816257408975445,0.023708721422523286,0.024555461473327687
TinyGRU,seed,59,posterior_transition_distance,2-4,unseen/5,1181,2.896697713801863,0.13857999143295105,0.2938187976291279,0.13463166807790009,0.5520745131244708,0.01947502116850127,0.11515664690939881
TinyGRU,seed,71,posterior_transition_distance,2-4,unseen/5,1181,2.896697713801863,0.0045111950554169306,0.31498729889923793,0.04487722269263336,0.5766299745977985,0.06350550381033022,-0.018628281117696863
TinyGRU,seed,83,posterior_transition_distance,2-4,unseen/5,1181,2.896697713801863,-0.02209408963447153,0.2853513971210838,0.024555461473327687,0.6756985605419137,0.014394580863674851,0.010160880609652836
TinyGRU,seed,97,posterior_transition_distance,2-4,unseen/5,1181,2.896697713801863,0.14315963562566092,0.3471634208298052,0.12531752751905165,0.5038103302286198,0.023708721422523286,0.10160880609652836
TinyGRU,aggregate,aggregate,posterior_transition_distance,2-4,unseen/5,1181,2.896697713801863,0.09561367249470105,0.2975444538526672,0.07552921253175275,0.5979678238780693,0.028958509737510588,0.046570702794242164
MarbleNet,reference,reference,posterior_transition_distance,5-10,unseen/5,1546,7.296895213454075,0.0678123535609532,0.6972833117723156,0.0536869340232859,0.24191461836998707,0.0071151358344113845,0.04657179818887452
TinyGRU,seed,41,posterior_transition_distance,5-10,unseen/5,1546,7.296895213454075,0.1482760663087386,0.45601552393272965,0.03816300129366106,0.49159120310478654,0.014230271668822769,0.023932729624838292
TinyGRU,seed,59,posterior_transition_distance,5-10,unseen/5,1546,7.296895213454075,0.08771898321102313,0.48253557567917205,0.10866752910737387,0.39391979301423025,0.014877102199223804,0.09379042690815007
TinyGRU,seed,71,posterior_transition_distance,5-10,unseen/5,1546,7.296895213454075,-0.013819031111615839,0.49547218628719275,0.03880983182406209,0.42108667529107374,0.04463130659767141,-0.005821474773609316
TinyGRU,seed,83,posterior_transition_distance,5-10,unseen/5,1546,7.296895213454075,-0.025417799726879232,0.49288486416558863,0.02069857697283312,0.4683053040103493,0.018111254851228976,0.002587322121604143
TinyGRU,seed,97,posterior_transition_distance,5-10,unseen/5,1546,7.296895213454075,0.0964076715939718,0.5310478654592496,0.09831824062095731,0.3602846054333765,0.01034928848641656,0.08796895213454076
TinyGRU,aggregate,aggregate,posterior_transition_distance,5-10,unseen/5,1546,7.296895213454075,0.05863317805504771,0.49159120310478654,0.06093143596377748,0.4270375161707633,0.020439844760672704,0.040491591203104776
MarbleNet,reference,reference,posterior_transition_distance,11-25,unseen/5,2352,17.285289115646258,0.05531044795125346,0.7959183673469389,0.03188775510204082,0.16284013605442177,0.00935374149659864,0.022534013605442178
TinyGRU,seed,41,posterior_transition_distance,11-25,unseen/5,2352,17.285289115646258,0.05926987408308261,0.7100340136054422,0.025935374149659865,0.26105442176870747,0.002976190476190476,0.02295918367346939
TinyGRU,seed,59,posterior_transition_distance,11-25,unseen/5,2352,17.285289115646258,0.01836962457317174,0.7168367346938775,0.0467687074829932,0.22874149659863946,0.007653061224489796,0.0391156462585034
TinyGRU,seed,71,posterior_transition_distance,11-25,unseen/5,2352,17.285289115646258,-0.04906042295915523,0.7168367346938775,0.01403061224489796,0.23681972789115646,0.03231292517006803,-0.018282312925170068
TinyGRU,seed,83,posterior_transition_distance,11-25,unseen/5,2352,17.285289115646258,-0.03180442898324388,0.7419217687074829,0.00510204081632653,0.2389455782312925,0.01403061224489796,-0.008928571428571428
TinyGRU,seed,97,posterior_transition_distance,11-25,unseen/5,2352,17.285289115646258,0.03400518682531223,0.7627551020408163,0.047193877551020405,0.18622448979591838,0.003826530612244898,0.04336734693877551
TinyGRU,aggregate,aggregate,posterior_transition_distance,11-25,unseen/5,2352,17.285289115646258,0.006155966707833491,0.7296768707482992,0.027806122448979596,0.23035714285714284,0.012159863945578232,0.015646258503401365
MarbleNet,reference,reference,posterior_transition_distance,26-50,unseen/5,2301,36.88483268144285,0.052528522289964415,0.8287700999565407,0.03129074315514994,0.13255106475445458,0.007388092133854845,0.023902651021295088
TinyGRU,seed,41,posterior_transition_distance,26-50,unseen/5,2301,36.88483268144285,-0.0074263284750078875,0.8200782268578879,0.00651890482398957,0.17340286831812254,0.0,0.00651890482398957
TinyGRU,seed,59,posterior_transition_distance,26-50,unseen/5,2301,36.88483268144285,-0.021616247158225133,0.8231203824424164,0.02216427640156454,0.14254671881790526,0.012168622338113864,0.009995654063450675
TinyGRU,seed,71,posterior_transition_distance,26-50,unseen/5,2301,36.88483268144285,-0.07661046529284257,0.8300738809213386,0.006084311169056932,0.1338548457192525,0.02998696219035202,-0.023902651021295088
TinyGRU,seed,83,posterior_transition_distance,26-50,unseen/5,2301,36.88483268144285,-0.05148738807163808,0.8305084745762712,0.0,0.16427640156453716,0.005215123859191656,-0.005215123859191656
TinyGRU,seed,97,posterior_transition_distance,26-50,unseen/5,2301,36.88483268144285,-0.010386815806602178,0.8604954367666232,0.014341590612777053,0.11994784876140809,0.005215123859191656,0.009126466753585397
TinyGRU,aggregate,aggregate,posterior_transition_distance,26-50,unseen/5,2301,36.88483268144285,-0.03350544896086316,0.8328552803129075,0.009821816601477618,0.1468057366362451,0.01051716644936984,-0.0006953498478922213
MarbleNet,reference,reference,posterior_transition_distance,>50,unseen/5,6440,178.4774844720497,0.013880568308765776,0.8979813664596273,0.0009316770186335404,0.09642857142857143,0.004658385093167702,-0.0037267080745341614
TinyGRU,seed,41,posterior_transition_distance,>50,unseen/5,6440,178.4774844720497,-0.01123125111785211,0.8909937888198758,0.0004658385093167702,0.10574534161490683,0.0027950310559006213,-0.002329192546583851
TinyGRU,seed,59,posterior_transition_distance,>50,unseen/5,6440,178.4774844720497,-0.014672284991975058,0.8953416149068323,0.0035714285714285713,0.09627329192546584,0.004813664596273292,-0.0012422360248447203
TinyGRU,seed,71,posterior_transition_distance,>50,unseen/5,6440,178.4774844720497,-0.018681852527094714,0.8959627329192547,0.002018633540372671,0.09239130434782608,0.009627329192546583,-0.0076086956521739125
TinyGRU,seed,83,posterior_transition_distance,>50,unseen/5,6440,178.4774844720497,-0.01440190414370455,0.8978260869565218,0.00015527950310559007,0.09891304347826087,0.003105590062111801,-0.002950310559006211
TinyGRU,seed,97,posterior_transition_distance,>50,unseen/5,6440,178.4774844720497,-0.011237093476493945,0.9021739130434783,0.004658385093167702,0.08866459627329193,0.0045031055900621115,0.00015527950310559053
TinyGRU,aggregate,aggregate,posterior_transition_distance,>50,unseen/5,6440,178.4774844720497,-0.014044877251424075,0.8964596273291925,0.002173913043478261,0.09639751552795033,0.004968944099378882,-0.0027950310559006213
MarbleNet,reference,reference,posterior_transition_distance,0,unseen/10,96,0.0,0.04121240038202127,0.5729166666666666,0.125,0.25,0.052083333333333336,0.07291666666666667
TinyGRU,seed,41,posterior_transition_distance,0,unseen/10,96,0.0,0.07642929218482217,0.4270833333333333,0.052083333333333336,0.4895833333333333,0.03125,0.020833333333333336
TinyGRU,seed,59,posterior_transition_distance,0,unseen/10,96,0.0,0.05064497762964381,0.3958333333333333,0.052083333333333336,0.4895833333333333,0.0625,-0.010416666666666664
TinyGRU,seed,71,posterior_transition_distance,0,unseen/10,96,0.0,0.059811092780498086,0.3854166666666667,0.08333333333333333,0.4791666666666667,0.052083333333333336,0.031249999999999993
TinyGRU,seed,83,posterior_transition_distance,0,unseen/10,96,0.0,0.12301785065251213,0.3854166666666667,0.03125,0.5520833333333334,0.03125,0.0
TinyGRU,seed,97,posterior_transition_distance,0,unseen/10,96,0.0,0.11749313062934978,0.4270833333333333,0.10416666666666667,0.4270833333333333,0.041666666666666664,0.0625
TinyGRU,aggregate,aggregate,posterior_transition_distance,0,unseen/10,96,0.0,0.0854792687753652,0.4041666666666666,0.06458333333333334,0.4875,0.043750000000000004,0.020833333333333336
MarbleNet,reference,reference,posterior_transition_distance,1,unseen/10,155,1.0,0.030016641389512395,0.561290322580645,0.1032258064516129,0.3161290322580645,0.01935483870967742,0.08387096774193549
TinyGRU,seed,41,posterior_transition_distance,1,unseen/10,155,1.0,0.06452883258304394,0.432258064516129,0.01935483870967742,0.5161290322580645,0.03225806451612903,-0.012903225806451611
TinyGRU,seed,59,posterior_transition_distance,1,unseen/10,155,1.0,0.06119594906619319,0.3935483870967742,0.05161290322580645,0.5161290322580645,0.03870967741935484,0.012903225806451611
TinyGRU,seed,71,posterior_transition_distance,1,unseen/10,155,1.0,0.07210638387593425,0.34838709677419355,0.0967741935483871,0.4967741935483871,0.05806451612903226,0.038709677419354833
TinyGRU,seed,83,posterior_transition_distance,1,unseen/10,155,1.0,0.10904135884159334,0.34838709677419355,0.05161290322580645,0.5612903225806452,0.03870967741935484,0.012903225806451611
TinyGRU,seed,97,posterior_transition_distance,1,unseen/10,155,1.0,0.1014743633261965,0.4064516129032258,0.08387096774193549,0.47096774193548385,0.03870967741935484,0.04516129032258065
TinyGRU,aggregate,aggregate,posterior_transition_distance,1,unseen/10,155,1.0,0.08166937753859224,0.3858064516129032,0.06064516129032258,0.5122580645161291,0.04129032258064517,0.019354838709677413
MarbleNet,reference,reference,posterior_transition_distance,2-4,unseen/10,388,2.943298969072165,0.014604304555823667,0.652061855670103,0.020618556701030927,0.32216494845360827,0.005154639175257732,0.015463917525773196
TinyGRU,seed,41,posterior_transition_distance,2-4,unseen/10,388,2.943298969072165,0.06649742951805182,0.48711340206185566,0.03865979381443299,0.4484536082474227,0.02577319587628866,0.012886597938144333
TinyGRU,seed,59,posterior_transition_distance,2-4,unseen/10,388,2.943298969072165,0.04353514592834569,0.4896907216494845,0.059278350515463915,0.41494845360824745,0.03608247422680412,0.023195876288659795
TinyGRU,seed,71,posterior_transition_distance,2-4,unseen/10,388,2.943298969072165,0.0603194099037878,0.4587628865979381,0.07989690721649484,0.4175257731958763,0.04381443298969072,0.03608247422680412
TinyGRU,seed,83,posterior_transition_distance,2-4,unseen/10,388,2.943298969072165,0.08489423780703012,0.4639175257731959,0.05412371134020619,0.46649484536082475,0.015463917525773196,0.03865979381443299
TinyGRU,seed,97,posterior_transition_distance,2-4,unseen/10,388,2.943298969072165,0.08521958914575742,0.48195876288659795,0.10309278350515463,0.37628865979381443,0.03865979381443299,0.06443298969072164
TinyGRU,aggregate,aggregate,posterior_transition_distance,2-4,unseen/10,388,2.943298969072165,0.06809316246059456,0.47628865979381446,0.06701030927835053,0.42474226804123716,0.031958762886597936,0.03505154639175259
MarbleNet,reference,reference,posterior_transition_distance,5-10,unseen/10,609,7.402298850574713,0.007505779378056418,0.8555008210180625,0.0049261083743842365,0.13464696223316913,0.0049261083743842365,0.0
TinyGRU,seed,41,posterior_transition_distance,5-10,unseen/10,609,7.402298850574713,0.06043844266995788,0.6420361247947455,0.031198686371100164,0.3218390804597701,0.0049261083743842365,0.026272577996715927
TinyGRU,seed,59,posterior_transition_distance,5-10,unseen/10,609,7.402298850574713,0.0463126066378333,0.7060755336617406,0.03776683087027915,0.2348111658456486,0.021346469622331693,0.016420361247947456
TinyGRU,seed,71,posterior_transition_distance,5-10,unseen/10,609,7.402298850574713,0.035871357520256275,0.6847290640394089,0.047619047619047616,0.22167487684729065,0.04597701149425287,0.0016420361247947435
TinyGRU,seed,83,posterior_transition_distance,5-10,unseen/10,609,7.402298850574713,0.0588612426935361,0.6863711001642037,0.04433497536945813,0.2627257799671593,0.006568144499178982,0.03776683087027915
TinyGRU,seed,97,posterior_transition_distance,5-10,unseen/10,609,7.402298850574713,0.06823836791381463,0.7060755336617406,0.07389162561576355,0.21674876847290642,0.003284072249589491,0.07060755336617407
TinyGRU,aggregate,aggregate,posterior_transition_distance,5-10,unseen/10,609,7.402298850574713,0.05394440348707962,0.6850574712643677,0.04696223316912972,0.251559934318555,0.016420361247947456,0.030541871921182268
MarbleNet,reference,reference,posterior_transition_distance,11-25,unseen/10,1122,17.459893048128343,0.019267107292427976,0.9750445632798573,0.00267379679144385,0.022281639928698752,0.0,0.00267379679144385
TinyGRU,seed,41,posterior_transition_distance,11-25,unseen/10,1122,17.459893048128343,0.035066508824080994,0.7869875222816399,0.029411764705882353,0.18092691622103388,0.00267379679144385,0.026737967914438502
TinyGRU,seed,59,posterior_transition_distance,11-25,unseen/10,1122,17.459893048128343,0.033277164555594874,0.85650623885918,0.049019607843137254,0.08021390374331551,0.0142602495543672,0.034759358288770054
TinyGRU,seed,71,posterior_transition_distance,11-25,unseen/10,1122,17.459893048128343,0.004630713876394482,0.8324420677361853,0.040106951871657755,0.09893048128342247,0.0285204991087344,0.011586452762923354
TinyGRU,seed,83,posterior_transition_distance,11-25,unseen/10,1122,17.459893048128343,0.042616321509307435,0.8600713012477719,0.0392156862745098,0.0944741532976827,0.006238859180035651,0.03297682709447415
TinyGRU,seed,97,posterior_transition_distance,11-25,unseen/10,1122,17.459893048128343,0.04752221512697362,0.8787878787878788,0.05080213903743316,0.06684491978609626,0.0035650623885918,0.04723707664884136
TinyGRU,aggregate,aggregate,posterior_transition_distance,11-25,unseen/10,1122,17.459893048128343,0.03262258477847027,0.8429590017825311,0.04171122994652406,0.10427807486631016,0.011051693404634582,0.03065953654188948
MarbleNet,reference,reference,posterior_transition_distance,26-50,unseen/10,1138,37.10456942003515,-0.0011223809114686736,0.9912126537785589,0.0,0.0035149384885764497,0.005272407732864675,-0.005272407732864675
TinyGRU,seed,41,posterior_transition_distance,26-50,unseen/10,1138,37.10456942003515,0.02133551559439043,0.9358523725834798,0.005272407732864675,0.058875219683655534,0.0,0.005272407732864675
TinyGRU,seed,59,posterior_transition_distance,26-50,unseen/10,1138,37.10456942003515,0.03427541460268504,0.9393673110720563,0.03427065026362039,0.022847100175746926,0.0035149384885764497,0.03075571177504394
TinyGRU,seed,71,posterior_transition_distance,26-50,unseen/10,1138,37.10456942003515,0.029980750764634533,0.9472759226713533,0.02899824253075571,0.020210896309314587,0.0035149384885764497,0.025483304042179262
TinyGRU,seed,83,posterior_transition_distance,26-50,unseen/10,1138,37.10456942003515,0.01542307158822047,0.9622144112478032,0.012302284710017574,0.025483304042179262,0.0,0.012302284710017574
TinyGRU,seed,97,posterior_transition_distance,26-50,unseen/10,1138,37.10456942003515,0.03432599380761907,0.9586994727592267,0.03427065026362039,0.007029876977152899,0.0,0.03427065026362039
TinyGRU,aggregate,aggregate,posterior_transition_distance,26-50,unseen/10,1138,37.10456942003515,0.027068149271509908,0.9486818980667837,0.023022847100175742,0.02688927943760984,0.00140597539543058,0.02161687170474516
MarbleNet,reference,reference,posterior_transition_distance,>50,unseen/10,2883,96.62504335761359,0.008095507748167717,0.9549080818591744,0.000346860908775581,0.04162330905306972,0.003121748178980229,-0.002774887270204648
TinyGRU,seed,41,posterior_transition_distance,>50,unseen/10,2883,96.62504335761359,-0.0017326467499388634,0.9479708636836629,0.002081165452653486,0.04856052722858134,0.001387443635102324,0.0006937218175511622
TinyGRU,seed,59,posterior_transition_distance,>50,unseen/10,2883,96.62504335761359,0.007012088315830319,0.9497051682275408,0.001387443635102324,0.04821366631980576,0.000693721817551162,0.000693721817551162
TinyGRU,seed,71,posterior_transition_distance,>50,unseen/10,2883,96.62504335761359,0.007484874708530444,0.9524800554977454,0.001040582726326743,0.046479361775927854,0.0,0.001040582726326743
TinyGRU,seed,83,posterior_transition_distance,>50,unseen/10,2883,96.62504335761359,0.0007628895320883468,0.9545612209503989,0.000346860908775581,0.045091918140825527,0.0,0.000346860908775581
TinyGRU,seed,97,posterior_transition_distance,>50,unseen/10,2883,96.62504335761359,0.0013562272977259017,0.9562955254942768,0.0,0.04266389177939646,0.001040582726326743,-0.001040582726326743
TinyGRU,aggregate,aggregate,posterior_transition_distance,>50,unseen/10,2883,96.62504335761359,0.0029766866208472296,0.9522025667707249,0.0009712105445716267,0.046201873048907396,0.0006243496357960459,0.0003468609087755809
MarbleNet,reference,reference,posterior_transition_distance,0,unseen/15,314,0.0,0.048517062883279095,0.5095541401273886,0.16878980891719744,0.23885350318471338,0.08280254777070063,0.08598726114649681
TinyGRU,seed,41,posterior_transition_distance,0,unseen/15,314,0.0,0.070401816260423,0.42038216560509556,0.06687898089171974,0.47770700636942676,0.03503184713375796,0.03184713375796178
TinyGRU,seed,59,posterior_transition_distance,0,unseen/15,314,0.0,0.05424634428056585,0.4171974522292994,0.06369426751592357,0.4713375796178344,0.04777070063694268,0.015923566878980888
TinyGRU,seed,71,posterior_transition_distance,0,unseen/15,314,0.0,0.07339779629553282,0.4426751592356688,0.07961783439490445,0.4299363057324841,0.04777070063694268,0.031847133757961776
TinyGRU,seed,83,posterior_transition_distance,0,unseen/15,314,0.0,0.040933617858667976,0.5254777070063694,0.025477707006369428,0.43630573248407645,0.012738853503184714,0.012738853503184714
TinyGRU,seed,97,posterior_transition_distance,0,unseen/15,314,0.0,0.04105326119142365,0.44904458598726116,0.044585987261146494,0.4713375796178344,0.03503184713375796,0.009554140127388533
TinyGRU,aggregate,aggregate,posterior_transition_distance,0,unseen/15,314,0.0,0.056006567177322664,0.4509554140127388,0.05605095541401274,0.4573248407643312,0.0356687898089172,0.020382165605095537
MarbleNet,reference,reference,posterior_transition_distance,1,unseen/15,420,1.0,0.050981348006783014,0.4761904761904761,0.09047619047619047,0.3880952380952381,0.04523809523809524,0.04523809523809524
TinyGRU,seed,41,posterior_transition_distance,1,unseen/15,420,1.0,0.07510203594146063,0.4452380952380952,0.05,0.4595238095238095,0.04523809523809524,0.004761904761904766
TinyGRU,seed,59,posterior_transition_distance,1,unseen/15,420,1.0,0.054510175177550226,0.4261904761904762,0.05238095238095238,0.4857142857142857,0.03571428571428571,0.01666666666666667
TinyGRU,seed,71,posterior_transition_distance,1,unseen/15,420,1.0,0.07569183958956074,0.4452380952380952,0.07857142857142857,0.4095238095238095,0.06666666666666667,0.011904761904761904
TinyGRU,seed,83,posterior_transition_distance,1,unseen/15,420,1.0,0.042915230219245884,0.5095238095238095,0.02857142857142857,0.44285714285714284,0.01904761904761905,0.009523809523809521
TinyGRU,seed,97,posterior_transition_distance,1,unseen/15,420,1.0,0.0417677340067806,0.44285714285714284,0.05,0.46190476190476193,0.04523809523809524,0.004761904761904766
TinyGRU,aggregate,aggregate,posterior_transition_distance,1,unseen/15,420,1.0,0.05799740298691961,0.4538095238095238,0.051904761904761905,0.4519047619047619,0.04238095238095238,0.009523809523809525
MarbleNet,reference,reference,posterior_transition_distance,2-4,unseen/15,959,2.954118873826903,0.027248885976826627,0.6120959332638165,0.018769551616266946,0.35036496350364965,0.018769551616266946,0.0
TinyGRU,seed,41,posterior_transition_distance,2-4,unseen/15,959,2.954118873826903,0.06726580418054806,0.5067778936392076,0.06360792492179354,0.3816475495307612,0.047966631908237745,0.015641293013555796
TinyGRU,seed,59,posterior_transition_distance,2-4,unseen/15,959,2.954118873826903,0.04728434483677389,0.4994786235662148,0.051094890510948905,0.40875912408759124,0.040667361835245046,0.01042752867570386
TinyGRU,seed,71,posterior_transition_distance,2-4,unseen/15,959,2.954118873826903,0.05504638964104354,0.5224191866527633,0.06047966631908238,0.3743482794577685,0.04275286757038582,0.017726798748696558
TinyGRU,seed,83,posterior_transition_distance,2-4,unseen/15,959,2.954118873826903,0.03239888130065206,0.5714285714285714,0.0364963503649635,0.36496350364963503,0.027111574556830033,0.009384775808133468
TinyGRU,seed,97,posterior_transition_distance,2-4,unseen/15,959,2.954118873826903,0.03198329761658865,0.5391032325338895,0.05005213764337852,0.3680917622523462,0.04275286757038582,0.007299270072992699
TinyGRU,aggregate,aggregate,posterior_transition_distance,2-4,unseen/15,959,2.954118873826903,0.04679574351512124,0.5278415015641292,0.05234619395203336,0.3795620437956204,0.0402502606882169,0.012095933263816458
MarbleNet,reference,reference,posterior_transition_distance,5-10,unseen/15,1567,7.4109763880025525,0.006209027140070476,0.8347160178685386,0.0025526483726866626,0.15890236119974474,0.0038289725590299937,-0.0012763241863433313
TinyGRU,seed,41,posterior_transition_distance,5-10,unseen/15,1567,7.4109763880025525,0.022862942719511295,0.7409061901723037,0.03190810465858328,0.20485003190810466,0.022335673261008295,0.009572431397574983
TinyGRU,seed,59,posterior_transition_distance,5-10,unseen/15,1567,7.4109763880025525,0.007482865201002245,0.746011486917677,0.01723037651563497,0.22399489470325462,0.012763241863433313,0.004467134652201658
TinyGRU,seed,71,posterior_transition_distance,5-10,unseen/15,1567,7.4109763880025525,0.004158050929989264,0.7351627313337588,0.042756860242501596,0.18953414167198468,0.03254626675175495,0.010210593490746649
TinyGRU,seed,83,posterior_transition_distance,5-10,unseen/15,1567,7.4109763880025525,0.0078053712254652526,0.7823867262284621,0.018506700701978303,0.18889597957881302,0.01021059349074665,0.008296107211231652
TinyGRU,seed,97,posterior_transition_distance,5-10,unseen/15,1567,7.4109763880025525,0.004359453531392253,0.7453733248245055,0.01595405232929164,0.21761327377153797,0.021059349074664963,-0.005105296745373324
TinyGRU,aggregate,aggregate,posterior_transition_distance,5-10,unseen/15,1567,7.4109763880025525,0.00933373672147206,0.7499680918953414,0.02527121888959796,0.20497766432673897,0.019783024888321635,0.005488194001276325
MarbleNet,reference,reference,posterior_transition_distance,11-25,unseen/15,3003,17.4975024975025,0.009193211339811316,0.95004995004995,0.0,0.04828504828504829,0.001665001665001665,-0.001665001665001665
TinyGRU,seed,41,posterior_transition_distance,11-25,unseen/15,3003,17.4975024975025,0.0038935015072512746,0.8824508824508824,0.01898101898101898,0.08424908424908426,0.01431901431901432,0.00466200466200466
TinyGRU,seed,59,posterior_transition_distance,11-25,unseen/15,3003,17.4975024975025,-0.0008037971325515933,0.8794538794538794,0.016317016317016316,0.09523809523809523,0.008991008991008992,0.007326007326007324
TinyGRU,seed,71,posterior_transition_distance,11-25,unseen/15,3003,17.4975024975025,-0.006286235148806178,0.8947718947718948,0.019647019647019648,0.06660006660006661,0.01898101898101898,0.0006660006660006677
TinyGRU,seed,83,posterior_transition_distance,11-25,unseen/15,3003,17.4975024975025,-0.0003536927023029682,0.9154179154179154,0.009324009324009324,0.07026307026307026,0.004995004995004995,0.004329004329004329
TinyGRU,seed,97,posterior_transition_distance,11-25,unseen/15,3003,17.4975024975025,-0.002148892022651662,0.9050949050949051,0.01431901431901432,0.07092907092907093,0.009657009657009658,0.004662004662004662
TinyGRU,aggregate,aggregate,posterior_transition_distance,11-25,unseen/15,3003,17.4975024975025,-0.001139823099812225,0.8954378954378954,0.015717615717615718,0.07745587745587745,0.01138861138861139,0.004329004329004328
MarbleNet,reference,reference,posterior_transition_distance,26-50,unseen/15,3160,37.026582278481015,0.009904914198693129,0.985126582278481,0.0009493670886075949,0.013291139240506329,0.0006329113924050633,0.00031645569620253165
TinyGRU,seed,41,posterior_transition_distance,26-50,unseen/15,3160,37.026582278481015,0.016365965755846548,0.9560126582278481,0.009177215189873418,0.032278481012658226,0.002531645569620253,0.006645569620253165
TinyGRU,seed,59,posterior_transition_distance,26-50,unseen/15,3160,37.026582278481015,0.017713556861123334,0.9477848101265823,0.016455696202531647,0.03449367088607595,0.0012658227848101266,0.01518987341772152
TinyGRU,seed,71,posterior_transition_distance,26-50,unseen/15,3160,37.026582278481015,0.018143229864673004,0.9636075949367089,0.012658227848101266,0.019620253164556962,0.004113924050632912,0.008544303797468355
TinyGRU,seed,83,posterior_transition_distance,26-50,unseen/15,3160,37.026582278481015,0.0070098461403258795,0.9655063291139241,0.005379746835443038,0.02721518987341772,0.0018987341772151898,0.0034810126582278484
TinyGRU,seed,97,posterior_transition_distance,26-50,unseen/15,3160,37.026582278481015,0.009383630742891105,0.9651898734177216,0.010126582278481013,0.022468354430379745,0.0022151898734177216,0.007911392405063292
TinyGRU,aggregate,aggregate,posterior_transition_distance,26-50,unseen/15,3160,37.026582278481015,0.013723245872971974,0.959620253164557,0.010759493670886076,0.02721518987341772,0.002405063291139241,0.008354430379746834
MarbleNet,reference,reference,posterior_transition_distance,>50,unseen/15,6704,122.91124701670644,0.003107051529630161,0.9603221957040573,0.0,0.038633651551312646,0.0010441527446300716,-0.0010441527446300716
TinyGRU,seed,41,posterior_transition_distance,>50,unseen/15,6704,122.91124701670644,0.020990421942881626,0.9373508353221957,0.015214797136038186,0.04698687350835322,0.00044749403341288785,0.014767303102625298
TinyGRU,seed,59,posterior_transition_distance,>50,unseen/15,6704,122.91124701670644,0.018508628820369022,0.9355608591885441,0.012380668257756564,0.05101431980906921,0.0010441527446300716,0.011336515513126491
TinyGRU,seed,71,posterior_transition_distance,>50,unseen/15,6704,122.91124701670644,0.021263559145033254,0.9449582338902148,0.012529832935560859,0.041616945107398565,0.0008949880668257757,0.011634844868735084
TinyGRU,seed,83,posterior_transition_distance,>50,unseen/15,6704,122.91124701670644,0.008779575896048735,0.9477923627684964,0.004176610978520286,0.04683770883054893,0.0011933174224343676,0.0029832935560859188
TinyGRU,seed,97,posterior_transition_distance,>50,unseen/15,6704,122.91124701670644,0.013396010694583182,0.9483890214797136,0.006414081145584725,0.04385441527446301,0.0013424821002386634,0.0050715990453460615
TinyGRU,aggregate,aggregate,posterior_transition_distance,>50,unseen/15,6704,122.91124701670644,0.016587639299783165,0.9428102625298328,0.010143198090692125,0.04606205250596659,0.0009844868735083532,0.009158711217183771
MarbleNet,reference,reference,posterior_transition_distance,0,unseen/20,156,0.0,0.054839735420572314,0.44230769230769235,0.1858974358974359,0.26282051282051283,0.10897435897435898,0.07692307692307693
TinyGRU,seed,41,posterior_transition_distance,0,unseen/20,156,0.0,0.07579379821614511,0.5,0.0641025641025641,0.41025641025641024,0.02564102564102564,0.03846153846153846
TinyGRU,seed,59,posterior_transition_distance,0,unseen/20,156,0.0,0.08581834985954102,0.44871794871794873,0.07692307692307693,0.4358974358974359,0.038461538461538464,0.038461538461538464
TinyGRU,seed,71,posterior_transition_distance,0,unseen/20,156,0.0,0.06992612281209745,0.5064102564102564,0.05128205128205128,0.3974358974358974,0.04487179487179487,0.006410256410256408
TinyGRU,seed,83,posterior_transition_distance,0,unseen/20,156,0.0,0.026346671039722443,0.5,0.019230769230769232,0.44871794871794873,0.03205128205128205,-0.012820512820512817
TinyGRU,seed,97,posterior_transition_distance,0,unseen/20,156,0.0,0.049685140644015094,0.4358974358974359,0.057692307692307696,0.4935897435897436,0.01282051282051282,0.04487179487179488
TinyGRU,aggregate,aggregate,posterior_transition_distance,0,unseen/20,156,0.0,0.06151401651430423,0.47820512820512817,0.05384615384615385,0.4371794871794872,0.030769230769230774,0.023076923076923075
MarbleNet,reference,reference,posterior_transition_distance,1,unseen/20,227,1.0,0.04165076971112137,0.49779735682819376,0.0881057268722467,0.3788546255506608,0.03524229074889868,0.05286343612334802
TinyGRU,seed,41,posterior_transition_distance,1,unseen/20,227,1.0,0.1146110658524208,0.44052863436123346,0.09691629955947137,0.40969162995594716,0.05286343612334802,0.04405286343612335
TinyGRU,seed,59,posterior_transition_distance,1,unseen/20,227,1.0,0.13047136200231726,0.4008810572687225,0.07929515418502203,0.4669603524229075,0.05286343612334802,0.026431718061674013
TinyGRU,seed,71,posterior_transition_distance,1,unseen/20,227,1.0,0.1165963363363403,0.4845814977973568,0.07048458149779736,0.4052863436123348,0.039647577092511016,0.030837004405286347
TinyGRU,seed,83,posterior_transition_distance,1,unseen/20,227,1.0,0.05898290227126147,0.4889867841409692,0.030837004405286344,0.46255506607929514,0.01762114537444934,0.013215859030837003
TinyGRU,seed,97,posterior_transition_distance,1,unseen/20,227,1.0,0.07977626549836365,0.46255506607929514,0.06167400881057269,0.44933920704845814,0.02643171806167401,0.035242290748898675
TinyGRU,aggregate,aggregate,posterior_transition_distance,1,unseen/20,227,1.0,0.10008758639214071,0.4555066079295154,0.06784140969162995,0.4387665198237885,0.037885462555066085,0.029955947136563868
MarbleNet,reference,reference,posterior_transition_distance,2-4,unseen/20,563,2.964476021314387,0.007931386333988842,0.6394316163410302,0.019538188277087035,0.3285968028419183,0.012433392539964476,0.007104795737122558
TinyGRU,seed,41,posterior_transition_distance,2-4,unseen/20,563,2.964476021314387,0.1088095242796157,0.5523978685612788,0.0852575488454707,0.3410301953818828,0.021314387211367674,0.06394316163410302
TinyGRU,seed,59,posterior_transition_distance,2-4,unseen/20,563,2.964476021314387,0.11599230659314422,0.5257548845470693,0.07815275310834814,0.37122557726465366,0.02486678507992895,0.05328596802841919
TinyGRU,seed,71,posterior_transition_distance,2-4,unseen/20,563,2.964476021314387,0.10883071985564424,0.5701598579040853,0.0763765541740675,0.31438721136767317,0.03907637655417407,0.037300177619893425
TinyGRU,seed,83,posterior_transition_distance,2-4,unseen/20,563,2.964476021314387,0.05663692882319381,0.5719360568383659,0.0497335701598579,0.35346358792184723,0.02486678507992895,0.02486678507992895
TinyGRU,seed,97,posterior_transition_distance,2-4,unseen/20,563,2.964476021314387,0.07101627579724297,0.5683836589698046,0.056838365896980464,0.34991119005328597,0.02486678507992895,0.03197158081705151
TinyGRU,aggregate,aggregate,posterior_transition_distance,2-4,unseen/20,563,2.964476021314387,0.09225715106976819,0.5577264653641207,0.06927175843694494,0.34600355239786856,0.026998223801065722,0.04227353463587922
MarbleNet,reference,reference,posterior_transition_distance,5-10,unseen/20,961,7.418314255983351,0.003464571387575719,0.8813735691987513,0.001040582726326743,0.11550468262226847,0.002081165452653486,-0.001040582726326743
TinyGRU,seed,41,posterior_transition_distance,5-10,unseen/20,961,7.418314255983351,0.028080440959057738,0.8054110301768991,0.04162330905306972,0.1425598335067638,0.01040582726326743,0.03121748178980229
TinyGRU,seed,59,posterior_transition_distance,5-10,unseen/20,961,7.418314255983351,0.044703213799565246,0.8210197710718002,0.03850156087408949,0.1279916753381894,0.012486992715920915,0.026014568158168577
TinyGRU,seed,71,posterior_transition_distance,5-10,unseen/20,961,7.418314255983351,0.016583993710411336,0.8147762747138397,0.030176899063475548,0.12903225806451613,0.026014568158168574,0.004162330905306974
TinyGRU,seed,83,posterior_transition_distance,5-10,unseen/20,961,7.418314255983351,0.01294809969227839,0.8231009365244537,0.02081165452653486,0.14360041623309053,0.012486992715920915,0.008324661810613945
TinyGRU,seed,97,posterior_transition_distance,5-10,unseen/20,961,7.418314255983351,0.01266853016534313,0.8355879292403746,0.019771071800208116,0.1259105098855359,0.018730489073881373,0.0010405827263267435
TinyGRU,aggregate,aggregate,posterior_transition_distance,5-10,unseen/20,961,7.418314255983351,0.02299685566533117,0.8199791883454735,0.030176899063475548,0.13381893860561914,0.016024973985431845,0.014151925078043703
MarbleNet,reference,reference,posterior_transition_distance,11-25,unseen/20,1753,17.40273816314889,0.006016366352600252,0.9703365658870508,0.0,0.02966343411294923,0.0,0.0
TinyGRU,seed,41,posterior_transition_distance,11-25,unseen/20,1753,17.40273816314889,0.003784245097218435,0.9041642897889333,0.017683970336565887,0.05704506560182544,0.021106674272675412,-0.003422703936109526
TinyGRU,seed,59,posterior_transition_distance,11-25,unseen/20,1753,17.40273816314889,0.017251048228104224,0.9258414147176269,0.014831717056474614,0.050770108385624645,0.008556759840273816,0.006274957216200798
TinyGRU,seed,71,posterior_transition_distance,11-25,unseen/20,1753,17.40273816314889,-0.0095449809694456,0.9218482601254991,0.009697661152310326,0.052481460353679406,0.015972618368511125,-0.0062749572162008
TinyGRU,seed,83,posterior_transition_distance,11-25,unseen/20,1753,17.40273816314889,0.0033260824855535403,0.9332572732458643,0.009697661152310326,0.04278379920136908,0.01426126640045636,-0.004563605248146035
TinyGRU,seed,97,posterior_transition_distance,11-25,unseen/20,1753,17.40273816314889,0.002957464279277603,0.9458071876782659,0.010838562464346835,0.02966343411294923,0.013690815744438107,-0.002852253280091272
TinyGRU,aggregate,aggregate,posterior_transition_distance,11-25,unseen/20,1753,17.40273816314889,0.0035547718241416403,0.9261836851112379,0.012549914432401598,0.046548773531089556,0.014717626925270963,-0.0021677124928693656
MarbleNet,reference,reference,posterior_transition_distance,26-50,unseen/20,1890,37.27354497354497,0.004399801675354484,0.9931216931216931,0.0,0.00582010582010582,0.0010582010582010583,-0.0010582010582010583
TinyGRU,seed,41,posterior_transition_distance,26-50,unseen/20,1890,37.27354497354497,0.013806367293839926,0.9687830687830687,0.010052910052910053,0.015873015873015872,0.005291005291005291,0.004761904761904762
TinyGRU,seed,59,posterior_transition_distance,26-50,unseen/20,1890,37.27354497354497,0.02782434380206119,0.9571428571428572,0.013756613756613757,0.02857142857142857,0.0005291005291005291,0.013227513227513229
TinyGRU,seed,71,posterior_transition_distance,26-50,unseen/20,1890,37.27354497354497,0.02133230687493,0.9682539682539683,0.012698412698412698,0.016931216931216932,0.0021164021164021165,0.010582010582010581
TinyGRU,seed,83,posterior_transition_distance,26-50,unseen/20,1890,37.27354497354497,0.0052818666333174615,0.9756613756613757,0.0031746031746031746,0.01904761904761905,0.0021164021164021165,0.001058201058201058
TinyGRU,seed,97,posterior_transition_distance,26-50,unseen/20,1890,37.27354497354497,0.010535497973128385,0.9841269841269841,0.004761904761904762,0.008994708994708995,0.0021164021164021165,0.002645502645502646
TinyGRU,aggregate,aggregate,posterior_transition_distance,26-50,unseen/20,1890,37.27354497354497,0.015756076515455394,0.9707936507936509,0.008888888888888889,0.017883597883597883,0.0024338624338624336,0.006455026455026455
MarbleNet,reference,reference,posterior_transition_distance,>50,unseen/20,3528,115.73185941043084,0.001052621229093194,0.988095238095238,0.0,0.011621315192743764,0.0002834467120181406,-0.0002834467120181406
TinyGRU,seed,41,posterior_transition_distance,>50,unseen/20,3528,115.73185941043084,0.00977109517682249,0.9671201814058957,0.003968253968253968,0.027494331065759638,0.001417233560090703,0.002551020408163265
TinyGRU,seed,59,posterior_transition_distance,>50,unseen/20,3528,115.73185941043084,0.009858180247449581,0.9713718820861678,0.004251700680272109,0.022675736961451247,0.0017006802721088435,0.0025510204081632655
TinyGRU,seed,71,posterior_transition_distance,>50,unseen/20,3528,115.73185941043084,0.009783553780660115,0.9713718820861678,0.0045351473922902496,0.02409297052154195,0.0,0.0045351473922902496
TinyGRU,seed,83,posterior_transition_distance,>50,unseen/20,3528,115.73185941043084,0.005900705031160066,0.9787414965986394,0.001984126984126984,0.01927437641723356,0.0,0.001984126984126984
TinyGRU,seed,97,posterior_transition_distance,>50,unseen/20,3528,115.73185941043084,0.00639582983873744,0.9821428571428571,0.0008503401360544217,0.016439909297052153,0.0005668934240362812,0.00028344671201814054
TinyGRU,aggregate,aggregate,posterior_transition_distance,>50,unseen/20,3528,115.73185941043084,0.008341872814965939,0.9741496598639456,0.003117913832199547,0.02199546485260771,0.0007369614512471657,0.002380952380952381
MarbleNet,reference,reference,uncertainty_persistence,1,all,1993,1.0,0.038783806409667373,0.4927245358755645,0.1535373808329152,0.24335173105870547,0.11038635223281486,0.04315102860010035
TinyGRU,seed,41,uncertainty_persistence,1,all,1993,1.0,0.12675101697292301,0.42197691921726044,0.07476166583040643,0.47365780230807825,0.02960361264425489,0.04515805318615154
TinyGRU,seed,59,uncertainty_persistence,1,all,1993,1.0,0.09300929993646342,0.4224786753637732,0.07024586051179127,0.4676367285499247,0.03963873557451079,0.030607124937280482
TinyGRU,seed,71,uncertainty_persistence,1,all,1993,1.0,0.09038724570346814,0.4340190667335675,0.08078273958855996,0.4445559458103362,0.040642247867536375,0.04014049172102358
TinyGRU,seed,83,uncertainty_persistence,1,all,1993,1.0,0.03829125205872935,0.4490717511289513,0.04867034621174109,0.4721525338685399,0.030105368790767688,0.018564977420973405
TinyGRU,seed,97,uncertainty_persistence,1,all,1993,1.0,0.08591345279218318,0.4510787757150025,0.06472654290015052,0.44656297039638737,0.03763171098845961,0.02709483191169091
TinyGRU,aggregate,aggregate,uncertainty_persistence,1,all,1993,1.0,0.08687045349275342,0.43572503763171105,0.06783743100852986,0.4609131961866533,0.03552433517310587,0.032313095835423994
MarbleNet,reference,reference,uncertainty_persistence,2-4,all,6317,2.9547253443090074,0.04480567903139706,0.44055722653158136,0.19502928605350642,0.2447364255184423,0.11967706189646984,0.07535222415703657
TinyGRU,seed,41,uncertainty_persistence,2-4,all,6317,2.9547253443090074,0.10501050953477535,0.44419819534589206,0.08469210068070286,0.4261516542662656,0.044958049707139465,0.039734050973563396
TinyGRU,seed,59,uncertainty_persistence,2-4,all,6317,2.9547253443090074,0.08771228752038755,0.44087383251543455,0.10226373278454963,0.412379293968656,0.044483140731359824,0.057780592053189805
TinyGRU,seed,71,uncertainty_persistence,2-4,all,6317,2.9547253443090074,0.07721287112394884,0.44182365046699384,0.09039100839005858,0.4081051131866392,0.059680227956308375,0.030710780433750202
TinyGRU,seed,83,uncertainty_persistence,2-4,all,6317,2.9547253443090074,0.0336568386305239,0.4761753997150546,0.05429792623080576,0.43723286370112396,0.03229381035301567,0.02200411587779009
TinyGRU,seed,97,uncertainty_persistence,2-4,all,6317,2.9547253443090074,0.07936407781640605,0.4638277663447839,0.08975779642235238,0.40652208326737377,0.03989235396548995,0.049865442456862426
TinyGRU,aggregate,aggregate,uncertainty_persistence,2-4,all,6317,2.9547253443090074,0.07659131692520833,0.45337976887763176,0.08428051290169386,0.41807820167801174,0.04426151654266266,0.0400189963590312
MarbleNet,reference,reference,uncertainty_persistence,5-10,all,4921,6.89026620605568,0.042783482548351154,0.39219670798618167,0.22068685226579962,0.2605161552529974,0.12660028449502134,0.0940865677707783
TinyGRU,seed,41,uncertainty_persistence,5-10,all,4921,6.89026620605568,0.10998902371315171,0.3986994513310303,0.06340174761227393,0.5055882950619792,0.03231050599471652,0.031091241617557414
TinyGRU,seed,59,uncertainty_persistence,5-10,all,4921,6.89026620605568,0.10618170380823695,0.4184108920951026,0.11095305832147938,0.4427961796382849,0.027839869945133103,0.08311318837634628
TinyGRU,seed,71,uncertainty_persistence,5-10,all,4921,6.89026620605568,0.07799972516228752,0.43385490753911804,0.07681365576102418,0.44564112985165616,0.043690306848201584,0.0331233489128226
TinyGRU,seed,83,uncertainty_persistence,5-10,all,4921,6.89026620605568,0.02511787492028188,0.41312741312741313,0.03779719569193253,0.5157488315383052,0.03332655964234912,0.004470636049583414
TinyGRU,seed,97,uncertainty_persistence,5-10,all,4921,6.89026620605568,0.08977410659279379,0.4470636049583418,0.08372282056492583,0.43263564316195896,0.03657793131477342,0.047144889250152415
TinyGRU,aggregate,aggregate,uncertainty_persistence,5-10,all,4921,6.89026620605568,0.08181248683935037,0.4222312538102011,0.07453769559032718,0.4684820158504368,0.03474903474903475,0.03978866084129243
MarbleNet,reference,reference,uncertainty_persistence,11-25,all,1611,14.495965238981999,0.09064721450216297,0.4134078212290503,0.2737430167597765,0.21601489757914338,0.09683426443202979,0.17690875232774675
TinyGRU,seed,41,uncertainty_persistence,11-25,all,1611,14.495965238981999,0.14659596302321234,0.3060211049037865,0.05276225946617008,0.6232153941651148,0.018001241464928614,0.03476101800124147
TinyGRU,seed,59,uncertainty_persistence,11-25,all,1611,14.495965238981999,0.1251934769777355,0.35630043451272503,0.13097454996896338,0.48851644941030414,0.024208566108007448,0.10676598386095593
TinyGRU,seed,71,uncertainty_persistence,11-25,all,1611,14.495965238981999,0.08553973291265511,0.38733705772811916,0.07262569832402235,0.49968963376784603,0.040347610180012414,0.03227808814400994
TinyGRU,seed,83,uncertainty_persistence,11-25,all,1611,14.495965238981999,0.02938445817521291,0.3308504034761018,0.03414028553693358,0.606455617628802,0.028553693358162633,0.005586592178770947
TinyGRU,seed,97,uncertainty_persistence,11-25,all,1611,14.495965238981999,0.13674629835431007,0.3792675356921167,0.08007448789571694,0.5133457479826194,0.027312228429546864,0.05276225946617008
TinyGRU,aggregate,aggregate,uncertainty_persistence,11-25,all,1611,14.495965238981999,0.10469198588862519,0.35195530726256985,0.07411545623836127,0.5462445685909373,0.027684667908131597,0.04643078833022968
MarbleNet,reference,reference,uncertainty_persistence,26-50,all,136,27.294117647058822,0.08237277710472399,0.4558823529411764,0.21323529411764705,0.2426470588235294,0.08823529411764706,0.125
TinyGRU,seed,41,uncertainty_persistence,26-50,all,136,27.294117647058822,-0.013546756299949902,0.375,0.014705882352941176,0.5661764705882353,0.04411764705882353,-0.029411764705882356
TinyGRU,seed,59,uncertainty_persistence,26-50,all,136,27.294117647058822,-0.049810487634811024,0.3235294117647059,0.022058823529411766,0.5661764705882353,0.08823529411764706,-0.0661764705882353
TinyGRU,seed,71,uncertainty_persistence,26-50,all,136,27.294117647058822,0.003081257695054701,0.4338235294117647,0.0,0.49264705882352944,0.07352941176470588,-0.07352941176470588
TinyGRU,seed,83,uncertainty_persistence,26-50,all,136,27.294117647058822,0.019208848201409313,0.45588235294117646,0.014705882352941176,0.5220588235294118,0.007352941176470588,0.007352941176470588
TinyGRU,seed,97,uncertainty_persistence,26-50,all,136,27.294117647058822,0.10984035975836148,0.4264705882352941,0.014705882352941176,0.5147058823529411,0.04411764705882353,-0.029411764705882356
TinyGRU,aggregate,aggregate,uncertainty_persistence,26-50,all,136,27.294117647058822,0.013754644344012927,0.4029411764705882,0.013235294117647059,0.5323529411764706,0.051470588235294115,-0.038235294117647055
MarbleNet,reference,reference,uncertainty_persistence,>50,all,0,,,,,,,
TinyGRU,seed,41,uncertainty_persistence,>50,all,0,,,,,,,
TinyGRU,seed,59,uncertainty_persistence,>50,all,0,,,,,,,
TinyGRU,seed,71,uncertainty_persistence,>50,all,0,,,,,,,
TinyGRU,seed,83,uncertainty_persistence,>50,all,0,,,,,,,
TinyGRU,seed,97,uncertainty_persistence,>50,all,0,,,,,,,
TinyGRU,aggregate,aggregate,uncertainty_persistence,>50,all,0,,,,,,,
MarbleNet,reference,reference,uncertainty_persistence,1,clean,398,1.0,0.04765369977112237,0.5477386934673367,0.12562814070351758,0.23869346733668342,0.08793969849246232,0.03768844221105527
TinyGRU,seed,41,uncertainty_persistence,1,clean,398,1.0,0.22252285190563398,0.4396984924623116,0.14824120603015076,0.3768844221105528,0.035175879396984924,0.11306532663316583
TinyGRU,seed,59,uncertainty_persistence,1,clean,398,1.0,0.1607435760302797,0.4296482412060301,0.10301507537688442,0.4221105527638191,0.04522613065326633,0.05778894472361809
TinyGRU,seed,71,uncertainty_persistence,1,clean,398,1.0,0.21216230541046774,0.4472361809045226,0.1507537688442211,0.36432160804020103,0.03768844221105527,0.11306532663316582
TinyGRU,seed,83,uncertainty_persistence,1,clean,398,1.0,0.1107158665020545,0.47738693467336685,0.09798994974874371,0.39949748743718594,0.02512562814070352,0.0728643216080402
TinyGRU,seed,97,uncertainty_persistence,1,clean,398,1.0,0.1538273925217938,0.4798994974874372,0.11557788944723618,0.36432160804020103,0.04020100502512563,0.07537688442211055
TinyGRU,aggregate,aggregate,uncertainty_persistence,1,clean,398,1.0,0.17199439847404593,0.4547738693467337,0.12311557788944724,0.385427135678392,0.03668341708542714,0.08643216080402011
MarbleNet,reference,reference,uncertainty_persistence,2-4,clean,1366,2.834553440702782,0.039140204196431265,0.4399707174231332,0.18960468521229867,0.24377745241581258,0.12664714494875548,0.0629575402635432
TinyGRU,seed,41,uncertainty_persistence,2-4,clean,1366,2.834553440702782,0.17642506795909987,0.47364568081991215,0.1478770131771596,0.3169838945827233,0.06149341142020498,0.08638360175695461
TinyGRU,seed,59,uncertainty_persistence,2-4,clean,1366,2.834553440702782,0.14907915124402202,0.46266471449487556,0.13469985358711567,0.3579795021961933,0.04465592972181552,0.09004392386530015
TinyGRU,seed,71,uncertainty_persistence,2-4,clean,1366,2.834553440702782,0.18760117550321923,0.45534407027818447,0.14128843338213762,0.3323572474377745,0.07101024890190337,0.07027818448023425
TinyGRU,seed,83,uncertainty_persistence,2-4,clean,1366,2.834553440702782,0.08432051345143028,0.5483162518301611,0.09077598828696926,0.3213762811127379,0.03953147877013177,0.05124450951683748
TinyGRU,seed,97,uncertainty_persistence,2-4,clean,1366,2.834553440702782,0.13333409381302955,0.5080527086383602,0.1383601756954612,0.31551976573938506,0.03806734992679356,0.10029282576866763
TinyGRU,aggregate,aggregate,uncertainty_persistence,2-4,clean,1366,2.834553440702782,0.14615200039416018,0.48960468521229866,0.13060029282576868,0.3288433382137628,0.050951683748169836,0.07964860907759885
MarbleNet,reference,reference,uncertainty_persistence,5-10,clean,632,6.610759493670886,-0.0024465201243851075,0.39873417721519,0.185126582278481,0.2563291139240506,0.15981012658227847,0.02531645569620253
TinyGRU,seed,41,uncertainty_persistence,5-10,clean,632,6.610759493670886,0.09761327446238814,0.5632911392405063,0.09968354430379747,0.28955696202531644,0.04746835443037975,0.05221518987341772
TinyGRU,seed,59,uncertainty_persistence,5-10,clean,632,6.610759493670886,0.11268767965796404,0.5300632911392406,0.11867088607594936,0.31329113924050633,0.0379746835443038,0.08069620253164556
TinyGRU,seed,71,uncertainty_persistence,5-10,clean,632,6.610759493670886,0.11979278261948409,0.5775316455696202,0.06962025316455696,0.310126582278481,0.04272151898734177,0.026898734177215188
TinyGRU,seed,83,uncertainty_persistence,5-10,clean,632,6.610759493670886,0.048042786979513266,0.5886075949367089,0.04430379746835443,0.3291139240506329,0.0379746835443038,0.006329113924050632
TinyGRU,seed,97,uncertainty_persistence,5-10,clean,632,6.610759493670886,0.06910881198128299,0.5743670886075949,0.06962025316455696,0.2927215189873418,0.06329113924050633,0.006329113924050625
TinyGRU,aggregate,aggregate,uncertainty_persistence,5-10,clean,632,6.610759493670886,0.0894490671401265,0.5667721518987342,0.08037974683544304,0.3069620253164557,0.04588607594936709,0.034493670886075946
MarbleNet,reference,reference,uncertainty_persistence,11-25,clean,191,14.633507853403142,-0.013906292373007148,0.3455497382198952,0.193717277486911,0.18324607329842932,0.2774869109947644,-0.08376963350785341
TinyGRU,seed,41,uncertainty_persistence,11-25,clean,191,14.633507853403142,0.20627233612266804,0.6335078534031413,0.08376963350785341,0.2774869109947644,0.005235602094240838,0.07853403141361257
TinyGRU,seed,59,uncertainty_persistence,11-25,clean,191,14.633507853403142,0.07646670595458437,0.675392670157068,0.03664921465968586,0.2879581151832461,0.0,0.03664921465968586
TinyGRU,seed,71,uncertainty_persistence,11-25,clean,191,14.633507853403142,0.09497133997762486,0.6963350785340314,0.1256544502617801,0.17801047120418848,0.0,0.1256544502617801
TinyGRU,seed,83,uncertainty_persistence,11-25,clean,191,14.633507853403142,0.0886518374131366,0.6544502617801047,0.08900523560209424,0.25654450261780104,0.0,0.08900523560209424
TinyGRU,seed,97,uncertainty_persistence,11-25,clean,191,14.633507853403142,0.034260151394794866,0.6858638743455497,0.07329842931937172,0.24083769633507854,0.0,0.07329842931937172
TinyGRU,aggregate,aggregate,uncertainty_persistence,11-25,clean,191,14.633507853403142,0.10012447417256173,0.6691099476439791,0.08167539267015705,0.24816753926701574,0.0010471204188481676,0.08062827225130889
MarbleNet,reference,reference,uncertainty_persistence,26-50,clean,0,,,,,,,
TinyGRU,seed,41,uncertainty_persistence,26-50,clean,0,,,,,,,
TinyGRU,seed,59,uncertainty_persistence,26-50,clean,0,,,,,,,
TinyGRU,seed,71,uncertainty_persistence,26-50,clean,0,,,,,,,
TinyGRU,seed,83,uncertainty_persistence,26-50,clean,0,,,,,,,
TinyGRU,seed,97,uncertainty_persistence,26-50,clean,0,,,,,,,
TinyGRU,aggregate,aggregate,uncertainty_persistence,26-50,clean,0,,,,,,,
MarbleNet,reference,reference,uncertainty_persistence,>50,clean,0,,,,,,,
TinyGRU,seed,41,uncertainty_persistence,>50,clean,0,,,,,,,
TinyGRU,seed,59,uncertainty_persistence,>50,clean,0,,,,,,,
TinyGRU,seed,71,uncertainty_persistence,>50,clean,0,,,,,,,
TinyGRU,seed,83,uncertainty_persistence,>50,clean,0,,,,,,,
TinyGRU,seed,97,uncertainty_persistence,>50,clean,0,,,,,,,
TinyGRU,aggregate,aggregate,uncertainty_persistence,>50,clean,0,,,,,,,
MarbleNet,reference,reference,uncertainty_persistence,1,seen/-5,178,1.0,0.008960090903265156,0.4943820224719101,0.09550561797752809,0.2808988764044944,0.12921348314606743,-0.033707865168539325
TinyGRU,seed,41,uncertainty_persistence,1,seen/-5,178,1.0,0.11460492202772736,0.4887640449438202,0.033707865168539325,0.449438202247191,0.028089887640449437,0.0056179775280898875
TinyGRU,seed,59,uncertainty_persistence,1,seen/-5,178,1.0,0.07070576786106483,0.449438202247191,0.03932584269662921,0.47752808988764045,0.033707865168539325,0.0056179775280898875
TinyGRU,seed,71,uncertainty_persistence,1,seen/-5,178,1.0,0.08401618361362301,0.4943820224719101,0.016853932584269662,0.4550561797752809,0.033707865168539325,-0.016853932584269662
TinyGRU,seed,83,uncertainty_persistence,1,seen/-5,178,1.0,0.04328217449422937,0.5056179775280899,0.011235955056179775,0.4606741573033708,0.02247191011235955,-0.011235955056179775
TinyGRU,seed,97,uncertainty_persistence,1,seen/-5,178,1.0,0.10437651462869953,0.5112359550561798,0.03932584269662921,0.42134831460674155,0.028089887640449437,0.011235955056179775
TinyGRU,aggregate,aggregate,uncertainty_persistence,1,seen/-5,178,1.0,0.0833971125250688,0.4898876404494381,0.028089887640449437,0.4528089887640449,0.029213483146067417,-0.0011235955056179796
MarbleNet,reference,reference,uncertainty_persistence,2-4,seen/-5,551,3.11978221415608,-0.0017929333106084604,0.4192377495462795,0.14519056261343014,0.27404718693284935,0.16152450090744103,-0.016333938294010888
TinyGRU,seed,41,uncertainty_persistence,2-4,seen/-5,551,3.11978221415608,0.0919087072547443,0.5571687840290381,0.06533575317604355,0.35571687840290384,0.021778584392014518,0.04355716878402903
TinyGRU,seed,59,uncertainty_persistence,2-4,seen/-5,551,3.11978221415608,0.06595379920354243,0.5372050816696915,0.039927404718693285,0.4029038112522686,0.019963702359346643,0.019963702359346643
TinyGRU,seed,71,uncertainty_persistence,2-4,seen/-5,551,3.11978221415608,0.08412070685169716,0.5281306715063521,0.06170598911070781,0.35390199637023595,0.056261343012704176,0.00544464609800363
TinyGRU,seed,83,uncertainty_persistence,2-4,seen/-5,551,3.11978221415608,0.02893659674737837,0.5807622504537205,0.016333938294010888,0.3720508166969147,0.030852994555353903,-0.014519056261343016
TinyGRU,seed,97,uncertainty_persistence,2-4,seen/-5,551,3.11978221415608,0.08681355008727616,0.5535390199637024,0.06170598911070781,0.3629764065335753,0.021778584392014518,0.039927404718693285
TinyGRU,aggregate,aggregate,uncertainty_persistence,2-4,seen/-5,551,3.11978221415608,0.07154667202892769,0.5513611615245009,0.04900181488203267,0.3695099818511797,0.030127041742286753,0.018874773139745914
MarbleNet,reference,reference,uncertainty_persistence,5-10,seen/-5,647,6.839258114374034,-0.018198771969090085,0.3863987635239568,0.14837712519319937,0.28438948995363217,0.18083462132921174,-0.03245749613601236
TinyGRU,seed,41,uncertainty_persistence,5-10,seen/-5,647,6.839258114374034,0.07395231791060779,0.5595054095826894,0.03245749613601236,0.38639876352395675,0.021638330757341576,0.010819165378670788
TinyGRU,seed,59,uncertainty_persistence,5-10,seen/-5,647,6.839258114374034,0.05313880258659218,0.5548686244204019,0.02472952086553323,0.4126738794435858,0.0077279752704791345,0.017001545595054096
TinyGRU,seed,71,uncertainty_persistence,5-10,seen/-5,647,6.839258114374034,0.07084261709788889,0.5811437403400309,0.02936630602782071,0.3802163833075734,0.00927357032457496,0.020092735703245747
TinyGRU,seed,83,uncertainty_persistence,5-10,seen/-5,647,6.839258114374034,0.025340523119654665,0.5672333848531684,0.0061823802163833074,0.4080370942812983,0.01854714064914992,-0.012364760432766613
TinyGRU,seed,97,uncertainty_persistence,5-10,seen/-5,647,6.839258114374034,0.07426751766416251,0.5749613601236476,0.030911901081916538,0.3848531684698609,0.00927357032457496,0.021638330757341576
TinyGRU,aggregate,aggregate,uncertainty_persistence,5-10,seen/-5,647,6.839258114374034,0.0595083556757812,0.5675425038639877,0.02472952086553323,0.39443585780525503,0.01329211746522411,0.01143740340030912
MarbleNet,reference,reference,uncertainty_persistence,11-25,seen/-5,189,16.915343915343914,-0.03884420387655823,0.19576719576719576,0.23809523809523808,0.3862433862433862,0.17989417989417988,0.0582010582010582
TinyGRU,seed,41,uncertainty_persistence,11-25,seen/-5,189,16.915343915343914,0.12408783697781445,0.5238095238095238,0.042328042328042326,0.42328042328042326,0.010582010582010581,0.031746031746031744
TinyGRU,seed,59,uncertainty_persistence,11-25,seen/-5,189,16.915343915343914,0.136723628958575,0.5555555555555556,0.005291005291005291,0.43386243386243384,0.005291005291005291,0.0
TinyGRU,seed,71,uncertainty_persistence,11-25,seen/-5,189,16.915343915343914,0.16425260412972623,0.5343915343915344,0.0,0.4656084656084656,0.0,0.0
TinyGRU,seed,83,uncertainty_persistence,11-25,seen/-5,189,16.915343915343914,0.10165742529056412,0.5343915343915344,0.010582010582010581,0.455026455026455,0.0,0.010582010582010581
TinyGRU,seed,97,uncertainty_persistence,11-25,seen/-5,189,16.915343915343914,0.16368485743023342,0.5132275132275133,0.031746031746031744,0.4497354497354497,0.005291005291005291,0.026455026455026454
TinyGRU,aggregate,aggregate,uncertainty_persistence,11-25,seen/-5,189,16.915343915343914,0.13808127055738265,0.5322751322751323,0.017989417989417993,0.44550264550264546,0.004232804232804233,0.013756613756613759
MarbleNet,reference,reference,uncertainty_persistence,26-50,seen/-5,56,28.142857142857142,0.07950264008030117,0.49999999999999994,0.23214285714285715,0.21428571428571427,0.05357142857142857,0.17857142857142858
TinyGRU,seed,41,uncertainty_persistence,26-50,seen/-5,56,28.142857142857142,0.24017714705653548,0.23214285714285715,0.03571428571428571,0.7321428571428571,0.0,0.03571428571428571
TinyGRU,seed,59,uncertainty_persistence,26-50,seen/-5,56,28.142857142857142,0.21719216972803929,0.23214285714285715,0.0,0.7678571428571429,0.0,0.0
TinyGRU,seed,71,uncertainty_persistence,26-50,seen/-5,56,28.142857142857142,0.2817656138032479,0.23214285714285715,0.0,0.7678571428571429,0.0,0.0
TinyGRU,seed,83,uncertainty_persistence,26-50,seen/-5,56,28.142857142857142,0.1985787045503955,0.23214285714285715,0.03571428571428571,0.7321428571428571,0.0,0.03571428571428571
TinyGRU,seed,97,uncertainty_persistence,26-50,seen/-5,56,28.142857142857142,0.34417700249086863,0.23214285714285715,0.03571428571428571,0.7321428571428571,0.0,0.03571428571428571
TinyGRU,aggregate,aggregate,uncertainty_persistence,26-50,seen/-5,56,28.142857142857142,0.25637812752581735,0.23214285714285715,0.02142857142857143,0.7464285714285713,0.0,0.02142857142857143
MarbleNet,reference,reference,uncertainty_persistence,>50,seen/-5,0,,,,,,,
TinyGRU,seed,41,uncertainty_persistence,>50,seen/-5,0,,,,,,,
TinyGRU,seed,59,uncertainty_persistence,>50,seen/-5,0,,,,,,,
TinyGRU,seed,71,uncertainty_persistence,>50,seen/-5,0,,,,,,,
TinyGRU,seed,83,uncertainty_persistence,>50,seen/-5,0,,,,,,,
TinyGRU,seed,97,uncertainty_persistence,>50,seen/-5,0,,,,,,,
TinyGRU,aggregate,aggregate,uncertainty_persistence,>50,seen/-5,0,,,,,,,
MarbleNet,reference,reference,uncertainty_persistence,1,seen/0,146,1.0,-0.001890276766991327,0.4726027397260274,0.15753424657534246,0.2328767123287671,0.136986301369863,0.02054794520547945
TinyGRU,seed,41,uncertainty_persistence,1,seen/0,146,1.0,0.06136357438169693,0.5547945205479452,0.0547945205479452,0.3698630136986301,0.02054794520547945,0.03424657534246575
TinyGRU,seed,59,uncertainty_persistence,1,seen/0,146,1.0,0.055519357551931964,0.5342465753424658,0.0273972602739726,0.4246575342465753,0.0136986301369863,0.0136986301369863
TinyGRU,seed,71,uncertainty_persistence,1,seen/0,146,1.0,0.06451649487878454,0.5136986301369864,0.02054794520547945,0.4246575342465753,0.0410958904109589,-0.02054794520547945
TinyGRU,seed,83,uncertainty_persistence,1,seen/0,146,1.0,0.04313341181685753,0.547945205479452,0.0273972602739726,0.4178082191780822,0.00684931506849315,0.02054794520547945
TinyGRU,seed,97,uncertainty_persistence,1,seen/0,146,1.0,0.05069168612818464,0.4931506849315068,0.0410958904109589,0.410958904109589,0.0547945205479452,-0.0136986301369863
TinyGRU,aggregate,aggregate,uncertainty_persistence,1,seen/0,146,1.0,0.05504490495149112,0.5287671232876714,0.03424657534246575,0.40958904109589045,0.0273972602739726,0.00684931506849315
MarbleNet,reference,reference,uncertainty_persistence,2-4,seen/0,466,3.017167381974249,0.03254265644530625,0.4570815450643777,0.18454935622317598,0.22532188841201717,0.13304721030042918,0.05150214592274678
TinyGRU,seed,41,uncertainty_persistence,2-4,seen/0,466,3.017167381974249,0.060728093472494145,0.48497854077253216,0.07081545064377683,0.4012875536480687,0.04291845493562232,0.027896995708154508
TinyGRU,seed,59,uncertainty_persistence,2-4,seen/0,466,3.017167381974249,0.06074234252964369,0.47854077253218885,0.034334763948497854,0.4570815450643777,0.030042918454935622,0.004291845493562232
TinyGRU,seed,71,uncertainty_persistence,2-4,seen/0,466,3.017167381974249,0.05821903345627262,0.4699570815450644,0.034334763948497854,0.47639484978540775,0.019313304721030045,0.01502145922746781
TinyGRU,seed,83,uncertainty_persistence,2-4,seen/0,466,3.017167381974249,0.03854523149868004,0.5085836909871244,0.030042918454935622,0.43776824034334766,0.023605150214592276,0.006437768240343346
TinyGRU,seed,97,uncertainty_persistence,2-4,seen/0,466,3.017167381974249,0.04841914455261269,0.463519313304721,0.03862660944206009,0.4613733905579399,0.03648068669527897,0.0021459227467811176
TinyGRU,aggregate,aggregate,uncertainty_persistence,2-4,seen/0,466,3.017167381974249,0.053330769101940644,0.48111587982832615,0.041630901287553645,0.4467811158798283,0.030472103004291845,0.0111587982832618
MarbleNet,reference,reference,uncertainty_persistence,5-10,seen/0,487,7.102669404517454,-0.027569867650645768,0.36344969199178645,0.17248459958932238,0.2648870636550308,0.19917864476386038,-0.026694045174537988
TinyGRU,seed,41,uncertainty_persistence,5-10,seen/0,487,7.102669404517454,0.06348791947710744,0.49691991786447637,0.045174537987679675,0.43737166324435317,0.02053388090349076,0.024640657084188916
TinyGRU,seed,59,uncertainty_persistence,5-10,seen/0,487,7.102669404517454,0.05529671063240529,0.49075975359342916,0.022587268993839837,0.46406570841889117,0.022587268993839837,0.0
TinyGRU,seed,71,uncertainty_persistence,5-10,seen/0,487,7.102669404517454,0.0849059295610604,0.5051334702258727,0.024640657084188913,0.4414784394250513,0.028747433264887063,-0.00410677618069815
TinyGRU,seed,83,uncertainty_persistence,5-10,seen/0,487,7.102669404517454,0.051260817332455445,0.5174537987679672,0.014373716632443531,0.46406570841889117,0.004106776180698152,0.01026694045174538
TinyGRU,seed,97,uncertainty_persistence,5-10,seen/0,487,7.102669404517454,0.08227738242063544,0.5051334702258727,0.049281314168377825,0.39835728952772076,0.04722792607802875,0.0020533880903490787
TinyGRU,aggregate,aggregate,uncertainty_persistence,5-10,seen/0,487,7.102669404517454,0.0674457518847328,0.5030800821355236,0.031211498973305954,0.44106776180698154,0.024640657084188913,0.006570841889117041
MarbleNet,reference,reference,uncertainty_persistence,11-25,seen/0,304,15.138157894736842,0.06478345177994646,0.4506578947368421,0.20723684210526316,0.26644736842105265,0.0756578947368421,0.13157894736842105
TinyGRU,seed,41,uncertainty_persistence,11-25,seen/0,304,15.138157894736842,0.20354159261336727,0.33881578947368424,0.05921052631578947,0.5953947368421053,0.006578947368421052,0.05263157894736842
TinyGRU,seed,59,uncertainty_persistence,11-25,seen/0,304,15.138157894736842,0.166476881142212,0.3519736842105263,0.049342105263157895,0.5921052631578947,0.006578947368421052,0.04276315789473684
TinyGRU,seed,71,uncertainty_persistence,11-25,seen/0,304,15.138157894736842,0.2312583763683936,0.3618421052631579,0.029605263157894735,0.5921052631578947,0.01644736842105263,0.013157894736842105
TinyGRU,seed,83,uncertainty_persistence,11-25,seen/0,304,15.138157894736842,0.11472458643414118,0.3519736842105263,0.013157894736842105,0.6282894736842105,0.006578947368421052,0.006578947368421052
TinyGRU,seed,97,uncertainty_persistence,11-25,seen/0,304,15.138157894736842,0.21394268331066135,0.3684210526315789,0.019736842105263157,0.6019736842105263,0.009868421052631578,0.009868421052631578
TinyGRU,aggregate,aggregate,uncertainty_persistence,11-25,seen/0,304,15.138157894736842,0.1859888239737551,0.35460526315789476,0.034210526315789476,0.6019736842105263,0.009210526315789475,0.025
MarbleNet,reference,reference,uncertainty_persistence,26-50,seen/0,26,26.0,-0.09110615369557686,0.19230769230769235,0.0,0.5769230769230769,0.23076923076923078,-0.23076923076923078
TinyGRU,seed,41,uncertainty_persistence,26-50,seen/0,26,26.0,-0.03781875389129667,1.0,0.0,0.0,0.0,0.0
TinyGRU,seed,59,uncertainty_persistence,26-50,seen/0,26,26.0,-0.04527413342386641,1.0,0.0,0.0,0.0,0.0
TinyGRU,seed,71,uncertainty_persistence,26-50,seen/0,26,26.0,-0.09303148611113646,1.0,0.0,0.0,0.0,0.0
TinyGRU,seed,83,uncertainty_persistence,26-50,seen/0,26,26.0,-0.038142098102670545,1.0,0.0,0.0,0.0,0.0
TinyGRU,seed,97,uncertainty_persistence,26-50,seen/0,26,26.0,-0.07753703118002078,1.0,0.0,0.0,0.0,0.0
TinyGRU,aggregate,aggregate,uncertainty_persistence,26-50,seen/0,26,26.0,-0.05836070054179818,1.0,0.0,0.0,0.0,0.0
MarbleNet,reference,reference,uncertainty_persistence,>50,seen/0,0,,,,,,,
TinyGRU,seed,41,uncertainty_persistence,>50,seen/0,0,,,,,,,
TinyGRU,seed,59,uncertainty_persistence,>50,seen/0,0,,,,,,,
TinyGRU,seed,71,uncertainty_persistence,>50,seen/0,0,,,,,,,
TinyGRU,seed,83,uncertainty_persistence,>50,seen/0,0,,,,,,,
TinyGRU,seed,97,uncertainty_persistence,>50,seen/0,0,,,,,,,
TinyGRU,aggregate,aggregate,uncertainty_persistence,>50,seen/0,0,,,,,,,
MarbleNet,reference,reference,uncertainty_persistence,1,seen/5,111,1.0,-0.00224802379507903,0.4954954954954955,0.12612612612612611,0.24324324324324326,0.13513513513513514,-0.009009009009009009
TinyGRU,seed,41,uncertainty_persistence,1,seen/5,111,1.0,0.10431506442634153,0.44144144144144143,0.06306306306306306,0.4774774774774775,0.018018018018018018,0.04504504504504504
TinyGRU,seed,59,uncertainty_persistence,1,seen/5,111,1.0,0.07383093627522028,0.40540540540540543,0.04504504504504504,0.4954954954954955,0.05405405405405406,-0.009009009009009014
TinyGRU,seed,71,uncertainty_persistence,1,seen/5,111,1.0,0.05111574887974449,0.40540540540540543,0.06306306306306306,0.46846846846846846,0.06306306306306306,0.0
TinyGRU,seed,83,uncertainty_persistence,1,seen/5,111,1.0,0.04602928861775518,0.44144144144144143,0.036036036036036036,0.4774774774774775,0.04504504504504504,-0.009009009009009007
TinyGRU,seed,97,uncertainty_persistence,1,seen/5,111,1.0,0.051792683598603374,0.3963963963963964,0.10810810810810811,0.42342342342342343,0.07207207207207207,0.03603603603603604
TinyGRU,aggregate,aggregate,uncertainty_persistence,1,seen/5,111,1.0,0.06541674435953297,0.4180180180180181,0.06306306306306307,0.46846846846846846,0.05045045045045045,0.012612612612612623
MarbleNet,reference,reference,uncertainty_persistence,2-4,seen/5,328,2.9695121951219514,-0.01195053050678482,0.423780487804878,0.1402439024390244,0.2804878048780488,0.15548780487804878,-0.01524390243902439
TinyGRU,seed,41,uncertainty_persistence,2-4,seen/5,328,2.9695121951219514,0.07328803603786774,0.4115853658536585,0.13414634146341464,0.40853658536585363,0.04573170731707317,0.08841463414634147
TinyGRU,seed,59,uncertainty_persistence,2-4,seen/5,328,2.9695121951219514,0.06633048269694296,0.4573170731707317,0.057926829268292686,0.43597560975609756,0.04878048780487805,0.009146341463414635
TinyGRU,seed,71,uncertainty_persistence,2-4,seen/5,328,2.9695121951219514,0.055286539110361216,0.4298780487804878,0.0975609756097561,0.42073170731707316,0.051829268292682924,0.04573170731707318
TinyGRU,seed,83,uncertainty_persistence,2-4,seen/5,328,2.9695121951219514,0.03984250933814663,0.49390243902439024,0.07317073170731707,0.4115853658536585,0.021341463414634148,0.05182926829268292
TinyGRU,seed,97,uncertainty_persistence,2-4,seen/5,328,2.9695121951219514,0.059374649879613654,0.45426829268292684,0.11585365853658537,0.38414634146341464,0.04573170731707317,0.0701219512195122
TinyGRU,aggregate,aggregate,uncertainty_persistence,2-4,seen/5,328,2.9695121951219514,0.05882444341258643,0.44939024390243903,0.09573170731707317,0.4121951219512195,0.042682926829268296,0.05304878048780488
MarbleNet,reference,reference,uncertainty_persistence,5-10,seen/5,385,7.135064935064935,0.004624538414447048,0.3298701298701299,0.2519480519480519,0.2701298701298701,0.14805194805194805,0.1038961038961039
TinyGRU,seed,41,uncertainty_persistence,5-10,seen/5,385,7.135064935064935,0.1148438648444569,0.36363636363636365,0.03896103896103896,0.5402597402597402,0.05714285714285714,-0.01818181818181818
TinyGRU,seed,59,uncertainty_persistence,5-10,seen/5,385,7.135064935064935,0.11275740025054108,0.4155844155844156,0.03896103896103896,0.5272727272727272,0.01818181818181818,0.02077922077922078
TinyGRU,seed,71,uncertainty_persistence,5-10,seen/5,385,7.135064935064935,0.1252319529400826,0.4025974025974026,0.03636363636363636,0.5116883116883116,0.04935064935064935,-0.012987012987012991
TinyGRU,seed,83,uncertainty_persistence,5-10,seen/5,385,7.135064935064935,0.06256274153156836,0.44675324675324674,0.03116883116883117,0.5116883116883116,0.01038961038961039,0.02077922077922078
TinyGRU,seed,97,uncertainty_persistence,5-10,seen/5,385,7.135064935064935,0.10340824908325487,0.4077922077922078,0.07012987012987013,0.4909090909090909,0.03116883116883117,0.03896103896103896
TinyGRU,aggregate,aggregate,uncertainty_persistence,5-10,seen/5,385,7.135064935064935,0.10376084172998076,0.4072727272727273,0.04311688311688312,0.5163636363636364,0.03324675324675326,0.009870129870129862
MarbleNet,reference,reference,uncertainty_persistence,11-25,seen/5,189,12.904761904761905,0.0512676927076793,0.3915343915343916,0.2275132275132275,0.2857142857142857,0.09523809523809523,0.13227513227513227
TinyGRU,seed,41,uncertainty_persistence,11-25,seen/5,189,12.904761904761905,0.1369191907759552,0.20634920634920634,0.042328042328042326,0.746031746031746,0.005291005291005291,0.037037037037037035
TinyGRU,seed,59,uncertainty_persistence,11-25,seen/5,189,12.904761904761905,0.11557759336041201,0.26455026455026454,0.026455026455026454,0.708994708994709,0.0,0.026455026455026454
TinyGRU,seed,71,uncertainty_persistence,11-25,seen/5,189,12.904761904761905,0.16697698667046162,0.2275132275132275,0.026455026455026454,0.746031746031746,0.0,0.026455026455026454
TinyGRU,seed,83,uncertainty_persistence,11-25,seen/5,189,12.904761904761905,0.06158981369952353,0.21164021164021163,0.037037037037037035,0.7195767195767195,0.031746031746031744,0.005291005291005291
TinyGRU,seed,97,uncertainty_persistence,11-25,seen/5,189,12.904761904761905,0.18061170215762373,0.2275132275132275,0.09523809523809523,0.6613756613756614,0.015873015873015872,0.07936507936507936
TinyGRU,aggregate,aggregate,uncertainty_persistence,11-25,seen/5,189,12.904761904761905,0.13233505733279521,0.2275132275132275,0.04550264550264551,0.7164021164021165,0.010582010582010581,0.03492063492063493
MarbleNet,reference,reference,uncertainty_persistence,26-50,seen/5,0,,,,,,,
TinyGRU,seed,41,uncertainty_persistence,26-50,seen/5,0,,,,,,,
TinyGRU,seed,59,uncertainty_persistence,26-50,seen/5,0,,,,,,,
TinyGRU,seed,71,uncertainty_persistence,26-50,seen/5,0,,,,,,,
TinyGRU,seed,83,uncertainty_persistence,26-50,seen/5,0,,,,,,,
TinyGRU,seed,97,uncertainty_persistence,26-50,seen/5,0,,,,,,,
TinyGRU,aggregate,aggregate,uncertainty_persistence,26-50,seen/5,0,,,,,,,
MarbleNet,reference,reference,uncertainty_persistence,>50,seen/5,0,,,,,,,
TinyGRU,seed,41,uncertainty_persistence,>50,seen/5,0,,,,,,,
TinyGRU,seed,59,uncertainty_persistence,>50,seen/5,0,,,,,,,
TinyGRU,seed,71,uncertainty_persistence,>50,seen/5,0,,,,,,,
TinyGRU,seed,83,uncertainty_persistence,>50,seen/5,0,,,,,,,
TinyGRU,seed,97,uncertainty_persistence,>50,seen/5,0,,,,,,,
TinyGRU,aggregate,aggregate,uncertainty_persistence,>50,seen/5,0,,,,,,,
MarbleNet,reference,reference,uncertainty_persistence,1,seen/10,185,1.0,-0.03863260446878149,0.4108108108108108,0.14054054054054055,0.2918918918918919,0.15675675675675677,-0.016216216216216217
TinyGRU,seed,41,uncertainty_persistence,1,seen/10,185,1.0,0.0328390277855628,0.5135135135135135,0.05945945945945946,0.3837837837837838,0.043243243243243246,0.016216216216216217
TinyGRU,seed,59,uncertainty_persistence,1,seen/10,185,1.0,0.011063481769234173,0.4756756756756757,0.03783783783783784,0.42702702702702705,0.05945945945945946,-0.021621621621621623
TinyGRU,seed,71,uncertainty_persistence,1,seen/10,185,1.0,0.01828613486369635,0.4756756756756757,0.043243243243243246,0.43783783783783786,0.043243243243243246,0.0
TinyGRU,seed,83,uncertainty_persistence,1,seen/10,185,1.0,0.002337774512973794,0.5675675675675675,0.02702702702702703,0.3783783783783784,0.02702702702702703,0.0
TinyGRU,seed,97,uncertainty_persistence,1,seen/10,185,1.0,0.005305628500263827,0.5135135135135135,0.016216216216216217,0.42162162162162165,0.04864864864864865,-0.032432432432432434
TinyGRU,aggregate,aggregate,uncertainty_persistence,1,seen/10,185,1.0,0.013966409486346183,0.5091891891891891,0.03675675675675676,0.4097297297297297,0.04432432432432432,-0.00756756756756756
MarbleNet,reference,reference,uncertainty_persistence,2-4,seen/10,621,3.0418679549114334,0.021577727337140726,0.44283413848631237,0.15942028985507245,0.2689210950080515,0.1288244766505636,0.030595813204508857
TinyGRU,seed,41,uncertainty_persistence,2-4,seen/10,621,3.0418679549114334,0.03197523285357569,0.46859903381642515,0.05636070853462158,0.42995169082125606,0.04508856682769726,0.011272141706924317
TinyGRU,seed,59,uncertainty_persistence,2-4,seen/10,621,3.0418679549114334,0.003163936334320526,0.45893719806763283,0.07246376811594203,0.4025764895330113,0.06602254428341385,0.006441223832528181
TinyGRU,seed,71,uncertainty_persistence,2-4,seen/10,621,3.0418679549114334,0.014553458988373656,0.45893719806763283,0.061191626409017714,0.41223832528180354,0.06763285024154589,-0.006441223832528174
TinyGRU,seed,83,uncertainty_persistence,2-4,seen/10,621,3.0418679549114334,0.006494955349428985,0.48792270531400966,0.043478260869565216,0.4331723027375201,0.03542673107890499,0.008051529790660227
TinyGRU,seed,97,uncertainty_persistence,2-4,seen/10,621,3.0418679549114334,0.004514247134675495,0.42995169082125606,0.061191626409017714,0.45088566827697263,0.057971014492753624,0.0032206119162640906
TinyGRU,aggregate,aggregate,uncertainty_persistence,2-4,seen/10,621,3.0418679549114334,0.01214036613207487,0.46086956521739136,0.058937198067632854,0.4257648953301127,0.05442834138486312,0.004508856682769735
MarbleNet,reference,reference,uncertainty_persistence,5-10,seen/10,594,6.747474747474747,0.06982168219861909,0.44612794612794604,0.20707070707070707,0.2558922558922559,0.09090909090909091,0.11616161616161616
TinyGRU,seed,41,uncertainty_persistence,5-10,seen/10,594,6.747474747474747,0.06971707047992876,0.4090909090909091,0.037037037037037035,0.5353535353535354,0.018518518518518517,0.018518518518518517
TinyGRU,seed,59,uncertainty_persistence,5-10,seen/10,594,6.747474747474747,0.06247776748543147,0.3956228956228956,0.07744107744107744,0.5185185185185185,0.008417508417508417,0.06902356902356901
TinyGRU,seed,71,uncertainty_persistence,5-10,seen/10,594,6.747474747474747,0.05425459245607321,0.38215488215488214,0.05387205387205387,0.5336700336700336,0.030303030303030304,0.023569023569023566
TinyGRU,seed,83,uncertainty_persistence,5-10,seen/10,594,6.747474747474747,0.03373270593420239,0.37037037037037035,0.02861952861952862,0.5925925925925926,0.008417508417508417,0.020202020202020204
TinyGRU,seed,97,uncertainty_persistence,5-10,seen/10,594,6.747474747474747,0.050588591084563726,0.4377104377104377,0.04882154882154882,0.51010101010101,0.003367003367003367,0.045454545454545456
TinyGRU,aggregate,aggregate,uncertainty_persistence,5-10,seen/10,594,6.747474747474747,0.0541541454880399,0.398989898989899,0.049158249158249165,0.538047138047138,0.013804713804713806,0.03535353535353536
MarbleNet,reference,reference,uncertainty_persistence,11-25,seen/10,127,14.559055118110237,0.08107005939700372,0.4803149606299212,0.2283464566929134,0.2440944881889764,0.047244094488188976,0.18110236220472442
TinyGRU,seed,41,uncertainty_persistence,11-25,seen/10,127,14.559055118110237,-0.08049269818224486,0.11811023622047244,0.031496062992125984,0.7559055118110236,0.09448818897637795,-0.06299212598425197
TinyGRU,seed,59,uncertainty_persistence,11-25,seen/10,127,14.559055118110237,-0.14059135946520035,0.09448818897637795,0.023622047244094488,0.7952755905511811,0.08661417322834646,-0.06299212598425197
TinyGRU,seed,71,uncertainty_persistence,11-25,seen/10,127,14.559055118110237,-0.22773736331401614,0.15748031496062992,0.023622047244094488,0.7322834645669292,0.08661417322834646,-0.06299212598425197
TinyGRU,seed,83,uncertainty_persistence,11-25,seen/10,127,14.559055118110237,-0.03519790288471885,0.15748031496062992,0.015748031496062992,0.7716535433070866,0.05511811023622047,-0.03937007874015748
TinyGRU,seed,97,uncertainty_persistence,11-25,seen/10,127,14.559055118110237,-0.0665681522737139,0.1968503937007874,0.0,0.7952755905511811,0.007874015748031496,-0.007874015748031496
TinyGRU,aggregate,aggregate,uncertainty_persistence,11-25,seen/10,127,14.559055118110237,-0.11011749522397882,0.14488188976377953,0.018897637795275594,0.7700787401574803,0.06614173228346457,-0.047244094488188976
MarbleNet,reference,reference,uncertainty_persistence,26-50,seen/10,0,,,,,,,
TinyGRU,seed,41,uncertainty_persistence,26-50,seen/10,0,,,,,,,
TinyGRU,seed,59,uncertainty_persistence,26-50,seen/10,0,,,,,,,
TinyGRU,seed,71,uncertainty_persistence,26-50,seen/10,0,,,,,,,
TinyGRU,seed,83,uncertainty_persistence,26-50,seen/10,0,,,,,,,
TinyGRU,seed,97,uncertainty_persistence,26-50,seen/10,0,,,,,,,
TinyGRU,aggregate,aggregate,uncertainty_persistence,26-50,seen/10,0,,,,,,,
MarbleNet,reference,reference,uncertainty_persistence,>50,seen/10,0,,,,,,,
TinyGRU,seed,41,uncertainty_persistence,>50,seen/10,0,,,,,,,
TinyGRU,seed,59,uncertainty_persistence,>50,seen/10,0,,,,,,,
TinyGRU,seed,71,uncertainty_persistence,>50,seen/10,0,,,,,,,
TinyGRU,seed,83,uncertainty_persistence,>50,seen/10,0,,,,,,,
TinyGRU,seed,97,uncertainty_persistence,>50,seen/10,0,,,,,,,
TinyGRU,aggregate,aggregate,uncertainty_persistence,>50,seen/10,0,,,,,,,
MarbleNet,reference,reference,uncertainty_persistence,1,seen/15,130,1.0,0.005485500143692383,0.5153846153846153,0.1,0.24615384615384617,0.13846153846153847,-0.038461538461538464
TinyGRU,seed,41,uncertainty_persistence,1,seen/15,130,1.0,0.10762677686667117,0.5076923076923077,0.06923076923076923,0.4153846153846154,0.007692307692307693,0.06153846153846154
TinyGRU,seed,59,uncertainty_persistence,1,seen/15,130,1.0,0.08787685636470635,0.4846153846153846,0.038461538461538464,0.46153846153846156,0.015384615384615385,0.023076923076923078
TinyGRU,seed,71,uncertainty_persistence,1,seen/15,130,1.0,0.09735032944219042,0.5076923076923077,0.07692307692307693,0.3923076923076923,0.023076923076923078,0.05384615384615385
TinyGRU,seed,83,uncertainty_persistence,1,seen/15,130,1.0,0.06516140550909379,0.49230769230769234,0.046153846153846156,0.43846153846153846,0.023076923076923078,0.023076923076923078
TinyGRU,seed,97,uncertainty_persistence,1,seen/15,130,1.0,0.05714741090949696,0.5230769230769231,0.023076923076923078,0.43846153846153846,0.015384615384615385,0.007692307692307693
TinyGRU,aggregate,aggregate,uncertainty_persistence,1,seen/15,130,1.0,0.08303255581843173,0.5030769230769231,0.05076923076923077,0.4292307692307692,0.016923076923076926,0.033846153846153845
MarbleNet,reference,reference,uncertainty_persistence,2-4,seen/15,520,2.923076923076923,0.023032771684544075,0.4461538461538461,0.17115384615384616,0.2673076923076923,0.11538461538461539,0.05576923076923077
TinyGRU,seed,41,uncertainty_persistence,2-4,seen/15,520,2.923076923076923,0.005615238596694792,0.4576923076923077,0.04807692307692308,0.4576923076923077,0.03653846153846154,0.011538461538461539
TinyGRU,seed,59,uncertainty_persistence,2-4,seen/15,520,2.923076923076923,0.017396025820211894,0.4480769230769231,0.07115384615384615,0.4326923076923077,0.04807692307692308,0.02307692307692307
TinyGRU,seed,71,uncertainty_persistence,2-4,seen/15,520,2.923076923076923,0.004791256240140566,0.4346153846153846,0.07884615384615384,0.4423076923076923,0.04423076923076923,0.03461538461538461
TinyGRU,seed,83,uncertainty_persistence,2-4,seen/15,520,2.923076923076923,0.005185735708859124,0.4576923076923077,0.038461538461538464,0.475,0.028846153846153848,0.009615384615384616
TinyGRU,seed,97,uncertainty_persistence,2-4,seen/15,520,2.923076923076923,0.009743999895009077,0.4673076923076923,0.07115384615384615,0.4173076923076923,0.04423076923076923,0.026923076923076918
TinyGRU,aggregate,aggregate,uncertainty_persistence,2-4,seen/15,520,2.923076923076923,0.00854645125218309,0.4530769230769231,0.06153846153846154,0.445,0.04038461538461539,0.021153846153846155
MarbleNet,reference,reference,uncertainty_persistence,5-10,seen/15,277,6.436823104693141,0.02375054655039812,0.3862815884476535,0.16967509025270758,0.34657039711191334,0.09747292418772563,0.07220216606498195
TinyGRU,seed,41,uncertainty_persistence,5-10,seen/15,277,6.436823104693141,0.09805051620550503,0.4296028880866426,0.11913357400722022,0.4296028880866426,0.021660649819494584,0.09747292418772563
TinyGRU,seed,59,uncertainty_persistence,5-10,seen/15,277,6.436823104693141,0.09451921386942992,0.4404332129963899,0.10469314079422383,0.4007220216606498,0.05415162454873646,0.05054151624548737
TinyGRU,seed,71,uncertainty_persistence,5-10,seen/15,277,6.436823104693141,0.11263742794656714,0.37184115523465705,0.17328519855595667,0.41155234657039713,0.04332129963898917,0.1299638989169675
TinyGRU,seed,83,uncertainty_persistence,5-10,seen/15,277,6.436823104693141,0.0481535244091391,0.44765342960288806,0.04693140794223827,0.48375451263537905,0.021660649819494584,0.025270758122743684
TinyGRU,seed,97,uncertainty_persistence,5-10,seen/15,277,6.436823104693141,0.07966277925578533,0.4584837545126354,0.09025270758122744,0.4259927797833935,0.02527075812274368,0.06498194945848376
TinyGRU,aggregate,aggregate,uncertainty_persistence,5-10,seen/15,277,6.436823104693141,0.08660469233728531,0.4296028880866426,0.10685920577617328,0.43032490974729243,0.0332129963898917,0.07364620938628158
MarbleNet,reference,reference,uncertainty_persistence,11-25,seen/15,41,14.073170731707316,0.17236344994649458,0.4390243902439024,0.2926829268292683,0.24390243902439024,0.024390243902439025,0.2682926829268293
TinyGRU,seed,41,uncertainty_persistence,11-25,seen/15,41,14.073170731707316,0.041648194575845905,0.24390243902439024,0.04878048780487805,0.6829268292682927,0.024390243902439025,0.024390243902439025
TinyGRU,seed,59,uncertainty_persistence,11-25,seen/15,41,14.073170731707316,0.01582889395333175,0.6829268292682927,0.024390243902439025,0.2926829268292683,0.0,0.024390243902439025
TinyGRU,seed,71,uncertainty_persistence,11-25,seen/15,41,14.073170731707316,0.026198408232079955,0.36585365853658536,0.07317073170731707,0.4878048780487805,0.07317073170731707,0.0
TinyGRU,seed,83,uncertainty_persistence,11-25,seen/15,41,14.073170731707316,-0.05393117850664935,0.3170731707317073,0.0,0.6341463414634146,0.04878048780487805,-0.04878048780487805
TinyGRU,seed,97,uncertainty_persistence,11-25,seen/15,41,14.073170731707316,0.019037091015356205,0.34146341463414637,0.07317073170731707,0.5853658536585366,0.0,0.07317073170731707
TinyGRU,aggregate,aggregate,uncertainty_persistence,11-25,seen/15,41,14.073170731707316,0.009756281853992892,0.3902439024390244,0.04390243902439025,0.5365853658536586,0.029268292682926834,0.014634146341463414
MarbleNet,reference,reference,uncertainty_persistence,26-50,seen/15,0,,,,,,,
TinyGRU,seed,41,uncertainty_persistence,26-50,seen/15,0,,,,,,,
TinyGRU,seed,59,uncertainty_persistence,26-50,seen/15,0,,,,,,,
TinyGRU,seed,71,uncertainty_persistence,26-50,seen/15,0,,,,,,,
TinyGRU,seed,83,uncertainty_persistence,26-50,seen/15,0,,,,,,,
TinyGRU,seed,97,uncertainty_persistence,26-50,seen/15,0,,,,,,,
TinyGRU,aggregate,aggregate,uncertainty_persistence,26-50,seen/15,0,,,,,,,
MarbleNet,reference,reference,uncertainty_persistence,>50,seen/15,0,,,,,,,
TinyGRU,seed,41,uncertainty_persistence,>50,seen/15,0,,,,,,,
TinyGRU,seed,59,uncertainty_persistence,>50,seen/15,0,,,,,,,
TinyGRU,seed,71,uncertainty_persistence,>50,seen/15,0,,,,,,,
TinyGRU,seed,83,uncertainty_persistence,>50,seen/15,0,,,,,,,
TinyGRU,seed,97,uncertainty_persistence,>50,seen/15,0,,,,,,,
TinyGRU,aggregate,aggregate,uncertainty_persistence,>50,seen/15,0,,,,,,,
MarbleNet,reference,reference,uncertainty_persistence,1,seen/20,126,1.0,-0.007092650260213474,0.4841269841269841,0.15079365079365079,0.21428571428571427,0.15079365079365079,0.0
TinyGRU,seed,41,uncertainty_persistence,1,seen/20,126,1.0,0.14419404929084528,0.38095238095238093,0.07142857142857142,0.5079365079365079,0.03968253968253968,0.031746031746031744
TinyGRU,seed,59,uncertainty_persistence,1,seen/20,126,1.0,0.10004535165639662,0.3888888888888889,0.05555555555555555,0.5,0.05555555555555555,0.0
TinyGRU,seed,71,uncertainty_persistence,1,seen/20,126,1.0,0.14124783727026347,0.3492063492063492,0.07936507936507936,0.5396825396825397,0.031746031746031744,0.047619047619047616
TinyGRU,seed,83,uncertainty_persistence,1,seen/20,126,1.0,0.07736412189788387,0.4365079365079365,0.05555555555555555,0.47619047619047616,0.031746031746031744,0.023809523809523808
TinyGRU,seed,97,uncertainty_persistence,1,seen/20,126,1.0,0.0707453653796254,0.42857142857142855,0.047619047619047616,0.48412698412698413,0.03968253968253968,0.007936507936507936
TinyGRU,aggregate,aggregate,uncertainty_persistence,1,seen/20,126,1.0,0.10671934509900291,0.39682539682539675,0.0619047619047619,0.5015873015873016,0.03968253968253968,0.02222222222222222
MarbleNet,reference,reference,uncertainty_persistence,2-4,seen/20,494,2.866396761133603,0.020030836946749567,0.4554655870445343,0.14777327935222673,0.2813765182186235,0.11538461538461539,0.032388663967611336
TinyGRU,seed,41,uncertainty_persistence,2-4,seen/20,494,2.866396761133603,0.04523462756000076,0.5141700404858299,0.08299595141700405,0.3340080971659919,0.06882591093117409,0.014170040485829968
TinyGRU,seed,59,uncertainty_persistence,2-4,seen/20,494,2.866396761133603,0.02609595451280448,0.4979757085020243,0.08097165991902834,0.3684210526315789,0.05263157894736842,0.028340080971659923
TinyGRU,seed,71,uncertainty_persistence,2-4,seen/20,494,2.866396761133603,0.029504307008091608,0.46963562753036436,0.08906882591093117,0.3603238866396761,0.08097165991902834,0.008097165991902827
TinyGRU,seed,83,uncertainty_persistence,2-4,seen/20,494,2.866396761133603,0.017518287032575647,0.5263157894736842,0.04048582995951417,0.402834008097166,0.030364372469635626,0.010121457489878544
TinyGRU,seed,97,uncertainty_persistence,2-4,seen/20,494,2.866396761133603,0.020560062742483308,0.5060728744939271,0.06275303643724696,0.38461538461538464,0.0465587044534413,0.01619433198380566
TinyGRU,aggregate,aggregate,uncertainty_persistence,2-4,seen/20,494,2.866396761133603,0.027782647771191167,0.502834008097166,0.07125506072874495,0.3700404858299595,0.055870445344129556,0.015384615384615392
MarbleNet,reference,reference,uncertainty_persistence,5-10,seen/20,173,6.572254335260116,-0.030438579188829,0.4104046242774566,0.12716763005780346,0.3179190751445087,0.14450867052023122,-0.017341040462427744
TinyGRU,seed,41,uncertainty_persistence,5-10,seen/20,173,6.572254335260116,0.03392419825157561,0.4508670520231214,0.057803468208092484,0.4046242774566474,0.08670520231213873,-0.028901734104046242
TinyGRU,seed,59,uncertainty_persistence,5-10,seen/20,173,6.572254335260116,0.02998790992384896,0.44508670520231214,0.09248554913294797,0.37572254335260113,0.08670520231213873,0.005780346820809246
TinyGRU,seed,71,uncertainty_persistence,5-10,seen/20,173,6.572254335260116,0.05876257242201051,0.44508670520231214,0.10982658959537572,0.35260115606936415,0.09248554913294797,0.01734104046242775
TinyGRU,seed,83,uncertainty_persistence,5-10,seen/20,173,6.572254335260116,0.011094481574603162,0.4393063583815029,0.017341040462427744,0.44508670520231214,0.09826589595375723,-0.0809248554913295
TinyGRU,seed,97,uncertainty_persistence,5-10,seen/20,173,6.572254335260116,0.015458655314709347,0.5028901734104047,0.057803468208092484,0.36416184971098264,0.07514450867052024,-0.01734104046242775
TinyGRU,aggregate,aggregate,uncertainty_persistence,5-10,seen/20,173,6.572254335260116,0.02984556349734951,0.45664739884393063,0.06705202312138728,0.38843930635838153,0.08786127167630059,-0.020809248554913312
MarbleNet,reference,reference,uncertainty_persistence,11-25,seen/20,12,12.0,0.04309619885453588,0.5833333333333333,0.08333333333333333,0.3333333333333333,0.0,0.08333333333333333
TinyGRU,seed,41,uncertainty_persistence,11-25,seen/20,12,12.0,0.00017481867071139634,0.8333333333333334,0.0,0.16666666666666666,0.0,0.0
TinyGRU,seed,59,uncertainty_persistence,11-25,seen/20,12,12.0,-0.0024051438528813287,0.75,0.0,0.25,0.0,0.0
TinyGRU,seed,71,uncertainty_persistence,11-25,seen/20,12,12.0,-0.0005390694807127228,1.0,0.0,0.0,0.0,0.0
TinyGRU,seed,83,uncertainty_persistence,11-25,seen/20,12,12.0,-0.0071074599599113735,0.8333333333333334,0.0,0.16666666666666666,0.0,0.0
TinyGRU,seed,97,uncertainty_persistence,11-25,seen/20,12,12.0,0.0072458328470043215,0.6666666666666666,0.0,0.3333333333333333,0.0,0.0
TinyGRU,aggregate,aggregate,uncertainty_persistence,11-25,seen/20,12,12.0,-0.0005262043551579415,0.8166666666666668,0.0,0.18333333333333335,0.0,0.0
MarbleNet,reference,reference,uncertainty_persistence,26-50,seen/20,0,,,,,,,
TinyGRU,seed,41,uncertainty_persistence,26-50,seen/20,0,,,,,,,
TinyGRU,seed,59,uncertainty_persistence,26-50,seen/20,0,,,,,,,
TinyGRU,seed,71,uncertainty_persistence,26-50,seen/20,0,,,,,,,
TinyGRU,seed,83,uncertainty_persistence,26-50,seen/20,0,,,,,,,
TinyGRU,seed,97,uncertainty_persistence,26-50,seen/20,0,,,,,,,
TinyGRU,aggregate,aggregate,uncertainty_persistence,26-50,seen/20,0,,,,,,,
MarbleNet,reference,reference,uncertainty_persistence,>50,seen/20,0,,,,,,,
TinyGRU,seed,41,uncertainty_persistence,>50,seen/20,0,,,,,,,
TinyGRU,seed,59,uncertainty_persistence,>50,seen/20,0,,,,,,,
TinyGRU,seed,71,uncertainty_persistence,>50,seen/20,0,,,,,,,
TinyGRU,seed,83,uncertainty_persistence,>50,seen/20,0,,,,,,,
TinyGRU,seed,97,uncertainty_persistence,>50,seen/20,0,,,,,,,
TinyGRU,aggregate,aggregate,uncertainty_persistence,>50,seen/20,0,,,,,,,
MarbleNet,reference,reference,uncertainty_persistence,1,unseen/-5,201,1.0,0.11120398004238242,0.49253731343283585,0.23880597014925373,0.18407960199004975,0.0845771144278607,0.15422885572139303
TinyGRU,seed,41,uncertainty_persistence,1,unseen/-5,201,1.0,0.1572716872386355,0.3482587064676617,0.0845771144278607,0.5422885572139303,0.024875621890547265,0.05970149253731344
TinyGRU,seed,59,uncertainty_persistence,1,unseen/-5,201,1.0,0.174808240066008,0.4129353233830846,0.15422885572139303,0.39800995024875624,0.03482587064676617,0.11940298507462685
TinyGRU,seed,71,uncertainty_persistence,1,unseen/-5,201,1.0,0.16834759373440952,0.42786069651741293,0.12437810945273632,0.42786069651741293,0.01990049751243781,0.1044776119402985
TinyGRU,seed,83,uncertainty_persistence,1,unseen/-5,201,1.0,-0.02993963419384663,0.3383084577114428,0.06467661691542288,0.5323383084577115,0.06467661691542288,0.0
TinyGRU,seed,97,uncertainty_persistence,1,unseen/-5,201,1.0,0.10948150236001376,0.4626865671641791,0.05970149253731343,0.4527363184079602,0.024875621890547265,0.03482587064676616
TinyGRU,aggregate,aggregate,uncertainty_persistence,1,unseen/-5,201,1.0,0.11599387784104402,0.39800995024875624,0.09751243781094528,0.4706467661691542,0.03383084577114428,0.063681592039801
MarbleNet,reference,reference,uncertainty_persistence,2-4,unseen/-5,501,3.0798403193612773,0.11496480949167952,0.4610778443113772,0.25349301397205587,0.19760479041916168,0.08782435129740519,0.1656686626746507
TinyGRU,seed,41,uncertainty_persistence,2-4,unseen/-5,501,3.0798403193612773,0.22832336373097276,0.3213572854291417,0.07385229540918163,0.5848303393213573,0.01996007984031936,0.05389221556886227
TinyGRU,seed,59,uncertainty_persistence,2-4,unseen/-5,501,3.0798403193612773,0.2523329168971344,0.32335329341317365,0.281437125748503,0.3373253493013972,0.05788423153692615,0.22355289421157684
TinyGRU,seed,71,uncertainty_persistence,2-4,unseen/-5,501,3.0798403193612773,0.2362312233262946,0.3592814371257485,0.14770459081836326,0.469061876247505,0.023952095808383235,0.12375249500998003
TinyGRU,seed,83,uncertainty_persistence,2-4,unseen/-5,501,3.0798403193612773,0.010071637840949348,0.2994011976047904,0.06387225548902195,0.5828343313373253,0.05389221556886228,0.009980039920159674
TinyGRU,seed,97,uncertainty_persistence,2-4,unseen/-5,501,3.0798403193612773,0.16472658917026922,0.3532934131736527,0.11776447105788423,0.5069860279441117,0.021956087824351298,0.09580838323353294
TinyGRU,aggregate,aggregate,uncertainty_persistence,2-4,unseen/-5,501,3.0798403193612773,0.17833714619312405,0.3313373253493014,0.1369261477045908,0.4962075848303394,0.035528942115768465,0.10139720558882234
MarbleNet,reference,reference,uncertainty_persistence,5-10,unseen/-5,692,6.96242774566474,0.12467564973737263,0.4147398843930636,0.2991329479768786,0.20086705202312138,0.08526011560693642,0.2138728323699422
TinyGRU,seed,41,uncertainty_persistence,5-10,unseen/-5,692,6.96242774566474,0.21032630321285897,0.24421965317919075,0.10260115606936417,0.630057803468208,0.023121387283236993,0.07947976878612717
TinyGRU,seed,59,uncertainty_persistence,5-10,unseen/-5,692,6.96242774566474,0.2529303740555587,0.3092485549132948,0.315028901734104,0.3208092485549133,0.05491329479768786,0.26011560693641617
TinyGRU,seed,71,uncertainty_persistence,5-10,unseen/-5,692,6.96242774566474,0.16510852504749624,0.3800578034682081,0.1329479768786127,0.43641618497109824,0.05057803468208093,0.08236994219653178
TinyGRU,seed,83,uncertainty_persistence,5-10,unseen/-5,692,6.96242774566474,0.007460988368406064,0.2630057803468208,0.07947976878612717,0.5780346820809249,0.07947976878612717,0.0
TinyGRU,seed,97,uncertainty_persistence,5-10,unseen/-5,692,6.96242774566474,0.14857115784718453,0.34104046242774566,0.16329479768786126,0.44508670520231214,0.05057803468208093,0.11271676300578033
TinyGRU,aggregate,aggregate,uncertainty_persistence,5-10,unseen/-5,692,6.96242774566474,0.1568794697063009,0.30751445086705204,0.15867052023121386,0.48208092485549137,0.05173410404624277,0.1069364161849711
MarbleNet,reference,reference,uncertainty_persistence,11-25,unseen/-5,241,12.87551867219917,0.19651801957276835,0.5228215767634855,0.33195020746887965,0.11618257261410789,0.029045643153526972,0.3029045643153527
TinyGRU,seed,41,uncertainty_persistence,11-25,unseen/-5,241,12.87551867219917,0.1658123096317983,0.26556016597510373,0.012448132780082987,0.6846473029045643,0.03734439834024896,-0.024896265560165977
TinyGRU,seed,59,uncertainty_persistence,11-25,unseen/-5,241,12.87551867219917,0.29883405035783805,0.35684647302904565,0.44813278008298757,0.14107883817427386,0.05394190871369295,0.39419087136929465
TinyGRU,seed,71,uncertainty_persistence,11-25,unseen/-5,241,12.87551867219917,0.14672510361845068,0.46887966804979253,0.18672199170124482,0.3112033195020747,0.03319502074688797,0.15352697095435686
TinyGRU,seed,83,uncertainty_persistence,11-25,unseen/-5,241,12.87551867219917,0.022846785985994624,0.2863070539419087,0.008298755186721992,0.6265560165975104,0.07883817427385892,-0.07053941908713693
TinyGRU,seed,97,uncertainty_persistence,11-25,unseen/-5,241,12.87551867219917,0.15097767541734392,0.42738589211618255,0.16597510373443983,0.31950207468879666,0.08713692946058091,0.07883817427385892
TinyGRU,aggregate,aggregate,uncertainty_persistence,11-25,unseen/-5,241,12.87551867219917,0.15703918500228506,0.36099585062240663,0.16431535269709546,0.416597510373444,0.058091286307053944,0.10622406639004152
MarbleNet,reference,reference,uncertainty_persistence,26-50,unseen/-5,0,,,,,,,
TinyGRU,seed,41,uncertainty_persistence,26-50,unseen/-5,0,,,,,,,
TinyGRU,seed,59,uncertainty_persistence,26-50,unseen/-5,0,,,,,,,
TinyGRU,seed,71,uncertainty_persistence,26-50,unseen/-5,0,,,,,,,
TinyGRU,seed,83,uncertainty_persistence,26-50,unseen/-5,0,,,,,,,
TinyGRU,seed,97,uncertainty_persistence,26-50,unseen/-5,0,,,,,,,
TinyGRU,aggregate,aggregate,uncertainty_persistence,26-50,unseen/-5,0,,,,,,,
MarbleNet,reference,reference,uncertainty_persistence,>50,unseen/-5,0,,,,,,,
TinyGRU,seed,41,uncertainty_persistence,>50,unseen/-5,0,,,,,,,
TinyGRU,seed,59,uncertainty_persistence,>50,unseen/-5,0,,,,,,,
TinyGRU,seed,71,uncertainty_persistence,>50,unseen/-5,0,,,,,,,
TinyGRU,seed,83,uncertainty_persistence,>50,unseen/-5,0,,,,,,,
TinyGRU,seed,97,uncertainty_persistence,>50,unseen/-5,0,,,,,,,
TinyGRU,aggregate,aggregate,uncertainty_persistence,>50,unseen/-5,0,,,,,,,
MarbleNet,reference,reference,uncertainty_persistence,1,unseen/0,116,1.0,0.1284635396472965,0.5086206896551724,0.20689655172413793,0.19827586206896552,0.08620689655172414,0.1206896551724138
TinyGRU,seed,41,uncertainty_persistence,1,unseen/0,116,1.0,0.07150213478070767,0.3706896551724138,0.05172413793103448,0.5258620689655172,0.05172413793103448,0.0
TinyGRU,seed,59,uncertainty_persistence,1,unseen/0,116,1.0,0.020557681484517414,0.4396551724137931,0.08620689655172414,0.4224137931034483,0.05172413793103448,0.03448275862068966
TinyGRU,seed,71,uncertainty_persistence,1,unseen/0,116,1.0,-0.03068240200399737,0.43103448275862066,0.08620689655172414,0.4224137931034483,0.0603448275862069,0.025862068965517244
TinyGRU,seed,83,uncertainty_persistence,1,unseen/0,116,1.0,-0.017341126990037082,0.39655172413793105,0.08620689655172414,0.4482758620689655,0.06896551724137931,0.017241379310344834
TinyGRU,seed,97,uncertainty_persistence,1,unseen/0,116,1.0,0.07712517019294875,0.4051724137931034,0.08620689655172414,0.4482758620689655,0.0603448275862069,0.025862068965517244
TinyGRU,aggregate,aggregate,uncertainty_persistence,1,unseen/0,116,1.0,0.024232291492827875,0.40862068965517245,0.07931034482758621,0.453448275862069,0.05862068965517241,0.0206896551724138
MarbleNet,reference,reference,uncertainty_persistence,2-4,unseen/0,360,3.011111111111111,0.09968779109456717,0.4055555555555555,0.2777777777777778,0.2111111111111111,0.10555555555555556,0.17222222222222222
TinyGRU,seed,41,uncertainty_persistence,2-4,unseen/0,360,3.011111111111111,0.06764448327171126,0.3138888888888889,0.07777777777777778,0.5388888888888889,0.06944444444444445,0.008333333333333331
TinyGRU,seed,59,uncertainty_persistence,2-4,unseen/0,360,3.011111111111111,0.04099663771278445,0.35833333333333334,0.11666666666666667,0.48055555555555557,0.044444444444444446,0.07222222222222222
TinyGRU,seed,71,uncertainty_persistence,2-4,unseen/0,360,3.011111111111111,-0.030640903526110267,0.39166666666666666,0.11388888888888889,0.41388888888888886,0.08055555555555556,0.033333333333333326
TinyGRU,seed,83,uncertainty_persistence,2-4,unseen/0,360,3.011111111111111,0.03721932193663851,0.35,0.11388888888888889,0.5,0.03611111111111111,0.07777777777777778
TinyGRU,seed,97,uncertainty_persistence,2-4,unseen/0,360,3.011111111111111,0.08604400602420467,0.4111111111111111,0.09166666666666666,0.43333333333333335,0.06388888888888888,0.027777777777777776
TinyGRU,aggregate,aggregate,uncertainty_persistence,2-4,unseen/0,360,3.011111111111111,0.04025270908384572,0.365,0.10277777777777777,0.47333333333333333,0.058888888888888886,0.04388888888888889
MarbleNet,reference,reference,uncertainty_persistence,5-10,unseen/0,388,6.917525773195877,0.0771704280583236,0.384020618556701,0.23969072164948454,0.2706185567010309,0.1056701030927835,0.13402061855670103
TinyGRU,seed,41,uncertainty_persistence,5-10,unseen/0,388,6.917525773195877,0.10598277616455616,0.27835051546391754,0.09278350515463918,0.6030927835051546,0.02577319587628866,0.06701030927835053
TinyGRU,seed,59,uncertainty_persistence,5-10,unseen/0,388,6.917525773195877,0.10998721094960438,0.39948453608247425,0.11855670103092783,0.4639175257731959,0.01804123711340206,0.10051546391752578
TinyGRU,seed,71,uncertainty_persistence,5-10,unseen/0,388,6.917525773195877,0.06953195956201534,0.37371134020618557,0.13917525773195877,0.4536082474226804,0.03350515463917526,0.10567010309278352
TinyGRU,seed,83,uncertainty_persistence,5-10,unseen/0,388,6.917525773195877,-0.01412111523330971,0.30670103092783507,0.06701030927835051,0.5902061855670103,0.03608247422680412,0.030927835051546393
TinyGRU,seed,97,uncertainty_persistence,5-10,unseen/0,388,6.917525773195877,0.09925168538417004,0.38402061855670105,0.08505154639175258,0.5,0.030927835051546393,0.05412371134020619
TinyGRU,aggregate,aggregate,uncertainty_persistence,5-10,unseen/0,388,6.917525773195877,0.07412650336540721,0.34845360824742266,0.10051546391752578,0.5221649484536083,0.0288659793814433,0.07164948453608247
MarbleNet,reference,reference,uncertainty_persistence,11-25,unseen/0,95,17.526315789473685,0.2798816236392294,0.5052631578947369,0.43157894736842106,0.06315789473684211,0.0,0.43157894736842106
TinyGRU,seed,41,uncertainty_persistence,11-25,unseen/0,95,17.526315789473685,0.08385276898767419,0.11578947368421053,0.042105263157894736,0.8421052631578947,0.0,0.042105263157894736
TinyGRU,seed,59,uncertainty_persistence,11-25,unseen/0,95,17.526315789473685,0.09359245741645464,0.17894736842105263,0.21052631578947367,0.5578947368421052,0.05263157894736842,0.15789473684210525
TinyGRU,seed,71,uncertainty_persistence,11-25,unseen/0,95,17.526315789473685,0.04677374487583649,0.15789473684210525,0.2631578947368421,0.5263157894736842,0.05263157894736842,0.21052631578947367
TinyGRU,seed,83,uncertainty_persistence,11-25,unseen/0,95,17.526315789473685,0.015290035769546531,0.11578947368421053,0.16842105263157894,0.6631578947368421,0.05263157894736842,0.11578947368421053
TinyGRU,seed,97,uncertainty_persistence,11-25,unseen/0,95,17.526315789473685,0.2543983037087715,0.16842105263157894,0.21052631578947367,0.5684210526315789,0.05263157894736842,0.15789473684210525
TinyGRU,aggregate,aggregate,uncertainty_persistence,11-25,unseen/0,95,17.526315789473685,0.0987814621516567,0.14736842105263157,0.17894736842105266,0.631578947368421,0.042105263157894736,0.13684210526315793
MarbleNet,reference,reference,uncertainty_persistence,26-50,unseen/0,0,,,,,,,
TinyGRU,seed,41,uncertainty_persistence,26-50,unseen/0,0,,,,,,,
TinyGRU,seed,59,uncertainty_persistence,26-50,unseen/0,0,,,,,,,
TinyGRU,seed,71,uncertainty_persistence,26-50,unseen/0,0,,,,,,,
TinyGRU,seed,83,uncertainty_persistence,26-50,unseen/0,0,,,,,,,
TinyGRU,seed,97,uncertainty_persistence,26-50,unseen/0,0,,,,,,,
TinyGRU,aggregate,aggregate,uncertainty_persistence,26-50,unseen/0,0,,,,,,,
MarbleNet,reference,reference,uncertainty_persistence,>50,unseen/0,0,,,,,,,
TinyGRU,seed,41,uncertainty_persistence,>50,unseen/0,0,,,,,,,
TinyGRU,seed,59,uncertainty_persistence,>50,unseen/0,0,,,,,,,
TinyGRU,seed,71,uncertainty_persistence,>50,unseen/0,0,,,,,,,
TinyGRU,seed,83,uncertainty_persistence,>50,unseen/0,0,,,,,,,
TinyGRU,seed,97,uncertainty_persistence,>50,unseen/0,0,,,,,,,
TinyGRU,aggregate,aggregate,uncertainty_persistence,>50,unseen/0,0,,,,,,,
MarbleNet,reference,reference,uncertainty_persistence,1,unseen/5,164,1.0,0.11631076280517161,0.4268292682926829,0.23780487804878048,0.25609756097560976,0.07926829268292683,0.15853658536585366
TinyGRU,seed,41,uncertainty_persistence,1,unseen/5,164,1.0,0.18213950375091034,0.22560975609756098,0.042682926829268296,0.725609756097561,0.006097560975609756,0.03658536585365854
TinyGRU,seed,59,uncertainty_persistence,1,unseen/5,164,1.0,0.099010527853525,0.2804878048780488,0.10365853658536585,0.5914634146341463,0.024390243902439025,0.07926829268292682
TinyGRU,seed,71,uncertainty_persistence,1,unseen/5,164,1.0,-0.0726544506166271,0.2621951219512195,0.036585365853658534,0.6158536585365854,0.08536585365853659,-0.04878048780487806
TinyGRU,seed,83,uncertainty_persistence,1,unseen/5,164,1.0,-0.051139253218365585,0.2682926829268293,0.012195121951219513,0.6829268292682927,0.036585365853658534,-0.024390243902439022
TinyGRU,seed,97,uncertainty_persistence,1,unseen/5,164,1.0,0.10374801237616893,0.3048780487804878,0.0975609756097561,0.5670731707317073,0.03048780487804878,0.06707317073170732
TinyGRU,aggregate,aggregate,uncertainty_persistence,1,unseen/5,164,1.0,0.052220868029122305,0.2682926829268293,0.058536585365853655,0.6365853658536585,0.03658536585365854,0.021951219512195114
MarbleNet,reference,reference,uncertainty_persistence,2-4,unseen/5,466,2.944206008583691,0.10677365398635842,0.37768240343347637,0.3369098712446352,0.2017167381974249,0.08369098712446352,0.2532188841201717
TinyGRU,seed,41,uncertainty_persistence,2-4,unseen/5,466,2.944206008583691,0.20379713324384435,0.2167381974248927,0.0407725321888412,0.7253218884120172,0.017167381974248927,0.023605150214592273
TinyGRU,seed,59,uncertainty_persistence,2-4,unseen/5,466,2.944206008583691,0.1263200230290387,0.259656652360515,0.1351931330472103,0.5793991416309013,0.02575107296137339,0.10944206008583693
TinyGRU,seed,71,uncertainty_persistence,2-4,unseen/5,466,2.944206008583691,-0.036420057966679416,0.26824034334763946,0.04721030042918455,0.6180257510729614,0.06652360515021459,-0.019313304721030038
TinyGRU,seed,83,uncertainty_persistence,2-4,unseen/5,466,2.944206008583691,-0.03394563081665648,0.22532188841201717,0.019313304721030045,0.7360515021459227,0.019313304721030045,0.0
TinyGRU,seed,97,uncertainty_persistence,2-4,unseen/5,466,2.944206008583691,0.14364593929118274,0.3261802575107296,0.11802575107296137,0.5214592274678111,0.034334763948497854,0.08369098712446352
TinyGRU,aggregate,aggregate,uncertainty_persistence,2-4,unseen/5,466,2.944206008583691,0.08067948135614599,0.2592274678111588,0.07210300429184549,0.6360515021459227,0.03261802575107297,0.03948497854077252
MarbleNet,reference,reference,uncertainty_persistence,5-10,unseen/5,384,7.328125,0.20235963008237964,0.3645833333333334,0.4348958333333333,0.1640625,0.036458333333333336,0.3984375
TinyGRU,seed,41,uncertainty_persistence,5-10,unseen/5,384,7.328125,0.22807138206285923,0.11458333333333333,0.0078125,0.8619791666666666,0.015625,-0.0078125
TinyGRU,seed,59,uncertainty_persistence,5-10,unseen/5,384,7.328125,0.11649440596732419,0.1640625,0.11197916666666667,0.7239583333333334,0.0,0.11197916666666667
TinyGRU,seed,71,uncertainty_persistence,5-10,unseen/5,384,7.328125,-0.12854894619047916,0.2109375,0.0390625,0.6692708333333334,0.08072916666666667,-0.04166666666666667
TinyGRU,seed,83,uncertainty_persistence,5-10,unseen/5,384,7.328125,-0.045870022261001904,0.12760416666666666,0.005208333333333333,0.8411458333333334,0.026041666666666668,-0.020833333333333336
TinyGRU,seed,97,uncertainty_persistence,5-10,unseen/5,384,7.328125,0.1569657235224046,0.24739583333333334,0.14322916666666666,0.5703125,0.0390625,0.10416666666666666
TinyGRU,aggregate,aggregate,uncertainty_persistence,5-10,unseen/5,384,7.328125,0.06542250862022138,0.1729166666666667,0.06145833333333334,0.7333333333333333,0.03229166666666667,0.029166666666666667
MarbleNet,reference,reference,uncertainty_persistence,11-25,unseen/5,209,13.45933014354067,0.18941691779297548,0.43540669856459324,0.430622009569378,0.11961722488038277,0.014354066985645933,0.41626794258373206
TinyGRU,seed,41,uncertainty_persistence,11-25,unseen/5,209,13.45933014354067,0.2273486594983125,0.03827751196172249,0.10526315789473684,0.8516746411483254,0.004784688995215311,0.10047846889952153
TinyGRU,seed,59,uncertainty_persistence,11-25,unseen/5,209,13.45933014354067,0.11789481361440052,0.0861244019138756,0.24401913875598086,0.6363636363636364,0.03349282296650718,0.21052631578947367
TinyGRU,seed,71,uncertainty_persistence,11-25,unseen/5,209,13.45933014354067,-0.11816294319226249,0.23444976076555024,0.014354066985645933,0.5933014354066986,0.15789473684210525,-0.14354066985645933
TinyGRU,seed,83,uncertainty_persistence,11-25,unseen/5,209,13.45933014354067,-0.1656323222533296,0.11483253588516747,0.023923444976076555,0.8373205741626795,0.023923444976076555,0.0
TinyGRU,seed,97,uncertainty_persistence,11-25,unseen/5,209,13.45933014354067,0.14899261941657413,0.23444976076555024,0.10526315789473684,0.6124401913875598,0.04784688995215311,0.057416267942583726
TinyGRU,aggregate,aggregate,uncertainty_persistence,11-25,unseen/5,209,13.45933014354067,0.04208816541673902,0.1416267942583732,0.09856459330143542,0.70622009569378,0.05358851674641148,0.04497607655502395
MarbleNet,reference,reference,uncertainty_persistence,26-50,unseen/5,28,28.0,0.24184935694266257,0.3928571428571428,0.42857142857142855,0.17857142857142858,0.0,0.42857142857142855
TinyGRU,seed,41,uncertainty_persistence,26-50,unseen/5,28,28.0,-0.20338982779562126,0.0,0.0,1.0,0.0,0.0
TinyGRU,seed,59,uncertainty_persistence,26-50,unseen/5,28,28.0,0.04010908116081157,0.17857142857142858,0.10714285714285714,0.7142857142857143,0.0,0.10714285714285714
TinyGRU,seed,71,uncertainty_persistence,26-50,unseen/5,28,28.0,-0.2635063417255899,0.25,0.0,0.5714285714285714,0.17857142857142858,-0.17857142857142858
TinyGRU,seed,83,uncertainty_persistence,26-50,unseen/5,28,28.0,-0.21614822926703153,0.0,0.0,1.0,0.0,0.0
TinyGRU,seed,97,uncertainty_persistence,26-50,unseen/5,28,28.0,0.3075917762786618,0.0,0.0,1.0,0.0,0.0
TinyGRU,aggregate,aggregate,uncertainty_persistence,26-50,unseen/5,28,28.0,-0.06706870826975384,0.08571428571428573,0.021428571428571432,0.8571428571428573,0.03571428571428571,-0.01428571428571428
MarbleNet,reference,reference,uncertainty_persistence,>50,unseen/5,0,,,,,,,
TinyGRU,seed,41,uncertainty_persistence,>50,unseen/5,0,,,,,,,
TinyGRU,seed,59,uncertainty_persistence,>50,unseen/5,0,,,,,,,
TinyGRU,seed,71,uncertainty_persistence,>50,unseen/5,0,,,,,,,
TinyGRU,seed,83,uncertainty_persistence,>50,unseen/5,0,,,,,,,
TinyGRU,seed,97,uncertainty_persistence,>50,unseen/5,0,,,,,,,
TinyGRU,aggregate,aggregate,uncertainty_persistence,>50,unseen/5,0,,,,,,,
MarbleNet,reference,reference,uncertainty_persistence,1,unseen/10,48,1.0,0.046173666584752165,0.41666666666666663,0.14583333333333334,0.3125,0.125,0.020833333333333332
TinyGRU,seed,41,uncertainty_persistence,1,unseen/10,48,1.0,0.08301501144738647,0.3958333333333333,0.0625,0.5208333333333334,0.020833333333333332,0.04166666666666667
TinyGRU,seed,59,uncertainty_persistence,1,unseen/10,48,1.0,0.03838655892204817,0.4583333333333333,0.020833333333333332,0.4583333333333333,0.0625,-0.04166666666666667
TinyGRU,seed,71,uncertainty_persistence,1,unseen/10,48,1.0,0.04774144480507445,0.4166666666666667,0.041666666666666664,0.5,0.041666666666666664,0.0
TinyGRU,seed,83,uncertainty_persistence,1,unseen/10,48,1.0,0.11715756762022267,0.4791666666666667,0.0,0.5,0.020833333333333332,-0.020833333333333332
TinyGRU,seed,97,uncertainty_persistence,1,unseen/10,48,1.0,0.12984462915863135,0.4583333333333333,0.041666666666666664,0.4791666666666667,0.020833333333333332,0.020833333333333332
TinyGRU,aggregate,aggregate,uncertainty_persistence,1,unseen/10,48,1.0,0.08322904239067262,0.44166666666666665,0.03333333333333333,0.4916666666666667,0.03333333333333333,0.0
MarbleNet,reference,reference,uncertainty_persistence,2-4,unseen/10,133,2.924812030075188,0.03431072795908437,0.518796992481203,0.12030075187969924,0.2631578947368421,0.09774436090225563,0.022556390977443608
TinyGRU,seed,41,uncertainty_persistence,2-4,unseen/10,133,2.924812030075188,0.05648447874731339,0.47368421052631576,0.007518796992481203,0.48872180451127817,0.03007518796992481,-0.022556390977443608
TinyGRU,seed,59,uncertainty_persistence,2-4,unseen/10,133,2.924812030075188,0.049798809762640506,0.39097744360902253,0.03007518796992481,0.518796992481203,0.06015037593984962,-0.03007518796992481
TinyGRU,seed,71,uncertainty_persistence,2-4,unseen/10,133,2.924812030075188,0.013393657071029947,0.38345864661654133,0.07518796992481203,0.48120300751879697,0.06015037593984962,0.015037593984962405
TinyGRU,seed,83,uncertainty_persistence,2-4,unseen/10,133,2.924812030075188,0.10446193145699417,0.3684210526315789,0.045112781954887216,0.556390977443609,0.03007518796992481,0.015037593984962405
TinyGRU,seed,97,uncertainty_persistence,2-4,unseen/10,133,2.924812030075188,0.056978950969268125,0.42857142857142855,0.07518796992481203,0.45112781954887216,0.045112781954887216,0.03007518796992481
TinyGRU,aggregate,aggregate,uncertainty_persistence,2-4,unseen/10,133,2.924812030075188,0.05622356560144922,0.40902255639097745,0.04661654135338346,0.49924812030075194,0.04511278195488722,0.0015037593984962364
MarbleNet,reference,reference,uncertainty_persistence,5-10,unseen/10,60,6.166666666666667,0.13403424864575747,0.3666666666666667,0.25,0.35,0.03333333333333333,0.21666666666666667
TinyGRU,seed,41,uncertainty_persistence,5-10,unseen/10,60,6.166666666666667,0.04641325591449873,0.2833333333333333,0.08333333333333333,0.6333333333333333,0.0,0.08333333333333333
TinyGRU,seed,59,uncertainty_persistence,5-10,unseen/10,60,6.166666666666667,0.052486072857021046,0.2833333333333333,0.13333333333333333,0.5666666666666667,0.016666666666666666,0.11666666666666667
TinyGRU,seed,71,uncertainty_persistence,5-10,unseen/10,60,6.166666666666667,-0.009295866116609045,0.23333333333333334,0.08333333333333333,0.6333333333333333,0.05,0.033333333333333326
TinyGRU,seed,83,uncertainty_persistence,5-10,unseen/10,60,6.166666666666667,0.17392466553413446,0.23333333333333334,0.11666666666666667,0.65,0.0,0.11666666666666667
TinyGRU,seed,97,uncertainty_persistence,5-10,unseen/10,60,6.166666666666667,0.1471701355325253,0.38333333333333336,0.2,0.4166666666666667,0.0,0.2
TinyGRU,aggregate,aggregate,uncertainty_persistence,5-10,unseen/10,60,6.166666666666667,0.0821396527443141,0.2833333333333333,0.12333333333333334,0.5800000000000002,0.013333333333333334,0.11
MarbleNet,reference,reference,uncertainty_persistence,11-25,unseen/10,0,,,,,,,
TinyGRU,seed,41,uncertainty_persistence,11-25,unseen/10,0,,,,,,,
TinyGRU,seed,59,uncertainty_persistence,11-25,unseen/10,0,,,,,,,
TinyGRU,seed,71,uncertainty_persistence,11-25,unseen/10,0,,,,,,,
TinyGRU,seed,83,uncertainty_persistence,11-25,unseen/10,0,,,,,,,
TinyGRU,seed,97,uncertainty_persistence,11-25,unseen/10,0,,,,,,,
TinyGRU,aggregate,aggregate,uncertainty_persistence,11-25,unseen/10,0,,,,,,,
MarbleNet,reference,reference,uncertainty_persistence,26-50,unseen/10,0,,,,,,,
TinyGRU,seed,41,uncertainty_persistence,26-50,unseen/10,0,,,,,,,
TinyGRU,seed,59,uncertainty_persistence,26-50,unseen/10,0,,,,,,,
TinyGRU,seed,71,uncertainty_persistence,26-50,unseen/10,0,,,,,,,
TinyGRU,seed,83,uncertainty_persistence,26-50,unseen/10,0,,,,,,,
TinyGRU,seed,97,uncertainty_persistence,26-50,unseen/10,0,,,,,,,
TinyGRU,aggregate,aggregate,uncertainty_persistence,26-50,unseen/10,0,,,,,,,
MarbleNet,reference,reference,uncertainty_persistence,>50,unseen/10,0,,,,,,,
TinyGRU,seed,41,uncertainty_persistence,>50,unseen/10,0,,,,,,,
TinyGRU,seed,59,uncertainty_persistence,>50,unseen/10,0,,,,,,,
TinyGRU,seed,71,uncertainty_persistence,>50,unseen/10,0,,,,,,,
TinyGRU,seed,83,uncertainty_persistence,>50,unseen/10,0,,,,,,,
TinyGRU,seed,97,uncertainty_persistence,>50,unseen/10,0,,,,,,,
TinyGRU,aggregate,aggregate,uncertainty_persistence,>50,unseen/10,0,,,,,,,
MarbleNet,reference,reference,uncertainty_persistence,1,unseen/15,139,1.0,0.028072636509629267,0.49640287769784164,0.14388489208633093,0.2733812949640288,0.08633093525179857,0.05755395683453238
TinyGRU,seed,41,uncertainty_persistence,1,unseen/15,139,1.0,0.07236047835817076,0.3669064748201439,0.02877697841726619,0.5611510791366906,0.04316546762589928,-0.014388489208633094
TinyGRU,seed,59,uncertainty_persistence,1,unseen/15,139,1.0,0.06697536894620762,0.34532374100719426,0.02877697841726619,0.5971223021582733,0.02877697841726619,0.0
TinyGRU,seed,71,uncertainty_persistence,1,unseen/15,139,1.0,0.07097983435053286,0.4172661870503597,0.10071942446043165,0.45323741007194246,0.02877697841726619,0.07194244604316546
TinyGRU,seed,83,uncertainty_persistence,1,unseen/15,139,1.0,0.04570747995870319,0.4316546762589928,0.02158273381294964,0.5467625899280576,0.0,0.02158273381294964
TinyGRU,seed,97,uncertainty_persistence,1,unseen/15,139,1.0,0.05117542189528854,0.3669064748201439,0.04316546762589928,0.5611510791366906,0.02877697841726619,0.014388489208633094
TinyGRU,aggregate,aggregate,uncertainty_persistence,1,unseen/15,139,1.0,0.06143971670178058,0.3856115107913669,0.04460431654676259,0.5438848920863308,0.02589928057553957,0.01870503597122302
MarbleNet,reference,reference,uncertainty_persistence,2-4,unseen/15,351,2.982905982905983,0.05435927344708409,0.4843304843304844,0.16524216524216523,0.24786324786324787,0.10256410256410256,0.06267806267806268
TinyGRU,seed,41,uncertainty_persistence,2-4,unseen/15,351,2.982905982905983,0.06787526002670692,0.5071225071225072,0.06267806267806268,0.38746438746438744,0.042735042735042736,0.019943019943019946
TinyGRU,seed,59,uncertainty_persistence,2-4,unseen/15,351,2.982905982905983,0.044799833257138565,0.5042735042735043,0.045584045584045586,0.4131054131054131,0.037037037037037035,0.008547008547008551
TinyGRU,seed,71,uncertainty_persistence,2-4,unseen/15,351,2.982905982905983,0.05036470608266455,0.5156695156695157,0.05698005698005698,0.3504273504273504,0.07692307692307693,-0.019943019943019946
TinyGRU,seed,83,uncertainty_persistence,2-4,unseen/15,351,2.982905982905983,0.0317152716920972,0.5954415954415955,0.037037037037037035,0.3504273504273504,0.017094017094017096,0.01994301994301994
TinyGRU,seed,97,uncertainty_persistence,2-4,unseen/15,351,2.982905982905983,0.04076661656610181,0.5327635327635327,0.039886039886039885,0.38746438746438744,0.039886039886039885,0.0
TinyGRU,aggregate,aggregate,uncertainty_persistence,2-4,unseen/15,351,2.982905982905983,0.04710433752494181,0.531054131054131,0.04843304843304843,0.37777777777777777,0.042735042735042736,0.005698005698005694
MarbleNet,reference,reference,uncertainty_persistence,5-10,unseen/15,114,7.350877192982456,-0.06642080744440476,0.3771929824561404,0.09649122807017543,0.38596491228070173,0.14035087719298245,-0.043859649122807015
TinyGRU,seed,41,uncertainty_persistence,5-10,unseen/15,114,7.350877192982456,-0.03749072920400369,0.3684210526315789,0.07894736842105263,0.40350877192982454,0.14912280701754385,-0.07017543859649122
TinyGRU,seed,59,uncertainty_persistence,5-10,unseen/15,114,7.350877192982456,0.018218913832674474,0.2982456140350877,0.15789473684210525,0.4824561403508772,0.06140350877192982,0.09649122807017543
TinyGRU,seed,71,uncertainty_persistence,5-10,unseen/15,114,7.350877192982456,-0.027583846363467127,0.3333333333333333,0.14035087719298245,0.35964912280701755,0.16666666666666666,-0.02631578947368421
TinyGRU,seed,83,uncertainty_persistence,5-10,unseen/15,114,7.350877192982456,-0.03646190609709826,0.35964912280701755,0.043859649122807015,0.4824561403508772,0.11403508771929824,-0.07017543859649122
TinyGRU,seed,97,uncertainty_persistence,5-10,unseen/15,114,7.350877192982456,-0.0028887539773495056,0.35964912280701755,0.08771929824561403,0.4298245614035088,0.12280701754385964,-0.03508771929824561
TinyGRU,aggregate,aggregate,uncertainty_persistence,5-10,unseen/15,114,7.350877192982456,-0.01724126436184882,0.34385964912280703,0.10175438596491229,0.431578947368421,0.12280701754385964,-0.02105263157894735
MarbleNet,reference,reference,uncertainty_persistence,11-25,unseen/15,13,13.0,-0.3670100371486723,0.07692307692307698,0.0,0.07692307692307693,0.8461538461538461,-0.8461538461538461
TinyGRU,seed,41,uncertainty_persistence,11-25,unseen/15,13,13.0,-0.10528021628565033,1.0,0.0,0.0,0.0,0.0
TinyGRU,seed,59,uncertainty_persistence,11-25,unseen/15,13,13.0,0.03633244448475292,1.0,0.0,0.0,0.0,0.0
TinyGRU,seed,71,uncertainty_persistence,11-25,unseen/15,13,13.0,-0.037936666277000194,1.0,0.0,0.0,0.0,0.0
TinyGRU,seed,83,uncertainty_persistence,11-25,unseen/15,13,13.0,-0.06915486429857429,1.0,0.0,0.0,0.0,0.0
TinyGRU,seed,97,uncertainty_persistence,11-25,unseen/15,13,13.0,-0.03555840224365353,1.0,0.0,0.0,0.0,0.0
TinyGRU,aggregate,aggregate,uncertainty_persistence,11-25,unseen/15,13,13.0,-0.04231954092402509,1.0,0.0,0.0,0.0,0.0
MarbleNet,reference,reference,uncertainty_persistence,26-50,unseen/15,26,26.0,0.09028953243984789,0.6923076923076923,0.15384615384615385,0.038461538461538464,0.11538461538461539,0.038461538461538464
TinyGRU,seed,41,uncertainty_persistence,26-50,unseen/15,26,26.0,-0.3313106274041564,0.46153846153846156,0.0,0.3076923076923077,0.23076923076923078,-0.23076923076923078
TinyGRU,seed,59,uncertainty_persistence,26-50,unseen/15,26,26.0,-0.7262659471764115,0.0,0.0,0.5384615384615384,0.46153846153846156,-0.46153846153846156
TinyGRU,seed,71,uncertainty_persistence,26-50,unseen/15,26,26.0,-0.21395488920186065,0.5,0.0,0.3076923076923077,0.19230769230769232,-0.19230769230769232
TinyGRU,seed,83,uncertainty_persistence,26-50,unseen/15,26,26.0,-0.05631381266477561,0.8846153846153846,0.0,0.07692307692307693,0.038461538461538464,-0.038461538461538464
TinyGRU,seed,97,uncertainty_persistence,26-50,unseen/15,26,26.0,-0.42047038990282587,0.7307692307692307,0.0,0.038461538461538464,0.23076923076923078,-0.23076923076923078
TinyGRU,aggregate,aggregate,uncertainty_persistence,26-50,unseen/15,26,26.0,-0.3496631332700061,0.5153846153846153,0.0,0.2538461538461539,0.23076923076923078,-0.23076923076923078
MarbleNet,reference,reference,uncertainty_persistence,>50,unseen/15,0,,,,,,,
TinyGRU,seed,41,uncertainty_persistence,>50,unseen/15,0,,,,,,,
TinyGRU,seed,59,uncertainty_persistence,>50,unseen/15,0,,,,,,,
TinyGRU,seed,71,uncertainty_persistence,>50,unseen/15,0,,,,,,,
TinyGRU,seed,83,uncertainty_persistence,>50,unseen/15,0,,,,,,,
TinyGRU,seed,97,uncertainty_persistence,>50,unseen/15,0,,,,,,,
TinyGRU,aggregate,aggregate,uncertainty_persistence,>50,unseen/15,0,,,,,,,
MarbleNet,reference,reference,uncertainty_persistence,1,unseen/20,51,1.0,0.041980217966375515,0.6078431372549019,0.11764705882352941,0.21568627450980393,0.058823529411764705,0.058823529411764705
TinyGRU,seed,41,uncertainty_persistence,1,unseen/20,51,1.0,0.020749762098545014,0.39215686274509803,0.058823529411764705,0.5098039215686274,0.0392156862745098,0.0196078431372549
TinyGRU,seed,59,uncertainty_persistence,1,unseen/20,51,1.0,0.02975392071102365,0.35294117647058826,0.0196078431372549,0.5686274509803921,0.058823529411764705,-0.0392156862745098
TinyGRU,seed,71,uncertainty_persistence,1,unseen/20,51,1.0,0.02541522875983412,0.47058823529411764,0.058823529411764705,0.45098039215686275,0.0196078431372549,0.0392156862745098
TinyGRU,seed,83,uncertainty_persistence,1,unseen/20,51,1.0,-0.02104675147454243,0.4117647058823529,0.0392156862745098,0.5490196078431373,0.0,0.0392156862745098
TinyGRU,seed,97,uncertainty_persistence,1,unseen/20,51,1.0,-0.007143270294773778,0.4117647058823529,0.0,0.5882352941176471,0.0,0.0
TinyGRU,aggregate,aggregate,uncertainty_persistence,1,unseen/20,51,1.0,0.009545777960017314,0.40784313725490196,0.03529411764705882,0.5333333333333332,0.023529411764705885,0.011764705882352938
MarbleNet,reference,reference,uncertainty_persistence,2-4,unseen/20,160,2.7125,0.10723615972714413,0.46875,0.2625,0.18125,0.0875,0.175
TinyGRU,seed,41,uncertainty_persistence,2-4,unseen/20,160,2.7125,0.05752934934159178,0.575,0.075,0.2875,0.0625,0.012499999999999997
TinyGRU,seed,59,uncertainty_persistence,2-4,unseen/20,160,2.7125,0.11087932561035405,0.49375,0.10625,0.34375,0.05625,0.049999999999999996
TinyGRU,seed,71,uncertainty_persistence,2-4,unseen/20,160,2.7125,0.024768246811042033,0.60625,0.0375,0.2875,0.06875,-0.03125000000000001
TinyGRU,seed,83,uncertainty_persistence,2-4,unseen/20,160,2.7125,0.0463642445494926,0.625,0.025,0.325,0.025,0.0
TinyGRU,seed,97,uncertainty_persistence,2-4,unseen/20,160,2.7125,0.056118640252310115,0.53125,0.06875,0.375,0.025,0.043750000000000004
TinyGRU,aggregate,aggregate,uncertainty_persistence,2-4,unseen/20,160,2.7125,0.059131961312958115,0.5662499999999999,0.0625,0.32375,0.0475,0.015
MarbleNet,reference,reference,uncertainty_persistence,5-10,unseen/20,88,7.340909090909091,-0.019051828273068738,0.4545454545454546,0.07954545454545454,0.3181818181818182,0.14772727272727273,-0.06818181818181818
TinyGRU,seed,41,uncertainty_persistence,5-10,unseen/20,88,7.340909090909091,0.10665387192201159,0.4772727272727273,0.022727272727272728,0.4772727272727273,0.022727272727272728,0.0
TinyGRU,seed,59,uncertainty_persistence,5-10,unseen/20,88,7.340909090909091,0.11858289510045393,0.5568181818181818,0.056818181818181816,0.36363636363636365,0.022727272727272728,0.03409090909090909
TinyGRU,seed,71,uncertainty_persistence,5-10,unseen/20,88,7.340909090909091,0.12462308778559915,0.5113636363636364,0.09090909090909091,0.375,0.022727272727272728,0.06818181818181818
TinyGRU,seed,83,uncertainty_persistence,5-10,unseen/20,88,7.340909090909091,0.04718391925974425,0.5113636363636364,0.07954545454545454,0.38636363636363635,0.022727272727272728,0.056818181818181816
TinyGRU,seed,97,uncertainty_persistence,5-10,unseen/20,88,7.340909090909091,0.060023645549736944,0.5,0.11363636363636363,0.375,0.011363636363636364,0.10227272727272727
TinyGRU,aggregate,aggregate,uncertainty_persistence,5-10,unseen/20,88,7.340909090909091,0.09141348392350918,0.5113636363636364,0.07272727272727274,0.3954545454545455,0.020454545454545458,0.052272727272727276
MarbleNet,reference,reference,uncertainty_persistence,11-25,unseen/20,0,,,,,,,
TinyGRU,seed,41,uncertainty_persistence,11-25,unseen/20,0,,,,,,,
TinyGRU,seed,59,uncertainty_persistence,11-25,unseen/20,0,,,,,,,
TinyGRU,seed,71,uncertainty_persistence,11-25,unseen/20,0,,,,,,,
TinyGRU,seed,83,uncertainty_persistence,11-25,unseen/20,0,,,,,,,
TinyGRU,seed,97,uncertainty_persistence,11-25,unseen/20,0,,,,,,,
TinyGRU,aggregate,aggregate,uncertainty_persistence,11-25,unseen/20,0,,,,,,,
MarbleNet,reference,reference,uncertainty_persistence,26-50,unseen/20,0,,,,,,,
TinyGRU,seed,41,uncertainty_persistence,26-50,unseen/20,0,,,,,,,
TinyGRU,seed,59,uncertainty_persistence,26-50,unseen/20,0,,,,,,,
TinyGRU,seed,71,uncertainty_persistence,26-50,unseen/20,0,,,,,,,
TinyGRU,seed,83,uncertainty_persistence,26-50,unseen/20,0,,,,,,,
TinyGRU,seed,97,uncertainty_persistence,26-50,unseen/20,0,,,,,,,
TinyGRU,aggregate,aggregate,uncertainty_persistence,26-50,unseen/20,0,,,,,,,
MarbleNet,reference,reference,uncertainty_persistence,>50,unseen/20,0,,,,,,,
TinyGRU,seed,41,uncertainty_persistence,>50,unseen/20,0,,,,,,,
TinyGRU,seed,59,uncertainty_persistence,>50,unseen/20,0,,,,,,,
TinyGRU,seed,71,uncertainty_persistence,>50,unseen/20,0,,,,,,,
TinyGRU,seed,83,uncertainty_persistence,>50,unseen/20,0,,,,,,,
TinyGRU,seed,97,uncertainty_persistence,>50,unseen/20,0,,,,,,,
TinyGRU,aggregate,aggregate,uncertainty_persistence,>50,unseen/20,0,,,,,,,
